model_name,train_seed,node,method,test_seed,scenario,mismatch,pulse_step,reaching_gain,boundary_width,mae,rmse,mean_l1,steady_l1,final_l1,mean_abs_u,energy_u,saturation_fraction,max_post_pulse,mean_post_pulse_error
lqr_node2,-1,2,LQR,100,mismatch,0.0,-1,,,0.039891310170597105,0.1758914884532418,0.1196739305117913,2.9156145490246054e-07,1.1920928955078125e-07,0.01770788123337711,0.11359332815652486,0.0,,
smc_node2,-1,2,SMC,100,mismatch,0.0,-1,8.0,0.5,0.04608962050111111,0.1810999917673758,0.13826886150333334,1.1954387580906903e-06,1.7881393432617188e-07,0.02061906576724885,0.19353622592557848,0.0,,
ppo_continuous_hopfield_node2_final_seed_1024,1024,2,PPO,100,mismatch,0.0,-1,,,0.04378619647707948,0.1680489185362422,0.13135858943123843,0.02279623132199049,0.005300581455230713,0.09321030374254075,5.064832514353172,0.01,,
ppo_continuous_hopfield_node2_final_seed_123,123,2,PPO,100,mismatch,0.0,-1,,,0.050650483402961605,0.16812074383269043,0.15195145020888481,0.04614214107026288,0.023879051208496094,0.06317512040720913,2.4323675719847113,0.005,,
ppo_continuous_hopfield_node2_final_seed_42,42,2,PPO,100,mismatch,0.0,-1,,,0.04717061474918545,0.16743956956885384,0.14151184424755636,0.04244261483351389,0.018027007579803467,0.134648198024962,6.060362133656874,0.01,,
lqr_node2,-1,2,LQR,101,mismatch,0.0,-1,,,0.019031788669476257,0.07043030734396469,0.057095366008428766,1.8338431362752562e-07,1.6205012798309326e-07,0.02431365363685615,0.515950011658273,0.0,,
smc_node2,-1,2,SMC,101,mismatch,0.0,-1,8.0,0.5,0.016474510246784452,0.06488972144387542,0.049423530740353355,4.812063258371235e-07,1.5459954738616943e-07,0.028537930233490244,1.6736384004791576,0.005,,
ppo_continuous_hopfield_node2_final_seed_1024,1024,2,PPO,101,mismatch,0.0,-1,,,0.02628094951505289,0.06585878389907285,0.07884284854515866,0.02203976596924074,0.010785222053527832,0.0707183264363139,4.134022601471453,0.01,,
ppo_continuous_hopfield_node2_final_seed_123,123,2,PPO,101,mismatch,0.0,-1,,,0.03282688400094225,0.0697211358659647,0.09848065200282674,0.03903071820896901,0.03838684782385826,0.05406129140954957,2.5878731819503504,0.0075,,
ppo_continuous_hopfield_node2_final_seed_42,42,2,PPO,101,mismatch,0.0,-1,,,0.03029949236643777,0.06938099040036966,0.09089847709931331,0.025880837479583276,0.009122590534389019,0.08289870878035885,2.986175819662868,0.0075,,
lqr_node2,-1,2,LQR,102,mismatch,0.0,-1,,,0.07351619550710155,0.25016716668357153,0.22054858652130466,5.503570270023228e-08,0.0,0.0907323790218887,3.5762630772842616,0.005,,
smc_node2,-1,2,SMC,102,mismatch,0.0,-1,8.0,0.5,0.10499163298287115,0.27851087151618453,0.3149748989486134,7.43047128730442e-06,7.152557373046875e-07,0.10999630220674292,5.082640875103834,0.0125,,
ppo_continuous_hopfield_node2_final_seed_1024,1024,2,PPO,102,mismatch,0.0,-1,,,0.062235010025677516,0.2190489816901892,0.18670503007703254,0.01774693752443533,0.007959723472595215,0.17055433113453097,9.944471097433574,0.0225,,
ppo_continuous_hopfield_node2_final_seed_123,123,2,PPO,102,mismatch,0.0,-1,,,0.06783120901573911,0.22210069117867046,0.20349362704721732,0.042644565649054667,0.034211039543151855,0.13821974850057664,7.332143452191975,0.0175,,
ppo_continuous_hopfield_node2_final_seed_42,42,2,PPO,102,mismatch,0.0,-1,,,0.06599092449805546,0.22097662203073787,0.1979727734941664,0.021633110175852056,0.018151402473449707,0.17386497365789222,9.970144520261947,0.0225,,
lqr_node2,-1,2,LQR,103,mismatch,0.0,-1,,,0.0966143471682181,0.2843115076683705,0.2898430415046543,3.03013273227362e-07,0.0,0.10137642754722458,5.028465392496943,0.01,,
smc_node2,-1,2,SMC,103,mismatch,0.0,-1,8.0,0.5,0.08552877916931233,0.2534656177951785,0.25658633750793697,1.6110845737987095e-06,1.4901161193847656e-07,0.09738824654629533,6.574680222047497,0.02,,
ppo_continuous_hopfield_node2_final_seed_1024,1024,2,PPO,103,mismatch,0.0,-1,,,0.06565783904723711,0.19871411774868647,0.19697351714171135,0.02519167330759911,0.009415477514266968,0.14899110898115392,9.171727037842503,0.0275,,
ppo_continuous_hopfield_node2_final_seed_123,123,2,PPO,103,mismatch,0.0,-1,,,0.07632367623813531,0.2077619396415291,0.22897102871440592,0.04601974252404438,0.034252166748046875,0.12663138581630298,7.938689796037065,0.0225,,
ppo_continuous_hopfield_node2_final_seed_42,42,2,PPO,103,mismatch,0.0,-1,,,0.07336955531291255,0.20461824571394985,0.22010866593873765,0.049409042606935086,0.020243793725967407,0.14981210563434033,8.436090446113798,0.025,,
lqr_node2,-1,2,LQR,104,mismatch,0.0,-1,,,0.1418770228037247,0.49410450340179723,0.42563106841117404,1.7554855641023612e-07,0.0,0.1616634911666214,8.830092997531619,0.02,,
smc_node2,-1,2,SMC,104,mismatch,0.0,-1,8.0,0.5,0.16773716888302614,0.5089205165834504,0.5032115066490784,4.787840248074061e-06,7.301568984985352e-07,0.17951057925523065,10.755091253721789,0.0275,,
ppo_continuous_hopfield_node2_final_seed_1024,1024,2,PPO,104,mismatch,0.0,-1,,,0.15363072914168927,0.5037025010699625,0.46089218742506777,0.031839450640189976,0.0028179362416267395,0.2941855623983683,20.398769668244036,0.0625,,
ppo_continuous_hopfield_node2_final_seed_123,123,2,PPO,104,mismatch,0.0,-1,,,0.1531683853242921,0.49774383607136347,0.4595051559728763,0.05553232285159605,0.021192945539951324,0.24595772331938184,15.98051496248575,0.0375,,
ppo_continuous_hopfield_node2_final_seed_42,42,2,PPO,104,mismatch,0.0,-1,,,0.15072272825523195,0.4978259010061399,0.45216818476569587,0.051708024811505535,0.018947839736938477,0.2639700009712852,17.656890668061674,0.0475,,
lqr_node2,-1,2,LQR,105,mismatch,0.0,-1,,,0.02036829702889025,0.08863313227987847,0.06110489108667075,0.0,0.0,0.082144861011212,4.632174154264737,0.01,,
smc_node2,-1,2,SMC,105,mismatch,0.0,-1,8.0,0.5,0.021824757222872745,0.08778195828060026,0.06547427166861823,8.985480684557079e-07,2.2351741790771484e-08,0.0927286513852586,6.049226839608631,0.0175,,
ppo_continuous_hopfield_node2_final_seed_1024,1024,2,PPO,105,mismatch,0.0,-1,,,0.03010296421388748,0.09118840368335579,0.09030889264166243,0.035212547018158215,0.011332874186336994,0.1284887932259543,7.9656904552064205,0.0225,,
ppo_continuous_hopfield_node2_final_seed_123,123,2,PPO,105,mismatch,0.0,-1,,,0.03347260425686341,0.09178971970140967,0.10041781277059023,0.050320859228111345,0.02988712303340435,0.11942364511421494,7.307653172082327,0.02,,
ppo_continuous_hopfield_node2_final_seed_42,42,2,PPO,105,mismatch,0.0,-1,,,0.03733944758062165,0.09374620527593046,0.11201834274186495,0.062214107545851556,0.01572064869105816,0.17044599565150137,9.714020891296997,0.025,,
lqr_node2,-1,2,LQR,106,mismatch,0.0,-1,,,0.14377378944568073,0.4358584198538221,0.4313213683370422,2.5219008050583026e-08,9.313225746154785e-09,0.14638978585779638,7.149826920179432,0.015,,
smc_node2,-1,2,SMC,106,mismatch,0.0,-1,8.0,0.5,0.14925591924776657,0.4186060645022136,0.44776775774329974,1.2730070056370747e-05,9.262003004550934e-07,0.1491180549429853,8.713219203207323,0.025,,
ppo_continuous_hopfield_node2_final_seed_1024,1024,2,PPO,106,mismatch,0.0,-1,,,0.1278096632933258,0.38728652795242535,0.3834289898799774,0.012996803819673297,0.012780086137354374,0.2604146735961003,14.83578643858324,0.03,,
ppo_continuous_hopfield_node2_final_seed_123,123,2,PPO,106,mismatch,0.0,-1,,,0.13143307321293843,0.3809182670368962,0.39429921963881526,0.035747393442570795,0.03782931063324213,0.2084497159295843,11.229586623898419,0.0275,,
ppo_continuous_hopfield_node2_final_seed_42,42,2,PPO,106,mismatch,0.0,-1,,,0.1308659379644759,0.38044428667251495,0.39259781389342774,0.009630092484359112,0.008314266335219145,0.25146281368045736,14.234144768541032,0.03,,
lqr_node2,-1,2,LQR,107,mismatch,0.0,-1,,,0.10603271361888662,0.34892348252280075,0.3180981408566599,0.0,0.0,0.09288029666051033,3.23970039234855,0.005,,
smc_node2,-1,2,SMC,107,mismatch,0.0,-1,8.0,0.5,0.11046227527409172,0.34921583020846464,0.3313868258222752,2.421427196190681e-06,4.470348358154297e-07,0.09881112447307641,4.679383873568073,0.0125,,
ppo_continuous_hopfield_node2_final_seed_1024,1024,2,PPO,107,mismatch,0.0,-1,,,0.0973313442332297,0.3193259015282565,0.2919940326996891,0.022118537864981243,0.02146008610725403,0.19963826203807036,10.451902625103836,0.0225,,
ppo_continuous_hopfield_node2_final_seed_123,123,2,PPO,107,mismatch,0.0,-1,,,0.10681279225031833,0.31349749541886407,0.320438376750955,0.04345268299113269,0.06389909982681274,0.1472397953494826,7.113639191013758,0.0175,,
ppo_continuous_hopfield_node2_final_seed_42,42,2,PPO,107,mismatch,0.0,-1,,,0.10039843009019941,0.313547176926264,0.3011952902705982,0.022938598752205754,0.010625571012496948,0.16234479664344145,7.772773901663543,0.02,,
lqr_node2,-1,2,LQR,108,mismatch,0.0,-1,,,0.02510613458867263,0.1025170587339713,0.0753184037660179,0.0,0.0,0.04547792366119626,1.3609925464607189,0.0,,
smc_node2,-1,2,SMC,108,mismatch,0.0,-1,8.0,0.5,0.017753881627499458,0.0888091335041502,0.05326164488249837,1.548174308773912e-06,5.513429641723633e-07,0.043541838785879534,2.928741558626092,0.0075,,
ppo_continuous_hopfield_node2_final_seed_1024,1024,2,PPO,108,mismatch,0.0,-1,,,0.027006655200659386,0.08542586808108132,0.08101996560197816,0.030975798501368657,0.0035445839166641235,0.07476594592642011,4.609687672515112,0.0125,,
ppo_continuous_hopfield_node2_final_seed_123,123,2,PPO,108,mismatch,0.0,-1,,,0.031787957816329766,0.08837248639105114,0.0953638734489893,0.05549027838882197,0.02198117971420288,0.0581941956147886,3.7230130796369196,0.01,,
ppo_continuous_hopfield_node2_final_seed_42,42,2,PPO,108,mismatch,0.0,-1,,,0.032810359976098796,0.08791530927845861,0.09843107992829639,0.04864676519193583,0.018297802656888962,0.06541661354260254,4.038144149953683,0.0125,,
lqr_node2,-1,2,LQR,109,mismatch,0.0,-1,,,0.10288624837142991,0.3554414453368129,0.30865874511428976,1.0081279424973476e-07,0.0,0.09176378788263082,3.0387678470005297,0.0025,,
smc_node2,-1,2,SMC,109,mismatch,0.0,-1,8.0,0.5,0.1193163688190077,0.36914451381846763,0.3579491064570231,3.1715557899004145e-07,0.0,0.10769239623973319,4.4848807667360955,0.01,,
ppo_continuous_hopfield_node2_final_seed_1024,1024,2,PPO,109,mismatch,0.0,-1,,,0.09101491813576554,0.3289477967213279,0.2730447544072966,0.04343409616684104,0.01281789131462574,0.18057352304458618,9.557652018644609,0.02,,
ppo_continuous_hopfield_node2_final_seed_123,123,2,PPO,109,mismatch,0.0,-1,,,0.10287562359808786,0.3284535784948543,0.30862687079426354,0.07718765965582412,0.032847714610397816,0.14134646500658216,6.721871226336102,0.015,,
ppo_continuous_hopfield_node2_final_seed_42,42,2,PPO,109,mismatch,0.0,-1,,,0.10116834861496564,0.3284667034245366,0.3035050458448969,0.06680322311427674,0.021200933028012514,0.2090299505266614,11.083734409152395,0.0175,,
lqr_node2,-1,2,LQR,110,mismatch,0.0,-1,,,0.052116055007488254,0.14263748079810554,0.15634816502246476,5.950806317506013e-07,5.066394805908203e-07,0.05987483644677867,2.3017482353466447,0.0,,
smc_node2,-1,2,SMC,110,mismatch,0.0,-1,8.0,0.5,0.04549123703019039,0.12655832124186925,0.13647371109057116,4.491791772989579e-06,6.258487701416016e-07,0.06340837953173271,3.9338231797595213,0.01,,
ppo_continuous_hopfield_node2_final_seed_1024,1024,2,PPO,110,mismatch,0.0,-1,,,0.03757264706517507,0.10787196063785617,0.11271794119552521,0.04420081300683963,0.025247320532798767,0.106300088792965,5.91426054539534,0.0175,,
ppo_continuous_hopfield_node2_final_seed_123,123,2,PPO,110,mismatch,0.0,-1,,,0.04336023351339374,0.10884953780965292,0.13008070054018123,0.09001719289355808,0.060634955763816833,0.08770974840680858,4.942157433747749,0.015,,
ppo_continuous_hopfield_node2_final_seed_42,42,2,PPO,110,mismatch,0.0,-1,,,0.041934744848777614,0.10866769998848477,0.12580423454633285,0.05557726233921669,0.06898115575313568,0.14029626494408248,5.910361841856789,0.015,,
lqr_node2,-1,2,LQR,111,mismatch,0.0,-1,,,0.24105213906625456,0.7415463537478745,0.7231564171987637,3.2226348088847266e-07,3.632158041000366e-08,0.22099242590606574,11.998846220037478,0.025,,
smc_node2,-1,2,SMC,111,mismatch,0.0,-1,8.0,0.5,0.27057565586556853,0.7577840902475602,0.8117269675967056,7.375407917999927e-06,6.211921572685242e-07,0.24046916639103338,14.875554247083366,0.0375,,
ppo_continuous_hopfield_node2_final_seed_1024,1024,2,PPO,111,mismatch,0.0,-1,,,0.2619816522295521,0.7800156792770171,0.7859449566886563,0.04212284519302624,0.0324914176017046,0.43953951052448104,31.497120061572147,0.095,,
ppo_continuous_hopfield_node2_final_seed_123,123,2,PPO,111,mismatch,0.0,-1,,,0.2525705449270156,0.7633173165709082,0.7577116347810468,0.06994757006795686,0.055491168051958084,0.34523409486114237,23.48243571309149,0.0575,,
ppo_continuous_hopfield_node2_final_seed_42,42,2,PPO,111,mismatch,0.0,-1,,,0.25366469500419947,0.7652718088135303,0.7609940850125984,0.06791801632807394,0.025946934707462788,0.3603654955409263,24.454768961571418,0.0625,,
lqr_node2,-1,2,LQR,112,mismatch,0.0,-1,,,0.023079227047630973,0.11535412865827065,0.06923768114289292,0.0,0.0,0.07174857062992476,2.117930294071621,0.0,,
smc_node2,-1,2,SMC,112,mismatch,0.0,-1,8.0,0.5,0.0430469496747756,0.15699202329320988,0.1291408490243268,1.6034845216774646e-07,0.0,0.06674608624413006,3.610402488115172,0.01,,
ppo_continuous_hopfield_node2_final_seed_1024,1024,2,PPO,112,mismatch,0.0,-1,,,0.03382945856457253,0.12642394978878585,0.10148837569371758,0.02251373526904686,0.017780184745788574,0.08748894041761793,3.846906834710373,0.01,,
ppo_continuous_hopfield_node2_final_seed_123,123,2,PPO,112,mismatch,0.0,-1,,,0.04377699267167168,0.134658319519326,0.13133097801501503,0.048568971535581866,0.037473440170288086,0.0768019750602822,3.474754520989718,0.01,,
ppo_continuous_hopfield_node2_final_seed_42,42,2,PPO,112,mismatch,0.0,-1,,,0.043143419886212286,0.13490433763789061,0.12943025965863686,0.043109399976530745,0.04439985752105713,0.09471886603166338,3.907884071880461,0.01,,
lqr_node2,-1,2,LQR,113,mismatch,0.0,-1,,,0.22123793721104587,0.6877217431059071,0.6637138116331376,2.5058901052416107e-07,0.0,0.13537330874449455,5.522304590169614,0.01,,
smc_node2,-1,2,SMC,113,mismatch,0.0,-1,8.0,0.5,0.24429908899957328,0.7118141189252367,0.7328972669987198,3.915734267161216e-06,0.0,0.1517755077668765,6.957766753539945,0.0175,,
ppo_continuous_hopfield_node2_final_seed_1024,1024,2,PPO,113,mismatch,0.0,-1,,,0.21776651957978868,0.6960888951214191,0.653299558739366,0.02452731032476381,0.031536221504211426,0.3256109608453408,20.080019730350983,0.045,,
ppo_continuous_hopfield_node2_final_seed_123,123,2,PPO,113,mismatch,0.0,-1,,,0.21486745944559413,0.6652484608527907,0.6446023783367824,0.03792409604001376,0.0048139095306396484,0.22627254568058952,11.77781870776013,0.0275,,
ppo_continuous_hopfield_node2_final_seed_42,42,2,PPO,113,mismatch,0.0,-1,,,0.21232311575265533,0.6657058858238716,0.6369693472579661,0.03565954972334482,0.041687190532684326,0.23057853899654604,11.964888374131204,0.0275,,
lqr_node2,-1,2,LQR,114,mismatch,0.0,-1,,,0.01468362573380191,0.07552416485329377,0.044050877201405735,1.4396407354025194e-07,1.043081283569336e-07,0.04029422025302755,0.6734205523559615,0.0,,
smc_node2,-1,2,SMC,114,mismatch,0.0,-1,8.0,0.5,0.025202847039588305,0.0873784457065793,0.07560854111876492,6.890522293102594e-07,9.685754776000977e-08,0.04206866223509231,1.5620635267026786,0.0025,,
ppo_continuous_hopfield_node2_final_seed_1024,1024,2,PPO,114,mismatch,0.0,-1,,,0.028591492881221155,0.08010295722426371,0.08577447864366347,0.029574179653952152,0.021513625979423523,0.05110101355355874,1.3234868431692626,0.0025,,
ppo_continuous_hopfield_node2_final_seed_123,123,2,PPO,114,mismatch,0.0,-1,,,0.03668455266434752,0.08486444134125265,0.11005365799304256,0.05403869645095166,0.05029347538948059,0.048237020572522035,1.236483504132818,0.0025,,
ppo_continuous_hopfield_node2_final_seed_42,42,2,PPO,114,mismatch,0.0,-1,,,0.036160199642444615,0.08693629098372839,0.10848059892733385,0.046748786244863345,0.02216528356075287,0.1737949962999458,6.535330217672911,0.005,,
lqr_node2,-1,2,LQR,115,mismatch,0.0,-1,,,0.05725272049131035,0.21272663724035484,0.17175816147393103,1.6269400531862989e-09,0.0,0.0460650328690428,0.5461353147233169,0.0,,
smc_node2,-1,2,SMC,115,mismatch,0.0,-1,8.0,0.5,0.08235031806810426,0.2492504685478969,0.2470509542043128,3.6209591744858544e-06,0.0,0.05256137332162193,0.6066826851093943,0.0,,
ppo_continuous_hopfield_node2_final_seed_1024,1024,2,PPO,115,mismatch,0.0,-1,,,0.054387067491459606,0.19535764446981904,0.16316120247437882,0.035720100091701304,0.06691430509090424,0.08940012360971765,2.572585600484283,0.0025,,
ppo_continuous_hopfield_node2_final_seed_123,123,2,PPO,115,mismatch,0.0,-1,,,0.0668809186128771,0.20180539947453083,0.20064275583863128,0.07509865193846232,0.1403796523809433,0.06559626709790599,1.3165364329817233,0.0,,
ppo_continuous_hopfield_node2_final_seed_42,42,2,PPO,115,mismatch,0.0,-1,,,0.06344470117010442,0.2014176482558135,0.19033410351031327,0.03344532483498807,0.11785943806171417,0.15658219661238484,5.482332011627992,0.0025,,
lqr_node2,-1,2,LQR,116,mismatch,0.0,-1,,,0.0532568754769199,0.19296120810690554,0.1597706264307597,1.2914339701334635e-07,0.0,0.020601181692973654,0.11095648245996355,0.0,,
smc_node2,-1,2,SMC,116,mismatch,0.0,-1,8.0,0.5,0.061813531612051484,0.20183586519250654,0.18544059483615444,2.3891528447469077e-06,1.1175870895385742e-06,0.027624552778970888,0.5948760609476776,0.0,,
ppo_continuous_hopfield_node2_final_seed_1024,1024,2,PPO,116,mismatch,0.0,-1,,,0.044164009946951965,0.15794177585375516,0.1324920298408559,0.03583987793068827,0.05597473680973053,0.10550943234391938,5.161238492696649,0.0125,,
ppo_continuous_hopfield_node2_final_seed_123,123,2,PPO,116,mismatch,0.0,-1,,,0.04801331236161112,0.16032853533905828,0.14403993708483337,0.07945357980551543,0.12926281988620758,0.06707112689936845,2.5448786030107238,0.005,,
ppo_continuous_hopfield_node2_final_seed_42,42,2,PPO,116,mismatch,0.0,-1,,,0.04453172664783573,0.1586673415290929,0.1335951799435072,0.03211125345141799,0.1079181432723999,0.07889407101154625,3.6907731448337624,0.01,,
lqr_node2,-1,2,LQR,117,mismatch,0.0,-1,,,0.09070635776299478,0.3188481088726957,0.2721190732889844,3.9375686075216456e-07,0.0,0.13617408951572857,6.569149770006746,0.01,,
smc_node2,-1,2,SMC,117,mismatch,0.0,-1,8.0,0.5,0.11523094957970015,0.3319832679528068,0.34569284873910044,2.801668381801358e-06,4.3958425521850586e-07,0.1550781259374566,8.769106252757842,0.0225,,
ppo_continuous_hopfield_node2_final_seed_1024,1024,2,PPO,117,mismatch,0.0,-1,,,0.09686833577356761,0.3318206062769057,0.2906050073207029,0.03076333911905502,0.024982117116451263,0.24406724599680105,16.175796525554258,0.0325,,
ppo_continuous_hopfield_node2_final_seed_123,123,2,PPO,117,mismatch,0.0,-1,,,0.10175158489411906,0.32511989018515486,0.3052547546823572,0.0522425930004245,0.048425592482089996,0.20103516847712738,12.156492922027283,0.0275,,
ppo_continuous_hopfield_node2_final_seed_42,42,2,PPO,117,mismatch,0.0,-1,,,0.10038179022678835,0.325093543406083,0.301145370680365,0.049268863836510315,0.03373001143336296,0.2075100912900637,12.598575842542019,0.03,,
lqr_node2,-1,2,LQR,118,mismatch,0.0,-1,,,0.03334924239968743,0.1350485748253217,0.1000477271990623,1.051655775051058e-06,7.078051567077637e-08,0.042397944986958785,0.7228115976326276,0.0,,
smc_node2,-1,2,SMC,118,mismatch,0.0,-1,8.0,0.5,0.02897082641391751,0.12241257012780689,0.08691247924175252,1.3273617505659291e-06,2.384185791015625e-07,0.042980072865916166,0.9631723324066995,0.0,,
ppo_continuous_hopfield_node2_final_seed_1024,1024,2,PPO,118,mismatch,0.0,-1,,,0.038271229721896866,0.11624624429145543,0.1148136891656906,0.036843518186130644,0.010226517915725708,0.07001527326362686,3.3144625331206075,0.0075,,
ppo_continuous_hopfield_node2_final_seed_123,123,2,PPO,118,mismatch,0.0,-1,,,0.04258957257957282,0.12090563560243392,0.12776871773871845,0.05276047396990988,0.02782263047993183,0.051442235633916686,1.6845620983366238,0.0025,,
ppo_continuous_hopfield_node2_final_seed_42,42,2,PPO,118,mismatch,0.0,-1,,,0.045048831471420844,0.11882425178639351,0.13514649441426252,0.0643034531838364,0.015347981825470924,0.08893001662971373,3.0480224322190086,0.005,,
lqr_node2,-1,2,LQR,119,mismatch,0.0,-1,,,0.2580610664711579,0.7787045281429137,0.7741831994134738,2.441559860735764e-08,0.0,0.16211279613008536,7.467892491201358,0.0175,,
smc_node2,-1,2,SMC,119,mismatch,0.0,-1,8.0,0.5,0.282460336717417,0.8027952043954609,0.8473810101522509,1.3661455868938823e-05,2.950429916381836e-06,0.17452177976504704,9.040338450680172,0.0225,,
ppo_continuous_hopfield_node2_final_seed_1024,1024,2,PPO,119,mismatch,0.0,-1,,,0.2730085559970067,0.8122752685182468,0.8190256679910201,0.02577468368259293,0.038095325231552124,0.38607105867300845,24.437182931720038,0.0625,,
ppo_continuous_hopfield_node2_final_seed_123,123,2,PPO,119,mismatch,0.0,-1,,,0.2623844820090995,0.7707500602797532,0.7871534460272984,0.06282164949210889,0.08795812726020813,0.26847619949805174,14.497392345397811,0.035,,
ppo_continuous_hopfield_node2_final_seed_42,42,2,PPO,119,mismatch,0.0,-1,,,0.257759091692821,0.7736753409171521,0.7732772750784631,0.016879405429655756,0.04102489352226257,0.2935125631212891,15.83748664420462,0.035,,
lqr_node3,-1,3,LQR,100,mismatch,0.0,-1,,,0.03367172317472553,0.14910792496120948,0.1010151695241766,2.7512763569384443e-06,5.960464477539062e-07,0.03009444950940024,0.24580829794185188,0.0,,
smc_node3,-1,3,SMC,100,mismatch,0.0,-1,8.0,0.5,0.0440978777651185,0.15080759137739677,0.1322936332953555,1.4469970339610252e-05,7.748603820800781e-07,0.04365679344184982,1.0662316749221137,0.0025,,
ppo_continuous_hopfield_node3_final_seed_1024,1024,3,PPO,100,mismatch,0.0,-1,,,0.021055429932914507,0.11487763825505727,0.06316628979874352,0.0074458162840685726,0.003931820392608643,0.09813068359347056,6.029509163254093,0.015,,
ppo_continuous_hopfield_node3_final_seed_123,123,3,PPO,100,mismatch,0.0,-1,,,0.022437051052215228,0.11580216768989873,0.0673111531566457,0.0162954175453863,0.02680516242980957,0.10512226755310436,6.8201264212239625,0.02,,
ppo_continuous_hopfield_node3_final_seed_42,42,3,PPO,100,mismatch,0.0,-1,,,0.021083370022783838,0.11437514979352915,0.06325011006835152,0.005847835194687416,0.01441943645477295,0.08994079871739533,5.346805191828404,0.015,,
lqr_node3,-1,3,LQR,101,mismatch,0.0,-1,,,0.021931981983058874,0.07112323072638922,0.06579594594917662,6.107136285231437e-06,1.5338882803916931e-06,0.03153527588449095,0.3746481442839944,0.0,,
smc_node3,-1,3,SMC,101,mismatch,0.0,-1,8.0,0.5,0.027682999802071288,0.06896679761027427,0.08304899940621387,2.0604160970743792e-05,2.3171305656433105e-06,0.038358706546862714,1.3296850183295894,0.0025,,
ppo_continuous_hopfield_node3_final_seed_1024,1024,3,PPO,101,mismatch,0.0,-1,,,0.020172069844784382,0.06404164182712538,0.06051620953435315,0.0037632929218680035,0.0016558915376663208,0.049057558810621724,2.2417963484194154,0.005,,
ppo_continuous_hopfield_node3_final_seed_123,123,3,PPO,101,mismatch,0.0,-1,,,0.0217541881466512,0.0628122363856047,0.0652625644399536,0.004174860717475783,0.00826516654342413,0.054546081991413344,2.706547242498168,0.0075,,
ppo_continuous_hopfield_node3_final_seed_42,42,3,PPO,101,mismatch,0.0,-1,,,0.02078209545546353,0.06274170529764508,0.06234628636639059,0.003746379799221033,0.004103393293917179,0.0536279358768701,2.7221664521977615,0.0075,,
lqr_node3,-1,3,LQR,102,mismatch,0.0,-1,,,0.022067919956314658,0.09610379585471926,0.06620375986894397,5.643079660970855e-06,1.6689300537109375e-06,0.051217961812077724,1.8979619833719494,0.0,,
smc_node3,-1,3,SMC,102,mismatch,0.0,-1,8.0,0.5,0.022322552822707748,0.06760986733293635,0.06696765846812325,5.399328613377831e-06,8.344650268554688e-07,0.05612836168731962,3.523774915226499,0.01,,
ppo_continuous_hopfield_node3_final_seed_1024,1024,3,PPO,102,mismatch,0.0,-1,,,0.017743551942128115,0.0635850801268148,0.053230655826384345,0.004373970764896108,0.0018607378005981445,0.07287982815964858,4.581277988549285,0.0125,,
ppo_continuous_hopfield_node3_final_seed_123,123,3,PPO,102,mismatch,0.0,-1,,,0.018973512224719883,0.06418224221877812,0.056920536674159646,0.014151899379758555,0.027431488037109375,0.08004544498201488,5.102859184064835,0.015,,
ppo_continuous_hopfield_node3_final_seed_42,42,3,PPO,102,mismatch,0.0,-1,,,0.017732700248590864,0.06361937821558325,0.05319810074577259,0.0039038880046221346,0.011597037315368652,0.07758678460581939,4.967613973733734,0.015,,
lqr_node3,-1,3,LQR,103,mismatch,0.0,-1,,,0.0805337663186584,0.21726563253639994,0.2416012989559752,0.00010734692468871305,1.3440847396850586e-05,0.165499631538897,4.202330401411176,0.0,,
smc_node3,-1,3,SMC,103,mismatch,0.0,-1,8.0,0.5,0.14917243220119528,0.3413753249456824,0.44751729660358586,1.7461895850705512e-05,1.4901161193847656e-06,0.1662329490704214,6.010811053655288,0.0125,,
ppo_continuous_hopfield_node3_final_seed_1024,1024,3,PPO,103,mismatch,0.0,-1,,,0.07258346482094513,0.21042584173925655,0.2177503944628354,0.007534096293427326,0.003636658191680908,0.1496790551448106,3.489942666070079,0.0025,,
ppo_continuous_hopfield_node3_final_seed_123,123,3,PPO,103,mismatch,0.0,-1,,,0.06827501725633446,0.20374937117675332,0.2048250517690034,0.0070778395934605305,0.018348664045333862,0.1726177133465339,5.817182319854372,0.0125,,
ppo_continuous_hopfield_node3_final_seed_42,42,3,PPO,103,mismatch,0.0,-1,,,0.06699216375617095,0.20430531821334458,0.20097649126851286,0.005284436851923848,0.0048097968101501465,0.17179688201878135,5.804947040289178,0.0125,,
lqr_node3,-1,3,LQR,104,mismatch,0.0,-1,,,0.06682969482343858,0.23061206671340334,0.20048908447031571,2.0308218850397768e-05,2.3543834686279297e-06,0.11293826665702224,5.753248604139577,0.01,,
smc_node3,-1,3,SMC,104,mismatch,0.0,-1,8.0,0.5,0.07192593355545447,0.22587423922350314,0.21577780066636343,6.082106416148168e-05,1.773238182067871e-06,0.1208013726522517,7.55946884385577,0.0225,,
ppo_continuous_hopfield_node3_final_seed_1024,1024,3,PPO,104,mismatch,0.0,-1,,,0.06434782001817736,0.2243322428865655,0.1930434600545321,0.006415220515020651,0.006475567817687988,0.11617052220644201,8.043599845847032,0.025,,
ppo_continuous_hopfield_node3_final_seed_123,123,3,PPO,104,mismatch,0.0,-1,,,0.0694152657662581,0.22957805620592017,0.20824579729877432,0.00804731005768257,0.010402485728263855,0.14413307925617727,10.204376904465933,0.03,,
ppo_continuous_hopfield_node3_final_seed_42,42,3,PPO,104,mismatch,0.0,-1,,,0.06735986170431728,0.2274190181680514,0.20207958511295182,0.00660532809805447,0.0034250766038894653,0.13518189827440089,9.710792766360676,0.03,,
lqr_node3,-1,3,LQR,105,mismatch,0.0,-1,,,0.047885537193971976,0.1431681334477938,0.14365661158191592,1.7919991579320696e-05,2.0600855350494385e-06,0.09936473206460135,3.288659492130303,0.0,,
smc_node3,-1,3,SMC,105,mismatch,0.0,-1,8.0,0.5,0.05470145067586374,0.14974554738728038,0.16410435202759122,6.159700246320831e-05,2.084299921989441e-06,0.11507044988263063,6.036315398368977,0.015,,
ppo_continuous_hopfield_node3_final_seed_1024,1024,3,PPO,105,mismatch,0.0,-1,,,0.04741246694120627,0.14863053270895313,0.14223740082361883,0.008577439341878082,0.002423463389277458,0.10670801997184753,4.415312779723553,0.005,,
ppo_continuous_hopfield_node3_final_seed_123,123,3,PPO,105,mismatch,0.0,-1,,,0.05043093081531196,0.14650715190022573,0.15129279244593588,0.007677710810561239,0.004526562988758087,0.1120721336167905,5.127043746219445,0.01,,
ppo_continuous_hopfield_node3_final_seed_42,42,3,PPO,105,mismatch,0.0,-1,,,0.048655775193735054,0.14464776308115326,0.14596732558120515,0.008366564305982104,0.0026901550590991974,0.10820599507884195,4.828038628881881,0.01,,
lqr_node3,-1,3,LQR,106,mismatch,0.0,-1,,,0.06457677150463742,0.1992857618883643,0.1937303145139123,2.9063244626201965e-05,7.896684110164642e-06,0.16290625786655086,5.141481821892754,0.0,,
smc_node3,-1,3,SMC,106,mismatch,0.0,-1,8.0,0.5,0.13128276766037472,0.3112169405442404,0.3938483029811241,2.467736205155099e-05,1.092907041311264e-06,0.16068495302895008,6.825143612573601,0.0175,,
ppo_continuous_hopfield_node3_final_seed_1024,1024,3,PPO,106,mismatch,0.0,-1,,,0.06397628407537898,0.19600823088695438,0.1919288522261369,0.0013290204834997838,0.0006720521487295628,0.19717297965005745,11.36065609632368,0.0325,,
ppo_continuous_hopfield_node3_final_seed_123,123,3,PPO,106,mismatch,0.0,-1,,,0.05643009824253671,0.18294210654602214,0.16929029472761015,0.003277326061643292,0.005098252557218075,0.198028241553021,10.661542681471152,0.03,,
ppo_continuous_hopfield_node3_final_seed_42,42,3,PPO,106,mismatch,0.0,-1,,,0.05340554702363936,0.18150988076612087,0.1602166410709181,0.0032301643578749564,0.004015244543552399,0.1748836399462455,8.091444602637672,0.02,,
lqr_node3,-1,3,LQR,107,mismatch,0.0,-1,,,0.028145953836360774,0.11046698985757905,0.08443786150908232,1.5308856274242754e-05,3.725290298461914e-06,0.06780618071147196,2.0673992059321877,0.0,,
smc_node3,-1,3,SMC,107,mismatch,0.0,-1,8.0,0.5,0.018753364061315853,0.07157082240237918,0.05626009218394756,4.340722053139298e-06,5.364418029785156e-07,0.06079359403007125,3.7244622272501733,0.01,,
ppo_continuous_hopfield_node3_final_seed_1024,1024,3,PPO,107,mismatch,0.0,-1,,,0.01746392341857855,0.06416392508344669,0.05239177025573565,0.004164149243108652,0.0019842982292175293,0.1052699913073359,6.181325394108817,0.0175,,
ppo_continuous_hopfield_node3_final_seed_123,123,3,PPO,107,mismatch,0.0,-1,,,0.017952594401722068,0.06424899721515195,0.053857783205166196,0.011385414185991257,0.025236397981643677,0.11901765677409055,7.795892218272565,0.0225,,
ppo_continuous_hopfield_node3_final_seed_42,42,3,PPO,107,mismatch,0.0,-1,,,0.015851133169741034,0.06343145969012828,0.0475533995092231,0.0056750101244284045,0.011562764644622803,0.10359960675536843,6.287221209008456,0.0175,,
lqr_node3,-1,3,LQR,108,mismatch,0.0,-1,,,0.04965967278077336,0.13999504376196506,0.14897901834232008,1.717667831222952e-05,2.566725015640259e-06,0.05804107062962523,0.8577644668467514,0.0,,
smc_node3,-1,3,SMC,108,mismatch,0.0,-1,8.0,0.5,0.057701613578733664,0.14616147243262795,0.173104840736201,5.67513857220794e-05,2.853572368621826e-06,0.0681459852957994,2.257294113233568,0.005,,
ppo_continuous_hopfield_node3_final_seed_1024,1024,3,PPO,108,mismatch,0.0,-1,,,0.04338483723149118,0.14034264287172746,0.13015451169447356,0.006212678079688807,0.00643404945731163,0.05138787727552162,0.6380999197868894,0.0,,
ppo_continuous_hopfield_node3_final_seed_123,123,3,PPO,108,mismatch,0.0,-1,,,0.04713630219124078,0.13955726789948258,0.14140890657372235,0.0082331416024654,0.011321894824504852,0.06831274060950501,2.8423559537622696,0.0075,,
ppo_continuous_hopfield_node3_final_seed_42,42,3,PPO,108,mismatch,0.0,-1,,,0.045676909694020384,0.138447948771959,0.13703072908206115,0.006518587777621032,0.0037277601659297943,0.06398788174414576,2.2432499306608302,0.005,,
lqr_node3,-1,3,LQR,109,mismatch,0.0,-1,,,0.04211537699824383,0.1653802798830269,0.1263461309947315,8.086754400053142e-06,1.6614794731140137e-06,0.07320570105549759,2.0190849158818307,0.0,,
smc_node3,-1,3,SMC,109,mismatch,0.0,-1,8.0,0.5,0.05847449546233934,0.15141676341929233,0.17542348638701802,2.2049171183212304e-05,1.3173557817935944e-06,0.08797547692893902,3.6806138555907704,0.01,,
ppo_continuous_hopfield_node3_final_seed_1024,1024,3,PPO,109,mismatch,0.0,-1,,,0.033540007965646976,0.10855245143513281,0.10062002389694093,0.009622585603300437,0.0038428325206041336,0.1545365136534793,9.158304855835201,0.025,,
ppo_continuous_hopfield_node3_final_seed_123,123,3,PPO,109,mismatch,0.0,-1,,,0.031206668093289595,0.10501537349860135,0.09362000427986879,0.013347549231745947,0.007092877756804228,0.1395128040082121,7.7792664297934495,0.0225,,
ppo_continuous_hopfield_node3_final_seed_42,42,3,PPO,109,mismatch,0.0,-1,,,0.030044951478866294,0.1046787127330397,0.09013485443659888,0.0107087269252925,0.0040339813567698,0.1366645886639407,7.10578096636059,0.0175,,
lqr_node3,-1,3,LQR,110,mismatch,0.0,-1,,,0.04464037567110003,0.12429352974879838,0.13392112701330008,2.9372545764034178e-05,9.998679161071777e-06,0.09236313689392378,1.6380401644283127,0.0,,
smc_node3,-1,3,SMC,110,mismatch,0.0,-1,8.0,0.5,0.09368455026636298,0.21084742709874013,0.28105365079908895,1.4598274396525489e-05,9.864568710327148e-06,0.11980700167292861,3.4845926909083667,0.0075,,
ppo_continuous_hopfield_node3_final_seed_1024,1024,3,PPO,110,mismatch,0.0,-1,,,0.040631967145564066,0.11749774837547014,0.1218959014366922,0.008792725414681582,0.002994135022163391,0.09251183015004061,2.993413485179005,0.0075,,
ppo_continuous_hopfield_node3_final_seed_123,123,3,PPO,110,mismatch,0.0,-1,,,0.04141081612830454,0.11408368112610517,0.12423244838491361,0.024901534074250564,0.005035758018493652,0.10930675139216395,4.0164271412624535,0.01,,
ppo_continuous_hopfield_node3_final_seed_42,42,3,PPO,110,mismatch,0.0,-1,,,0.039798115289143766,0.11420921340663376,0.11939434586743129,0.016509754054340315,0.003997191786766052,0.10454414570309277,3.702795918791086,0.01,,
lqr_node3,-1,3,LQR,111,mismatch,0.0,-1,,,0.08090633206166821,0.23414554851295596,0.24271899618500462,3.2863056540121265e-05,3.1655654311180115e-06,0.15658748115497237,7.560813892188297,0.0125,,
smc_node3,-1,3,SMC,111,mismatch,0.0,-1,8.0,0.5,0.0887067911915457,0.23359870834919205,0.26612037357463714,9.467504504654143e-05,2.8992071747779846e-06,0.16900261306556177,9.732293169585471,0.0275,,
ppo_continuous_hopfield_node3_final_seed_1024,1024,3,PPO,111,mismatch,0.0,-1,,,0.07400902441162027,0.23079523108588543,0.22202707323486082,0.007921957152171267,0.006269433535635471,0.15634288133454144,8.49006107720252,0.0225,,
ppo_continuous_hopfield_node3_final_seed_123,123,3,PPO,111,mismatch,0.0,-1,,,0.07852009517091914,0.22958296112992635,0.23556028551275743,0.005478970145944644,0.002408131491392851,0.16628902632350617,10.154386218546628,0.03,,
ppo_continuous_hopfield_node3_final_seed_42,42,3,PPO,111,mismatch,0.0,-1,,,0.07716393679668214,0.22860734274488517,0.2314918103900464,0.006305679900249765,0.004727250896394253,0.1689464643857723,10.24669309395162,0.03,,
lqr_node3,-1,3,LQR,112,mismatch,0.0,-1,,,0.08328375091206465,0.23855816589835227,0.24985125273619396,7.195117090035367e-05,1.2516975402832031e-05,0.12277589479948883,1.759222042264322,0.0,,
smc_node3,-1,3,SMC,112,mismatch,0.0,-1,8.0,0.5,0.15327161623525773,0.3505776734532151,0.4598148487057732,0.0002779892450313509,8.52346420288086e-06,0.11735589958843143,2.0561273615323046,0.0025,,
ppo_continuous_hopfield_node3_final_seed_1024,1024,3,PPO,112,mismatch,0.0,-1,,,0.07100545506709946,0.20068795280083684,0.2130163652012984,0.00903537930679266,0.008251965045928955,0.20200307600367395,9.562475357926564,0.025,,
ppo_continuous_hopfield_node3_final_seed_123,123,3,PPO,112,mismatch,0.0,-1,,,0.06044365608629616,0.1883001370779188,0.1813309682588885,0.017392443705718092,0.03380507230758667,0.1724750857580769,5.385746936937913,0.0075,,
ppo_continuous_hopfield_node3_final_seed_42,42,3,PPO,112,mismatch,0.0,-1,,,0.05802520682124834,0.18897536045541294,0.17407562046374503,0.0054606396222004186,0.009765565395355225,0.1719299843650952,5.228829092340512,0.005,,
lqr_node3,-1,3,LQR,113,mismatch,0.0,-1,,,0.0750200633065665,0.2553852976759874,0.22506018991969953,1.241271326571335e-05,3.7550926208496094e-06,0.11507058362604629,4.500354956851122,0.0075,,
smc_node3,-1,3,SMC,113,mismatch,0.0,-1,8.0,0.5,0.09839997218777785,0.2649270738393307,0.29519991656333355,0.00011910000287088347,2.2709369659423828e-05,0.12898381432145833,6.095639064121396,0.0175,,
ppo_continuous_hopfield_node3_final_seed_1024,1024,3,PPO,113,mismatch,0.0,-1,,,0.055071837271479324,0.1939609865997714,0.16521551181443797,0.010445828009166835,0.01787656545639038,0.2103564451423072,12.879529416118888,0.035,,
ppo_continuous_hopfield_node3_final_seed_123,123,3,PPO,113,mismatch,0.0,-1,,,0.053250078239624486,0.19183327361054947,0.15975023471887345,0.026158517996930045,0.01590275764465332,0.19665918276851946,11.352376744718798,0.03,,
ppo_continuous_hopfield_node3_final_seed_42,42,3,PPO,113,mismatch,0.0,-1,,,0.051216557056039995,0.19175737756408873,0.15364967116811998,0.009846867746271101,0.018486738204956055,0.1969173263730551,11.395480313813959,0.03,,
lqr_node3,-1,3,LQR,114,mismatch,0.0,-1,,,0.04021508085014219,0.12324448017786538,0.12064524255042659,1.8574550379941494e-05,2.682209014892578e-06,0.059571087089125854,0.6464156580520828,0.0,,
smc_node3,-1,3,SMC,114,mismatch,0.0,-1,8.0,0.5,0.06707979834254162,0.16017284615903138,0.20123939502762486,6.679935311829602e-05,4.5746564865112305e-06,0.06920958894978518,0.9479154816921351,0.0,,
ppo_continuous_hopfield_node3_final_seed_1024,1024,3,PPO,114,mismatch,0.0,-1,,,0.037416790853969054,0.11466347583300299,0.11225037256190716,0.005136174736199556,0.0018807724118232727,0.1162044546030406,5.463594279579923,0.01,,
ppo_continuous_hopfield_node3_final_seed_123,123,3,PPO,114,mismatch,0.0,-1,,,0.03383302600943605,0.10667416787617197,0.10149907802830815,0.0039045773389070858,0.006036654114723206,0.09926898353802797,3.506093569782507,0.005,,
ppo_continuous_hopfield_node3_final_seed_42,42,3,PPO,114,mismatch,0.0,-1,,,0.032830231483264714,0.10642187749531745,0.09849069444979414,0.004445820920353318,0.005173414945602417,0.09889991644611977,3.5001438101406266,0.005,,
lqr_node3,-1,3,LQR,115,mismatch,0.0,-1,,,0.064091901092636,0.19988632248536792,0.19227570327790802,2.105935925134906e-05,1.1235475540161133e-05,0.07689130112643718,0.8629934003162476,0.0,,
smc_node3,-1,3,SMC,115,mismatch,0.0,-1,8.0,0.5,0.1209895867497853,0.27070894212067037,0.36296876024935587,6.323064573936992e-05,5.8025121688842773e-05,0.09456452022889583,1.3949420570387971,0.0,,
ppo_continuous_hopfield_node3_final_seed_1024,1024,3,PPO,115,mismatch,0.0,-1,,,0.0530506808597963,0.1551706334899332,0.1591520425793889,0.0070877277729227955,0.010339170694351196,0.1753127796394272,9.180613391079689,0.025,,
ppo_continuous_hopfield_node3_final_seed_123,123,3,PPO,115,mismatch,0.0,-1,,,0.04697488975232732,0.14321146164194307,0.14092466925698197,0.02517920071374119,0.016971677541732788,0.16052856629405476,8.01611668764553,0.0225,,
ppo_continuous_hopfield_node3_final_seed_42,42,3,PPO,115,mismatch,0.0,-1,,,0.04329457526762543,0.14178193828551755,0.1298837258028763,0.015111936641466102,0.014723360538482666,0.15332909390107355,6.529852359503484,0.015,,
lqr_node3,-1,3,LQR,116,mismatch,0.0,-1,,,0.0323381548569749,0.1476089240325759,0.09701446457092472,1.1411346035239138e-06,9.685754776000977e-07,0.025153998871681415,0.2540684375126252,0.0,,
smc_node3,-1,3,SMC,116,mismatch,0.0,-1,8.0,0.5,0.0390194171185335,0.14965698266920285,0.11705825135560051,1.0491521270186812e-06,5.662441253662109e-07,0.03420185716728031,1.0285103972955076,0.0025,,
ppo_continuous_hopfield_node3_final_seed_1024,1024,3,PPO,116,mismatch,0.0,-1,,,0.02111919743786175,0.11653189470028964,0.06335759231358525,0.005939517676094432,0.007674038410186768,0.09634531677661097,5.4436865026985,0.0125,,
ppo_continuous_hopfield_node3_final_seed_123,123,3,PPO,116,mismatch,0.0,-1,,,0.023534708325607907,0.11700244845937478,0.07060412497682371,0.026445700062645808,0.017527788877487183,0.09647826860139745,5.514350647470763,0.0125,,
ppo_continuous_hopfield_node3_final_seed_42,42,3,PPO,116,mismatch,0.0,-1,,,0.021722656941577073,0.11624901049004269,0.06516797082473122,0.015464382775035906,0.013320788741111755,0.09690198560531002,5.714514752926075,0.015,,
lqr_node3,-1,3,LQR,117,mismatch,0.0,-1,,,0.019095061591138145,0.0777897186757506,0.05728518477341443,4.256391368898345e-06,4.954636096954346e-07,0.07164667238791785,3.1216982488689617,0.0,,
smc_node3,-1,3,SMC,117,mismatch,0.0,-1,8.0,0.5,0.018405735952174252,0.06681441259324705,0.05521720785652276,1.6296408886526838e-05,9.797513484954834e-07,0.07861547123849112,5.030270751015929,0.015,,
ppo_continuous_hopfield_node3_final_seed_1024,1024,3,PPO,117,mismatch,0.0,-1,,,0.02453866187411075,0.09689109904247827,0.07361598562233225,0.005987791427882549,0.006664827466011047,0.10842710176013652,7.915503078103007,0.0225,,
ppo_continuous_hopfield_node3_final_seed_123,123,3,PPO,117,mismatch,0.0,-1,,,0.024682461286617052,0.08821911143797315,0.07404738385985116,0.0032491830097120485,0.005397364497184753,0.10683950127341652,7.65834711558472,0.0225,,
ppo_continuous_hopfield_node3_final_seed_42,42,3,PPO,117,mismatch,0.0,-1,,,0.017789400614455886,0.06686552142500297,0.053368201843367664,0.00391112875342829,0.002855706959962845,0.08118231139352494,5.2600277714530135,0.015,,
lqr_node3,-1,3,LQR,118,mismatch,0.0,-1,,,0.058856913209091546,0.17147158248227365,0.17657073962727465,2.095144655969408e-05,2.428889274597168e-06,0.05639632610827699,0.7030281797554317,0.0,,
smc_node3,-1,3,SMC,118,mismatch,0.0,-1,8.0,0.5,0.06541992306898187,0.1765017880510498,0.1962597692069456,6.607823062366174e-05,2.12155282497406e-06,0.06907060321655285,1.2124960058121683,0.0,,
ppo_continuous_hopfield_node3_final_seed_1024,1024,3,PPO,118,mismatch,0.0,-1,,,0.05495099063303882,0.17615967326428764,0.16485297189911646,0.008410633064484523,0.0038311704993247986,0.08040039720677973,2.237783324599669,0.0025,,
ppo_continuous_hopfield_node3_final_seed_123,123,3,PPO,118,mismatch,0.0,-1,,,0.06128206764481782,0.17609242777899375,0.18384620293445347,0.008071661441023519,0.00623689591884613,0.09165117219282068,3.5688204177486265,0.0075,,
ppo_continuous_hopfield_node3_final_seed_42,42,3,PPO,118,mismatch,0.0,-1,,,0.05936876517033061,0.17365227273169243,0.1781062955109918,0.008325337156377456,0.0026110373437404633,0.07667312040887866,2.1709488740665517,0.0025,,
lqr_node3,-1,3,LQR,119,mismatch,0.0,-1,,,0.06391938652646599,0.23440526640109471,0.19175815957939796,4.786135697806323e-06,1.7285346984863281e-06,0.11860082509984016,6.0798908627780675,0.0125,,
smc_node3,-1,3,SMC,119,mismatch,0.0,-1,8.0,0.5,0.07595192592595693,0.2301955664472404,0.22785577777787078,9.137366748886344e-06,6.884336471557617e-06,0.13003518293753363,7.561401472825446,0.0225,,
ppo_continuous_hopfield_node3_final_seed_1024,1024,3,PPO,119,mismatch,0.0,-1,,,0.045889023488584105,0.1875317195194368,0.1376670704657523,0.003013958717569893,0.005244642496109009,0.19397275317042248,12.382834742416167,0.035,,
ppo_continuous_hopfield_node3_final_seed_123,123,3,PPO,119,mismatch,0.0,-1,,,0.046950509888410305,0.18699619483307428,0.14085152966523093,0.02264587775470666,0.028201252222061157,0.19308169923218763,12.277358441468893,0.035,,
ppo_continuous_hopfield_node3_final_seed_42,42,3,PPO,119,mismatch,0.0,-1,,,0.04532150904406466,0.18672314646716717,0.13596452713219398,0.011927977830953436,0.01714712381362915,0.1934504099747635,12.301137541356862,0.035,,
lqr_node2,-1,2,LQR,100,mismatch,1.0,-1,,,0.11247289770438412,0.24004221661216563,0.33741869311315237,0.19849838344035325,0.03633922152221203,0.16459500188256312,6.555881872897048,0.0125,,
smc_node2,-1,2,SMC,100,mismatch,1.0,-1,8.0,0.5,0.1067020658152805,0.23909752326906458,0.3201061974458415,0.12723647937592533,0.022632794454693794,0.17857441567449903,8.630512421913554,0.02,,
ppo_continuous_hopfield_node2_final_seed_1024,1024,2,PPO,100,mismatch,1.0,-1,,,0.07774929102728528,0.23672330735644612,0.23324787308185588,0.05454586582534291,0.02091650664806366,0.23132562670773105,13.666081164562167,0.0325,,
ppo_continuous_hopfield_node2_final_seed_123,123,2,PPO,100,mismatch,1.0,-1,,,0.088116332223594,0.23522779642810243,0.264348996670782,0.0832722181868222,0.026129459962248802,0.2134932168664183,11.403988223281928,0.025,,
ppo_continuous_hopfield_node2_final_seed_42,42,2,PPO,100,mismatch,1.0,-1,,,0.0883385145845912,0.23545094317893803,0.2650155437537736,0.09069750850939733,0.026144035160541534,0.22109032906313192,12.13893677779118,0.0275,,
lqr_node2,-1,2,LQR,101,mismatch,1.0,-1,,,0.33735601285182976,0.7657818820197487,1.0120680385554892,0.2537917536165979,0.45202985405921936,0.22167319934809362,9.391157829299324,0.02,,
smc_node2,-1,2,SMC,101,mismatch,1.0,-1,8.0,0.5,0.3297677114412362,0.7622627972407712,0.9893031343237085,0.27057651963866786,0.5774379372596741,0.21996844089115353,11.222604942434414,0.03,,
ppo_continuous_hopfield_node2_final_seed_1024,1024,2,PPO,101,mismatch,1.0,-1,,,0.3242054886183859,0.8036323129291978,0.9726164658551576,0.07351723267340365,0.06297335028648376,0.48966265393611497,29.867321556956565,0.08,,
ppo_continuous_hopfield_node2_final_seed_123,123,2,PPO,101,mismatch,1.0,-1,,,0.30578260202385044,0.7555528096405094,0.9173478060715513,0.07184357196092606,0.07842433452606201,0.3598841963674957,19.137361951142253,0.0425,,
ppo_continuous_hopfield_node2_final_seed_42,42,2,PPO,101,mismatch,1.0,-1,,,0.3160052094523387,0.7611495385323115,0.9480156283570161,0.12084574362745991,0.10751372575759888,0.37925661463950044,20.335533216634275,0.045,,
lqr_node2,-1,2,LQR,102,mismatch,1.0,-1,,,0.21974540327800282,0.3659384258025939,0.6592362098340084,0.49378337766285296,0.12377074360847473,0.15114231568061806,2.6707101826739166,0.0,,
smc_node2,-1,2,SMC,102,mismatch,1.0,-1,8.0,0.5,0.21323157840211746,0.3621745561631892,0.6396947352063523,0.4445222389228918,0.10680772364139557,0.15697711509815881,4.263531553587738,0.0075,,
ppo_continuous_hopfield_node2_final_seed_1024,1024,2,PPO,102,mismatch,1.0,-1,,,0.11128998860284835,0.30507181118537785,0.33386996580854506,0.08673947533293638,0.0249217227101326,0.1737614543434985,6.652778343928903,0.0125,,
ppo_continuous_hopfield_node2_final_seed_123,123,2,PPO,102,mismatch,1.0,-1,,,0.133041664790006,0.3082941591037089,0.399124994370018,0.14294608147745883,0.04694946110248566,0.1686228009828011,5.458163477563201,0.01,,
ppo_continuous_hopfield_node2_final_seed_42,42,2,PPO,102,mismatch,1.0,-1,,,0.1331626591113948,0.30726453472447063,0.3994879773341844,0.1370209726838418,0.07803191989660263,0.16370746294533522,5.208696421542585,0.01,,
lqr_node2,-1,2,LQR,103,mismatch,1.0,-1,,,0.23767110474519154,0.5879608843127857,0.7130133142355746,0.3048684510551853,0.14833679795265198,0.2267164696461435,9.1202480599158,0.02,,
smc_node2,-1,2,SMC,103,mismatch,1.0,-1,8.0,0.5,0.24673193771003477,0.6131540142187965,0.7401958131301043,0.20507963020124553,0.11247196793556213,0.23434422732476887,10.727086107728077,0.03,,
ppo_continuous_hopfield_node2_final_seed_1024,1024,2,PPO,103,mismatch,1.0,-1,,,0.21530666124115908,0.5897250150482027,0.6459199837234773,0.0905150384814651,0.0533413290977478,0.4086511607219156,23.208744938949977,0.0625,,
ppo_continuous_hopfield_node2_final_seed_123,123,2,PPO,103,mismatch,1.0,-1,,,0.21080445166652464,0.5726396741722639,0.6324133549995739,0.146825386878149,0.07739493250846863,0.3239887687482144,16.589601165775733,0.04,,
ppo_continuous_hopfield_node2_final_seed_42,42,2,PPO,103,mismatch,1.0,-1,,,0.20443237486511395,0.5739672933177432,0.6132971245953418,0.08595988733900918,0.061076849699020386,0.3346985124441751,17.348969312820426,0.0425,,
lqr_node2,-1,2,LQR,104,mismatch,1.0,-1,,,0.2067974052896703,0.6141100224824246,0.6203922158690109,0.04935109167486245,0.02897132048383355,0.2380394890676241,11.984961640075795,0.0275,,
smc_node2,-1,2,SMC,104,mismatch,1.0,-1,8.0,0.5,0.23502768973021745,0.6313847668982755,0.7050830691906523,0.07759918269620818,0.01712076598778367,0.25250675376566206,14.205860279150327,0.0375,,
ppo_continuous_hopfield_node2_final_seed_1024,1024,2,PPO,104,mismatch,1.0,-1,,,0.22848161520240542,0.6404617394430531,0.6854448456072163,0.056311927241399704,0.02169801015406847,0.4056577950047139,26.30430310116286,0.08,,
ppo_continuous_hopfield_node2_final_seed_123,123,2,PPO,104,mismatch,1.0,-1,,,0.21892910175819372,0.6279277106319205,0.6567873052745812,0.06622230216147906,0.04095549788326025,0.335796482582342,20.805710303787023,0.05,,
ppo_continuous_hopfield_node2_final_seed_42,42,2,PPO,104,mismatch,1.0,-1,,,0.2174199351132015,0.6288618481501155,0.6522598053396046,0.04556298405391934,0.019141115248203278,0.3576165771302291,22.64581729163817,0.06,,
lqr_node2,-1,2,LQR,105,mismatch,1.0,-1,,,0.09043231054502582,0.26712434041999017,0.27129693163507745,0.05804467421990854,0.10028469562530518,0.07976888597880036,1.2688803374434428,0.0,,
smc_node2,-1,2,SMC,105,mismatch,1.0,-1,8.0,0.5,0.12024086122288805,0.2978007146140368,0.3607225836686641,0.0597846171370259,0.10170555114746094,0.09206234210361976,2.4823736027223418,0.005,,
ppo_continuous_hopfield_node2_final_seed_1024,1024,2,PPO,105,mismatch,1.0,-1,,,0.0751626634341684,0.23041239925684123,0.2254879903025052,0.05969217327641852,0.09577286243438721,0.13753482968804248,6.014147496947997,0.0125,,
ppo_continuous_hopfield_node2_final_seed_123,123,2,PPO,105,mismatch,1.0,-1,,,0.08243529140447589,0.23624534869451072,0.24730587421342767,0.07491953192669669,0.11099421977996826,0.11098232071967494,4.1281054379970445,0.0075,,
ppo_continuous_hopfield_node2_final_seed_42,42,2,PPO,105,mismatch,1.0,-1,,,0.07775986062499043,0.2334786904634893,0.2332795818749713,0.05710591191862836,0.09605920314788818,0.14050990358886872,5.648147792889569,0.01,,
lqr_node2,-1,2,LQR,106,mismatch,1.0,-1,,,0.06037000585146131,0.1580251330201755,0.1811100175543839,0.08270989512495788,0.043858448043465614,0.13555952868766344,5.2034773133735746,0.01,,
smc_node2,-1,2,SMC,106,mismatch,1.0,-1,8.0,0.5,0.06810297953554817,0.16259726787409484,0.2043089386066445,0.06695714019767848,0.012231528759002686,0.1418308233114658,6.503685010919494,0.0175,,
ppo_continuous_hopfield_node2_final_seed_1024,1024,2,PPO,106,mismatch,1.0,-1,,,0.05894077723073221,0.15696911137607442,0.17682233169219663,0.05606268016897418,0.02639084681868553,0.1635388944883299,7.8898499832172195,0.02,,
ppo_continuous_hopfield_node2_final_seed_123,123,2,PPO,106,mismatch,1.0,-1,,,0.06274525268840993,0.15880327721804596,0.1882357580652298,0.07740862944082898,0.054611317813396454,0.1598897348727074,7.732569574077875,0.02,,
ppo_continuous_hopfield_node2_final_seed_42,42,2,PPO,106,mismatch,1.0,-1,,,0.0579269300663963,0.1573531534546025,0.17378079019918888,0.04605397578029905,0.011998937465250492,0.15916602785450562,7.6946003456213905,0.02,,
lqr_node2,-1,2,LQR,107,mismatch,1.0,-1,,,0.16950177201724062,0.41915865054149815,0.5085053160517219,0.1858437114659651,0.48007357120513916,0.14518955991331411,5.25723549213012,0.01,,
smc_node2,-1,2,SMC,107,mismatch,1.0,-1,8.0,0.5,0.1977060310763608,0.4257328560074208,0.5931180932290824,0.26684726406762627,0.5271339416503906,0.15601721274848804,6.809311136792866,0.0175,,
ppo_continuous_hopfield_node2_final_seed_1024,1024,2,PPO,107,mismatch,1.0,-1,,,0.14196012565302518,0.3936450452586073,0.4258803769590756,0.13850992186753838,0.37833094596862793,0.27503960884345735,15.494652189936904,0.0325,,
ppo_continuous_hopfield_node2_final_seed_123,123,2,PPO,107,mismatch,1.0,-1,,,0.15861844181269716,0.3903380589113187,0.4758553254380915,0.19131920022177107,0.4736858606338501,0.21838748206075587,10.798058792096281,0.0275,,
ppo_continuous_hopfield_node2_final_seed_42,42,2,PPO,107,mismatch,1.0,-1,,,0.14758528163346926,0.3884046209164129,0.44275584490040776,0.14400445467528003,0.4421004056930542,0.24262356152409628,12.428634519451423,0.0275,,
lqr_node2,-1,2,LQR,108,mismatch,1.0,-1,,,0.20483496176649477,0.4781236132548065,0.6145048852994843,0.1673638848932805,0.430580198764801,0.1507717533709648,6.808749523463558,0.015,,
smc_node2,-1,2,SMC,108,mismatch,1.0,-1,8.0,0.5,0.21421782135520617,0.4856622704974119,0.6426534640656185,0.17020533654700826,0.44471532106399536,0.15753165146387055,8.295809799632725,0.025,,
ppo_continuous_hopfield_node2_final_seed_1024,1024,2,PPO,108,mismatch,1.0,-1,,,0.16816720267113666,0.4557030060135401,0.50450160801341,0.1064663769585299,0.186226487159729,0.25960524164679044,14.695458359454364,0.0375,,
ppo_continuous_hopfield_node2_final_seed_123,123,2,PPO,108,mismatch,1.0,-1,,,0.17077022046934587,0.4430874350117726,0.5123106614080376,0.12440408607599912,0.24629342555999756,0.20041265849609327,11.283407636119472,0.03,,
ppo_continuous_hopfield_node2_final_seed_42,42,2,PPO,108,mismatch,1.0,-1,,,0.1728381482959382,0.4439143412402827,0.5185144448878146,0.12590143302984444,0.3042284846305847,0.21286490990633977,11.58790027037469,0.0325,,
lqr_node2,-1,2,LQR,109,mismatch,1.0,-1,,,0.2328437919483047,0.604346240924233,0.6985313758449141,0.24716775238881877,0.09948582574725151,0.2624718954762635,12.775027286906234,0.025,,
smc_node2,-1,2,SMC,109,mismatch,1.0,-1,8.0,0.5,0.2221822211077996,0.6101001814004289,0.6665466633233987,0.18828274445309315,0.09309498965740204,0.27711235799926587,15.958278029592629,0.04,,
ppo_continuous_hopfield_node2_final_seed_1024,1024,2,PPO,109,mismatch,1.0,-1,,,0.21145443586711574,0.6329190089511083,0.6343633076013472,0.0255233912418286,0.011070840060710907,0.41941679144589383,28.40033512818767,0.0875,,
ppo_continuous_hopfield_node2_final_seed_123,123,2,PPO,109,mismatch,1.0,-1,,,0.21274552242605888,0.621373863737723,0.6382365672781766,0.07979739971320939,0.035623010247945786,0.3674179145745803,23.078770583676857,0.055,,
ppo_continuous_hopfield_node2_final_seed_42,42,2,PPO,109,mismatch,1.0,-1,,,0.20706048159544987,0.6214801008528743,0.6211814447863496,0.037116101241590066,0.02060043439269066,0.3787452195796586,24.01649448370592,0.06,,
lqr_node2,-1,2,LQR,110,mismatch,1.0,-1,,,0.1223602305286032,0.1730004092679043,0.36708069158580964,0.30443429361373464,0.10839717835187912,0.06854533349692779,0.3954856212058793,0.0,,
smc_node2,-1,2,SMC,110,mismatch,1.0,-1,8.0,0.5,0.11387708637683791,0.16490747439924971,0.34163125913051373,0.28979054778630353,0.10708530992269516,0.07334785186997708,1.3341400003202415,0.0025,,
ppo_continuous_hopfield_node2_final_seed_1024,1024,2,PPO,110,mismatch,1.0,-1,,,0.05865664332981221,0.106085564177521,0.1759699299894366,0.13172802632030697,0.07343409955501556,0.12757216031637572,4.616237430950189,0.0125,,
ppo_continuous_hopfield_node2_final_seed_123,123,2,PPO,110,mismatch,1.0,-1,,,0.07806071844099033,0.11966034619015194,0.23418215532297096,0.20686885946786698,0.07611095160245895,0.10567460393073255,2.8646100948391626,0.0075,,
ppo_continuous_hopfield_node2_final_seed_42,42,2,PPO,110,mismatch,1.0,-1,,,0.07173674121144494,0.11644030700699075,0.21521022363433479,0.16675630756826312,0.1020660549402237,0.12261888284487023,3.292714316056083,0.0075,,
lqr_node2,-1,2,LQR,111,mismatch,1.0,-1,,,0.16888678944201294,0.2862093380119065,0.5066603683260388,0.2105187326784671,0.038150074891746044,0.139653782184036,3.4805200937885865,0.0025,,
smc_node2,-1,2,SMC,111,mismatch,1.0,-1,8.0,0.5,0.18816575684823894,0.3018009257506755,0.5644972705447169,0.24555878720625682,0.07163872569799423,0.14402395227760398,5.28853822612114,0.0125,,
ppo_continuous_hopfield_node2_final_seed_1024,1024,2,PPO,111,mismatch,1.0,-1,,,0.11504321601450852,0.24312820821656847,0.3451296480435256,0.10329207698067214,0.025163460988551378,0.21177286697444772,10.268281193056621,0.0225,,
ppo_continuous_hopfield_node2_final_seed_123,123,2,PPO,111,mismatch,1.0,-1,,,0.1401353231758957,0.2528664244206371,0.42040596952768705,0.14653077437599868,0.05713280430063605,0.1807706469200793,7.565588770026425,0.0175,,
ppo_continuous_hopfield_node2_final_seed_42,42,2,PPO,111,mismatch,1.0,-1,,,0.1374555112842814,0.2525998391939267,0.4123665338528442,0.15424977470028364,0.039863298181444407,0.21795450257801652,10.180649099368281,0.0175,,
lqr_node2,-1,2,LQR,112,mismatch,1.0,-1,,,0.07404954215966116,0.12111801926611812,0.22214862647898345,0.21132059682758503,0.04224313795566559,0.11441814296538047,3.7329852893955335,0.0,,
smc_node2,-1,2,SMC,112,mismatch,1.0,-1,8.0,0.5,0.0594049653532688,0.10423123925024394,0.1782148960598064,0.17838194911126737,0.07337254285812378,0.1135837522354874,5.6267925769541165,0.015,,
ppo_continuous_hopfield_node2_final_seed_1024,1024,2,PPO,112,mismatch,1.0,-1,,,0.054664606355627685,0.10250041527093438,0.16399381906688307,0.12500525115023334,0.03071659803390503,0.13921533445096076,6.5941347958297385,0.02,,
ppo_continuous_hopfield_node2_final_seed_123,123,2,PPO,112,mismatch,1.0,-1,,,0.06317961251313611,0.1100942169310479,0.18953883753940834,0.16477666476189537,0.047788675874471664,0.12869373800005401,5.944994922481528,0.0175,,
ppo_continuous_hopfield_node2_final_seed_42,42,2,PPO,112,mismatch,1.0,-1,,,0.06641791619790884,0.11375492712613368,0.19925374859372652,0.18161384054218177,0.021713145077228546,0.15950730695688814,6.853082377176761,0.02,,
lqr_node2,-1,2,LQR,113,mismatch,1.0,-1,,,0.14368932409961388,0.25388202872536936,0.4310679722988416,0.3076406263826806,0.09759831428527832,0.09485756206161289,0.6556765551110417,0.0,,
smc_node2,-1,2,SMC,113,mismatch,1.0,-1,8.0,0.5,0.1454076243046569,0.2701487719614766,0.4362228729139707,0.2655061964681487,0.03610627353191376,0.1009340008226571,1.3792122135223728,0.0025,,
ppo_continuous_hopfield_node2_final_seed_1024,1024,2,PPO,113,mismatch,1.0,-1,,,0.07809143913453034,0.20385650595493274,0.23427431740359103,0.08438356590951666,0.03742876648902893,0.12930583637997398,2.1550222609647958,0.0,,
ppo_continuous_hopfield_node2_final_seed_123,123,2,PPO,113,mismatch,1.0,-1,,,0.0943235439911844,0.21356606501848435,0.28297063197355316,0.1163827621228533,0.029938265681266785,0.11043466198399775,1.7000069765270842,0.0025,,
ppo_continuous_hopfield_node2_final_seed_42,42,2,PPO,113,mismatch,1.0,-1,,,0.09141966783738109,0.2120077557723272,0.2742590035121433,0.13399397924450446,0.03833022713661194,0.11406338584616298,1.7386231056640455,0.0025,,
lqr_node2,-1,2,LQR,114,mismatch,1.0,-1,,,0.16884699390608127,0.2566858413285542,0.5065409817182438,0.17329152701077638,0.14936411380767822,0.10835813705095536,1.7631721521830803,0.0,,
smc_node2,-1,2,SMC,114,mismatch,1.0,-1,8.0,0.5,0.17207148914625645,0.27603439067610214,0.5162144674387693,0.1338103034614045,0.10753917694091797,0.11131934551556973,3.2105300050210843,0.0075,,
ppo_continuous_hopfield_node2_final_seed_1024,1024,2,PPO,114,mismatch,1.0,-1,,,0.07279418305771043,0.15059736107951713,0.2183825491731313,0.034827044084208246,0.05705651640892029,0.12995917084359765,3.884147264765631,0.01,,
ppo_continuous_hopfield_node2_final_seed_123,123,2,PPO,114,mismatch,1.0,-1,,,0.0929523390758061,0.1674759316959543,0.27885701722741835,0.06278285507204724,0.04699729382991791,0.12647475265059388,3.7197352348168247,0.01,,
ppo_continuous_hopfield_node2_final_seed_42,42,2,PPO,114,mismatch,1.0,-1,,,0.09141433408757918,0.17003609971539227,0.2742430022627375,0.0647210290276066,0.09164723753929138,0.14456984504797216,4.420010432316741,0.01,,
lqr_node2,-1,2,LQR,115,mismatch,1.0,-1,,,0.09253222222694646,0.20501451454755956,0.2775966666808394,0.0805201669924973,0.12484276294708252,0.08804922500561965,1.3941368777247156,0.0,,
smc_node2,-1,2,SMC,115,mismatch,1.0,-1,8.0,0.5,0.10318234172151892,0.19490969730135127,0.3095470251645568,0.12367348186671734,0.228439062833786,0.09079947219212235,2.8263896127500914,0.0075,,
ppo_continuous_hopfield_node2_final_seed_1024,1024,2,PPO,115,mismatch,1.0,-1,,,0.06132013634341155,0.13449700671683726,0.18396040903023464,0.049567765843721086,0.07609418034553528,0.12998962348461746,4.702109388933919,0.0125,,
ppo_continuous_hopfield_node2_final_seed_123,123,2,PPO,115,mismatch,1.0,-1,,,0.07281396714064695,0.14842474106772335,0.21844190142194084,0.047261104033685025,0.06664049625396729,0.11729388364458322,3.9294585690287684,0.01,,
ppo_continuous_hopfield_node2_final_seed_42,42,2,PPO,115,mismatch,1.0,-1,,,0.07635857388245582,0.15059565039446016,0.22907572164736745,0.06625844735974147,0.10747340321540833,0.20327914806264,7.559787830545982,0.015,,
lqr_node2,-1,2,LQR,116,mismatch,1.0,-1,,,0.12873097672262668,0.29463013355782763,0.38619293016788,0.09890530653941779,0.038601509761065245,0.12570165352553433,5.527845861748193,0.0125,,
smc_node2,-1,2,SMC,116,mismatch,1.0,-1,8.0,0.5,0.13175130833647927,0.2930374755200279,0.39525392500943785,0.10485709881708946,0.1428741179406643,0.1343404269847494,7.009396596992028,0.02,,
ppo_continuous_hopfield_node2_final_seed_1024,1024,2,PPO,116,mismatch,1.0,-1,,,0.0937489853507637,0.22662920804062894,0.2812469560522911,0.09521050288997314,0.02490231767296791,0.19816081272322045,10.266006243546368,0.0275,,
ppo_continuous_hopfield_node2_final_seed_123,123,2,PPO,116,mismatch,1.0,-1,,,0.10229880897504767,0.23318414724061504,0.306896426925143,0.09753132651180581,0.02680373890325427,0.15906913472604275,8.313000191495528,0.025,,
ppo_continuous_hopfield_node2_final_seed_42,42,2,PPO,116,mismatch,1.0,-1,,,0.10396560160212873,0.23145205367422902,0.31189680480638615,0.11898586656438348,0.10615392401814461,0.3246835392813879,15.744935333377079,0.03,,
lqr_node2,-1,2,LQR,117,mismatch,1.0,-1,,,0.22033351497412662,0.4985696729205582,0.6610005449223799,0.2682846775278449,0.04140905663371086,0.17738457328606247,7.013320070316659,0.01,,
smc_node2,-1,2,SMC,117,mismatch,1.0,-1,8.0,0.5,0.23558640512769402,0.5122785013298973,0.7067592153830821,0.27834705440442503,0.05248569697141647,0.19110452147092055,9.638547519923371,0.0225,,
ppo_continuous_hopfield_node2_final_seed_1024,1024,2,PPO,117,mismatch,1.0,-1,,,0.17237655212212408,0.5061267391857298,0.5171296563663722,0.1287465762220507,0.0310587165877223,0.30577076752286897,20.429802550464878,0.06,,
ppo_continuous_hopfield_node2_final_seed_123,123,2,PPO,117,mismatch,1.0,-1,,,0.18643612776714952,0.49982582719834523,0.5593083833014486,0.17494569965465753,0.03319201432168484,0.2572211379236414,15.287330616811662,0.035,,
ppo_continuous_hopfield_node2_final_seed_42,42,2,PPO,117,mismatch,1.0,-1,,,0.18958771674497424,0.5014122093180122,0.5687631502349227,0.19242385849874052,0.051296223886311054,0.27413239261307326,16.660562321736627,0.04,,
lqr_node2,-1,2,LQR,118,mismatch,1.0,-1,,,0.12554000719610667,0.20762862154977266,0.37662002158832,0.2571087618024997,0.03755480423569679,0.1277548501744069,5.372379182296218,0.01,,
smc_node2,-1,2,SMC,118,mismatch,1.0,-1,8.0,0.5,0.1330087938123783,0.21337482856376588,0.39902638143713487,0.27170697532962135,0.04240162670612335,0.1372235288595005,6.954483927326314,0.0175,,
ppo_continuous_hopfield_node2_final_seed_1024,1024,2,PPO,118,mismatch,1.0,-1,,,0.08530889080774662,0.17435786201834708,0.25592667242323985,0.10717630509379102,0.05928798019886017,0.1842525940286251,11.21741934351409,0.0275,,
ppo_continuous_hopfield_node2_final_seed_123,123,2,PPO,118,mismatch,1.0,-1,,,0.10794769851483113,0.18786908418403242,0.3238430955444934,0.17128404678293951,0.09932465106248856,0.17159183804605369,9.189926386490589,0.0225,,
ppo_continuous_hopfield_node2_final_seed_42,42,2,PPO,118,mismatch,1.0,-1,,,0.10251894114339292,0.18487471401535147,0.30755682343017876,0.163929562555787,0.07013052515685558,0.17741950912554366,9.50834612432603,0.0225,,
lqr_node2,-1,2,LQR,119,mismatch,1.0,-1,,,0.15030884730969482,0.24075089573431038,0.4509265419290845,0.38387269869354773,0.08197854831814766,0.19709779091784382,6.547123500880595,0.0125,,
smc_node2,-1,2,SMC,119,mismatch,1.0,-1,8.0,0.5,0.11113643814737623,0.19871637892197253,0.3334093144421287,0.28586733860918034,0.042444707825779915,0.19734676519976094,7.849486417192657,0.02,,
ppo_continuous_hopfield_node2_final_seed_1024,1024,2,PPO,119,mismatch,1.0,-1,,,0.05660797583565568,0.16602887624517274,0.16982392750696704,0.04129468692167674,0.017576951533555984,0.23237697945494307,11.132605920984716,0.0275,,
ppo_continuous_hopfield_node2_final_seed_123,123,2,PPO,119,mismatch,1.0,-1,,,0.06970565561599974,0.16988350654130743,0.2091169668479992,0.08611261653771371,0.032194122672080994,0.22047921625010095,9.548965418726956,0.0225,,
ppo_continuous_hopfield_node2_final_seed_42,42,2,PPO,119,mismatch,1.0,-1,,,0.06672595694068129,0.1681375993159516,0.20017787082204386,0.06120419105583871,0.008807267993688583,0.23076549229070434,10.605526370795456,0.0275,,
lqr_node3,-1,3,LQR,100,mismatch,1.0,-1,,,0.053608295174450274,0.09301443491562199,0.16082488552335084,0.08079446334230864,0.039177194237709045,0.1287706915084203,3.492221459969304,0.0,,
smc_node3,-1,3,SMC,100,mismatch,1.0,-1,8.0,0.5,0.06860032589240611,0.09939926971789015,0.20580097767721833,0.1842878919876652,0.09169940277934074,0.14160972849252237,5.493633812586551,0.015,,
ppo_continuous_hopfield_node3_final_seed_1024,1024,3,PPO,100,mismatch,1.0,-1,,,0.054867532755327984,0.10540377223347684,0.16460259826598397,0.07100915509839485,0.03920408897101879,0.1425509063940393,6.296552630909894,0.0175,,
ppo_continuous_hopfield_node3_final_seed_123,123,3,PPO,100,mismatch,1.0,-1,,,0.05075863636147575,0.09028646500790669,0.15227590908442723,0.06400877311480818,0.02674277499318123,0.13947522150935546,5.419232726715597,0.015,,
ppo_continuous_hopfield_node3_final_seed_42,42,3,PPO,100,mismatch,1.0,-1,,,0.04907013241438534,0.08725849695906206,0.14721039724315602,0.06370562980135466,0.027084780856966972,0.13695999047256766,5.1635356506681305,0.015,,
lqr_node3,-1,3,LQR,101,mismatch,1.0,-1,,,0.10954912962292879,0.19985228038621944,0.32864738886878636,0.14845449532623645,0.22858038544654846,0.1746910051995229,6.62943281443685,0.0075,,
smc_node3,-1,3,SMC,101,mismatch,1.0,-1,8.0,0.5,0.1441341071360197,0.2539292285504356,0.4324023214080592,0.14460855391290453,0.29508745670318604,0.17509199916431564,8.351508541127657,0.0225,,
ppo_continuous_hopfield_node3_final_seed_1024,1024,3,PPO,101,mismatch,1.0,-1,,,0.06825892013015344,0.19032884998285288,0.20477676039046033,0.028541298192224385,0.03532019257545471,0.1997431505685138,11.114478490323556,0.03,,
ppo_continuous_hopfield_node3_final_seed_123,123,3,PPO,101,mismatch,1.0,-1,,,0.05805605306837426,0.16546439107883076,0.17416815920512277,0.047706662504761306,0.04990747570991516,0.17344962639741116,8.13968376318442,0.02,,
ppo_continuous_hopfield_node3_final_seed_42,42,3,PPO,101,mismatch,1.0,-1,,,0.056068759100358384,0.16451989686693125,0.16820627730107515,0.040661857543904105,0.04515746235847473,0.16553233065026954,7.535190979196726,0.02,,
lqr_node3,-1,3,LQR,102,mismatch,1.0,-1,,,0.11390182503490574,0.24075574275221476,0.34170547510471727,0.11046217329064269,0.04668938368558884,0.12341095749432503,1.8716314828230243,0.0,,
smc_node3,-1,3,SMC,102,mismatch,1.0,-1,8.0,0.5,0.1147982728755038,0.2456472665271456,0.34439481862651145,0.062057981049113066,0.027910590171813965,0.1388947271481557,3.745546844867277,0.0075,,
ppo_continuous_hopfield_node3_final_seed_1024,1024,3,PPO,102,mismatch,1.0,-1,,,0.06380965748564932,0.1732398451628572,0.19142897245694798,0.042166182184936826,0.01555611938238144,0.19974954656680624,10.642139498629081,0.03,,
ppo_continuous_hopfield_node3_final_seed_123,123,3,PPO,102,mismatch,1.0,-1,,,0.058016154892449996,0.16292413376149467,0.17404846467735,0.04005182826500616,0.012909986078739166,0.18108651196256634,8.34759443511503,0.02,,
ppo_continuous_hopfield_node3_final_seed_42,42,3,PPO,102,mismatch,1.0,-1,,,0.05741836213106514,0.1626367515879634,0.17225508639319542,0.04099057112349036,0.014416813850402832,0.17178735248465787,7.20243228348021,0.015,,
lqr_node3,-1,3,LQR,103,mismatch,1.0,-1,,,0.05957334835379573,0.14836993407487495,0.17872004506138717,0.07319705397534518,0.051090627908706665,0.16907307880459135,5.783454084988413,0.01,,
smc_node3,-1,3,SMC,103,mismatch,1.0,-1,8.0,0.5,0.0932533144896675,0.15626696338492266,0.2797599434690025,0.2562035045322077,0.07710573077201843,0.17661821715648188,7.531964797058589,0.0225,,
ppo_continuous_hopfield_node3_final_seed_1024,1024,3,PPO,103,mismatch,1.0,-1,,,0.05531564709774574,0.14034451448857976,0.16594694129323723,0.07614205280939738,0.03965401649475098,0.16679460174424987,7.380821970219209,0.0225,,
ppo_continuous_hopfield_node3_final_seed_123,123,3,PPO,103,mismatch,1.0,-1,,,0.05368771841045057,0.1395813986711005,0.16106315523135173,0.0643822042685416,0.03062257170677185,0.19051324292562177,9.592865344892806,0.0275,,
ppo_continuous_hopfield_node3_final_seed_42,42,3,PPO,103,mismatch,1.0,-1,,,0.05238217416165996,0.13913088014285493,0.15714652248497987,0.06052150641694481,0.029722005128860474,0.17684307622902115,8.396407483903678,0.025,,
lqr_node3,-1,3,LQR,104,mismatch,1.0,-1,,,0.10814595785505252,0.20810501868831013,0.3244378735651576,0.10548247496689452,0.03322587930597365,0.18890092770163025,7.694565828353804,0.015,,
smc_node3,-1,3,SMC,104,mismatch,1.0,-1,8.0,0.5,0.12893951808258036,0.21638770538154167,0.3868185542477411,0.22477147353376137,0.10243464261293411,0.20055113982461786,9.869326161268198,0.0275,,
ppo_continuous_hopfield_node3_final_seed_1024,1024,3,PPO,104,mismatch,1.0,-1,,,0.10234406220932597,0.2260695308480993,0.30703218662797793,0.07574802892639038,0.04509114637039602,0.18153880932310276,9.12288060921228,0.0275,,
ppo_continuous_hopfield_node3_final_seed_123,123,3,PPO,104,mismatch,1.0,-1,,,0.09687795791409581,0.20251104343399198,0.29063387374228744,0.06794833021675363,0.030124215874820948,0.1972431123821051,10.17349974912396,0.03,,
ppo_continuous_hopfield_node3_final_seed_42,42,3,PPO,104,mismatch,1.0,-1,,,0.09647690227521538,0.20144289723467465,0.28943070682564614,0.06821891590722917,0.03109489567577839,0.1943219994238933,9.976443546689094,0.03,,
lqr_node3,-1,3,LQR,105,mismatch,1.0,-1,,,0.06286682579619926,0.1477975375302875,0.18860047738859778,0.05075054661727246,0.09871536493301392,0.09261458623963303,1.0328892639226497,0.0,,
smc_node3,-1,3,SMC,105,mismatch,1.0,-1,8.0,0.5,0.11211412271998779,0.21809625790402748,0.3363423681599634,0.06925733442659732,0.14267724752426147,0.12338172602324986,2.508669257651425,0.005,,
ppo_continuous_hopfield_node3_final_seed_1024,1024,3,PPO,105,mismatch,1.0,-1,,,0.03371495630705136,0.08624685016137439,0.10114486892115408,0.04664160918306421,0.07399821281433105,0.12838009874942594,5.661189751668474,0.0125,,
ppo_continuous_hopfield_node3_final_seed_123,123,3,PPO,105,mismatch,1.0,-1,,,0.030919058564647797,0.08473679406540675,0.09275717569394339,0.04139918475239365,0.07008242607116699,0.132731956134822,6.06139449461171,0.015,,
ppo_continuous_hopfield_node3_final_seed_42,42,3,PPO,105,mismatch,1.0,-1,,,0.030643161006135587,0.08541925155617931,0.09192948301840675,0.04325151461877941,0.07184839248657227,0.12348835868877069,4.807986844088603,0.01,,
lqr_node3,-1,3,LQR,106,mismatch,1.0,-1,,,0.04185108450653244,0.1205341783487004,0.1255532535195973,0.03313751251114831,0.01517099910415709,0.09160976460467132,2.6763963307780383,0.0,,
smc_node3,-1,3,SMC,106,mismatch,1.0,-1,8.0,0.5,0.054347892380485985,0.1321744340408109,0.16304367714145795,0.05085981608782378,0.014038538560271263,0.09763059133950167,4.7870865301746655,0.0125,,
ppo_continuous_hopfield_node3_final_seed_1024,1024,3,PPO,106,mismatch,1.0,-1,,,0.033758285365505604,0.12148791922142828,0.1012748560965168,0.019281290218601994,0.01920537929981947,0.1363726544595716,7.950882907029622,0.0225,,
ppo_continuous_hopfield_node3_final_seed_123,123,3,PPO,106,mismatch,1.0,-1,,,0.03396843042799851,0.12392701624442291,0.10190529128399554,0.018805350179864483,0.01614108681678772,0.15242029133454857,8.955318621859167,0.025,,
ppo_continuous_hopfield_node3_final_seed_42,42,3,PPO,106,mismatch,1.0,-1,,,0.030080381397166425,0.10974700175364745,0.09024114419149927,0.017906851066207444,0.014417591504752636,0.11613589952562813,5.824356431985805,0.015,,
lqr_node3,-1,3,LQR,107,mismatch,1.0,-1,,,0.10233155883854861,0.21127611084080136,0.3069946765156458,0.17053247215571227,0.33748161792755127,0.16729843083856466,4.003431660944421,0.005,,
smc_node3,-1,3,SMC,107,mismatch,1.0,-1,8.0,0.5,0.15714626211335483,0.23711913090380288,0.47143878634006453,0.3879314605836515,0.452544629573822,0.17209229222210337,5.477354939322408,0.015,,
ppo_continuous_hopfield_node3_final_seed_1024,1024,3,PPO,107,mismatch,1.0,-1,,,0.08035586886293722,0.1901643985297227,0.24106760658881166,0.0993025571015882,0.11712902784347534,0.2033743505688974,8.217894319021873,0.02,,
ppo_continuous_hopfield_node3_final_seed_123,123,3,PPO,107,mismatch,1.0,-1,,,0.07192950245884812,0.18454519753716758,0.21578850737654434,0.09417619970109728,0.0987737774848938,0.21612105462723352,9.473002974669233,0.025,,
ppo_continuous_hopfield_node3_final_seed_42,42,3,PPO,107,mismatch,1.0,-1,,,0.07067055795697846,0.18446925095668076,0.2120116738709354,0.09177371454827579,0.09742945432662964,0.21379271224884322,9.256678795488725,0.0225,,
lqr_node3,-1,3,LQR,108,mismatch,1.0,-1,,,0.08220620559108871,0.17489393538904574,0.24661861677326616,0.13329135260924144,0.269364595413208,0.1723422367744333,5.999420047889707,0.0075,,
smc_node3,-1,3,SMC,108,mismatch,1.0,-1,8.0,0.5,0.10217028637768906,0.1970075249911181,0.3065108591330672,0.13796083373879944,0.2714505195617676,0.15394686726491394,7.6021478109697584,0.02,,
ppo_continuous_hopfield_node3_final_seed_1024,1024,3,PPO,108,mismatch,1.0,-1,,,0.07980035373465726,0.16663828952990895,0.23940106120397175,0.08234219868196013,0.06632775068283081,0.21229891746567373,8.529634299082387,0.0225,,
ppo_continuous_hopfield_node3_final_seed_123,123,3,PPO,108,mismatch,1.0,-1,,,0.06697609599955312,0.15521681928662548,0.20092828799865936,0.07213778607547283,0.06351876258850098,0.21934343048863744,9.75254745497056,0.025,,
ppo_continuous_hopfield_node3_final_seed_42,42,3,PPO,108,mismatch,1.0,-1,,,0.06690341578711348,0.15523926190938,0.20071024736134044,0.07488011718256238,0.06526684761047363,0.21465392965368202,9.53573056331979,0.025,,
lqr_node3,-1,3,LQR,109,mismatch,1.0,-1,,,0.08221707001896707,0.21542591348370338,0.2466512100569012,0.04768828500959056,0.021766647696495056,0.18056846698004336,7.202395439620779,0.01,,
smc_node3,-1,3,SMC,109,mismatch,1.0,-1,8.0,0.5,0.09074293416193187,0.22004898493326816,0.2722288024857956,0.0859211704429285,0.043508078902959824,0.19771415167087528,9.732783404908684,0.025,,
ppo_continuous_hopfield_node3_final_seed_1024,1024,3,PPO,109,mismatch,1.0,-1,,,0.07615730016711396,0.22047248853091092,0.2284719005013419,0.04140856574048047,0.01738883927464485,0.16970191975855767,6.717421959588916,0.0125,,
ppo_continuous_hopfield_node3_final_seed_123,123,3,PPO,109,mismatch,1.0,-1,,,0.07810413663922744,0.21387089064606243,0.2343124099176823,0.03933538400487584,0.016616307199001312,0.19386357445028282,9.609298823145725,0.025,,
ppo_continuous_hopfield_node3_final_seed_42,42,3,PPO,109,mismatch,1.0,-1,,,0.07738437673660709,0.2128548731939715,0.23215313020982126,0.03986902150359971,0.015253350138664246,0.18560102109116805,8.844255488673776,0.0225,,
lqr_node3,-1,3,LQR,110,mismatch,1.0,-1,,,0.033253849916785636,0.08120536261899147,0.0997615497503569,0.06793947350003837,0.0556013397872448,0.07210583503898338,0.35088795169663173,0.0,,
smc_node3,-1,3,SMC,110,mismatch,1.0,-1,8.0,0.5,0.04526092674690032,0.07731799385916005,0.13578278024070095,0.15467844082525484,0.1402304843068123,0.08638697851383223,1.2222348513758678,0.0025,,
ppo_continuous_hopfield_node3_final_seed_1024,1024,3,PPO,110,mismatch,1.0,-1,,,0.022747041198679697,0.05773984949593323,0.0682411235960391,0.051054668661643876,0.05097192898392677,0.11643211311310009,3.5548816113124193,0.0075,,
ppo_continuous_hopfield_node3_final_seed_123,123,3,PPO,110,mismatch,1.0,-1,,,0.022836653921359893,0.059239502756614104,0.06850996176407967,0.05223811535095727,0.041123148053884506,0.12714332131671247,4.392325676047818,0.0125,,
ppo_continuous_hopfield_node3_final_seed_42,42,3,PPO,110,mismatch,1.0,-1,,,0.021644630243712208,0.05837976017476616,0.06493389073113662,0.04715763757948154,0.036665599793195724,0.1189087762629748,3.7234750702915522,0.0075,,
lqr_node3,-1,3,LQR,111,mismatch,1.0,-1,,,0.06781750271489329,0.10321158299834032,0.20345250814467986,0.07374269420993917,0.00832215603441,0.08842762470444733,1.5098438013846156,0.0,,
smc_node3,-1,3,SMC,111,mismatch,1.0,-1,8.0,0.5,0.057275386267447735,0.07738898226432195,0.1718261588023432,0.11983090648887518,0.012662838213145733,0.08653920192254579,3.1811065665928226,0.0075,,
ppo_continuous_hopfield_node3_final_seed_1024,1024,3,PPO,111,mismatch,1.0,-1,,,0.026329198537095574,0.04539392375767147,0.07898759561128672,0.03129137107343585,0.0053400760516524315,0.0927473845104327,3.8030856064327128,0.01,,
ppo_continuous_hopfield_node3_final_seed_123,123,3,PPO,111,mismatch,1.0,-1,,,0.02579569447892451,0.044115161636764925,0.07738708343677353,0.027835249693857297,0.0056902337819337845,0.09783419418819898,4.127801288458531,0.0125,,
ppo_continuous_hopfield_node3_final_seed_42,42,3,PPO,111,mismatch,1.0,-1,,,0.025178175124805035,0.04356317243794095,0.0755345253744151,0.028444089173672745,0.0058926772326231,0.09926809802502766,4.2882608476653195,0.01,,
lqr_node3,-1,3,LQR,112,mismatch,1.0,-1,,,0.07340572515161164,0.184573539026541,0.22021717545483493,0.03460577522392994,0.010998990386724472,0.12414236112967582,2.2395738111587944,0.0,,
smc_node3,-1,3,SMC,112,mismatch,1.0,-1,8.0,0.5,0.09069171247261415,0.20280742808447955,0.27207513741784245,0.076661661905409,0.0074484143406152725,0.1439723272401023,4.833725263128798,0.01,,
ppo_continuous_hopfield_node3_final_seed_1024,1024,3,PPO,112,mismatch,1.0,-1,,,0.06034984358730366,0.18221046005898364,0.18104953076191097,0.024802563168729346,0.005538474768400192,0.1453600651271028,4.626943812230134,0.0075,,
ppo_continuous_hopfield_node3_final_seed_123,123,3,PPO,112,mismatch,1.0,-1,,,0.061820286838221654,0.17951344876844058,0.18546086051466495,0.02194401718687588,0.0020064599812030792,0.12217942417391398,2.4270487679082136,0.0,,
ppo_continuous_hopfield_node3_final_seed_42,42,3,PPO,112,mismatch,1.0,-1,,,0.06159457166199994,0.17897621649551998,0.18478371498599983,0.02368969482910118,0.004555564373731613,0.12122388656931625,2.2934786897998016,0.0,,
lqr_node3,-1,3,LQR,113,mismatch,1.0,-1,,,0.07561985820342948,0.17017486874545917,0.22685957461028844,0.06426856516182054,0.03563383221626282,0.12389312585524895,0.8945735656688559,0.0,,
smc_node3,-1,3,SMC,113,mismatch,1.0,-1,8.0,0.5,0.13904376034272628,0.260024784327563,0.41713128102817887,0.16902494661647965,0.021544575691223145,0.16004748731047994,1.9497149553143744,0.0025,,
ppo_continuous_hopfield_node3_final_seed_1024,1024,3,PPO,113,mismatch,1.0,-1,,,0.05495511514853906,0.1269474461729713,0.16486534544561718,0.052231320490439735,0.030237868428230286,0.16278705822113446,4.720473853300733,0.01,,
ppo_continuous_hopfield_node3_final_seed_123,123,3,PPO,113,mismatch,1.0,-1,,,0.051163040119334,0.1233810887546973,0.153489120358002,0.045767073048117723,0.026013851165771484,0.14784367300948578,2.761565834630604,0.0025,,
ppo_continuous_hopfield_node3_final_seed_42,42,3,PPO,113,mismatch,1.0,-1,,,0.05116145280387225,0.12400951239470806,0.15348435841161673,0.04718336591750016,0.027732640504837036,0.14678553888513857,2.6479002159010867,0.005,,
lqr_node3,-1,3,LQR,114,mismatch,1.0,-1,,,0.04771445131398496,0.08465992346753673,0.14314335394195488,0.036650135917704045,0.05574071407318115,0.07032656283490156,0.8291935986132837,0.0,,
smc_node3,-1,3,SMC,114,mismatch,1.0,-1,8.0,0.5,0.03590048592598027,0.07512199861685695,0.1077014577779408,0.00829847809502188,0.01843160390853882,0.07064827386721094,2.261205240033154,0.005,,
ppo_continuous_hopfield_node3_final_seed_1024,1024,3,PPO,114,mismatch,1.0,-1,,,0.020093323605201663,0.06267764808428,0.06027997081560498,0.006881097124682533,0.015127062797546387,0.0742257347799596,2.284237382785034,0.005,,
ppo_continuous_hopfield_node3_final_seed_123,123,3,PPO,114,mismatch,1.0,-1,,,0.020218911058565946,0.06248602621843312,0.06065673317569784,0.011506289467905407,0.02740485966205597,0.07148787102829247,2.069992801323443,0.005,,
ppo_continuous_hopfield_node3_final_seed_42,42,3,PPO,114,mismatch,1.0,-1,,,0.019738488589473076,0.06195596716985889,0.059215465768419226,0.00758429235537295,0.01533287763595581,0.06968705178682048,1.595545385103447,0.0,,
lqr_node3,-1,3,LQR,115,mismatch,1.0,-1,,,0.04965481966778834,0.0777101274253503,0.14896445900336502,0.085374338839801,0.1600910723209381,0.07470312422284629,0.7907674297267866,0.0,,
smc_node3,-1,3,SMC,115,mismatch,1.0,-1,8.0,0.5,0.0575679980086028,0.07802800289529088,0.17270399402580838,0.12473534270661113,0.32345470786094666,0.07045679700583657,2.033165630717597,0.005,,
ppo_continuous_hopfield_node3_final_seed_1024,1024,3,PPO,115,mismatch,1.0,-1,,,0.021812945748706437,0.03338119047823468,0.0654388372461193,0.05618261333187053,0.0981951653957367,0.07046429461746144,2.5809376838745828,0.0075,,
ppo_continuous_hopfield_node3_final_seed_123,123,3,PPO,115,mismatch,1.0,-1,,,0.01969732297894081,0.032513097861821216,0.059091968936822434,0.051283277921884515,0.09107339382171631,0.07407293682964403,2.736988876057593,0.0075,,
ppo_continuous_hopfield_node3_final_seed_42,42,3,PPO,115,mismatch,1.0,-1,,,0.01828709675784123,0.032420078789174224,0.05486129027352369,0.04749613266185294,0.08838832378387451,0.07101121334883935,2.5665875305113475,0.0075,,
lqr_node3,-1,3,LQR,116,mismatch,1.0,-1,,,0.09339156306711825,0.20677094684508424,0.28017468920135474,0.13392736463819022,0.115038201212883,0.191903655456492,4.907290733378026,0.0,,
smc_node3,-1,3,SMC,116,mismatch,1.0,-1,8.0,0.5,0.17633889747066664,0.3622891211557723,0.5290166924119999,0.1789305085937182,0.3570873290300369,0.2194550918692292,7.365200211076824,0.0175,,
ppo_continuous_hopfield_node3_final_seed_1024,1024,3,PPO,116,mismatch,1.0,-1,,,0.09109108767635557,0.2082898581577811,0.2732732630290667,0.14034941151485214,0.12056434201076627,0.17855312768137663,4.42369532103975,0.005,,
ppo_continuous_hopfield_node3_final_seed_123,123,3,PPO,116,mismatch,1.0,-1,,,0.08694600015421919,0.20040656102657198,0.2608380004626576,0.13575867509446393,0.11275588907301426,0.21187538519023252,7.045641881697505,0.015,,
ppo_continuous_hopfield_node3_final_seed_42,42,3,PPO,116,mismatch,1.0,-1,,,0.08626179515263367,0.200739366354491,0.25878538545790103,0.13365797177646999,0.11182647943496704,0.2055142918355447,6.568199841068216,0.015,,
lqr_node3,-1,3,LQR,117,mismatch,1.0,-1,,,0.061332101647022894,0.18353830755443848,0.18399630494106867,0.08205128364540913,0.014364825561642647,0.09534673108592095,3.5039504125716565,0.005,,
smc_node3,-1,3,SMC,117,mismatch,1.0,-1,8.0,0.5,0.04722081858479725,0.16749220969903972,0.14166245575439176,0.05533693624476408,0.01150565966963768,0.09765315581545085,4.9867928784949065,0.015,,
ppo_continuous_hopfield_node3_final_seed_1024,1024,3,PPO,117,mismatch,1.0,-1,,,0.04036723664038174,0.1637829784867288,0.12110170992114523,0.013790541518203638,0.006721293553709984,0.12876340475611556,7.583493518722037,0.02,,
ppo_continuous_hopfield_node3_final_seed_123,123,3,PPO,117,mismatch,1.0,-1,,,0.04305117859807816,0.16770564832297188,0.1291535357942345,0.013132760594426482,0.009665262885391712,0.1350534504449037,8.320697746783182,0.025,,
ppo_continuous_hopfield_node3_final_seed_42,42,3,PPO,117,mismatch,1.0,-1,,,0.04115437447919463,0.16527219404663082,0.1234631234375839,0.011912003889633918,0.0036755669862031937,0.1238361919888683,7.368491772569725,0.0225,,
lqr_node3,-1,3,LQR,118,mismatch,1.0,-1,,,0.06264736350426019,0.10319451103792064,0.18794209051278055,0.11114407010537422,0.036947544664144516,0.09181253853388253,3.162223701724133,0.0,,
smc_node3,-1,3,SMC,118,mismatch,1.0,-1,8.0,0.5,0.058934230454179365,0.09522218064890314,0.1768026913625381,0.10823898449149212,0.03693237528204918,0.09865248263005306,5.160721224894395,0.015,,
ppo_continuous_hopfield_node3_final_seed_1024,1024,3,PPO,118,mismatch,1.0,-1,,,0.035772666725092384,0.0797346264474783,0.10731800017527715,0.027381635779790855,0.018526311963796616,0.09370734202594234,3.910983073790461,0.01,,
ppo_continuous_hopfield_node3_final_seed_123,123,3,PPO,118,mismatch,1.0,-1,,,0.03678975178738584,0.07944206078475827,0.11036925536215751,0.02741841565426669,0.011032596230506897,0.10338055176899635,5.2085066821668065,0.015,,
ppo_continuous_hopfield_node3_final_seed_42,42,3,PPO,118,mismatch,1.0,-1,,,0.036628145688342696,0.07850443615654289,0.10988443706502808,0.02895406841725847,0.01306280866265297,0.10108232908786978,5.088144210804375,0.015,,
lqr_node3,-1,3,LQR,119,mismatch,1.0,-1,,,0.04018289574204401,0.1095717250987259,0.12054868722613205,0.040772781103711436,0.019770067185163498,0.12354129704972207,3.7568418339882883,0.0025,,
smc_node3,-1,3,SMC,119,mismatch,1.0,-1,8.0,0.5,0.04954323140286522,0.11581501983452354,0.14862969420859568,0.08477147879009997,0.012630041688680649,0.1306518360597466,5.90377876329916,0.0175,,
ppo_continuous_hopfield_node3_final_seed_1024,1024,3,PPO,119,mismatch,1.0,-1,,,0.032524047290723605,0.10905614293585107,0.09757214187217082,0.029680890381842115,0.007011588662862778,0.13950115278771988,6.876477867323117,0.02,,
ppo_continuous_hopfield_node3_final_seed_123,123,3,PPO,119,mismatch,1.0,-1,,,0.03256640282880704,0.10632464461253632,0.09769920848642111,0.02516499062264223,0.002411428838968277,0.14982147269738266,7.688220442224327,0.0225,,
ppo_continuous_hopfield_node3_final_seed_42,42,3,PPO,119,mismatch,1.0,-1,,,0.031627275928172126,0.10593143276449035,0.09488182778451638,0.026029543669457422,0.0047530122101306915,0.14380565940627732,7.38960634840892,0.0225,,
lqr_node2,-1,2,LQR,100,mismatch,2.0,-1,,,0.16447942878304672,0.2807124474423188,0.4934382863491402,0.3726515380412708,0.06458660215139389,0.20005862927049783,6.596449297039782,0.0125,,
smc_node2,-1,2,SMC,100,mismatch,2.0,-1,8.0,0.5,0.14265283376306717,0.2642676751795317,0.4279585012892015,0.24159314734056409,0.04155771993100643,0.2140232792515058,8.627336659958981,0.02,,
ppo_continuous_hopfield_node2_final_seed_1024,1024,2,PPO,100,mismatch,2.0,-1,,,0.0912359211476193,0.23960422459748434,0.2737077634428579,0.07801068038392214,0.03258253075182438,0.26880424956505433,13.91836690771286,0.035,,
ppo_continuous_hopfield_node2_final_seed_123,123,2,PPO,100,mismatch,2.0,-1,,,0.10738323772549072,0.24247293044723423,0.3221497131764722,0.12280203537141651,0.03046824410557747,0.24859987061814476,11.252089687696746,0.025,,
ppo_continuous_hopfield_node2_final_seed_42,42,2,PPO,100,mismatch,2.0,-1,,,0.10460700982785222,0.24179310135435256,0.31382102948355667,0.11892387532502596,0.04379919357597828,0.25765671249376865,12.334270409683759,0.03,,
lqr_node2,-1,2,LQR,101,mismatch,2.0,-1,,,0.503728141792967,0.927616454771544,1.511184425378901,0.5672738480347174,1.0845954716205597,0.274943182418785,9.945440359062657,0.02,,
smc_node2,-1,2,SMC,101,mismatch,2.0,-1,8.0,0.5,0.4682324801138908,0.913646905702021,1.4046974403416723,0.5599638514312697,1.2715835273265839,0.26165388793753636,11.74400247038583,0.03,,
ppo_continuous_hopfield_node2_final_seed_1024,1024,2,PPO,101,mismatch,2.0,-1,,,0.48025440728850816,0.9870629449606207,1.4407632218655246,0.19432899309897128,0.19366338849067688,0.6654107239180966,37.40585021633169,0.0925,,
ppo_continuous_hopfield_node2_final_seed_123,123,2,PPO,101,mismatch,2.0,-1,,,0.4457983377204584,0.9097883383504622,1.3373950131613752,0.24661574475927117,0.31910040974617004,0.4629849454857167,22.087261211649988,0.045,,
ppo_continuous_hopfield_node2_final_seed_42,42,2,PPO,101,mismatch,2.0,-1,,,0.45931972874094695,0.9198867469272245,1.3779591862228409,0.29351776792311374,0.3358220160007477,0.49221133812332984,23.635535345476427,0.0475,,
lqr_node2,-1,2,LQR,102,mismatch,2.0,-1,,,0.40733837541920487,0.5713149433899548,1.2220151262576147,1.2160820852919125,0.32814502716064453,0.23012957874943324,3.274106939677722,0.0,,
smc_node2,-1,2,SMC,102,mismatch,2.0,-1,8.0,0.5,0.36530638032949725,0.5292331637394415,1.0959191409884916,1.0403204830248414,0.33028313145041466,0.2236684125642646,4.699436260240119,0.0075,,
ppo_continuous_hopfield_node2_final_seed_1024,1024,2,PPO,102,mismatch,2.0,-1,,,0.17809088721620547,0.3445570781071165,0.5342726616486164,0.2169918265009736,0.08901526778936386,0.24994694880044965,7.305267228396295,0.0125,,
ppo_continuous_hopfield_node2_final_seed_123,123,2,PPO,102,mismatch,2.0,-1,,,0.23511535792626248,0.37870433445570856,0.7053460737787874,0.38415445978350843,0.16032114624977112,0.2552274603238724,6.201620013284952,0.01,,
ppo_continuous_hopfield_node2_final_seed_42,42,2,PPO,102,mismatch,2.0,-1,,,0.22904316081060833,0.3708000264406134,0.6871294824318249,0.3539483684264583,0.20637976378202438,0.2590835004060197,6.392536547313927,0.01,,
lqr_node2,-1,2,LQR,103,mismatch,2.0,-1,,,0.3195177225368167,0.6342429731119936,0.9585531676104502,0.6387543836493551,0.33905068039894104,0.295104926458863,9.716666589198413,0.02,,
smc_node2,-1,2,SMC,103,mismatch,2.0,-1,8.0,0.5,0.29101054594601977,0.6406630878643459,0.8730316378380593,0.42367972801496956,0.2397807538509369,0.28941762484259526,11.124192122198561,0.03,,
ppo_continuous_hopfield_node2_final_seed_1024,1024,2,PPO,103,mismatch,2.0,-1,,,0.25880643424321764,0.6234260165420648,0.7764193027296529,0.20392826167337688,0.14292219281196594,0.5038031755651619,25.416913103030712,0.0675,,
ppo_continuous_hopfield_node2_final_seed_123,123,2,PPO,103,mismatch,2.0,-1,,,0.25438116537523164,0.6024076006821442,0.763143496125695,0.2812069715173156,0.15639489889144897,0.4031526478671671,17.865269736963675,0.0425,,
ppo_continuous_hopfield_node2_final_seed_42,42,2,PPO,103,mismatch,2.0,-1,,,0.2488677775311568,0.6038923659602615,0.7466033325934703,0.21804665525754294,0.1771349012851715,0.43497015962242486,19.99838433024536,0.0425,,
lqr_node2,-1,2,LQR,104,mismatch,2.0,-1,,,0.2354889287913709,0.6272990366630706,0.7064667863741126,0.09899871742904738,0.059450757689774036,0.27080281736845085,12.059524732642412,0.0275,,
smc_node2,-1,2,SMC,104,mismatch,2.0,-1,8.0,0.5,0.25785071021317507,0.6436619008120313,0.7735521306395252,0.16830616871492915,0.034268084447830915,0.282666622206715,14.298999496633712,0.0375,,
ppo_continuous_hopfield_node2_final_seed_1024,1024,2,PPO,104,mismatch,2.0,-1,,,0.27014260866244943,0.6605027706517251,0.8104278259873483,0.13968425434094245,0.02692492608912289,0.45694712837438034,27.051793075106474,0.0775,,
ppo_continuous_hopfield_node2_final_seed_123,123,2,PPO,104,mismatch,2.0,-1,,,0.2563752441987138,0.6443534340898526,0.7691257325961415,0.14080867830686916,0.043240171391516924,0.372833376643515,20.961777986950192,0.05,,
ppo_continuous_hopfield_node2_final_seed_42,42,2,PPO,104,mismatch,2.0,-1,,,0.258941646808362,0.6462904703850432,0.776824940425086,0.1372966548991332,0.029170614201575518,0.3949807204417606,22.616734385492112,0.055,,
lqr_node2,-1,2,LQR,105,mismatch,2.0,-1,,,0.10914583309806716,0.2777987911701758,0.32743749929420146,0.11813174758428409,0.201501727104187,0.09730530992248959,1.3498755038242083,0.0,,
smc_node2,-1,2,SMC,105,mismatch,2.0,-1,8.0,0.5,0.13535096996706925,0.30994606131407604,0.4060529099012077,0.1210695727739805,0.20364677906036377,0.10469209122747816,2.539465092248874,0.005,,
ppo_continuous_hopfield_node2_final_seed_1024,1024,2,PPO,105,mismatch,2.0,-1,,,0.09506259119898354,0.23848724885824793,0.2851877735969506,0.11635925114890676,0.18877583742141724,0.15576738000213355,6.094631418315047,0.0125,,
ppo_continuous_hopfield_node2_final_seed_123,123,2,PPO,105,mismatch,2.0,-1,,,0.10050533091647865,0.24595663927358027,0.30151599274943597,0.1290423756028399,0.20518094301223755,0.12827991404363936,4.2357326038689544,0.0075,,
ppo_continuous_hopfield_node2_final_seed_42,42,2,PPO,105,mismatch,2.0,-1,,,0.09755157767419556,0.24226778436327914,0.29265473302258666,0.11531092686417663,0.19095712900161743,0.1507129531697442,5.472651395472191,0.01,,
lqr_node2,-1,2,LQR,106,mismatch,2.0,-1,,,0.09470121118728557,0.17708769848257974,0.28410363356185675,0.17028497807957507,0.08462812937796116,0.1710763664418562,5.3273909320415695,0.01,,
smc_node2,-1,2,SMC,106,mismatch,2.0,-1,8.0,0.5,0.09497819467411313,0.1823327937746638,0.28493458402233934,0.1363667510104952,0.018432979471981525,0.1733339377485873,6.614001021058465,0.0175,,
ppo_continuous_hopfield_node2_final_seed_1024,1024,2,PPO,106,mismatch,2.0,-1,,,0.08879385832333295,0.17287939739256444,0.26638157496999887,0.11586576237998626,0.048694055527448654,0.21110356110438444,8.126581316624579,0.02,,
ppo_continuous_hopfield_node2_final_seed_123,123,2,PPO,106,mismatch,2.0,-1,,,0.09093959305895274,0.1751425831481535,0.2728187791768582,0.13901537079594017,0.08285731263458729,0.20069004136353658,7.877287953992358,0.02,,
ppo_continuous_hopfield_node2_final_seed_42,42,2,PPO,106,mismatch,2.0,-1,,,0.08585178473436351,0.17156831588682414,0.25755535420309056,0.11527307529899257,0.040725015103816986,0.20074141003247212,7.827306933544856,0.02,,
lqr_node2,-1,2,LQR,107,mismatch,2.0,-1,,,0.20950929822163317,0.4238327116796745,0.6285278946648996,0.33565412698612535,0.8878955245018005,0.17187780311888262,5.339026310033042,0.01,,
smc_node2,-1,2,SMC,107,mismatch,2.0,-1,8.0,0.5,0.2515619790904589,0.44397658705272186,0.7546859372713768,0.451028447230289,0.9936135113239288,0.18514649106765588,6.9211901662432105,0.0175,,
ppo_continuous_hopfield_node2_final_seed_1024,1024,2,PPO,107,mismatch,2.0,-1,,,0.16294241851158534,0.3881016166774903,0.488827255534756,0.24269758151085288,0.6183663010597229,0.28753720864913707,15.236354229974959,0.0325,,
ppo_continuous_hopfield_node2_final_seed_123,123,2,PPO,107,mismatch,2.0,-1,,,0.1875618605735903,0.39072708280486335,0.5626855817207709,0.3122566652794679,0.7711600065231323,0.23929570169371558,10.868747151988956,0.0275,,
ppo_continuous_hopfield_node2_final_seed_42,42,2,PPO,107,mismatch,2.0,-1,,,0.17620537757714058,0.3874328721829847,0.5286161327314217,0.2652509644121667,0.7411473989486694,0.24834476873984657,11.669450692138678,0.0275,,
lqr_node2,-1,2,LQR,108,mismatch,2.0,-1,,,0.22422667616608236,0.45402310279692365,0.672680028498247,0.326356137516322,0.8309457004070282,0.15806997924731891,6.8617565966962175,0.015,,
smc_node2,-1,2,SMC,108,mismatch,2.0,-1,8.0,0.5,0.2354254086206939,0.4627589085841415,0.7062762258620816,0.33212315424540895,0.864853173494339,0.16434559411596578,8.319940640861901,0.025,,
ppo_continuous_hopfield_node2_final_seed_1024,1024,2,PPO,108,mismatch,2.0,-1,,,0.17217362289690874,0.4272310670735199,0.5165208686907262,0.19818124871838977,0.3081507086753845,0.25352121904455216,14.346514794465685,0.0375,,
ppo_continuous_hopfield_node2_final_seed_123,123,2,PPO,108,mismatch,2.0,-1,,,0.17896359804351927,0.4178202739104663,0.5368907941305577,0.23763650264820935,0.4604594111442566,0.20110814934805443,11.159107017667306,0.03,,
ppo_continuous_hopfield_node2_final_seed_42,42,2,PPO,108,mismatch,2.0,-1,,,0.17940477262919186,0.418525652186344,0.5382143178875756,0.23373811282677415,0.4940003752708435,0.2255864443067006,11.821267835454677,0.0325,,
lqr_node2,-1,2,LQR,109,mismatch,2.0,-1,,,0.29818933741255343,0.6342609522435408,0.8945680122376604,0.5217371455819151,0.24622857756912708,0.3093393839863777,13.272184495227306,0.025,,
smc_node2,-1,2,SMC,109,mismatch,2.0,-1,8.0,0.5,0.26334370032892696,0.6277240438804229,0.7900311009867809,0.39203761490406813,0.20275089517235756,0.31933578620609615,16.4252671719315,0.0425,,
ppo_continuous_hopfield_node2_final_seed_1024,1024,2,PPO,109,mismatch,2.0,-1,,,0.2317858212077812,0.647154723272958,0.6953574636233436,0.04875004128840418,0.007347557693719864,0.47748467565846264,30.21546739704515,0.0925,,
ppo_continuous_hopfield_node2_final_seed_123,123,2,PPO,109,mismatch,2.0,-1,,,0.23947216533217347,0.6359045879124318,0.7184164959965204,0.13677806770543993,0.032224174588918686,0.41799632877928955,23.998854365670304,0.0575,,
ppo_continuous_hopfield_node2_final_seed_42,42,2,PPO,109,mismatch,2.0,-1,,,0.23130262983848318,0.6350251841378772,0.6939078895154495,0.08007717174535364,0.018727410584688187,0.4267808618372367,24.93122893616437,0.0675,,
lqr_node2,-1,2,LQR,110,mismatch,2.0,-1,,,0.1908388033691958,0.2508858058971374,0.5725164101075874,0.5275573003462252,0.1829947829246521,0.10079277292453681,0.5405411703204057,0.0,,
smc_node2,-1,2,SMC,110,mismatch,2.0,-1,8.0,0.5,0.1776869002635206,0.23735901961566577,0.5330607007905618,0.5111995469088908,0.15981727093458176,0.10866454981837625,1.4639548021572613,0.0025,,
ppo_continuous_hopfield_node2_final_seed_1024,1024,2,PPO,110,mismatch,2.0,-1,,,0.08751786144408502,0.12767257641326488,0.26255358433225506,0.21218680716867064,0.11238710582256317,0.16914774886241873,4.720297458104357,0.01,,
ppo_continuous_hopfield_node2_final_seed_123,123,2,PPO,110,mismatch,2.0,-1,,,0.1149862970206933,0.15222552192058905,0.3449588910620799,0.31104613154160754,0.12775228917598724,0.14516518278014928,2.992717816958984,0.0075,,
ppo_continuous_hopfield_node2_final_seed_42,42,2,PPO,110,mismatch,2.0,-1,,,0.10783113524083943,0.14775376804588777,0.3234934057225183,0.26893145872716917,0.15477242320775986,0.16285189030287867,3.536692387820384,0.0075,,
lqr_node2,-1,2,LQR,111,mismatch,2.0,-1,,,0.23663391223632524,0.350694161717256,0.7099017367089757,0.3218838157431211,0.05245429836213589,0.17466749161124193,3.6529279566852453,0.0025,,
smc_node2,-1,2,SMC,111,mismatch,2.0,-1,8.0,0.5,0.266130103853532,0.37976413674685355,0.7983903115605959,0.39611047970843904,0.1124877780675888,0.176671860856875,5.435860676192696,0.0125,,
ppo_continuous_hopfield_node2_final_seed_1024,1024,2,PPO,111,mismatch,2.0,-1,,,0.15384794087578865,0.26222041597349127,0.461543822627366,0.16039783264981744,0.028198499232530594,0.23981523547237948,10.152237128234562,0.02,,
ppo_continuous_hopfield_node2_final_seed_123,123,2,PPO,111,mismatch,2.0,-1,,,0.18833599015505223,0.2863458391121111,0.5650079704651567,0.2207255200482905,0.06332435691729188,0.21055624793815494,7.75280955771937,0.0175,,
ppo_continuous_hopfield_node2_final_seed_42,42,2,PPO,111,mismatch,2.0,-1,,,0.18626681668180678,0.2862688028871729,0.5588004500454203,0.22939281961248245,0.046587543562054634,0.2301454647465091,8.956105526732093,0.0175,,
lqr_node2,-1,2,LQR,112,mismatch,2.0,-1,,,0.12876710253465745,0.17773462567778492,0.3863013076039723,0.40679290807909435,0.08238130062818527,0.15502083048497362,3.942874836520126,0.0,,
smc_node2,-1,2,SMC,112,mismatch,2.0,-1,8.0,0.5,0.10708562416626034,0.1496727672679893,0.321256872498781,0.3512402382897742,0.12330007553100586,0.15486119543794458,5.816430038570292,0.0175,,
ppo_continuous_hopfield_node2_final_seed_1024,1024,2,PPO,112,mismatch,2.0,-1,,,0.08764327469367784,0.1320291454360652,0.26292982408103355,0.20588105611135193,0.030613530427217484,0.1813706038264265,6.802284598209752,0.02,,
ppo_continuous_hopfield_node2_final_seed_123,123,2,PPO,112,mismatch,2.0,-1,,,0.09981984225762133,0.14478176461305373,0.29945952677286397,0.26571282942169977,0.044340791180729866,0.1711816930228338,6.20489886590825,0.0175,,
ppo_continuous_hopfield_node2_final_seed_42,42,2,PPO,112,mismatch,2.0,-1,,,0.1047730501787621,0.15107800277135838,0.3143191505362863,0.28699997076649725,0.03721368685364723,0.18341678351238183,6.806962440997328,0.02,,
lqr_node2,-1,2,LQR,113,mismatch,2.0,-1,,,0.21462024765898932,0.3138628739984873,0.6438607429769679,0.5320609549382402,0.18515709787607193,0.12867289499357631,0.7828275516941207,0.0,,
smc_node2,-1,2,SMC,113,mismatch,2.0,-1,8.0,0.5,0.20517738858440696,0.3155239424655515,0.6155321657532208,0.47841298382407355,0.0864173173904419,0.1371134246319638,1.5402504431744464,0.0025,,
ppo_continuous_hopfield_node2_final_seed_1024,1024,2,PPO,113,mismatch,2.0,-1,,,0.09994084757411309,0.2130985300738375,0.29982254272233927,0.1401200744518895,0.07839462161064148,0.1690142098396199,2.141228082360695,0.0,,
ppo_continuous_hopfield_node2_final_seed_123,123,2,PPO,113,mismatch,2.0,-1,,,0.12598989960828105,0.2307355851087505,0.3779696988248431,0.20459184112648168,0.08430595695972443,0.14979532028448553,1.7830200849242293,0.0025,,
ppo_continuous_hopfield_node2_final_seed_42,42,2,PPO,113,mismatch,2.0,-1,,,0.11985736634003204,0.22696187937438583,0.3595720990200961,0.2125758153075973,0.08906655013561249,0.15423304219718587,1.8505743450916166,0.0025,,
lqr_node2,-1,2,LQR,114,mismatch,2.0,-1,,,0.2772586167227176,0.3876970202996487,0.8317758501681529,0.38688164326235835,0.3080231845378876,0.16618410417871918,2.100725105729855,0.0,,
smc_node2,-1,2,SMC,114,mismatch,2.0,-1,8.0,0.5,0.26533801739544594,0.37188565636980386,0.7960140521863378,0.2782175549202495,0.20870405435562134,0.1581957198283461,3.4281892126055062,0.0075,,
ppo_continuous_hopfield_node2_final_seed_1024,1024,2,PPO,114,mismatch,2.0,-1,,,0.1232362505399211,0.1839648189260856,0.3697087516197633,0.10929592323409003,0.137978196144104,0.2062741469341026,4.403949281275846,0.01,,
ppo_continuous_hopfield_node2_final_seed_123,123,2,PPO,114,mismatch,2.0,-1,,,0.15456003033968674,0.21746849545727298,0.46368009101906027,0.18816790032993863,0.1381860375404358,0.1990355834959451,4.217746126126911,0.01,,
ppo_continuous_hopfield_node2_final_seed_42,42,2,PPO,114,mismatch,2.0,-1,,,0.15213612000886056,0.2128362649057655,0.4564083600265817,0.19427301885882092,0.19386091828346252,0.20044170152814014,4.558115359235839,0.01,,
lqr_node2,-1,2,LQR,115,mismatch,2.0,-1,,,0.12537653270972612,0.22064721337740636,0.37612959812917834,0.15401251425529705,0.2407715618610382,0.12039470810179269,1.4867370963951936,0.0,,
smc_node2,-1,2,SMC,115,mismatch,2.0,-1,8.0,0.5,0.14983574664630522,0.22915246726789107,0.44950723993891567,0.2375297708965746,0.43841439485549927,0.12582863941766173,2.931104885872134,0.0075,,
ppo_continuous_hopfield_node2_final_seed_1024,1024,2,PPO,115,mismatch,2.0,-1,,,0.08354565291491307,0.1464245179815292,0.25063695874473924,0.10188806634741249,0.15585651993751526,0.16123402209724869,4.805087945385177,0.0125,,
ppo_continuous_hopfield_node2_final_seed_123,123,2,PPO,115,mismatch,2.0,-1,,,0.10064828307743331,0.16519983607922054,0.30194484923229997,0.11116770533039982,0.17039799690246582,0.14980526627076238,4.034897760630998,0.01,,
ppo_continuous_hopfield_node2_final_seed_42,42,2,PPO,115,mismatch,2.0,-1,,,0.1044462974952009,0.16818734642549032,0.3133388924856027,0.13113582286017914,0.21002846956253052,0.23062812051087841,7.672860975460644,0.015,,
lqr_node2,-1,2,LQR,116,mismatch,2.0,-1,,,0.1407549202152631,0.29591358768108716,0.42226476064578927,0.19707196274266384,0.08204662939533591,0.1408094907432192,5.521275958825188,0.0125,,
smc_node2,-1,2,SMC,116,mismatch,2.0,-1,8.0,0.5,0.14458027527398945,0.29418526246214544,0.4337408258219684,0.20035526873888793,0.2542210668325424,0.15228718268729172,6.999951507703341,0.02,,
ppo_continuous_hopfield_node2_final_seed_1024,1024,2,PPO,116,mismatch,2.0,-1,,,0.11236910076141482,0.23531606413061246,0.33710730228424446,0.17923245596825893,0.05470943497493863,0.22741823268129938,10.481843951067233,0.03,,
ppo_continuous_hopfield_node2_final_seed_123,123,2,PPO,116,mismatch,2.0,-1,,,0.11815210742545365,0.23994389027547472,0.3544563222763609,0.1855345220638462,0.07152489386498928,0.18217434288186027,8.377415078086907,0.025,,
ppo_continuous_hopfield_node2_final_seed_42,42,2,PPO,116,mismatch,2.0,-1,,,0.12212097379189303,0.2398405439389309,0.3663629213756791,0.20833441902549915,0.16142462007701397,0.3422891295182883,15.694058584226816,0.03,,
lqr_node2,-1,2,LQR,117,mismatch,2.0,-1,,,0.2866890434627069,0.524775514830631,0.8600671303881207,0.46943303468970604,0.07477455027401447,0.19987643940578637,6.938100883418037,0.01,,
smc_node2,-1,2,SMC,117,mismatch,2.0,-1,8.0,0.5,0.3008918356621082,0.539335295342238,0.9026755069863246,0.5015334722896417,0.08786923438310623,0.21088782406106585,9.491481584806783,0.0225,,
ppo_continuous_hopfield_node2_final_seed_1024,1024,2,PPO,117,mismatch,2.0,-1,,,0.20346320844011526,0.5021206256176799,0.6103896253203458,0.2059816055195291,0.04962419345974922,0.32002663536187714,19.230612544053365,0.0575,,
ppo_continuous_hopfield_node2_final_seed_123,123,2,PPO,117,mismatch,2.0,-1,,,0.22772458047297933,0.5020906028777039,0.6831737414189379,0.28514997685546584,0.05367300100624561,0.28316409321051283,15.09835591526521,0.0325,,
ppo_continuous_hopfield_node2_final_seed_42,42,2,PPO,117,mismatch,2.0,-1,,,0.23011587007092785,0.5041443086988948,0.6903476102127836,0.29802483482067876,0.07854106463491917,0.2898268822181106,15.879712293468257,0.04,,
lqr_node2,-1,2,LQR,118,mismatch,2.0,-1,,,0.19814252380609934,0.29551440702801895,0.594427571418298,0.44099406166761007,0.06573425978422165,0.14497088128700852,5.41988400696771,0.01,,
smc_node2,-1,2,SMC,118,mismatch,2.0,-1,8.0,0.5,0.2071366133888315,0.3026317079235013,0.6214098401664945,0.47370401749180424,0.06851940602064133,0.1512319370176329,6.980860364960684,0.0175,,
ppo_continuous_hopfield_node2_final_seed_1024,1024,2,PPO,118,mismatch,2.0,-1,,,0.11827081408686874,0.19922796808574195,0.3548124422606062,0.16546939025966473,0.08351732790470123,0.19302845049528708,10.730860712186557,0.0275,,
ppo_continuous_hopfield_node2_final_seed_123,123,2,PPO,118,mismatch,2.0,-1,,,0.15232708542325155,0.2301986018233242,0.4569812562697546,0.25843485516070586,0.133333258330822,0.18686204884860877,9.405298054023351,0.0225,,
ppo_continuous_hopfield_node2_final_seed_42,42,2,PPO,118,mismatch,2.0,-1,,,0.144572580682233,0.22340605460999663,0.43371774204669894,0.24519088563083866,0.10428576543927193,0.1836071641200647,9.253710886380313,0.0225,,
lqr_node2,-1,2,LQR,119,mismatch,2.0,-1,,,0.2942363691352871,0.4306170298719109,0.8827091074058614,0.9121894437911702,0.15185160748660564,0.29268611630394664,7.406359763281957,0.0125,,
smc_node2,-1,2,SMC,119,mismatch,2.0,-1,8.0,0.5,0.2123525493363335,0.3272700492502578,0.6370576480090006,0.6592065368629532,0.09454760700464249,0.2817388769776846,8.549282540691234,0.02,,
ppo_continuous_hopfield_node2_final_seed_1024,1024,2,PPO,119,mismatch,2.0,-1,,,0.11131113467498815,0.2047332508966442,0.33393340402496446,0.13043403960936875,0.013916883617639542,0.3375944045750875,12.272724746872063,0.0275,,
ppo_continuous_hopfield_node2_final_seed_123,123,2,PPO,119,mismatch,2.0,-1,,,0.14454011659502536,0.23504947385994043,0.43362034978507613,0.24997524930923073,0.039799150079488754,0.33059293516630545,10.735733212269414,0.0225,,
ppo_continuous_hopfield_node2_final_seed_42,42,2,PPO,119,mismatch,2.0,-1,,,0.13833636748708988,0.2261559461631452,0.41500910246126965,0.2134248811268696,0.05761188641190529,0.34099271165165224,11.856390610255664,0.0275,,
lqr_node3,-1,3,LQR,100,mismatch,2.0,-1,,,0.08613664722372023,0.12317202573191828,0.2584099416711607,0.15735894190952365,0.07257950119674206,0.17949745262660344,3.7080507685736195,0.0,,
smc_node3,-1,3,SMC,100,mismatch,2.0,-1,8.0,0.5,0.11645671077760081,0.14509817846428782,0.3493701323328024,0.3665361939297046,0.1673806644976139,0.19699246460467953,5.779076328266997,0.015,,
ppo_continuous_hopfield_node3_final_seed_1024,1024,3,PPO,100,mismatch,2.0,-1,,,0.086131341791776,0.13150462466843257,0.258394025375328,0.1411513631766731,0.07543060928583145,0.1917411873019544,6.470022830791954,0.0175,,
ppo_continuous_hopfield_node3_final_seed_123,123,3,PPO,100,mismatch,2.0,-1,,,0.08219852548050799,0.11750088063477665,0.24659557644152397,0.12897228797391794,0.05615520477294922,0.19303483349686845,5.710407709892388,0.015,,
ppo_continuous_hopfield_node3_final_seed_42,42,3,PPO,100,mismatch,2.0,-1,,,0.08049552138981503,0.11487141316093376,0.24148656416944508,0.12915153080528533,0.05617023445665836,0.1901272962664131,5.450741620108416,0.015,,
lqr_node3,-1,3,LQR,101,mismatch,2.0,-1,,,0.16361405657556338,0.24571860034039805,0.49084216972669015,0.3166153891770928,0.5113940238952637,0.19624913891014165,6.716556448827912,0.0075,,
smc_node3,-1,3,SMC,101,mismatch,2.0,-1,8.0,0.5,0.19048916946102556,0.29296244963670914,0.5714675083830767,0.2970757038321024,0.6135478913784027,0.19351420301416083,8.409459102918834,0.0225,,
ppo_continuous_hopfield_node3_final_seed_1024,1024,3,PPO,101,mismatch,2.0,-1,,,0.07541568924387235,0.19227472970202253,0.226247067731617,0.05612785773880688,0.07162225246429443,0.2094304208594962,11.167174206752108,0.0325,,
ppo_continuous_hopfield_node3_final_seed_123,123,3,PPO,101,mismatch,2.0,-1,,,0.06420696244001425,0.16810234891973788,0.19262088732004276,0.07020817117558585,0.07542240619659424,0.18698558714786576,8.641031436137771,0.02,,
ppo_continuous_hopfield_node3_final_seed_42,42,3,PPO,101,mismatch,2.0,-1,,,0.06327946115585535,0.16743559801652722,0.18983838346756604,0.06722634690411297,0.07487466931343079,0.17603965308006267,7.695162766950389,0.02,,
lqr_node3,-1,3,LQR,102,mismatch,2.0,-1,,,0.1575511984359891,0.2733506094386164,0.4726535953079673,0.22963830267573582,0.0988282673060894,0.15734064997016498,1.922292501363822,0.0,,
smc_node3,-1,3,SMC,102,mismatch,2.0,-1,8.0,0.5,0.13967031058069576,0.26561605249278997,0.41901093174208726,0.12474499991232599,0.0546238049864769,0.16605237195198017,3.7121235220701254,0.0075,,
ppo_continuous_hopfield_node3_final_seed_1024,1024,3,PPO,102,mismatch,2.0,-1,,,0.0766499288128929,0.17530521203088306,0.22994978643867867,0.08120788687288209,0.02980349212884903,0.2296417737356445,11.414562536943453,0.03,,
ppo_continuous_hopfield_node3_final_seed_123,123,3,PPO,102,mismatch,2.0,-1,,,0.07081704844986975,0.16492455237730547,0.21245114534960924,0.0770468535821563,0.024202965199947357,0.20595918191327456,8.768350636762698,0.0225,,
ppo_continuous_hopfield_node3_final_seed_42,42,3,PPO,102,mismatch,2.0,-1,,,0.07018326660881402,0.16490418931704384,0.2105497998264421,0.07893195665544933,0.023953676223754883,0.19425666966751923,7.3020164028343935,0.0175,,
lqr_node3,-1,3,LQR,103,mismatch,2.0,-1,,,0.0699365713137356,0.15308981769935678,0.20980971394120682,0.13945568094236982,0.10304364562034607,0.23487998572604363,6.153896895344527,0.01,,
smc_node3,-1,3,SMC,103,mismatch,2.0,-1,8.0,0.5,0.12894286620465487,0.18924964005653794,0.38682859861396457,0.49062552441049506,0.1251819133758545,0.2429416118398137,7.944157954659629,0.0225,,
ppo_continuous_hopfield_node3_final_seed_1024,1024,3,PPO,103,mismatch,2.0,-1,,,0.07083035233730167,0.14562077607205492,0.21249105701190502,0.15051941109108335,0.08229190111160278,0.23479701978087128,7.764538987484312,0.0225,,
ppo_continuous_hopfield_node3_final_seed_123,123,3,PPO,103,mismatch,2.0,-1,,,0.06558226748986645,0.14405534889419574,0.19674680246959936,0.12342899921637626,0.06337818503379822,0.25985676294687365,9.778880825437,0.0275,,
ppo_continuous_hopfield_node3_final_seed_42,42,3,PPO,103,mismatch,2.0,-1,,,0.06460626603817182,0.1438857942494834,0.19381879811451544,0.12275615464436052,0.06205049157142639,0.2493041168405974,8.880481246697997,0.025,,
lqr_node3,-1,3,LQR,104,mismatch,2.0,-1,,,0.15463074048940814,0.2419643178275874,0.4638922214682244,0.22646808377639563,0.0674126804806292,0.230642124456556,7.874727379757736,0.015,,
smc_node3,-1,3,SMC,104,mismatch,2.0,-1,8.0,0.5,0.18999923341725633,0.2623268904751828,0.569997700251769,0.4535617095728715,0.19541435688734055,0.24449422626835676,10.087107731306839,0.0275,,
ppo_continuous_hopfield_node3_final_seed_1024,1024,3,PPO,104,mismatch,2.0,-1,,,0.13973833390736856,0.24906467251107095,0.41921500172210563,0.15085813884887797,0.0844164565205574,0.2167644027871384,9.241752531129277,0.0275,,
ppo_continuous_hopfield_node3_final_seed_123,123,3,PPO,104,mismatch,2.0,-1,,,0.1351306307511226,0.2276416755134857,0.4053918922533678,0.1376853846128524,0.06209380645304918,0.24024186274350304,10.373898211879656,0.03,,
ppo_continuous_hopfield_node3_final_seed_42,42,3,PPO,104,mismatch,2.0,-1,,,0.13464213820779736,0.2265842274500962,0.40392641462339207,0.13825896443270239,0.06221544183790684,0.23818974325112868,10.225910243412246,0.03,,
lqr_node3,-1,3,LQR,105,mismatch,2.0,-1,,,0.07877652757396227,0.16035097299770706,0.23632958272188678,0.10111409536114445,0.19541049003601074,0.10730417172205019,1.1115494481673789,0.0,,
smc_node3,-1,3,SMC,105,mismatch,2.0,-1,8.0,0.5,0.13179057930748683,0.23751569869255015,0.3953717379224605,0.1348939714608369,0.2760912775993347,0.1382338552451929,2.594415652852832,0.005,,
ppo_continuous_hopfield_node3_final_seed_1024,1024,3,PPO,105,mismatch,2.0,-1,,,0.04198219902125975,0.08932432003981182,0.12594659706377923,0.09389062575352045,0.15042990446090698,0.1437863376446793,5.715982315816262,0.0125,,
ppo_continuous_hopfield_node3_final_seed_123,123,3,PPO,105,mismatch,2.0,-1,,,0.03966113978165418,0.08767004875763278,0.11898341934496254,0.08856027600941835,0.1469150185585022,0.1463559385182387,6.039099994525721,0.015,,
ppo_continuous_hopfield_node3_final_seed_42,42,3,PPO,105,mismatch,2.0,-1,,,0.04032948924033459,0.08921806008669468,0.12098846772100377,0.09016495004848198,0.14841210842132568,0.1376160904950929,4.873112920945192,0.01,,
lqr_node3,-1,3,LQR,106,mismatch,2.0,-1,,,0.06464744263490413,0.13572862281408773,0.19394232790471239,0.06603428227022107,0.029436316341161728,0.11713091633052167,2.7046294920648037,0.0,,
smc_node3,-1,3,SMC,106,mismatch,2.0,-1,8.0,0.5,0.0833064394154147,0.15310510447922931,0.24991931824624408,0.09858566399859149,0.02647389844059944,0.12307228965256851,4.8034560587162485,0.0125,,
ppo_continuous_hopfield_node3_final_seed_1024,1024,3,PPO,106,mismatch,2.0,-1,,,0.050129743669850166,0.1290509581326536,0.1503892310095505,0.03951702723107128,0.0361578855663538,0.16699624078306474,8.042823612273363,0.0225,,
ppo_continuous_hopfield_node3_final_seed_123,123,3,PPO,106,mismatch,2.0,-1,,,0.04915595095947614,0.13068460662685868,0.14746785287842842,0.03738625718131201,0.02843202743679285,0.18161573201856876,9.077146572601496,0.025,,
ppo_continuous_hopfield_node3_final_seed_42,42,3,PPO,106,mismatch,2.0,-1,,,0.045020718481283285,0.11539913872958624,0.13506215544384986,0.03858219311906048,0.029992636293172836,0.1464365115876953,5.959863549571953,0.015,,
lqr_node3,-1,3,LQR,107,mismatch,2.0,-1,,,0.13699169888479304,0.22942121090402404,0.41097509665437915,0.310731346960421,0.628657877445221,0.2224185811611185,4.35571068148558,0.005,,
smc_node3,-1,3,SMC,107,mismatch,2.0,-1,8.0,0.5,0.22067026256685046,0.286000685506772,0.6620107877005514,0.6738791143820609,0.8563584089279175,0.23470507631951623,5.934428985447412,0.015,,
ppo_continuous_hopfield_node3_final_seed_1024,1024,3,PPO,107,mismatch,2.0,-1,,,0.10261764525763338,0.1989384440244459,0.3078529357729001,0.1996371046996411,0.22661221027374268,0.22944570555725596,8.053898711558682,0.02,,
ppo_continuous_hopfield_node3_final_seed_123,123,3,PPO,107,mismatch,2.0,-1,,,0.09125000408115926,0.19223973974036868,0.2737500122434778,0.18651551560119348,0.19752556085586548,0.246129595712315,9.239012729541093,0.0225,,
ppo_continuous_hopfield_node3_final_seed_42,42,3,PPO,107,mismatch,2.0,-1,,,0.08990976513933982,0.19241650311643876,0.26972929541801943,0.18389881245883893,0.19550836086273193,0.24695312135163092,9.360993693156564,0.025,,
lqr_node3,-1,3,LQR,108,mismatch,2.0,-1,,,0.1074099058830369,0.19034006500161238,0.3222297176491107,0.2628305700182179,0.5196553468704224,0.1814685021976098,6.114306754739217,0.0075,,
smc_node3,-1,3,SMC,108,mismatch,2.0,-1,8.0,0.5,0.12943206538724172,0.21166128548121202,0.3882961961617252,0.2718382841780966,0.5318863391876221,0.1642236125461616,7.664195797685583,0.0225,,
ppo_continuous_hopfield_node3_final_seed_1024,1024,3,PPO,108,mismatch,2.0,-1,,,0.0939231376649064,0.170410957910994,0.2817694129947192,0.1657619461371207,0.1369648575782776,0.22104187802112013,8.492201003609775,0.0225,,
ppo_continuous_hopfield_node3_final_seed_123,123,3,PPO,108,mismatch,2.0,-1,,,0.081427828925534,0.15802433105685773,0.24428348677660203,0.14829319365966467,0.13184481859207153,0.228765338540839,9.782521457865334,0.025,,
ppo_continuous_hopfield_node3_final_seed_42,42,3,PPO,108,mismatch,2.0,-1,,,0.08169858827946998,0.15860887653762934,0.24509576483840992,0.15489906863665875,0.13574755191802979,0.22367476517720117,9.441665801675812,0.025,,
lqr_node3,-1,3,LQR,109,mismatch,2.0,-1,,,0.09055965779413463,0.2141659288376254,0.27167897338240393,0.09605531418914504,0.04412739351391792,0.2054308705502033,7.187034216261536,0.01,,
smc_node3,-1,3,SMC,109,mismatch,2.0,-1,8.0,0.5,0.1022806367709155,0.21967772597140203,0.30684191031274655,0.16886333511843357,0.08670448884367943,0.22312982442981547,9.677144311621985,0.025,,
ppo_continuous_hopfield_node3_final_seed_1024,1024,3,PPO,109,mismatch,2.0,-1,,,0.08461984186351969,0.21812918219073085,0.253859525590559,0.08045212198968654,0.03307243436574936,0.19520722166112534,6.690597278573563,0.0125,,
ppo_continuous_hopfield_node3_final_seed_123,123,3,PPO,109,mismatch,2.0,-1,,,0.0859307924990797,0.21103859352520743,0.2577923774972391,0.07547119349517205,0.028096865862607956,0.22026060891518848,9.528280952024401,0.025,,
ppo_continuous_hopfield_node3_final_seed_42,42,3,PPO,109,mismatch,2.0,-1,,,0.08514730754391238,0.21010248598695558,0.25544192263173715,0.0762885764218223,0.027805395424365997,0.21159146649953434,8.762832074388992,0.0225,,
lqr_node3,-1,3,LQR,110,mismatch,2.0,-1,,,0.05171546982430968,0.09116014135637572,0.15514640947292904,0.13439769065582458,0.10511725395917892,0.13057012716119534,0.6276307932432537,0.0,,
smc_node3,-1,3,SMC,110,mismatch,2.0,-1,8.0,0.5,0.08052387308516692,0.11115124020356569,0.24157161925550077,0.3176499852611695,0.302634060382843,0.15851204360477372,1.6142978995332051,0.0025,,
ppo_continuous_hopfield_node3_final_seed_1024,1024,3,PPO,110,mismatch,2.0,-1,,,0.035422398957848884,0.0643388980403192,0.10626719687354665,0.10200961707677278,0.093282051384449,0.1760881781169304,3.838276606620604,0.0075,,
ppo_continuous_hopfield_node3_final_seed_123,123,3,PPO,110,mismatch,2.0,-1,,,0.031670795727663625,0.06597379878426346,0.09501238718299089,0.08804081727601128,0.07230110466480255,0.1877558825861551,4.645382959440067,0.0125,,
ppo_continuous_hopfield_node3_final_seed_42,42,3,PPO,110,mismatch,2.0,-1,,,0.03079416681544008,0.06533118923804664,0.09238250044632025,0.08489466437862979,0.07320604100823402,0.18050568391037106,4.0360554862386,0.0075,,
lqr_node3,-1,3,LQR,111,mismatch,2.0,-1,,,0.10964186734567123,0.15055323505249532,0.3289256020370137,0.1314537628427332,0.015487881377339363,0.13079252985395065,1.7348079195751098,0.0,,
smc_node3,-1,3,SMC,111,mismatch,2.0,-1,8.0,0.5,0.10706334397218446,0.1404152562359562,0.3211900319165534,0.2235676956558485,0.017201947048306465,0.13158052059696007,3.398219236966999,0.0075,,
ppo_continuous_hopfield_node3_final_seed_1024,1024,3,PPO,111,mismatch,2.0,-1,,,0.049156189653852135,0.07213780834665837,0.1474685689615564,0.062122875893557514,0.011175607331097126,0.13157532837920058,3.9510692991254617,0.01,,
ppo_continuous_hopfield_node3_final_seed_123,123,3,PPO,111,mismatch,2.0,-1,,,0.04749795640350404,0.06863426344778203,0.1424938692105121,0.054712323310934466,0.009460645727813244,0.13773698832356648,4.276596556858846,0.0125,,
ppo_continuous_hopfield_node3_final_seed_42,42,3,PPO,111,mismatch,2.0,-1,,,0.04685126177282231,0.06837916149668902,0.14055378531846693,0.05471803676222026,0.009192449040710926,0.13939954162089901,4.432898893179767,0.01,,
lqr_node3,-1,3,LQR,112,mismatch,2.0,-1,,,0.08706790258672865,0.1905214621434844,0.261203707760186,0.06887442079361206,0.022335253655910492,0.1608254880415905,2.4141899972897023,0.0,,
smc_node3,-1,3,SMC,112,mismatch,2.0,-1,8.0,0.5,0.11617776532932274,0.21829787788123522,0.34853329598796823,0.1581085663932709,0.016639305278658867,0.1850555986313334,5.0564139578772735,0.01,,
ppo_continuous_hopfield_node3_final_seed_1024,1024,3,PPO,112,mismatch,2.0,-1,,,0.06828974920877737,0.1802914120743863,0.20486924762633207,0.04493676494508062,0.005901914089918137,0.18041586870341528,4.729912498636476,0.0075,,
ppo_continuous_hopfield_node3_final_seed_123,123,3,PPO,112,mismatch,2.0,-1,,,0.06802794701131007,0.1783769731978531,0.2040838410339302,0.03981460488320869,0.005191005766391754,0.15594451244226065,2.457686470743356,0.0,,
ppo_continuous_hopfield_node3_final_seed_42,42,3,PPO,112,mismatch,2.0,-1,,,0.06842956730824178,0.17835644953954846,0.20528870192472531,0.04250083584913317,0.005990277975797653,0.1557493419607084,2.3588423043370077,0.0,,
lqr_node3,-1,3,LQR,113,mismatch,2.0,-1,,,0.09937227982640613,0.1824452866037181,0.2981168394792184,0.12833133311137374,0.06997133791446686,0.16073409800386948,0.9628504160612575,0.0,,
smc_node3,-1,3,SMC,113,mismatch,2.0,-1,8.0,0.5,0.1732843890159096,0.2742523263241164,0.5198531670477288,0.3493548770446652,0.04072406888008118,0.20949999677444672,2.1241648799701407,0.0025,,
ppo_continuous_hopfield_node3_final_seed_1024,1024,3,PPO,113,mismatch,2.0,-1,,,0.06783840593131737,0.1294692786550552,0.20351521779395212,0.10055362532651167,0.056846410036087036,0.19579717072837075,4.713992883406813,0.01,,
ppo_continuous_hopfield_node3_final_seed_123,123,3,PPO,113,mismatch,2.0,-1,,,0.06396103623429203,0.12696215155708954,0.1918831087028761,0.09187352051383552,0.05252395570278168,0.18371538039148225,2.7914840597381088,0.0025,,
ppo_continuous_hopfield_node3_final_seed_42,42,3,PPO,113,mismatch,2.0,-1,,,0.06412505372276442,0.1277400920925447,0.19237516116829323,0.09257285851686273,0.053992509841918945,0.1823416755179366,2.685595423797153,0.005,,
lqr_node3,-1,3,LQR,114,mismatch,2.0,-1,,,0.06654358789609653,0.09739705477275507,0.1996307636882896,0.07709350095440944,0.11495447158813477,0.10810740687832679,0.9329222469005263,0.0,,
smc_node3,-1,3,SMC,114,mismatch,2.0,-1,8.0,0.5,0.041748345144215354,0.07568106854472277,0.12524503543264606,0.016958203106359752,0.037478893995285034,0.10617851036038434,2.3411399028092337,0.005,,
ppo_continuous_hopfield_node3_final_seed_1024,1024,3,PPO,114,mismatch,2.0,-1,,,0.023189870217359833,0.06255262509715476,0.06956961065207949,0.011378264623797603,0.028960883617401123,0.10966960115920278,2.3407054238250566,0.005,,
ppo_continuous_hopfield_node3_final_seed_123,123,3,PPO,114,mismatch,2.0,-1,,,0.021946055552568396,0.06245008021948312,0.06583816665770519,0.01388958562452944,0.03363731503486633,0.10546991552349338,2.1047799175584525,0.005,,
ppo_continuous_hopfield_node3_final_seed_42,42,3,PPO,114,mismatch,2.0,-1,,,0.022160818150417195,0.06191949973744011,0.06648245445125157,0.01010343370338281,0.02388577163219452,0.10364965600265827,1.6559568434666965,0.0,,
lqr_node3,-1,3,LQR,115,mismatch,2.0,-1,,,0.08216068334374282,0.11318235714093823,0.24648205003122847,0.16452590445125545,0.3038155436515808,0.11591921878405678,0.9589736134351092,0.0,,
smc_node3,-1,3,SMC,115,mismatch,2.0,-1,8.0,0.5,0.10943525193486725,0.14693235211524305,0.32830575580460175,0.2480796270394399,0.6354680955410004,0.11374738300709081,2.2317197750413156,0.005,,
ppo_continuous_hopfield_node3_final_seed_1024,1024,3,PPO,115,mismatch,2.0,-1,,,0.04198284408175142,0.057046821884543464,0.1259485322452543,0.11678904927347178,0.19803711771965027,0.10473980381155847,2.6872199101280114,0.0075,,
ppo_continuous_hopfield_node3_final_seed_123,123,3,PPO,115,mismatch,2.0,-1,,,0.0361570846993888,0.05501554563115096,0.10847125409816641,0.10005619140042935,0.18152767419815063,0.1099808946236773,2.8626636013616698,0.0075,,
ppo_continuous_hopfield_node3_final_seed_42,42,3,PPO,115,mismatch,2.0,-1,,,0.03480082019158667,0.05542048633136387,0.10440246057476003,0.09587519272104089,0.1779378354549408,0.1066403778506782,2.684136370155638,0.0075,,
lqr_node3,-1,3,LQR,116,mismatch,2.0,-1,,,0.12200973049527714,0.22557240786196675,0.3660291914858314,0.2668882028464182,0.21575768664479256,0.2249815340490345,5.12451770196122,0.0,,
smc_node3,-1,3,SMC,116,mismatch,2.0,-1,8.0,0.5,0.21582160832194716,0.38406077796364646,0.6474648249658415,0.36765719950199127,0.7205693274736404,0.2605320506263161,7.636676581900011,0.0175,,
ppo_continuous_hopfield_node3_final_seed_1024,1024,3,PPO,116,mismatch,2.0,-1,,,0.11914104172388588,0.22867986010428878,0.35742312517165764,0.28251600248831105,0.24321360932663083,0.2059723823668059,4.622357105715644,0.005,,
ppo_continuous_hopfield_node3_final_seed_123,123,3,PPO,116,mismatch,2.0,-1,,,0.11278158995394107,0.21741316473367703,0.3383447698618232,0.26888802114092275,0.2266551349312067,0.24769822564939886,7.585067445736292,0.015,,
ppo_continuous_hopfield_node3_final_seed_42,42,3,PPO,116,mismatch,2.0,-1,,,0.11229277826831711,0.2176706289000121,0.33687833480495133,0.2666097357639192,0.2248239517211914,0.24016820042024825,6.927627837058707,0.015,,
lqr_node3,-1,3,LQR,117,mismatch,2.0,-1,,,0.08660632831505899,0.19173563039296188,0.25981898494517697,0.1578828358683551,0.028065822087228298,0.1260853488653047,3.5737156380185717,0.005,,
smc_node3,-1,3,SMC,117,mismatch,2.0,-1,8.0,0.5,0.06128442357700699,0.1696240830847644,0.18385327073102098,0.10924675770931774,0.022655118256807327,0.12770976849202823,5.053979086050696,0.015,,
ppo_continuous_hopfield_node3_final_seed_1024,1024,3,PPO,117,mismatch,2.0,-1,,,0.04292180290111245,0.16247820626378154,0.12876540870333736,0.023675701687296415,0.009982582181692123,0.15684179095853296,7.625634161765061,0.02,,
ppo_continuous_hopfield_node3_final_seed_123,123,3,PPO,117,mismatch,2.0,-1,,,0.04531415114477308,0.16610085350189652,0.13594245343431924,0.022081528468356457,0.011444231495261192,0.161686717603992,8.33811999090909,0.025,,
ppo_continuous_hopfield_node3_final_seed_42,42,3,PPO,117,mismatch,2.0,-1,,,0.04359826088824146,0.16375065082256046,0.13079478266472438,0.021136857356508203,0.0067132990807294846,0.15237118053874768,7.421221571027262,0.0225,,
lqr_node3,-1,3,LQR,118,mismatch,2.0,-1,,,0.10472926130426966,0.15485520063355981,0.314187783912809,0.20646927640255955,0.06845087185502052,0.1053543734368421,3.1681292241962526,0.0,,
smc_node3,-1,3,SMC,118,mismatch,2.0,-1,8.0,0.5,0.09820182641181578,0.14235651408149327,0.29460547923544733,0.20629540172026115,0.0713561624288559,0.11116113546858176,5.156073489854717,0.015,,
ppo_continuous_hopfield_node3_final_seed_1024,1024,3,PPO,118,mismatch,2.0,-1,,,0.051962545942646744,0.0938233743917186,0.15588763782794024,0.055362288003649424,0.03286569193005562,0.11170604654083822,4.05406105294809,0.01,,
ppo_continuous_hopfield_node3_final_seed_123,123,3,PPO,118,mismatch,2.0,-1,,,0.05209988659767996,0.09254303139110222,0.1562996597930399,0.05561247037401722,0.01995616778731346,0.12255959315376444,5.373397250058944,0.015,,
ppo_continuous_hopfield_node3_final_seed_42,42,3,PPO,118,mismatch,2.0,-1,,,0.05281054543049469,0.09223361807652124,0.15843163629148407,0.05841393777410741,0.022584494203329086,0.11905271764333705,5.193018157527195,0.015,,
lqr_node3,-1,3,LQR,119,mismatch,2.0,-1,,,0.05807255358990291,0.11986872585782982,0.17421766076970874,0.08200420870411175,0.03983272984623909,0.16678223522215097,3.8383327288739553,0.0025,,
smc_node3,-1,3,SMC,119,mismatch,2.0,-1,8.0,0.5,0.07356522601455487,0.1289621598067371,0.2206956780436646,0.1658371741205086,0.025357306003570557,0.17258922986728978,5.991689627184545,0.0175,,
ppo_continuous_hopfield_node3_final_seed_1024,1024,3,PPO,119,mismatch,2.0,-1,,,0.04633970470117375,0.11462976202798347,0.13901911410352127,0.05587820644363945,0.007619064301252365,0.18254435874354513,7.009572041227395,0.02,,
ppo_continuous_hopfield_node3_final_seed_123,123,3,PPO,119,mismatch,2.0,-1,,,0.04593403183863632,0.11087488857116602,0.13780209551590897,0.04878377102683356,0.0036292262375354767,0.19121805092487065,7.618248412317801,0.0225,,
ppo_continuous_hopfield_node3_final_seed_42,42,3,PPO,119,mismatch,2.0,-1,,,0.045142884325376983,0.11052688409523712,0.13542865297613094,0.049760295963489715,0.006632789969444275,0.186727873925259,7.469086224176822,0.0225,,
lqr_node2,-1,2,LQR,100,pulse,0.0,200,,,0.4497768556896956,1.028457961652213,1.349330567069087,0.10600737859437495,0.005836308002471924,0.17833768173108877,6.0311464180365295,0.01,15.000048637390137,2.453201316334122
smc_node2,-1,2,SMC,100,pulse,0.0,200,8.0,0.5,0.49334537966044484,1.0732068059648787,1.4800361389813346,0.1595687746633718,0.012435734272003174,0.17757064307733783,7.271770966496739,0.015,15.000075817108154,2.6769133410347044
ppo_continuous_hopfield_node2_final_seed_1024,1024,2,PPO,100,pulse,0.0,200,,,0.3597241091744778,0.9235581024512539,1.0791723275234333,0.06825267325764821,0.06020742654800415,0.2490681140425794,11.608772076043525,0.025,15.000596046447754,1.909479943433063
ppo_continuous_hopfield_node2_final_seed_123,123,2,PPO,100,pulse,0.0,200,,,0.3970023929323391,0.9502702488895598,1.1910071787970173,0.0820955997907821,0.08557325601577759,0.24617088140171958,10.80284910761014,0.02,14.993513107299805,2.115326482121513
ppo_continuous_hopfield_node2_final_seed_42,42,2,PPO,100,pulse,0.0,200,,,0.4052913954153623,0.9568891614372909,1.215874186246087,0.13015732840623384,0.038045644760131836,0.3026523217187261,13.256275862827454,0.025,15.006716251373291,2.1758926722837324
lqr_node2,-1,2,LQR,101,pulse,0.0,200,,,0.4173125788516807,1.0049643381572895,1.2519377365550421,0.10006205332867893,0.005171835422515869,0.19088676341698715,6.757772733409118,0.01,15.000061988830566,2.3837467488364794
smc_node2,-1,2,SMC,101,pulse,0.0,200,8.0,0.5,0.4582641093512875,1.056124180627364,1.3747923280538623,0.15443205587381933,0.011681854724884033,0.1943111778154504,9.329939331337647,0.02,14.999979496002197,2.6441573936269798
ppo_continuous_hopfield_node2_final_seed_1024,1024,2,PPO,101,pulse,0.0,200,,,0.3343149363672932,0.906879417291895,1.0029448091018796,0.06805331619847337,0.06096625328063965,0.23312894594936895,11.346509593268095,0.025,14.986528873443604,1.8721442763549994
ppo_continuous_hopfield_node2_final_seed_123,123,2,PPO,101,pulse,0.0,200,,,0.36972524112141564,0.9336373234992786,1.109175723364247,0.08129487919080773,0.08717203140258789,0.24247195567944996,11.588804428358607,0.0225,14.972460269927979,2.0742617586108656
ppo_continuous_hopfield_node2_final_seed_42,42,2,PPO,101,pulse,0.0,200,,,0.3802648573828952,0.9389651642397987,1.1407945721486858,0.12908480265810165,0.039906322956085205,0.2576452674265217,10.701936628622128,0.0225,14.983872890472412,2.131897071784186
lqr_node2,-1,2,LQR,102,pulse,0.0,200,,,0.5841763694896436,1.2285327289263028,1.752529108468931,0.11024231625789846,0.00684279203414917,0.26123148314565736,10.005883237419145,0.0175,15.000016212463379,3.0563412497969185
smc_node2,-1,2,SMC,102,pulse,0.0,200,8.0,0.5,0.6547799920969033,1.2860298848531035,1.96433997629071,0.14398013055324554,0.010231435298919678,0.27629407851234195,12.686453057254534,0.03,14.998239517211914,3.2910339898286174
ppo_continuous_hopfield_node2_final_seed_1024,1024,2,PPO,102,pulse,0.0,200,,,0.4119626712119818,1.0714496622122585,1.2358880136359456,0.06682900644056959,0.06163442134857178,0.41190114968509745,24.643978859377857,0.06,14.997916221618652,2.1143610400022634
ppo_continuous_hopfield_node2_final_seed_123,123,2,PPO,102,pulse,0.0,200,,,0.463176933034375,1.097821892280401,1.3895307991031252,0.07776659663858605,0.08765453100204468,0.35588505172967316,18.665674422798695,0.04,14.991236209869385,2.407098770146235
ppo_continuous_hopfield_node2_final_seed_42,42,2,PPO,102,pulse,0.0,200,,,0.4641435966658207,1.0911582200261225,1.3924307899974622,0.12562479892814601,0.04044985771179199,0.38314886427393874,20.216950849276454,0.0425,14.995655536651611,2.4167595018183268
lqr_node2,-1,2,LQR,103,pulse,0.0,200,,,0.511201949010244,1.0681659605911316,1.5336058470307317,0.1048557816395237,0.005798816680908203,0.26832694207701335,11.269486429807714,0.02,15.000043869018555,2.4813438837476705
smc_node2,-1,2,SMC,103,pulse,0.0,200,8.0,0.5,0.5459598618939268,1.115212671015304,1.6378795856817805,0.15642424440586272,0.011803984642028809,0.2587268395178473,13.942180057009097,0.035,14.999801635742188,2.7557418904549893
ppo_continuous_hopfield_node2_final_seed_1024,1024,2,PPO,103,pulse,0.0,200,,,0.3791634803194652,0.9370028979416359,1.1374904409583955,0.06803166681187756,0.060856640338897705,0.3167907352236441,16.524761172996264,0.0425,14.993673324584961,1.8950747172881048
ppo_continuous_hopfield_node2_final_seed_123,123,2,PPO,103,pulse,0.0,200,,,0.4229115751573502,0.9677608803846884,1.2687347254720505,0.08115284166724225,0.08681422472000122,0.3134395066750912,16.810067845722113,0.04,14.985715866088867,2.1153870733658695
ppo_continuous_hopfield_node2_final_seed_42,42,2,PPO,103,pulse,0.0,200,,,0.43108309855849536,0.9723460051925937,1.293249295675486,0.12892762240436342,0.039445698261260986,0.31865447393602264,15.598553108574988,0.04,14.99366807937622,2.1726908117755137
lqr_node2,-1,2,LQR,104,pulse,0.0,200,,,0.5562367607604833,1.1370278403891914,1.66871028228145,0.10605203532786281,0.005983114242553711,0.32627220670794593,14.955619703279048,0.03,14.999969482421875,2.4800075540847297
smc_node2,-1,2,SMC,104,pulse,0.0,200,8.0,0.5,0.6242529334165992,1.1896705870172017,1.8727588002497977,0.1570648979165672,0.012015342712402344,0.3394347462189604,18.045719795658723,0.0425,14.998652935028076,2.732476367934871
ppo_continuous_hopfield_node2_final_seed_1024,1024,2,PPO,104,pulse,0.0,200,,,0.46510324234658496,1.0390901263524472,1.3953097270397548,0.06789816375591873,0.060580670833587646,0.4566349657879506,27.4205766764248,0.0775,15.00393533706665,1.8900722926436224
ppo_continuous_hopfield_node2_final_seed_123,123,2,PPO,104,pulse,0.0,200,,,0.4984381252068311,1.0625274193642125,1.4953143756204932,0.08093856856870799,0.08616739511489868,0.43015176728553606,24.65823085688069,0.055,14.996872425079346,2.10977747751891
ppo_continuous_hopfield_node2_final_seed_42,42,2,PPO,104,pulse,0.0,200,,,0.505011444652789,1.0656686055201217,1.5150343339583672,0.12891767459151185,0.03872406482696533,0.42945616962643635,24.685290804959806,0.0625,15.00023078918457,2.1640248069938144
lqr_node2,-1,2,LQR,105,pulse,0.0,200,,,0.4633689554282778,1.088612471283975,1.3901068662848333,0.10647586050132911,0.0062184929847717285,0.2541567341259784,11.138429701707736,0.02,14.999996185302734,2.651392435580863
smc_node2,-1,2,SMC,105,pulse,0.0,200,8.0,0.5,0.5148236702574868,1.1513863353998262,1.5444710107724602,0.15002121235945343,0.01089555025100708,0.26235447991799454,13.967079137516286,0.0325,14.999985694885254,2.9506698773515905
ppo_continuous_hopfield_node2_final_seed_1024,1024,2,PPO,105,pulse,0.0,200,,,0.34480871257456586,0.9520786446694752,1.0344261377236976,0.06749249423313657,0.061465442180633545,0.3245921208525536,18.024129339038264,0.0425,14.996391773223877,1.909630311527915
ppo_continuous_hopfield_node2_final_seed_123,123,2,PPO,105,pulse,0.0,200,,,0.38856839668702453,0.9834335518561718,1.1657051900610735,0.07920859013626605,0.08769750595092773,0.32190243567240207,17.266547024353297,0.04,14.984976768493652,2.166817774764489
ppo_continuous_hopfield_node2_final_seed_42,42,2,PPO,105,pulse,0.0,200,,,0.3983668549015734,0.9822126143008073,1.1951005647047201,0.1269261217503636,0.04048043489456177,0.35455451280510336,17.97033024940247,0.0425,14.985564708709717,2.2061531105963743
lqr_node2,-1,2,LQR,106,pulse,0.0,200,,,0.6388210638099933,1.2500712135619647,1.91646319142998,0.11140758840850105,0.006941854953765869,0.31557595213403633,13.599077272616896,0.0275,14.999984741210938,2.9628986222252474
smc_node2,-1,2,SMC,106,pulse,0.0,200,8.0,0.5,0.6890425035034803,1.3032323948571978,2.0671275105104407,0.1454989024794396,0.010282158851623535,0.312271624605804,16.29614787657804,0.0425,14.998615741729736,3.2312893022166853
ppo_continuous_hopfield_node2_final_seed_1024,1024,2,PPO,106,pulse,0.0,200,,,0.4625408830315088,1.0673451899029098,1.3876226490945265,0.06757917374740412,0.06177854537963867,0.4748945350844664,26.60909931155742,0.055,14.992812156677246,2.024011288672241
ppo_continuous_hopfield_node2_final_seed_123,123,2,PPO,106,pulse,0.0,200,,,0.5131156321135771,1.0992482021610048,1.5393468963407315,0.07875312416365852,0.08805757761001587,0.4173896350616826,21.745831935236584,0.05,14.986476421356201,2.324053758291982
ppo_continuous_hopfield_node2_final_seed_42,42,2,PPO,106,pulse,0.0,200,,,0.5191361166196948,1.0988449406236136,1.5574083498590847,0.1263700894275565,0.04082673788070679,0.44240414902121944,23.10180448634763,0.05,14.989648818969727,2.3565603066699126
lqr_node2,-1,2,LQR,107,pulse,0.0,200,,,0.5159341256408654,1.0911247371544568,1.5478023769225961,0.10035566265844269,0.005322813987731934,0.2672141291116638,9.86947481649132,0.015,14.99999713897705,2.453291833688
smc_node2,-1,2,SMC,107,pulse,0.0,200,8.0,0.5,0.5759650637761087,1.1554899582902995,1.727895191328326,0.15092994937282286,0.01093912124633789,0.2679120921748108,12.525282420988717,0.0275,14.998699188232422,2.786259669504726
ppo_continuous_hopfield_node2_final_seed_1024,1024,2,PPO,107,pulse,0.0,200,,,0.4037701489813378,0.9750504949194361,1.2113104469440135,0.0677907294191328,0.061689913272857666,0.3800591929557912,19.198895805505497,0.04,14.97930383682251,1.8639996958924319
ppo_continuous_hopfield_node2_final_seed_123,123,2,PPO,107,pulse,0.0,200,,,0.44582208066231144,1.0002507334096802,1.3374662419869343,0.0802148445336907,0.0885116457939148,0.34222711994315025,16.661050636015137,0.035,14.956984996795654,2.088100371011232
ppo_continuous_hopfield_node2_final_seed_42,42,2,PPO,107,pulse,0.0,200,,,0.45221437986069984,1.003999037050011,1.3566431395820995,0.12764665806367073,0.04140591621398926,0.34231585081192917,15.74586679063923,0.035,14.967572212219238,2.143419303027774
lqr_node2,-1,2,LQR,108,pulse,0.0,200,,,0.4385362282420136,1.0259137226491795,1.3156086847260409,0.10620321149443403,0.005980551242828369,0.2090403224765067,7.428992029339375,0.01,15.000001907348633,2.4744212659288993
smc_node2,-1,2,SMC,108,pulse,0.0,200,8.0,0.5,0.4721060022688529,1.0741038279953776,1.4163180068065586,0.15770655166771677,0.01212775707244873,0.20196052350595545,10.157418786034563,0.0225,14.999945640563965,2.71935639999325
ppo_continuous_hopfield_node2_final_seed_1024,1024,2,PPO,108,pulse,0.0,200,,,0.3390691776489738,0.9113219600841762,1.0172075329469215,0.06795455912059103,0.06047987937927246,0.23288739764333663,11.374163790125408,0.0275,15.004469871520996,1.8935648351212713
ppo_continuous_hopfield_node2_final_seed_123,123,2,PPO,108,pulse,0.0,200,,,0.37717670733488456,0.9409567164071145,1.1315301220046536,0.08114823710495307,0.08598566055297852,0.24250817362061164,12.344250707226696,0.0275,14.997762680053711,2.1105531695859496
ppo_continuous_hopfield_node2_final_seed_42,42,2,PPO,108,pulse,0.0,200,,,0.3874700180164299,0.945050103615718,1.1624100540492897,0.12915235486479454,0.03851526975631714,0.23096615506192097,10.973737431602515,0.0275,15.002838134765625,2.1660805531031455
lqr_node2,-1,2,LQR,109,pulse,0.0,200,,,0.5054213999796129,1.0642845829935932,1.5162641999388389,0.10265299147799795,0.00550466775894165,0.25575841096184365,9.13145003795888,0.0125,15.000053882598877,2.4092260653394
smc_node2,-1,2,SMC,109,pulse,0.0,200,8.0,0.5,0.562586066707913,1.1147068039565904,1.687758200123739,0.15609861420536483,0.011973857879638672,0.2694358013104829,11.903138230841888,0.025,15.00111722946167,2.6532198271033036
ppo_continuous_hopfield_node2_final_seed_1024,1024,2,PPO,109,pulse,0.0,200,,,0.40052200652154185,0.9593023656594025,1.2015660195646254,0.06798119472776666,0.06062877178192139,0.33933009246266693,16.366072620005713,0.035,15.001673221588135,1.8799545264788973
ppo_continuous_hopfield_node2_final_seed_123,123,2,PPO,109,pulse,0.0,200,,,0.44161780062886397,0.9849086524945172,1.3248534018865918,0.08127722794902914,0.08640062808990479,0.3258160639396332,15.319284888210541,0.03,14.993419170379639,2.0860693553156815
ppo_continuous_hopfield_node2_final_seed_42,42,2,PPO,109,pulse,0.0,200,,,0.4534034182186721,0.9893924462935608,1.3602102546560162,0.1292279355779842,0.03901803493499756,0.38023135348448434,18.59154429221796,0.0325,14.996963024139404,2.142151345197686
lqr_node2,-1,2,LQR,110,pulse,0.0,200,,,0.4934062227666384,1.0926759624852727,1.4802186682999152,0.10720960486588287,0.006279647350311279,0.23241836001974323,8.832751356310075,0.01,15.000027656555176,2.6411580660737197
smc_node2,-1,2,SMC,110,pulse,0.0,200,8.0,0.5,0.5323337322772199,1.1448492838793831,1.5970011968316598,0.15273681924574906,0.011419057846069336,0.2351548543821601,12.000708664845186,0.025,15.00048303604126,2.9140726987606107
ppo_continuous_hopfield_node2_final_seed_1024,1024,2,PPO,110,pulse,0.0,200,,,0.35233364535878076,0.9645922084926657,1.0570009360763424,0.06740239584519539,0.06080371141433716,0.30874426426955887,17.06619716075847,0.04,14.99826717376709,1.920736083640388
ppo_continuous_hopfield_node2_final_seed_123,123,2,PPO,110,pulse,0.0,200,,,0.3955620554227812,0.9937105979698968,1.1866861662683437,0.07926500776069767,0.08629697561264038,0.29281884730977015,15.282385211271023,0.035,14.994458198547363,2.172474517825231
ppo_continuous_hopfield_node2_final_seed_42,42,2,PPO,110,pulse,0.0,200,,,0.39976067389829933,0.9870511921966065,1.1992820216948978,0.12751233554732652,0.03895461559295654,0.3293250656113066,14.645010152682685,0.0325,14.999382495880127,2.1972761072823084
lqr_node2,-1,2,LQR,111,pulse,0.0,200,,,0.6376832401409361,1.2356213426697031,1.9130497204228083,0.10172315238526573,0.0051253437995910645,0.37345532263880565,17.579024179862063,0.035,15.000474452972412,2.3739517612188163
smc_node2,-1,2,SMC,111,pulse,0.0,200,8.0,0.5,0.6945099087644149,1.2685358581665094,2.0835297262932446,0.1576488176015792,0.012514293193817139,0.3919267468107005,21.573129604120815,0.0525,15.002450942993164,2.5376975863931044
ppo_continuous_hopfield_node2_final_seed_1024,1024,2,PPO,111,pulse,0.0,200,,,0.5772821791601659,1.1928782944393486,1.7318465374804977,0.06869910526330825,0.06003826856613159,0.5875103773916154,37.598442369854006,0.1075,14.995492935180664,1.9214016968078578
ppo_continuous_hopfield_node2_final_seed_123,123,2,PPO,111,pulse,0.0,200,,,0.5925860729878296,1.1994439512139827,1.7777582189634888,0.08342556450745942,0.0855093002319336,0.5203725948855467,31.44693845505168,0.0725,14.988621711730957,2.0996616296192157
ppo_continuous_hopfield_node2_final_seed_42,42,2,PPO,111,pulse,0.0,200,,,0.6073041058386229,1.206795908598327,1.821912317515869,0.13166879062299375,0.03803342580795288,0.5251861574811085,31.85623304607857,0.0775,15.00470781326294,2.1649925842306654
lqr_node2,-1,2,LQR,112,pulse,0.0,200,,,0.4565918636055398,1.0749510103671243,1.3697755908166196,0.10790489120753827,0.006341338157653809,0.24198450436599456,8.53888128255476,0.01,15.000001430511475,2.5946055631574927
smc_node2,-1,2,SMC,112,pulse,0.0,200,8.0,0.5,0.522643895884039,1.13473836978491,1.5679316876521172,0.15430817780671297,0.011600911617279053,0.23542487409482202,11.453270286273508,0.025,14.99984884262085,2.8704724109439708
ppo_continuous_hopfield_node2_final_seed_1024,1024,2,PPO,112,pulse,0.0,200,,,0.34714373628936357,0.9487003129880552,1.0414312088680906,0.06761706714736826,0.060762643814086914,0.2796608875331439,13.539259230006719,0.03,14.998667240142822,1.8956013528435534
ppo_continuous_hopfield_node2_final_seed_123,123,2,PPO,112,pulse,0.0,200,,,0.3944234971347221,0.9810719327554274,1.1832704914041663,0.07977526940773298,0.08627861738204956,0.2773071098283045,13.382705702558614,0.03,14.992760181427002,2.1431998603175675
ppo_continuous_hopfield_node2_final_seed_42,42,2,PPO,112,pulse,0.0,200,,,0.4007855664237293,0.9776688723324753,1.202356699271188,0.12793351728239177,0.03889334201812744,0.2761937115815215,12.024982188278086,0.0275,14.998805522918701,2.180635940978554
lqr_node2,-1,2,LQR,113,pulse,0.0,200,,,0.6383335069599945,1.2389363728914013,1.9150005208799834,0.10719958304163114,0.005977511405944824,0.29810842369685464,11.56708745261841,0.02,14.999603271484375,2.496417273512453
smc_node2,-1,2,SMC,113,pulse,0.0,200,8.0,0.5,0.7014787498728394,1.2928980273681001,2.1044362496185185,0.16011571008022185,0.01235431432723999,0.3092613481666492,14.02903649833757,0.0325,14.996280193328857,2.7368080624430187
ppo_continuous_hopfield_node2_final_seed_1024,1024,2,PPO,113,pulse,0.0,200,,,0.5360274092291953,1.1529136030427156,1.608082227687586,0.0683506769300611,0.06035858392715454,0.48711246952525994,26.981963531594456,0.06,14.99402666091919,1.9219393122533512
ppo_continuous_hopfield_node2_final_seed_123,123,2,PPO,113,pulse,0.0,200,,,0.5648111096573243,1.1575927751843125,1.6944333289719729,0.08218908242099447,0.08588260412216187,0.41031890386655145,20.39339937255508,0.045,14.985593318939209,2.1356091668588384
ppo_continuous_hopfield_node2_final_seed_42,42,2,PPO,113,pulse,0.0,200,,,0.5745120496587427,1.1640491842309935,1.723536148976228,0.13011504958073297,0.03836667537689209,0.3963765040077176,18.872629689113506,0.0425,15.004064083099365,2.1974056568460085
lqr_node2,-1,2,LQR,114,pulse,0.0,200,,,0.4156973755416009,1.005676026104105,1.2470921266248027,0.10168185693292338,0.005273401737213135,0.20179612914483103,6.657832766803117,0.01,15.0,2.4000987414669117
smc_node2,-1,2,SMC,114,pulse,0.0,200,8.0,0.5,0.4638238483497986,1.0504481083664123,1.3914715450493957,0.1567945846436936,0.012071788311004639,0.20189086779325285,8.791959713203324,0.0175,14.99985122680664,2.625197967486595
ppo_continuous_hopfield_node2_final_seed_1024,1024,2,PPO,114,pulse,0.0,200,,,0.34090662001015143,0.9104613598915334,1.0227198600304543,0.06835051966302189,0.060626447200775146,0.20949223018866822,8.244881305677424,0.0175,14.988351345062256,1.8987831269108242
ppo_continuous_hopfield_node2_final_seed_123,123,2,PPO,114,pulse,0.0,200,,,0.37663028992136516,0.9367068323133253,1.1298908697640955,0.08221351204692949,0.08656591176986694,0.23263419419527054,9.965614005079873,0.0175,14.981276512145996,2.0947653160138584
ppo_continuous_hopfield_node2_final_seed_42,42,2,PPO,114,pulse,0.0,200,,,0.38980230503248753,0.9438525297765075,1.1694069150974626,0.13010223816942285,0.0391964316368103,0.34413797084121334,14.07909820828142,0.02,14.993171691894531,2.156621049607719
lqr_node2,-1,2,LQR,115,pulse,0.0,200,,,0.4368756705129028,0.9822189776572995,1.3106270115387084,0.09728092774978758,0.0046002864837646484,0.19965720694237027,6.142415581316268,0.01,14.999951839447021,2.272076654831754
smc_node2,-1,2,SMC,115,pulse,0.0,200,8.0,0.5,0.48989395308172823,1.018039463562027,1.4696818592451848,0.15400429498864177,0.012317299842834473,0.20607836147558503,7.30628550800558,0.0125,14.999989032745361,2.4394244775778398
ppo_continuous_hopfield_node2_final_seed_1024,1024,2,PPO,115,pulse,0.0,200,,,0.3625930015412674,0.9065631172341055,1.0877790046238023,0.06850407154149847,0.05987733602523804,0.2355576753244733,8.372740598475971,0.015,15.001475811004639,1.8793032585471794
ppo_continuous_hopfield_node2_final_seed_123,123,2,PPO,115,pulse,0.0,200,,,0.3965912186573565,0.9285202206058001,1.1897736559720695,0.08292989590331729,0.0851554274559021,0.2380705739643211,9.148804853901517,0.015,14.995582103729248,2.044950730269265
ppo_continuous_hopfield_node2_final_seed_42,42,2,PPO,115,pulse,0.0,200,,,0.4087394436121495,0.934167391540082,1.2262183308364485,0.13147096634830957,0.03773927688598633,0.3137634442445643,11.749347596440192,0.015,15.005757331848145,2.106092123092333
lqr_node2,-1,2,LQR,116,pulse,0.0,200,,,0.5013211113071736,1.1109909700546758,1.503963333921521,0.10783528852747915,0.006377160549163818,0.19292111033783768,6.628950897895546,0.01,15.000000476837158,2.681698600427984
smc_node2,-1,2,SMC,116,pulse,0.0,200,8.0,0.5,0.5555045132816352,1.1673420925464757,1.6665135398449056,0.1521363555925128,0.011306703090667725,0.19886353689699965,8.669060721311537,0.015,14.999253273010254,2.955050788022837
ppo_continuous_hopfield_node2_final_seed_1024,1024,2,PPO,116,pulse,0.0,200,,,0.36252356955126636,0.9777204367443411,1.0875707086537991,0.06738813297340164,0.06090480089187622,0.3118772202187643,16.4298958144108,0.035,14.9986891746521,1.9360946024031336
ppo_continuous_hopfield_node2_final_seed_123,123,2,PPO,116,pulse,0.0,200,,,0.40477071116590935,1.0073062474522634,1.214312133497728,0.07916457888980706,0.0864722728729248,0.2735509944712729,12.944168196441456,0.025,14.994084358215332,2.193447006263988
ppo_continuous_hopfield_node2_final_seed_42,42,2,PPO,116,pulse,0.0,200,,,0.40823882564217945,1.0008127648286804,1.2247164769265382,0.12735536147230936,0.03914225101470947,0.2729512831089354,12.660235443705998,0.0275,14.999031066894531,2.217595234879325
lqr_node2,-1,2,LQR,117,pulse,0.0,200,,,0.49009099888986135,1.0489807711298287,1.470272996669584,0.10103772250636492,0.005186140537261963,0.2967395685419612,12.511827226761904,0.02,15.000001907348633,2.3903610903575125
smc_node2,-1,2,SMC,117,pulse,0.0,200,8.0,0.5,0.5510714964945789,1.0932537824246256,1.6532144894837366,0.15641519804427653,0.012053608894348145,0.31429468857686854,15.958640066843149,0.0375,15.00103235244751,2.608693226319344
ppo_continuous_hopfield_node2_final_seed_1024,1024,2,PPO,117,pulse,0.0,200,,,0.4088777082493019,0.9643615017436842,1.2266331247479059,0.06837944044835037,0.0606498122215271,0.401956370866804,23.097602279658926,0.0475,14.987686157226562,1.8991639085614413
ppo_continuous_hopfield_node2_final_seed_123,123,2,PPO,117,pulse,0.0,200,,,0.4410671349127134,0.9861032277219633,1.3232014047381402,0.08229623454404467,0.08664155006408691,0.3841737650353415,20.816795380270452,0.0425,14.98046350479126,2.092095555793216
ppo_continuous_hopfield_node2_final_seed_42,42,2,PPO,117,pulse,0.0,200,,,0.4528360701694849,0.9928772075675215,1.3585082105084547,0.13017862423518559,0.03928720951080322,0.377188915075581,20.145463722719576,0.0475,14.992966651916504,2.154703367862906
lqr_node2,-1,2,LQR,118,pulse,0.0,200,,,0.46903754483694743,1.081024014672267,1.4071126345108425,0.10631934712054553,0.00617372989654541,0.2137275489459815,7.195037359048129,0.01,14.999921798706055,2.6076386688156656
smc_node2,-1,2,SMC,118,pulse,0.0,200,8.0,0.5,0.5146585758992239,1.1410910061937352,1.5439757276976718,0.15132687703050948,0.011085689067840576,0.21186741351476415,8.789278167976391,0.015,14.999862670898438,2.9069008723883636
ppo_continuous_hopfield_node2_final_seed_1024,1024,2,PPO,118,pulse,0.0,200,,,0.3504940714975099,0.9461648500003575,1.0514822144925298,0.06755874018518278,0.061329662799835205,0.2592149618409221,12.8555047929453,0.0275,14.998011589050293,1.8953981311407997
ppo_continuous_hopfield_node2_final_seed_123,123,2,PPO,118,pulse,0.0,200,,,0.39416840893440164,0.9781213886522718,1.182505226803205,0.07946102937430512,0.0874672532081604,0.2509998628809268,11.542642951160701,0.0225,14.987618446350098,2.146570308717774
ppo_continuous_hopfield_node2_final_seed_42,42,2,PPO,118,pulse,0.0,200,,,0.4032452137690233,0.9770453153357703,1.2097356413070697,0.1272145084760807,0.04021531343460083,0.26964658017542,11.121177621527258,0.0225,14.988222122192383,2.1898136465481266
lqr_node2,-1,2,LQR,119,pulse,0.0,200,,,0.6363506749584336,1.233834417876735,1.9090520248753007,0.09659505421640696,0.004522383213043213,0.31572902750727133,13.069606199180226,0.0275,14.999725818634033,2.264118254249591
smc_node2,-1,2,SMC,119,pulse,0.0,200,8.0,0.5,0.688571727491686,1.270764509925162,2.065715182475058,0.1534001883579257,0.012249588966369629,0.3279234536492463,15.737119235774609,0.035,14.99997329711914,2.431323145354046
ppo_continuous_hopfield_node2_final_seed_1024,1024,2,PPO,119,pulse,0.0,200,,,0.5813477935905453,1.2008318542694008,1.7440433807716358,0.06850199769308538,0.05993300676345825,0.5327296665407476,30.279665242902766,0.075,14.999828815460205,1.8768665283844246
ppo_continuous_hopfield_node2_final_seed_123,123,2,PPO,119,pulse,0.0,200,,,0.5921963718239797,1.1889710225413481,1.776589115471939,0.08288752768234706,0.08528351783752441,0.44106267348043343,22.371111358482064,0.05,14.992522239685059,2.041093632050637
ppo_continuous_hopfield_node2_final_seed_42,42,2,PPO,119,pulse,0.0,200,,,0.603281055617743,1.195285231752805,1.8098431668532293,0.13141532959761443,0.03789240121841431,0.4511819522075374,22.13213816837775,0.0475,15.002903938293457,2.1023042016565356
lqr_node3,-1,3,LQR,100,pulse,0.0,200,,,0.31423599850223805,0.8108263322410907,0.9427079955067141,0.060440079113583504,0.004571199417114258,0.14102298178212302,5.111250390332101,0.01,14.999873161315918,1.6792260504035808
smc_node3,-1,3,SMC,100,pulse,0.0,200,8.0,0.5,0.3306364766399493,0.8087569186999484,0.9919094299198479,0.13407501159810725,0.028455674648284912,0.16699825870957846,7.247440573357529,0.02,15.00036334991455,1.7150696727507446
ppo_continuous_hopfield_node3_final_seed_1024,1024,3,PPO,100,pulse,0.0,200,,,0.23593904402905166,0.7590848880047916,0.707817132087155,0.02508088187487037,0.010466575622558594,0.33464456907011325,21.592737090248534,0.0625,14.998425960540771,1.2923764570324279
ppo_continuous_hopfield_node3_final_seed_123,123,3,PPO,100,pulse,0.0,200,,,0.23777845746304155,0.76223170343681,0.7133353723891247,0.025281353451219606,0.02085292339324951,0.2613073113145646,16.965666972682413,0.05,14.999324798583984,1.30433960806634
ppo_continuous_hopfield_node3_final_seed_42,42,3,PPO,100,pulse,0.0,200,,,0.2383865732418997,0.7623987826692146,0.7151597197256991,0.026486888665843894,0.015577971935272217,0.24143735676112021,15.225022453429132,0.045,14.999712944030762,1.3069425992000459
lqr_node3,-1,3,LQR,101,pulse,0.0,200,,,0.3047369711651875,0.8044670945898458,0.9142109134955624,0.0620839858174692,0.00477367639541626,0.14528519830771286,5.160496203197351,0.01,15.000457286834717,1.6927138218257707
smc_node3,-1,3,SMC,101,pulse,0.0,200,8.0,0.5,0.3188994238704694,0.804206646467417,0.9566982716114082,0.13967086517332514,0.02962106466293335,0.1667408607785469,7.421550254581593,0.02,14.999301433563232,1.7431546352358895
ppo_continuous_hopfield_node3_final_seed_1024,1024,3,PPO,101,pulse,0.0,200,,,0.2363314277717746,0.757165576474644,0.7089942833153239,0.025262790421644848,0.010797858238220215,0.2855813645959792,17.61889954697517,0.05,15.002163887023926,1.3002473057446937
ppo_continuous_hopfield_node3_final_seed_123,123,3,PPO,101,pulse,0.0,200,,,0.2397315514286328,0.7607052084464649,0.7191946542858985,0.02550259708530373,0.02068626880645752,0.21014325029217867,12.515165336809298,0.0375,15.003377914428711,1.3191875105825674
ppo_continuous_hopfield_node3_final_seed_42,42,3,PPO,101,pulse,0.0,200,,,0.23996394641441157,0.7609605638216512,0.7198918392432347,0.026757236133203095,0.015652894973754883,0.20791319347081932,12.507078050229559,0.0375,15.002993106842041,1.321042125099408
lqr_node3,-1,3,LQR,102,pulse,0.0,200,,,0.3085632787663985,0.8080681185336193,0.9256898362991955,0.06364468587447464,0.004935503005981445,0.16935236400156312,6.980330672288957,0.0125,14.999423027038574,1.7148359784189222
smc_node3,-1,3,SMC,102,pulse,0.0,200,8.0,0.5,0.3196929590323675,0.8071657445667311,0.9590788770971026,0.14611881585032852,0.03071075677871704,0.18728042319659047,9.653530082260339,0.0275,15.000269412994385,1.7801196580354255
ppo_continuous_hopfield_node3_final_seed_1024,1024,3,PPO,102,pulse,0.0,200,,,0.2293288374270513,0.7474360457288335,0.6879865122811539,0.025292235001185794,0.011254191398620605,0.3192020637213143,20.440315298586796,0.06,15.00102710723877,1.2722959646686394
ppo_continuous_hopfield_node3_final_seed_123,123,3,PPO,102,pulse,0.0,200,,,0.2269156737305713,0.7482991161146955,0.6807470211917139,0.025534240057530962,0.020795762538909912,0.2394302628476851,14.958968199151228,0.045,14.995830535888672,1.2549908070950144
ppo_continuous_hopfield_node3_final_seed_42,42,3,PPO,102,pulse,0.0,200,,,0.22728521368642055,0.7489803108393288,0.6818556410592616,0.026853557503609744,0.015981435775756836,0.23205818609332207,14.711547960001486,0.045,14.999383449554443,1.2602969163157676
lqr_node3,-1,3,LQR,103,pulse,0.0,200,,,0.3631953607137793,0.8291942071267107,1.089586082141338,0.061869728919348596,0.00473397970199585,0.27869171682632576,9.110412563730376,0.01,14.995711326599121,1.6926321526016317
smc_node3,-1,3,SMC,103,pulse,0.0,200,8.0,0.5,0.43968210473241703,0.8693105310307772,1.319046314197251,0.13882506459399505,0.02940124273300171,0.2928006912073503,12.178988957342714,0.03,15.000226497650146,1.739213277062225
ppo_continuous_hopfield_node3_final_seed_1024,1024,3,PPO,103,pulse,0.0,200,,,0.28743158389358603,0.7800633931485255,0.862294751680758,0.025155617809498015,0.01078706979751587,0.385813595183621,18.985085793972164,0.05,14.989459991455078,1.2928905884749187
ppo_continuous_hopfield_node3_final_seed_123,123,3,PPO,103,pulse,0.0,200,,,0.2838412965401111,0.781202537529733,0.8515238896203332,0.025397166920204956,0.020774364471435547,0.334271215710631,16.176168668523,0.0425,14.993785381317139,1.3026161717936693
ppo_continuous_hopfield_node3_final_seed_42,42,3,PPO,103,pulse,0.0,200,,,0.28413368869119604,0.781826982130649,0.8524010660735881,0.026645434272969948,0.015706121921539307,0.32823252622177473,15.765584288022248,0.0425,14.99514389038086,1.3056538199764949
lqr_node3,-1,3,LQR,104,pulse,0.0,200,,,0.3487501577029031,0.8279151799467168,1.0462504731087092,0.06142911666797267,0.004684150218963623,0.22215444541857357,10.432571591426688,0.02,15.000964164733887,1.6875587429072876
smc_node3,-1,3,SMC,104,pulse,0.0,200,8.0,0.5,0.36105239781274684,0.8253409151861609,1.0831571934382405,0.1377485227069737,0.029169082641601562,0.24243798553561874,13.4949272558254,0.04,14.998618602752686,1.7311077391478553
ppo_continuous_hopfield_node3_final_seed_1024,1024,3,PPO,104,pulse,0.0,200,,,0.2780081757722873,0.7785681746696531,0.8340245273168619,0.02520835495059505,0.010671138763427734,0.35137307677334384,23.491181963811336,0.0725,14.999819278717041,1.2865128497273397
ppo_continuous_hopfield_node3_final_seed_123,123,3,PPO,104,pulse,0.0,200,,,0.2834671170962471,0.7829062577560529,0.8504013512887414,0.02541051216331529,0.020818233489990234,0.2929535050852633,19.67953117087373,0.0575,14.999415397644043,1.294704768380419
ppo_continuous_hopfield_node3_final_seed_42,42,3,PPO,104,pulse,0.0,200,,,0.28291777398201917,0.7827028699083939,0.8487533219460575,0.026655047465069793,0.01566380262374878,0.28137545198425096,18.986507106227,0.0575,15.000003814697266,1.2976477241319655
lqr_node3,-1,3,LQR,105,pulse,0.0,200,,,0.3329702256996795,0.811669015086839,0.9989106770990384,0.06342028833373829,0.004917919635772705,0.21393607974911683,8.104447329170743,0.01,15.000784397125244,1.7064454477576918
smc_node3,-1,3,SMC,105,pulse,0.0,200,8.0,0.5,0.3499799741475424,0.8142986415938014,1.0499399224426271,0.14487866730785665,0.030560433864593506,0.24279293915297648,12.072365667940836,0.0325,14.998840808868408,1.7681720592822898
ppo_continuous_hopfield_node3_final_seed_1024,1024,3,PPO,105,pulse,0.0,200,,,0.2604732302769226,0.7598434790060501,0.7814196908307678,0.025344026217490066,0.011113345623016357,0.3442223389398427,19.89054919450527,0.0525,15.000629901885986,1.2830432975358927
ppo_continuous_hopfield_node3_final_seed_123,123,3,PPO,105,pulse,0.0,200,,,0.26256995697305263,0.761517106242324,0.7877098709191579,0.025584992251278443,0.02072465419769287,0.2658061886675414,14.707187113345231,0.0375,14.998754024505615,1.2823603079371637
ppo_continuous_hopfield_node3_final_seed_42,42,3,PPO,105,pulse,0.0,200,,,0.2622883657584972,0.761755211534518,0.7868650972754915,0.02688744836659343,0.015852034091949463,0.25800112539210224,14.097175307559935,0.0375,15.00002908706665,1.2862169177859872
lqr_node3,-1,3,LQR,106,pulse,0.0,200,,,0.350864100949111,0.82804587020244,1.0525923028473332,0.06322241182450528,0.004879951477050781,0.28126688442306774,10.432354025949302,0.0125,14.996975421905518,1.7140961090121325
smc_node3,-1,3,SMC,106,pulse,0.0,200,8.0,0.5,0.4259820343155866,0.8605224974816263,1.2779461029467598,0.1433409345048813,0.030150294303894043,0.2913096683110698,13.41632734421806,0.035,15.001364707946777,1.7651208864237686
ppo_continuous_hopfield_node3_final_seed_1024,1024,3,PPO,106,pulse,0.0,200,,,0.27578795411127,0.7714715936747919,0.82736386233381,0.02499474764422134,0.011326909065246582,0.4445185461023502,27.628728698108883,0.0825,14.996588706970215,1.27300844375804
ppo_continuous_hopfield_node3_final_seed_123,123,3,PPO,106,pulse,0.0,200,,,0.2644602368086041,0.7686844804114185,0.7933807104258123,0.025283835770815243,0.020841360092163086,0.3722588585136909,22.010016457740335,0.065,14.992228507995605,1.2545435138890029
ppo_continuous_hopfield_node3_final_seed_42,42,3,PPO,106,pulse,0.0,200,,,0.2628486964931744,0.7691256461277589,0.7885460894795232,0.02657006534943242,0.016070246696472168,0.34312609288646395,18.921345584817303,0.0525,14.996731758117676,1.260289331532051
lqr_node3,-1,3,LQR,107,pulse,0.0,200,,,0.31365801190496023,0.8129222133666696,0.9409740357148807,0.06386312104209706,0.004977285861968994,0.18609770063451372,6.955381256700893,0.01,14.999261856079102,1.7090826531158603
smc_node3,-1,3,SMC,107,pulse,0.0,200,8.0,0.5,0.3150418121669618,0.8105178626111762,0.9451254365008854,0.14556440448871366,0.03079545497894287,0.19471102525131753,9.90701330180437,0.0275,14.999910831451416,1.773394109134502
ppo_continuous_hopfield_node3_final_seed_1024,1024,3,PPO,107,pulse,0.0,200,,,0.23375146547336276,0.7584714411011015,0.7012543964200884,0.025379201673247195,0.011147499084472656,0.34353195132683045,21.454722044638842,0.0625,14.99956464767456,1.3013316081067667
ppo_continuous_hopfield_node3_final_seed_123,123,3,PPO,107,pulse,0.0,200,,,0.23490403660868023,0.7615720095478641,0.7047121098260407,0.02565212872017313,0.020596683025360107,0.28217461394341176,17.781929393844877,0.0525,14.999516010284424,1.3155920276816804
ppo_continuous_hopfield_node3_final_seed_42,42,3,PPO,107,pulse,0.0,200,,,0.23445652650958757,0.761909113711457,0.7033695795287627,0.02694921158714059,0.015791237354278564,0.262061020819252,16.149006145416244,0.0475,14.999972343444824,1.3180426233795597
lqr_node3,-1,3,LQR,108,pulse,0.0,200,,,0.331220244101604,0.8071414442673341,0.9936607323048121,0.06118556162641372,0.004656612873077393,0.16706921878704678,5.545701176572537,0.01,15.000861644744873,1.685382919321161
smc_node3,-1,3,SMC,108,pulse,0.0,200,8.0,0.5,0.34613667156838396,0.8066294642000738,1.0384100147051518,0.13688651470030533,0.02899932861328125,0.18931137134658957,8.198345954781844,0.0225,14.99863338470459,1.7269061725512518
ppo_continuous_hopfield_node3_final_seed_1024,1024,3,PPO,108,pulse,0.0,200,,,0.2570959267640798,0.7588566034988231,0.7712877802922393,0.025184919965671904,0.010619759559631348,0.2867833689932811,16.099664867439795,0.0475,14.999609470367432,1.2868271972057386
ppo_continuous_hopfield_node3_final_seed_123,123,3,PPO,108,pulse,0.0,200,,,0.2613220342271593,0.7616218364436833,0.783966102681478,0.025383581384372564,0.020830750465393066,0.21726184674919563,12.433480433427645,0.035,14.99931812286377,1.2955361516516082
ppo_continuous_hopfield_node3_final_seed_42,42,3,PPO,108,pulse,0.0,200,,,0.26136667497381755,0.7618502447840938,0.7841000249214526,0.02662042829633495,0.01564466953277588,0.2103432759066621,11.605556916997106,0.0325,14.999882221221924,1.2984317065730913
lqr_node3,-1,3,LQR,109,pulse,0.0,200,,,0.32429729102230503,0.8144703376470922,0.972891873066915,0.06161847670367102,0.00471264123916626,0.18379804784820492,6.681652235850475,0.01,15.000374794006348,1.688955881762601
smc_node3,-1,3,SMC,109,pulse,0.0,200,8.0,0.5,0.34837525712553774,0.8110137767611084,1.045125771376613,0.1383370619589164,0.029328107833862305,0.21213172302779362,9.65655039916275,0.0275,14.998751640319824,1.7353327267835685
ppo_continuous_hopfield_node3_final_seed_1024,1024,3,PPO,109,pulse,0.0,200,,,0.24874405081500783,0.7572048181654834,0.7462321524450235,0.025269215466615595,0.010660290718078613,0.3900376630765839,24.610707620482884,0.0725,14.999304294586182,1.293903152991216
ppo_continuous_hopfield_node3_final_seed_123,123,3,PPO,109,pulse,0.0,200,,,0.24716791813203745,0.7601320849129193,0.7415037543961124,0.025476262709240853,0.02075481414794922,0.2920753844088162,17.536392889850152,0.0525,15.00131368637085,1.3083691244008975
ppo_continuous_hopfield_node3_final_seed_42,42,3,PPO,109,pulse,0.0,200,,,0.2474838993415323,0.7604092558078369,0.742451698024597,0.026723407956277145,0.015615642070770264,0.28503276338043654,16.548458437927287,0.045,15.000621795654297,1.310709736782557
lqr_node3,-1,3,LQR,110,pulse,0.0,200,,,0.3280051635130806,0.8048547964642152,0.9840154905392419,0.06257227497796218,0.004810631275177002,0.20520446727158587,6.327941363791229,0.01,15.002092838287354,1.6968206209941439
smc_node3,-1,3,SMC,110,pulse,0.0,200,8.0,0.5,0.3871074695103738,0.8247461138949925,1.1613224085311213,0.14270428917658182,0.03012317419052124,0.2468477361367864,9.234655603249957,0.0225,14.999416828155518,1.7566560272182992
ppo_continuous_hopfield_node3_final_seed_1024,1024,3,PPO,110,pulse,0.0,200,,,0.25320133358915203,0.7524277280056485,0.759604000767456,0.02548846508157842,0.01078861951828003,0.33026763923150343,18.42457095509756,0.0525,15.00297498703003,1.2809992459375614
ppo_continuous_hopfield_node3_final_seed_123,123,3,PPO,110,pulse,0.0,200,,,0.2531437155057491,0.7549104703571358,0.7594311465172473,0.02565959935294993,0.02077615261077881,0.25037262000101723,12.323145482756814,0.035,14.999788761138916,1.284073888894115
ppo_continuous_hopfield_node3_final_seed_42,42,3,PPO,110,pulse,0.0,200,,,0.25293224889410354,0.7553972720553035,0.7587967466823107,0.026963287113625327,0.015688419342041016,0.24267636644572688,11.95271413081611,0.035,15.000922679901123,1.2872437187076653
lqr_node3,-1,3,LQR,111,pulse,0.0,200,,,0.35608771073547557,0.8253027633932287,1.0682631322064267,0.05794404888594592,0.004358947277069092,0.2669480628683232,12.614257849457186,0.0225,14.998542308807373,1.647313863187287
smc_node3,-1,3,SMC,111,pulse,0.0,200,8.0,0.5,0.36824168302722626,0.8221601250570005,1.104725049081679,0.12654924636453757,0.027016818523406982,0.2924547709506922,16.324412162543712,0.045,15.002220630645752,1.6741940770020236
ppo_continuous_hopfield_node3_final_seed_1024,1024,3,PPO,111,pulse,0.0,200,,,0.28811478608923463,0.7860300205447698,0.8643443582677038,0.0246359413995603,0.010328114032745361,0.3848418813208095,23.878546118040333,0.07,14.999256134033203,1.2895364768071036
ppo_continuous_hopfield_node3_final_seed_123,123,3,PPO,111,pulse,0.0,200,,,0.2965889251670945,0.7902155960640013,0.8897667755012835,0.024921323851118855,0.020857691764831543,0.3136313638378148,19.88413970822677,0.06,15.00142240524292,1.3214556497628267
ppo_continuous_hopfield_node3_final_seed_42,42,3,PPO,111,pulse,0.0,200,,,0.2962612613365178,0.7899141171047205,0.8887837840095534,0.026019252813708635,0.015532314777374268,0.3147383571191322,19.945790423895424,0.06,15.00087594985962,1.3218318467023806
lqr_node3,-1,3,LQR,112,pulse,0.0,200,,,0.3661851546539773,0.829895936227331,1.0985554639619317,0.062157475378042386,0.00476306676864624,0.2326262338525915,6.434000840051588,0.01,15.00322151184082,1.6943965896370992
smc_node3,-1,3,SMC,112,pulse,0.0,200,8.0,0.5,0.4442565404710918,0.8688063252619296,1.3327696214132754,0.14063690961511047,0.02970564365386963,0.2401037212806197,7.875584345777785,0.0175,14.998806953430176,1.745728751727894
ppo_continuous_hopfield_node3_final_seed_1024,1024,3,PPO,112,pulse,0.0,200,,,0.2836541118683233,0.7697030389325838,0.8509623356049699,0.025358362790243127,0.010778725147247314,0.43674220219068693,24.997591176601617,0.0725,15.006820678710938,1.2805735817855566
ppo_continuous_hopfield_node3_final_seed_123,123,3,PPO,112,pulse,0.0,200,,,0.2722798367487677,0.7692118394634071,0.8168395102463031,0.025542011070582602,0.02081286907196045,0.31656754548728766,14.092101130456298,0.0325,15.00212049484253,1.282863023324837
ppo_continuous_hopfield_node3_final_seed_42,42,3,PPO,112,pulse,0.0,200,,,0.2718045268442361,0.7698487742167976,0.8154135805327083,0.026824993403329524,0.01571279764175415,0.31324058789713427,13.83711366796851,0.03,15.003369808197021,1.2861815030033241
lqr_node3,-1,3,LQR,113,pulse,0.0,200,,,0.35552563935174536,0.8388094537109467,1.066576918055236,0.060380442136967624,0.004563808441162109,0.22849020946589751,9.597632714065325,0.0175,14.999171257019043,1.6790138793117668
smc_node3,-1,3,SMC,113,pulse,0.0,200,8.0,0.5,0.38449693379222305,0.8391046122854539,1.1534908013766692,0.1334812711050481,0.028327643871307373,0.2555020760393242,12.654441553676584,0.035,15.00160026550293,1.7128534046423376
ppo_continuous_hopfield_node3_final_seed_1024,1024,3,PPO,113,pulse,0.0,200,,,0.2700736860660271,0.7776113773727498,0.8102210581980813,0.024965597339618353,0.010545849800109863,0.44908009976743163,28.631478817816085,0.0825,14.999771118164062,1.2935571429407715
ppo_continuous_hopfield_node3_final_seed_123,123,3,PPO,113,pulse,0.0,200,,,0.2678740361522719,0.7797457557513222,0.8036221084568157,0.02519300658209824,0.02086818218231201,0.3538845141169771,21.86156478818782,0.0625,14.998579025268555,1.3043124222970424
ppo_continuous_hopfield_node3_final_seed_42,42,3,PPO,113,pulse,0.0,200,,,0.26831721627801436,0.7801295374759364,0.804951648834043,0.02638682989794531,0.015638768672943115,0.35536251977048905,21.93243559313504,0.0625,15.000262260437012,1.306958729994312
lqr_node3,-1,3,LQR,114,pulse,0.0,200,,,0.3198314116252021,0.8071463259044791,0.9594942348756064,0.06028691703384673,0.004586577415466309,0.17212805757836144,5.62573635969791,0.01,14.999097347259521,1.673731862743436
smc_node3,-1,3,SMC,114,pulse,0.0,200,8.0,0.5,0.3529710535189185,0.8117709326697978,1.0589131605567554,0.13365254620159114,0.02841430902481079,0.1955778821393732,7.304867597566271,0.0175,15.00164270401001,1.7115222677699666
ppo_continuous_hopfield_node3_final_seed_1024,1024,3,PPO,114,pulse,0.0,200,,,0.252731937257045,0.7623861270030236,0.758195811771135,0.02493767082737184,0.010635554790496826,0.34835158686090884,20.87478579689531,0.0575,15.000641345977783,1.2954144924184057
ppo_continuous_hopfield_node3_final_seed_123,123,3,PPO,114,pulse,0.0,200,,,0.2515131602875102,0.7650496297336198,0.7545394808625305,0.02520442322862369,0.02077925205230713,0.25516276392142784,13.495142819097987,0.035,15.001716613769531,1.3177408392666214
ppo_continuous_hopfield_node3_final_seed_42,42,3,PPO,114,pulse,0.0,200,,,0.2516578856943886,0.7652126659677075,0.7549736570831658,0.026388135129286918,0.01563817262649536,0.2514271941082436,13.317838654439328,0.035,15.00173807144165,1.3192221688949943
lqr_node3,-1,3,LQR,115,pulse,0.0,200,,,0.34253093076104196,0.8206213969031062,1.0275927922831258,0.059472293880434686,0.0044991374015808105,0.18498460940128028,5.484862111626953,0.01,15.001582145690918,1.6668200496287637
smc_node3,-1,3,SMC,115,pulse,0.0,200,8.0,0.5,0.4055168771706382,0.8391835027630556,1.2165506315119146,0.1318727952002743,0.028106093406677246,0.2165204710457185,7.381293900416718,0.0175,14.997828483581543,1.7043109282443476
ppo_continuous_hopfield_node3_final_seed_1024,1024,3,PPO,115,pulse,0.0,200,,,0.26900194649579173,0.7693437437119396,0.8070058394873751,0.025141274487530743,0.010217010974884033,0.4049554841402463,24.20219456366192,0.07,15.001325607299805,1.299776571677692
ppo_continuous_hopfield_node3_final_seed_123,123,3,PPO,115,pulse,0.0,200,,,0.2656407097282147,0.771952481468648,0.796922129184644,0.025337288501086058,0.020746171474456787,0.3087565175860312,17.434040284305166,0.05,15.006348609924316,1.3308499716129618
ppo_continuous_hopfield_node3_final_seed_42,42,3,PPO,115,pulse,0.0,200,,,0.26357780141831033,0.7716351272672698,0.790733404254931,0.026509465431265623,0.015370607376098633,0.29918442231758574,15.787137871337173,0.0425,15.003605365753174,1.3313517085142175
lqr_node3,-1,3,LQR,116,pulse,0.0,200,,,0.31605103194476697,0.8092329207720108,0.948153095834301,0.06263782334640439,0.004817664623260498,0.13835655589362414,4.987347163485353,0.01,14.999916553497314,1.6980740731646913
smc_node3,-1,3,SMC,116,pulse,0.0,200,8.0,0.5,0.3327584935341368,0.8116974728212102,0.9982754806024103,0.14290850892387055,0.030151426792144775,0.16159570856525035,6.874694830404934,0.0175,15.000022411346436,1.7581110165839022
ppo_continuous_hopfield_node3_final_seed_1024,1024,3,PPO,116,pulse,0.0,200,,,0.23375353852444866,0.7521322216455315,0.701260615573346,0.02544268926628578,0.010846853256225586,0.3341271294619972,20.915061325215817,0.06,15.000133514404297,1.2794631959601719
ppo_continuous_hopfield_node3_final_seed_123,123,3,PPO,116,pulse,0.0,200,,,0.23477681075452717,0.7548661640300116,0.7043304322635815,0.02562540144096186,0.020784616470336914,0.24115626583894265,14.0705417337841,0.0375,14.996910572052002,1.2800567163274952
ppo_continuous_hopfield_node3_final_seed_42,42,3,PPO,116,pulse,0.0,200,,,0.23443251837034115,0.7552826147844355,0.7032975551110234,0.026929066723419562,0.01572883129119873,0.2381629715406538,14.169141777354913,0.04,14.998609066009521,1.2835607328660674
lqr_node3,-1,3,LQR,117,pulse,0.0,200,,,0.2981105075269653,0.8004579069584113,0.8943315225808958,0.06001915445804228,0.004565060138702393,0.18404284107637883,8.110084160317315,0.01,14.999794483184814,1.6699795141881006
smc_node3,-1,3,SMC,117,pulse,0.0,200,8.0,0.5,0.3035034291145832,0.7974022313913834,0.9105102873437497,0.13283950196188174,0.02825874090194702,0.20480916807948116,11.41066318879757,0.0325,15.000411033630371,1.7064865121608646
ppo_continuous_hopfield_node3_final_seed_1024,1024,3,PPO,117,pulse,0.0,200,,,0.23953738867391153,0.7596114546694279,0.7186121660217345,0.024878855438236102,0.010641694068908691,0.3408816553039146,23.3516871299902,0.07,15.001636505126953,1.294549184202666
ppo_continuous_hopfield_node3_final_seed_123,123,3,PPO,117,pulse,0.0,200,,,0.24260416264852458,0.7626178014222713,0.7278124879455737,0.02516008285736596,0.020776867866516113,0.2607665647133637,17.539047182414844,0.0525,15.002885818481445,1.3194254651313546
ppo_continuous_hopfield_node3_final_seed_42,42,3,PPO,117,pulse,0.0,200,,,0.23682236282041888,0.7605881132078118,0.7104670884612567,0.026331561341605806,0.015643715858459473,0.23218664713668408,15.03040881045806,0.045,15.002673149108887,1.3206115381569783
lqr_node3,-1,3,LQR,118,pulse,0.0,200,,,0.3434593134884067,0.8163791230967453,1.03037794046522,0.06313093080196852,0.004883229732513428,0.16989410394897622,5.480116391205289,0.01,15.000916004180908,1.703587384662818
smc_node3,-1,3,SMC,118,pulse,0.0,200,8.0,0.5,0.3597313196313934,0.8184702701502811,1.0791939588941801,0.14383699153952392,0.03035801649093628,0.195652505046641,7.227485168487679,0.0175,14.998669147491455,1.7624378874063937
ppo_continuous_hopfield_node3_final_seed_1024,1024,3,PPO,118,pulse,0.0,200,,,0.26809041472562184,0.765590284048524,0.8042712441768655,0.02533082399563289,0.011046111583709717,0.3171974873899522,17.703712040366746,0.05,15.000540256500244,1.2835935497776934
ppo_continuous_hopfield_node3_final_seed_123,123,3,PPO,118,pulse,0.0,200,,,0.27370950045003706,0.7678162282758431,0.8211285013501112,0.025564486850742942,0.020737886428833008,0.24362212148387022,13.018333450840514,0.035,14.998916149139404,1.2846306682985962
ppo_continuous_hopfield_node3_final_seed_42,42,3,PPO,118,pulse,0.0,200,,,0.2733255915579108,0.76782049922797,0.8199767746737324,0.026861673312974566,0.015822172164916992,0.22539490326644476,11.37315813972379,0.03,15.000066757202148,1.2883057470586319
lqr_node3,-1,3,LQR,119,pulse,0.0,200,,,0.34228577639045177,0.8295833760946276,1.0268573291713552,0.059465267431036924,0.004504024982452393,0.2269755173731477,10.703513595789094,0.0225,15.000431060791016,1.6661355766880126
smc_node3,-1,3,SMC,119,pulse,0.0,200,8.0,0.5,0.360746805038588,0.8272105996448719,1.082240415115764,0.13197961845147757,0.028133273124694824,0.25251334227038374,13.549781046640527,0.04,14.999813556671143,1.7047702655641002
ppo_continuous_hopfield_node3_final_seed_1024,1024,3,PPO,119,pulse,0.0,200,,,0.26207158598330427,0.7766288076192811,0.7862147579499128,0.025129405574666128,0.010240733623504639,0.4226287432070682,27.305490598227784,0.08,15.000227451324463,1.299735768471117
ppo_continuous_hopfield_node3_final_seed_123,123,3,PPO,119,pulse,0.0,200,,,0.2660412125330858,0.7815124953727484,0.7981236375992574,0.0253326687041992,0.020734846591949463,0.34092600185057137,21.638489907017014,0.0625,15.005736827850342,1.3322573122452592
ppo_continuous_hopfield_node3_final_seed_42,42,3,PPO,119,pulse,0.0,200,,,0.2660021804238678,0.7813844723703197,0.7980065412716034,0.026504848566320207,0.015377938747406006,0.3393062520818669,21.520018522714892,0.0625,15.003079414367676,1.3326500083750754
