method,node,controller_seed,test_seed,amplitude,eta,relative_bound,state_guard_hits,model_sha256,initial_x,initial_y,mae,rmse,mean_l1,steady_l1,final_l1,mean_abs_u,energy_u,saturation_fraction
Fixed_k8,2,-1,100,0.03,1.0,0.03,0,deterministic,"[-0.6200170516967773, 0.9629579782485962, -0.4305199086666107]","[0.2585463523864746, 0.16207295656204224, 0.19982454180717468]",3.08129289324054,4.090211052081818,9.243878679721618,8.539561268724041,8.12400709092617,1.686975485108737,67.47539254203905,0.0025
Fixed_k8,2,-1,101,0.03,1.0,0.03,0,deterministic,"[-0.550951361656189, 0.6109917163848877, 0.3617924749851227]","[-0.05787895619869232, -0.9383890628814697, 0.7895963788032532]",2.4533803972383885,3.287671838439963,7.360141191715165,5.719660299427716,5.236879676580429,1.4770350695548211,51.54768947312264,0.01
Fixed_k8,2,-1,102,0.03,1.0,0.03,0,deterministic,"[-0.5149568915367126, -0.7814074754714966, -0.3089001476764679]","[0.5584290027618408, 0.0793050229549408, 0.8485109210014343]",2.188458312813778,3.0803395144707904,6.565374938441334,8.103877153845481,8.94588528573513,1.2990844701590978,46.46919516337235,0.0125
Fixed_k8,2,-1,103,0.03,1.0,0.03,0,deterministic,"[-0.12263999134302139, -0.037186793982982635, 0.47996628284454346]","[-0.12207181006669998, 0.919745683670044, -0.3810819089412689]",2.3095451442653303,3.08385519134888,6.928635432795991,5.238007894084777,9.554459869861605,1.3236733585819045,43.26458215236302,0.005
Fixed_k8,2,-1,104,0.03,1.0,0.03,0,deterministic,"[0.6484106183052063, -0.8674346804618835, 0.07659447193145752]","[0.5117452144622803, 0.6506502032279968, -0.5617742538452148]",3.150825258911102,4.157052267279492,9.452475776733303,7.996290343319193,8.1399687230587,1.7549152365349177,72.81811444550364,0.0075
Fixed_k8,2,-1,105,0.03,1.0,0.03,0,deterministic,"[-0.42927682399749756, 0.11211804300546646, 0.4673515558242798]","[-0.602249801158905, -0.4704720079898834, -0.3490790128707886]",3.2126575893755764,4.111852145056293,9.63797276812673,10.634842922106202,12.307418525218964,1.6784690147326178,60.78594699926587,0.0025
Fixed_k8,2,-1,106,0.03,1.0,0.03,0,deterministic,"[-0.8895044922828674, 0.2718296945095062, -0.8628385663032532]","[0.9502007961273193, -0.6974973678588867, -0.4096177816390991]",2.900229909400752,3.849698060383964,8.700689728202256,7.415855813633512,7.672219023108482,1.5559877680795746,57.894318805948174,0.005
Fixed_k8,2,-1,107,0.03,1.0,0.03,0,deterministic,"[0.6331554651260376, -0.5412940382957458, -0.558035135269165]","[-0.916957676410675, -0.7854737043380737, 0.4266817569732666]",1.822089862843305,2.380985636759407,5.466269588529915,4.428981231870474,2.715348541736603,1.0588350628974137,25.34235064577968,0.0
Fixed_k8,2,-1,108,0.03,1.0,0.03,0,deterministic,"[0.2364661693572998, 0.06543176621198654, 0.1095544770359993]","[-0.17992550134658813, -0.7554280757904053, 0.9981473684310913]",3.366315693505486,4.342443543189676,10.098947080516458,12.118277241970286,13.489702880382538,1.7211340995798088,63.8313245146117,0.005
Fixed_k8,2,-1,109,0.03,1.0,0.03,0,deterministic,"[0.9988187551498413, 0.9677178263664246, 0.040775928646326065]","[0.3314192593097687, -0.585135817527771, 0.520487904548645]",3.28315136804929,4.365564123861314,9.84945410414787,9.275044114409406,7.873504027724266,1.6743772365059937,68.3938472930256,0.01
Fixed_k8,2,-1,110,0.03,1.0,0.03,0,deterministic,"[-0.10864169895648956, 0.04931486025452614, -0.4704791009426117]","[-0.871351957321167, 0.2730865180492401, -0.019966647028923035]",2.1099711107500423,2.816836408385411,6.329913332250127,5.213097722626027,7.599204644560814,1.3271312916516662,40.84583037903699,0.0
Fixed_k8,2,-1,111,0.03,1.0,0.03,0,deterministic,"[-0.6049723625183105, -0.32344892621040344, 0.43083447217941284]","[-0.8419704437255859, -0.16797947883605957, -0.20451059937477112]",3.0901847754822653,4.093036094470165,9.270554326446796,7.889662773336894,8.201707899570465,1.568995014613406,57.94864515409312,0.0
Fixed_k8,2,-1,112,0.03,1.0,0.03,0,deterministic,"[0.4448135197162628, -0.9011456966400146, 0.6439449191093445]","[0.9329946637153625, 0.5882050395011902, 0.9689865112304688]",2.1523529904014302,3.31739621312309,6.457058971204291,8.834164835144708,8.318514466285706,1.238870768104111,46.05077680892728,0.0125
Fixed_k8,2,-1,113,0.03,1.0,0.03,0,deterministic,"[0.41863173246383667, -0.023482682183384895, 0.2279641479253769]","[-0.4255177676677704, -0.7030157446861267, -0.44172894954681396]",2.648607947830349,3.546624946324024,7.945823843491047,6.636865982854808,7.229617089033127,1.5869899328212786,57.75225736932592,0.005
Fixed_k8,2,-1,114,0.03,1.0,0.03,0,deterministic,"[-0.7814548015594482, -0.6798140406608582, -0.9797838926315308]","[0.11529668420553207, -0.6668115258216858, -0.3657369315624237]",2.8124638981435908,3.7098543638989008,8.437391694430772,7.657407934650963,6.669990509748459,1.505556996103534,52.646437663491376,0.0
Fixed_k8,2,-1,115,0.03,1.0,0.03,0,deterministic,"[-0.13505227863788605, -0.6992138028144836, -0.6386840343475342]","[-0.08365152776241302, -0.7399067878723145, -0.1394127458333969]",2.801702316934034,3.778369496169885,8.405106950802102,10.22991313169032,11.93065583705902,1.424632732707663,47.6505087083782,0.0
Fixed_k8,2,-1,116,0.03,1.0,0.03,0,deterministic,"[0.0036390621680766344, -0.36614876985549927, -0.6434957981109619]","[0.9050279259681702, 0.8802486658096313, -0.9539850950241089]",2.595491464831189,3.540133313380066,7.786474394493567,5.083125794191419,6.765990242362022,1.4410546283769488,48.58247157815477,0.01
Fixed_k8,2,-1,117,0.03,1.0,0.03,0,deterministic,"[0.11515316367149353, 0.7238221168518066, -0.36945784091949463]","[-0.9954982399940491, 0.7611866593360901, 0.800013542175293]",3.1946196952062107,4.241017684323187,9.583859085618633,8.232611479122697,8.180338442325592,1.651105559897839,65.07850181394375,0.0
Fixed_k8,2,-1,118,0.03,1.0,0.03,0,deterministic,"[0.7532855868339539, -0.8538441061973572, 0.6052027344703674]","[0.3583809733390808, -0.14669764041900635, -0.04589289054274559]",2.8929176709164905,3.8776343224186265,8.678753012749471,8.38551123044741,8.125381857156754,1.5214294657445608,56.46312564463484,0.0025
Fixed_k8,2,-1,119,0.03,1.0,0.03,0,deterministic,"[0.9546050429344177, -0.7296091914176941, 0.7618905305862427]","[-0.6044704914093018, 0.3422892987728119, 0.2229812741279602]",3.0132243191190096,4.028717284520404,9.039672957357029,8.517354002705327,8.464833036065102,1.565879076199044,59.214487313555495,0.005
Fixed_k8,2,-1,100,0.05,1.0,0.05,0,deterministic,"[-0.6200170516967773, 0.9629579782485962, -0.4305199086666107]","[0.2585463523864746, 0.16207295656204224, 0.19982454180717468]",3.06272533157235,4.059989564670836,9.18817599471705,8.475396018797232,8.05266559123993,1.7126385267090023,69.23747580325988,0.0025
Fixed_k8,2,-1,101,0.05,1.0,0.05,0,deterministic,"[-0.550951361656189, 0.6109917163848877, 0.3617924749851227]","[-0.05787895619869232, -0.9383890628814697, 0.7895963788032532]",2.494696768674247,3.330453662039282,7.484090306022741,5.852117476639925,5.385520547628403,1.5182354583258642,53.98795057842708,0.01
Fixed_k8,2,-1,102,0.05,1.0,0.05,0,deterministic,"[-0.5149568915367126, -0.7814074754714966, -0.3089001476764679]","[0.5584290027618408, 0.0793050229549408, 0.8485109210014343]",2.2547141018316634,3.1562914586910558,6.76414230549499,8.309599066590085,9.128572449088097,1.312125127957646,47.141776902278814,0.0125
Fixed_k8,2,-1,103,0.05,1.0,0.05,0,deterministic,"[-0.12263999134302139, -0.037186793982982635, 0.47996628284454346]","[-0.12207181006669998, 0.919745683670044, -0.3810819089412689]",2.3054940487263558,3.0707512411895554,6.916482146179066,5.2325277777365695,9.550108015537262,1.2755597988120335,40.79278559772983,0.005
Fixed_k8,2,-1,104,0.05,1.0,0.05,0,deterministic,"[0.6484106183052063, -0.8674346804618835, 0.07659447193145752]","[0.5117452144622803, 0.6506502032279968, -0.5617742538452148]",3.123712582044545,4.11403474780953,9.371137746133634,7.906346930029952,8.049730896949768,1.7943978008635324,75.60174885844604,0.0075
Fixed_k8,2,-1,105,0.05,1.0,0.05,0,deterministic,"[-0.42927682399749756, 0.11211804300546646, 0.4673515558242798]","[-0.602249801158905, -0.4704720079898834, -0.3490790128707886]",3.180364066928452,4.062243487193048,9.541092200785355,10.529320514680428,12.205946683883669,1.6505776820634666,58.94760074003749,0.0025
Fixed_k8,2,-1,106,0.05,1.0,0.05,0,deterministic,"[-0.8895044922828674, 0.2718296945095062, -0.8628385663032532]","[0.9502007961273193, -0.6974973678588867, -0.4096177816390991]",2.8530824855790597,3.784582260628428,8.559247456737179,7.275036994597794,7.531069427728653,1.5227310336810396,55.80428103903915,0.005
Fixed_k8,2,-1,107,0.05,1.0,0.05,0,deterministic,"[0.6331554651260376, -0.5412940382957458, -0.558035135269165]","[-0.916957676410675, -0.7854737043380737, 0.4266817569732666]",1.7918095591471082,2.3553307427107284,5.375428677441325,4.323682309852706,2.544622838497162,1.0006065649581966,22.933786178364556,0.0
Fixed_k8,2,-1,108,0.05,1.0,0.05,0,deterministic,"[0.2364661693572998, 0.06543176621198654, 0.1095544770359993]","[-0.17992550134658813, -0.7554280757904053, 0.9981473684310913]",3.3270949539376216,4.285379337936107,9.981284861812863,11.996666686034496,13.37899649143219,1.6857322216628496,61.40985693391472,0.005
Fixed_k8,2,-1,109,0.05,1.0,0.05,0,deterministic,"[0.9988187551498413, 0.9677178263664246, 0.040775928646326065]","[0.3314192593097687, -0.585135817527771, 0.520487904548645]",3.3129729509449635,4.406048858264394,9.93891885283489,9.367440718007677,7.963611930608749,1.6534956239925656,67.00492251965342,0.01
Fixed_k8,2,-1,110,0.05,1.0,0.05,0,deterministic,"[-0.10864169895648956, 0.04931486025452614, -0.4704791009426117]","[-0.871351957321167, 0.2730865180492401, -0.019966647028923035]",2.0979627090616964,2.8139653396080746,6.293888127185088,5.135251250347974,7.518965691328049,1.355463995228979,42.40215981996482,0.0
Fixed_k8,2,-1,111,0.05,1.0,0.05,0,deterministic,"[-0.6049723625183105, -0.32344892621040344, 0.43083447217941284]","[-0.8419704437255859, -0.16797947883605957, -0.20451059937477112]",3.0786098377641324,4.08966128956957,9.235829513292398,7.859756241702003,8.17202053964138,1.5224706786603404,55.02057147418722,0.0
Fixed_k8,2,-1,112,0.05,1.0,0.05,0,deterministic,"[0.4448135197162628, -0.9011456966400146, 0.6439449191093445]","[0.9329946637153625, 0.5882050395011902, 0.9689865112304688]",2.21868149446771,3.373624178975774,6.65604448340313,8.889774519352265,8.367726683616638,1.2780219325029345,47.766295704983015,0.0125
Fixed_k8,2,-1,113,0.05,1.0,0.05,0,deterministic,"[0.41863173246383667, -0.023482682183384895, 0.2279641479253769]","[-0.4255177676677704, -0.7030157446861267, -0.44172894954681396]",2.5929910003417422,3.4821098967637187,7.778973001025227,6.437581587536835,7.0557690262794495,1.6233786188456183,60.08144398702821,0.005
Fixed_k8,2,-1,114,0.05,1.0,0.05,0,deterministic,"[-0.7814548015594482, -0.6798140406608582, -0.9797838926315308]","[0.11529668420553207, -0.6668115258216858, -0.3657369315624237]",2.825204682308044,3.714559646793973,8.475614046924132,7.701850606519499,6.714026063680649,1.5140338089697971,53.166947735218,0.0
Fixed_k8,2,-1,115,0.05,1.0,0.05,0,deterministic,"[-0.13505227863788605, -0.6992138028144836, -0.6386840343475342]","[-0.08365152776241302, -0.7399067878723145, -0.1394127458333969]",2.784430700130544,3.767247143918758,8.353292100391633,10.18936830004792,11.892583847045898,1.3723040902406498,44.69406871563376,0.0
Fixed_k8,2,-1,116,0.05,1.0,0.05,0,deterministic,"[0.0036390621680766344, -0.36614876985549927, -0.6434957981109619]","[0.9050279259681702, 0.8802486658096313, -0.9539850950241089]",2.628805915242121,3.5987035955721045,7.886417745726364,5.181769379679068,6.854746401309967,1.4302973669960612,47.99039988650348,0.01
Fixed_k8,2,-1,117,0.05,1.0,0.05,0,deterministic,"[0.11515316367149353, 0.7238221168518066, -0.36945784091949463]","[-0.9954982399940491, 0.7611866593360901, 0.800013542175293]",3.174268381575669,4.224807319757407,9.522805144727007,8.18049450531418,8.124003827571869,1.6335118660457115,63.88468155299958,0.0
Fixed_k8,2,-1,118,0.05,1.0,0.05,0,deterministic,"[0.7532855868339539, -0.8538441061973572, 0.6052027344703674]","[0.3583809733390808, -0.14669764041900635, -0.04589289054274559]",2.8674635993748754,3.844962003143397,8.602390798124626,8.286862156181424,8.0167927891016,1.49085595887944,54.54322208529058,0.0025
Fixed_k8,2,-1,119,0.05,1.0,0.05,0,deterministic,"[0.9546050429344177, -0.7296091914176941, 0.7618905305862427]","[-0.6044704914093018, 0.3422892987728119, 0.2229812741279602]",3.0311085205232526,4.055535512256954,9.093325561569758,8.599551725488753,8.55372367799282,1.5352727085760705,57.220014084060665,0.005
Fixed_k8,2,-1,100,0.03,2.0,0.06,0,deterministic,"[-0.6200170516967773, 0.9629579782485962, -0.4305199086666107]","[0.2585463523864746, 0.16207295656204224, 0.19982454180717468]",3.053405921276061,4.044943774394641,9.160217763828184,8.44322020597296,8.016891866922379,1.7254419156961014,70.12721871396047,0.0025
Fixed_k8,2,-1,101,0.03,2.0,0.06,0,deterministic,"[-0.550951361656189, 0.6109917163848877, 0.3617924749851227]","[-0.05787895619869232, -0.9383890628814697, 0.7895963788032532]",2.5151681705522764,3.3517112547493486,7.545504511656829,5.917765615898886,5.458649545907974,1.5386848246813416,55.22551413182166,0.01
Fixed_k8,2,-1,102,0.03,2.0,0.06,0,deterministic,"[-0.5149568915367126, -0.7814074754714966, -0.3089001476764679]","[0.5584290027618408, 0.0793050229549408, 0.8485109210014343]",2.2870042477722774,3.1934414246972462,6.861012743316833,8.410633454536214,9.21946845948696,1.3179775026076452,47.44290102482385,0.0125
Fixed_k8,2,-1,103,0.03,2.0,0.06,0,deterministic,"[-0.12263999134302139, -0.037186793982982635, 0.47996628284454346]","[-0.12207181006669998, 0.919745683670044, -0.3810819089412689]",2.303287022577557,3.0641973584977853,6.90986106773267,5.228811098653593,9.546946823596954,1.2513364556424338,39.58401433905936,0.005
Fixed_k8,2,-1,104,0.03,2.0,0.06,0,deterministic,"[0.6484106183052063, -0.8674346804618835, 0.07659447193145752]","[0.5117452144622803, 0.6506502032279968, -0.5617742538452148]",3.1101495652077897,4.092629486603231,9.33044869562337,7.861366710821052,8.004599213600159,1.8141428348132205,77.01802640010244,0.0075
Fixed_k8,2,-1,105,0.03,2.0,0.06,0,deterministic,"[-0.42927682399749756, 0.11211804300546646, 0.4673515558242798]","[-0.602249801158905, -0.4704720079898834, -0.3490790128707886]",3.164232861835909,4.037604468257698,9.492698585507728,10.476615635885132,12.155269026756288,1.6366276418479009,58.040204673144174,0.0025
Fixed_k8,2,-1,106,0.03,2.0,0.06,0,deterministic,"[-0.8895044922828674, 0.2718296945095062, -0.8628385663032532]","[0.9502007961273193, -0.6974973678588867, -0.4096177816390991]",2.8294795155788424,3.7520756805924265,8.488438546736527,7.20449683226553,7.460350871086121,1.5061913470451969,54.777416280040825,0.005
Fixed_k8,2,-1,107,0.03,2.0,0.06,0,deterministic,"[0.6331554651260376, -0.5412940382957458, -0.558035135269165]","[-0.916957676410675, -0.7854737043380737, 0.4266817569732666]",1.7759932332353996,2.341794885954437,5.327979699706199,4.2687563436266815,2.4524583220481877,0.9710228122083326,21.762446222148935,0.0
Fixed_k8,2,-1,108,0.03,2.0,0.06,0,deterministic,"[0.2364661693572998, 0.06543176621198654, 0.1095544770359993]","[-0.17992550134658813, -0.7554280757904053, 0.9981473684310913]",3.307530385362339,4.257000920653065,9.922591156087018,11.935982377624804,13.323718190193176,1.6680392912795716,60.21886180334468,0.005
Fixed_k8,2,-1,109,0.03,2.0,0.06,0,deterministic,"[0.9988187551498413, 0.9677178263664246, 0.040775928646326065]","[0.3314192593097687, -0.585135817527771, 0.520487904548645]",3.327877765674692,4.42630497997741,9.983633297024076,9.413645535983422,8.008635744452477,1.6430582615205476,66.31551831982057,0.01
Fixed_k8,2,-1,110,0.03,2.0,0.06,0,deterministic,"[-0.10864169895648956, 0.04931486025452614, -0.4704791009426117]","[-0.871351957321167, 0.2730865180492401, -0.019966647028923035]",2.090895986960193,2.81145409284563,6.272687960880579,5.092818116148313,7.474702417850494,1.368853435774991,43.14710078228476,0.0
Fixed_k8,2,-1,111,0.03,2.0,0.06,0,deterministic,"[-0.6049723625183105, -0.32344892621040344, 0.43083447217941284]","[-0.8419704437255859, -0.16797947883605957, -0.20451059937477112]",3.0726256056488217,4.0878132939592655,9.217876816946465,7.844595447458603,8.15690977871418,1.4992599795175312,53.58356896795763,0.0
Fixed_k8,2,-1,112,0.03,2.0,0.06,0,deterministic,"[0.4448135197162628, -0.9011456966400146, 0.6439449191093445]","[0.9329946637153625, 0.5882050395011902, 0.9689865112304688]",2.2483356986752248,3.401320418172749,6.745007096025675,8.917392711120623,8.391935914754868,1.2956325432234572,48.591777617351205,0.0125
Fixed_k8,2,-1,113,0.03,2.0,0.06,0,deterministic,"[0.41863173246383667, -0.023482682183384895, 0.2279641479253769]","[-0.4255177676677704, -0.7030157446861267, -0.44172894954681396]",2.5647313438560304,3.449515101640978,7.694194031568091,6.333625342742897,6.967303484678268,1.6409573199743048,61.22827990610705,0.005
Fixed_k8,2,-1,114,0.03,2.0,0.06,0,deterministic,"[-0.7814548015594482, -0.6798140406608582, -0.9797838926315308]","[0.11529668420553207, -0.6668115258216858, -0.3657369315624237]",2.8313644334754398,3.7168385281962895,8.494093300426318,7.723676499761181,6.735669493675232,1.518127614646184,53.41935209517328,0.0
Fixed_k8,2,-1,115,0.03,2.0,0.06,0,deterministic,"[-0.13505227863788605, -0.6992138028144836, -0.6386840343475342]","[-0.08365152776241302, -0.7399067878723145, -0.1394127458333969]",2.775540075542797,3.761481553229815,8.32662022662839,10.1689305982472,11.873439267277718,1.3460083188410117,43.25098128496239,0.0
Fixed_k8,2,-1,116,0.03,2.0,0.06,0,deterministic,"[0.0036390621680766344, -0.36614876985549927, -0.6434957981109619]","[0.9050279259681702, 0.8802486658096313, -0.9539850950241089]",2.6453527706185183,3.628110392085733,7.936058311855555,5.230721241530077,6.89842489361763,1.424841583072396,47.69218647073311,0.01
Fixed_k8,2,-1,117,0.03,2.0,0.06,0,deterministic,"[0.11515316367149353, 0.7238221168518066, -0.36945784091949463]","[-0.9954982399940491, 0.7611866593360901, 0.800013542175293]",3.163844441745743,4.21649913915645,9.49153332523723,8.154057965142492,8.095084384083748,1.6245626023879969,63.282383476884775,0.0
Fixed_k8,2,-1,118,0.03,2.0,0.06,0,deterministic,"[0.7532855868339539, -0.8538441061973572, 0.6052027344703674]","[0.3583809733390808, -0.14669764041900635, -0.04589289054274559]",2.8546747493225517,3.828642826865595,8.564024247967655,8.237687131780902,7.962656259536743,1.4756080177879691,53.596845887187776,0.0025
Fixed_k8,2,-1,119,0.03,2.0,0.06,0,deterministic,"[0.9546050429344177, -0.7296091914176941, 0.7618905305862427]","[-0.6044704914093018, 0.3422892987728119, 0.2229812741279602]",3.039820762413863,4.068737169692055,9.11946228724159,8.640540386837573,8.59801098704338,1.5200044072588483,56.23380297748352,0.005
Fixed_k8,2,-1,100,0.05,2.0,0.1,0,deterministic,"[-0.6200170516967773, 0.9629579782485962, -0.4305199086666107]","[0.2585463523864746, 0.16207295656204224, 0.19982454180717468]",3.015889241625667,3.985204423828157,9.047667724877002,8.313892169683069,7.873135104775429,1.7764641664123295,73.7436498665425,0.0025
Fixed_k8,2,-1,101,0.05,2.0,0.1,0,deterministic,"[-0.550951361656189, 0.6109917163848877, 0.3617924749851227]","[-0.05787895619869232, -0.9383890628814697, 0.7895963788032532]",2.596015938035122,3.4360357311488583,7.788047814105366,6.177108567805938,5.74449560046196,1.619625847981755,60.29545896675313,0.01
Fixed_k8,2,-1,102,0.05,2.0,0.1,0,deterministic,"[-0.5149568915367126, -0.7814074754714966, -0.3089001476764679]","[0.5584290027618408, 0.0793050229549408, 0.8485109210014343]",2.4121829598138755,3.3383509217501524,7.236548879441626,8.804960526250026,9.580614879727364,1.3382199118262217,48.48473127146631,0.0125
Fixed_k8,2,-1,103,0.05,2.0,0.1,0,deterministic,"[-0.12263999134302139, -0.037186793982982635, 0.47996628284454346]","[-0.12207181006669998, 0.919745683670044, -0.3810819089412689]",2.29340450216862,3.038188010722593,6.88021350650586,5.208343137929469,9.528712451457976,1.153483223179332,34.94443974565978,0.005
Fixed_k8,2,-1,104,0.05,2.0,0.1,0,deterministic,"[0.6484106183052063, -0.8674346804618835, 0.07659447193145752]","[0.5117452144622803, 0.6506502032279968, -0.5617742538452148]",3.05586118728901,4.007744129948285,9.16758356186703,7.681385128494398,7.823997125029564,1.8931488688301268,82.84642029925539,0.0075
Fixed_k8,2,-1,105,0.05,2.0,0.1,0,deterministic,"[-0.42927682399749756, 0.11211804300546646, 0.4673515558242798]","[-0.602249801158905, -0.4704720079898834, -0.3490790128707886]",3.0998123480581485,3.940191230295367,9.299437044174445,10.266167133678625,11.95292431116104,1.58080368015237,54.48959222679878,0.0025
Fixed_k8,2,-1,106,0.05,2.0,0.1,0,deterministic,"[-0.8895044922828674, 0.2718296945095062, -0.8628385663032532]","[0.9502007961273193, -0.6974973678588867, -0.4096177816390991]",2.734886559028355,3.622437171172424,8.204659677085065,6.9214838520612245,7.176514357328415,1.4406322846537516,50.791373332554045,0.005
Fixed_k8,2,-1,107,0.05,2.0,0.1,0,deterministic,"[0.6331554651260376, -0.5412940382957458, -0.558035135269165]","[-0.916957676410675, -0.7854737043380737, 0.4266817569732666]",1.7064041371890035,2.280692022220842,5.119212411567012,4.029347928125917,2.021863758563996,0.848405621444198,17.279663828468365,0.0
Fixed_k8,2,-1,108,0.05,2.0,0.1,0,deterministic,"[0.2364661693572998, 0.06543176621198654, 0.1095544770359993]","[-0.17992550134658813, -0.7554280757904053, 0.9981473684310913]",3.229588605928005,4.144555609229029,9.688765817784017,11.694030711496318,13.10314029455185,1.597517740399463,55.58637191105087,0.005
Fixed_k8,2,-1,109,0.05,2.0,0.1,0,deterministic,"[0.9988187551498413, 0.9677178263664246, 0.040775928646326065]","[0.3314192593097687, -0.585135817527771, 0.520487904548645]",3.38746410725036,4.507425601024035,10.16239232175108,9.598520934535763,8.188544407486916,1.6013322706680346,63.59313592769562,0.01
Fixed_k8,2,-1,110,0.05,2.0,0.1,0,deterministic,"[-0.10864169895648956, 0.04931486025452614, -0.4704791009426117]","[-0.871351957321167, 0.2730865180492401, -0.019966647028923035]",2.0541679923076583,2.792800185639285,6.162503976922975,4.891703429597396,7.259155854582787,1.4156099040609345,45.791742121708765,0.0
Fixed_k8,2,-1,111,0.05,2.0,0.1,0,deterministic,"[-0.6049723625183105, -0.32344892621040344, 0.43083447217941284]","[-0.8419704437255859, -0.16797947883605957, -0.20451059937477112]",3.046945080598499,4.078918044522868,9.140835241795497,7.782314536564144,8.094382420182228,1.4063224855838274,48.0081304027059,0.0
Fixed_k8,2,-1,112,0.05,2.0,0.1,0,deterministic,"[0.4448135197162628, -0.9011456966400146, 0.6439449191093445]","[0.9329946637153625, 0.5882050395011902, 0.9689865112304688]",2.353573750286477,3.511347358875301,7.060721250859431,9.0264980694578,8.48578329384327,1.3596742651111764,51.76417608820255,0.0125
Fixed_k8,2,-1,113,0.05,2.0,0.1,0,deterministic,"[0.41863173246383667, -0.023482682183384895, 0.2279641479253769]","[-0.4255177676677704, -0.7030157446861267, -0.44172894954681396]",2.4475565670260964,3.3159684773409226,7.342669701078289,5.876459997929173,6.598197966814041,1.7057101215210342,65.58590882159353,0.005
Fixed_k8,2,-1,114,0.05,2.0,0.1,0,deterministic,"[-0.7814548015594482, -0.6798140406608582, -0.9797838926315308]","[0.11529668420553207, -0.6668115258216858, -0.3657369315624237]",2.854796098007922,3.725678157842404,8.564388294023766,7.8087585130591455,6.820159047842026,1.5336828273430727,54.38462970086,0.0
Fixed_k8,2,-1,115,0.05,2.0,0.1,0,deterministic,"[-0.13505227863788605, -0.6992138028144836, -0.6386840343475342]","[-0.08365152776241302, -0.7399067878723145, -0.1394127458333969]",2.7378170041217222,3.7366013481539286,8.213451012365168,10.0859576643985,11.796063482761385,1.2396986556617993,37.70615349899317,0.0
Fixed_k8,2,-1,116,0.05,2.0,0.1,0,deterministic,"[0.0036390621680766344, -0.36614876985549927, -0.6434957981109619]","[0.9050279259681702, 0.8802486658096313, -0.9539850950241089]",2.7107169254065946,3.746343377526097,8.132150776219785,5.423830479015539,7.067961350083351,1.4025383908255142,46.4824947262786,0.01
Fixed_k8,2,-1,117,0.05,2.0,0.1,0,deterministic,"[0.11515316367149353, 0.7238221168518066, -0.36945784091949463]","[-0.9954982399940491, 0.7611866593360901, 0.800013542175293]",3.120163718977028,4.181554941009336,9.360491156931085,8.045427713957098,7.973609432578087,1.5877372411421111,60.82639486113485,0.0
Fixed_k8,2,-1,118,0.05,2.0,0.1,0,deterministic,"[0.7532855868339539, -0.8538441061973572, 0.6052027344703674]","[0.3583809733390808, -0.14669764041900635, -0.04589289054274559]",2.8031001887822264,3.763508412433038,8.40930056634668,8.041974739206058,7.747136905789375,1.4146418585964569,49.90350161712352,0.0025
Fixed_k8,2,-1,119,0.05,2.0,0.1,0,deterministic,"[0.9546050429344177, -0.7296091914176941, 0.7618905305862427]","[-0.6044704914093018, 0.3422892987728119, 0.2229812741279602]",3.0729353263066868,4.11994522409781,9.21880597892006,8.803774066085433,8.774145260453224,1.458639333484476,52.3640911208704,0.005
Fixed_k8,3,-1,100,0.03,1.0,0.03,0,deterministic,"[-0.6200170516967773, 0.9629579782485962, -0.4305199086666107]","[0.2585463523864746, 0.16207295656204224, 0.19982454180717468]",0.0545988249633513,0.0964869266990468,0.1637964748900541,0.0855105983403821,0.0443006735295057,0.1213521866541253,3.8480041734296777,0.0075
Fixed_k8,3,-1,101,0.03,1.0,0.03,0,deterministic,"[-0.550951361656189, 0.6109917163848877, 0.3617924749851227]","[-0.05787895619869232, -0.9383890628814697, 0.7895963788032532]",0.0753272172223841,0.19202584254397,0.2259816516671524,0.0338490183154741,0.0339305698871612,0.1629603455154378,5.829574429824682,0.0
Fixed_k8,3,-1,102,0.03,1.0,0.03,0,deterministic,"[-0.5149568915367126, -0.7814074754714966, -0.3089001476764679]","[0.5584290027618408, 0.0793050229549408, 0.8485109210014343]",0.0713732979155485,0.1772088577684677,0.2141198937466456,0.0628482290187183,0.0216668769717216,0.1662028261838931,6.1303016822669365,0.0125
Fixed_k8,3,-1,103,0.03,1.0,0.03,0,deterministic,"[-0.12263999134302139, -0.037186793982982635, 0.47996628284454346]","[-0.12207181006669998, 0.919745683670044, -0.3810819089412689]",0.0614405158912594,0.154671800067583,0.1843215476737782,0.0820287790977292,0.0483578145503997,0.1607523758122302,5.7658440624904586,0.015
Fixed_k8,3,-1,104,0.03,1.0,0.03,0,deterministic,"[0.6484106183052063, -0.8674346804618835, 0.07659447193145752]","[0.5117452144622803, 0.6506502032279968, -0.5617742538452148]",0.1010150241236653,0.2147986640780704,0.3030450723709961,0.0884227283402449,0.0512121468782424,0.1672225662802074,6.603474739726209,0.015
Fixed_k8,3,-1,105,0.03,1.0,0.03,0,deterministic,"[-0.42927682399749756, 0.11211804300546646, 0.4673515558242798]","[-0.602249801158905, -0.4704720079898834, -0.3490790128707886]",0.0378551072996893,0.0906415370468014,0.1135653218990679,0.0567642717081823,0.1061887741088867,0.1037763524568289,3.217664905331105,0.005
Fixed_k8,3,-1,106,0.03,1.0,0.03,0,deterministic,"[-0.8895044922828674, 0.2718296945095062, -0.8628385663032532]","[0.9502007961273193, -0.6974973678588867, -0.4096177816390991]",0.0396749673158484,0.1207344892912521,0.1190249019475454,0.0261559299319798,0.0230362555012106,0.0907442706713727,2.85579729053196,0.0
Fixed_k8,3,-1,107,0.03,1.0,0.03,0,deterministic,"[0.6331554651260376, -0.5412940382957458, -0.558035135269165]","[-0.916957676410675, -0.7854737043380737, 0.4266817569732666]",0.0952494190254884,0.2122077032526795,0.2857482570764653,0.1035393820500668,0.0975603461265564,0.1573137959785889,4.601981126796883,0.01
Fixed_k8,3,-1,108,0.03,1.0,0.03,0,deterministic,"[0.2364661693572998, 0.06543176621198654, 0.1095544770359993]","[-0.17992550134658813, -0.7554280757904053, 0.9981473684310913]",0.101010681585202,0.1972987875247665,0.3030320447556061,0.1142124512497289,0.1558361053466797,0.1940328304346957,6.257478421909572,0.0125
Fixed_k8,3,-1,109,0.03,1.0,0.03,0,deterministic,"[0.9988187551498413, 0.9677178263664246, 0.040775928646326065]","[0.3314192593097687, -0.585135817527771, 0.520487904548645]",0.0861414594797174,0.2425938747778292,0.2584243784391523,0.0514502336593045,0.0244919694960117,0.1619717728838956,5.576661781564607,0.0
Fixed_k8,3,-1,110,0.03,1.0,0.03,0,deterministic,"[-0.10864169895648956, 0.04931486025452614, -0.4704791009426117]","[-0.871351957321167, 0.2730865180492401, -0.019966647028923035]",0.0278012439463804,0.0660373330953219,0.0834037318391414,0.0670581359795674,0.0472574084997177,0.0822543656718255,1.0710608596652758,0.0
Fixed_k8,3,-1,111,0.03,1.0,0.03,0,deterministic,"[-0.6049723625183105, -0.32344892621040344, 0.43083447217941284]","[-0.8419704437255859, -0.16797947883605957, -0.20451059937477112]",0.0302261051482653,0.0501020455241328,0.090678315444796,0.0433812996970466,0.0061818370595574,0.0812786771193555,2.533820132593388,0.005
Fixed_k8,3,-1,112,0.03,1.0,0.03,0,deterministic,"[0.4448135197162628, -0.9011456966400146, 0.6439449191093445]","[0.9329946637153625, 0.5882050395011902, 0.9689865112304688]",0.0625985815108104,0.1804504420428181,0.1877957445324312,0.031480214693641,0.0016287304461002,0.1179726301016578,1.8830531516927025,0.0
Fixed_k8,3,-1,113,0.03,1.0,0.03,0,deterministic,"[0.41863173246383667, -0.023482682183384895, 0.2279641479253769]","[-0.4255177676677704, -0.7030157446861267, -0.44172894954681396]",0.0621410636610644,0.139187823864085,0.1864231909831935,0.0614060238981044,0.0348462909460067,0.1348817826357863,3.01303410123497,0.005
Fixed_k8,3,-1,114,0.03,1.0,0.03,0,deterministic,"[-0.7814548015594482, -0.6798140406608582, -0.9797838926315308]","[0.11529668420553207, -0.6668115258216858, -0.3657369315624237]",0.0215094653691737,0.0642179018726024,0.0645283961075211,0.0072967121090142,0.0122890919446945,0.0779120906481421,2.141379328272129,0.0025
Fixed_k8,3,-1,115,0.03,1.0,0.03,0,deterministic,"[-0.13505227863788605, -0.6992138028144836, -0.6386840343475342]","[-0.08365152776241302, -0.7399067878723145, -0.1394127458333969]",0.0253899244414309,0.0381860212347323,0.0761697733242928,0.0665704617161809,0.108210951089859,0.0623903170395224,1.514998599035841,0.0
Fixed_k8,3,-1,116,0.03,1.0,0.03,0,deterministic,"[0.0036390621680766344, -0.36614876985549927, -0.6434957981109619]","[0.9050279259681702, 0.8802486658096313, -0.9539850950241089]",0.1033115863272841,0.2455139685875517,0.3099347589818524,0.1566367517167955,0.1434021284803748,0.1528245479035704,3.1447388605893174,0.0
Fixed_k8,3,-1,117,0.03,1.0,0.03,0,deterministic,"[0.11515316367149353, 0.7238221168518066, -0.36945784091949463]","[-0.9954982399940491, 0.7611866593360901, 0.800013542175293]",0.0390865324304693,0.1689521027456202,0.1172595972914081,0.0126300320563906,0.0046082697808742,0.0963040833266224,4.648488471628835,0.0125
Fixed_k8,3,-1,118,0.03,1.0,0.03,0,deterministic,"[0.7532855868339539, -0.8538441061973572, 0.6052027344703674]","[0.3583809733390808, -0.14669764041900635, -0.04589289054274559]",0.0451298724733763,0.0909099044272656,0.1353896174201291,0.0475035439486856,0.0186639986932277,0.088125867337137,3.417832436405683,0.005
Fixed_k8,3,-1,119,0.03,1.0,0.03,0,deterministic,"[0.9546050429344177, -0.7296091914176941, 0.7618905305862427]","[-0.6044704914093018, 0.3422892987728119, 0.2229812741279602]",0.0392302779360044,0.1096064547041776,0.1176908338080134,0.0403308177619804,0.0037385746836662,0.118069277198386,3.858741664213644,0.005
Fixed_k8,3,-1,100,0.05,1.0,0.05,0,deterministic,"[-0.6200170516967773, 0.9629579782485962, -0.4305199086666107]","[0.2585463523864746, 0.16207295656204224, 0.19982454180717468]",0.0780845718765639,0.1221572942178835,0.2342537156296917,0.1416925559061821,0.0734138414263725,0.15164802529085,3.9347655593564697,0.0075
Fixed_k8,3,-1,101,0.05,1.0,0.05,0,deterministic,"[-0.550951361656189, 0.6109917163848877, 0.3617924749851227]","[-0.05787895619869232, -0.9383890628814697, 0.7895963788032532]",0.0813994839364014,0.1915759884678598,0.2441984518092042,0.0573702499638369,0.0555229485034942,0.1692781393274553,5.831428611914686,0.0
Fixed_k8,3,-1,102,0.05,1.0,0.05,0,deterministic,"[-0.5149568915367126, -0.7814074754714966, -0.3089001476764679]","[0.5584290027618408, 0.0793050229549408, 0.8485109210014343]",0.0849727238408434,0.1824826307106176,0.2549181715225304,0.1055552320623839,0.0360952764749527,0.1866181690682496,6.168055790691586,0.0125
Fixed_k8,3,-1,103,0.05,1.0,0.05,0,deterministic,"[-0.12263999134302139, -0.037186793982982635, 0.47996628284454346]","[-0.12207181006669998, 0.919745683670044, -0.3810819089412689]",0.0743954309006086,0.1593931570203688,0.2231862927018258,0.1381344572629457,0.0819502472877502,0.204254013047254,5.986172009828216,0.015
Fixed_k8,3,-1,104,0.05,1.0,0.05,0,deterministic,"[0.6484106183052063, -0.8674346804618835, 0.07659447193145752]","[0.5117452144622803, 0.6506502032279968, -0.5617742538452148]",0.1277367225317834,0.2357355494723627,0.3832101675953502,0.1462123948091894,0.0836690915748477,0.1899877629263739,6.631113285709964,0.015
Fixed_k8,3,-1,105,0.05,1.0,0.05,0,deterministic,"[-0.42927682399749756, 0.11211804300546646, 0.4673515558242798]","[-0.602249801158905, -0.4704720079898834, -0.3490790128707886]",0.04448174252558,0.0955259896355563,0.1334452275767402,0.0941129829044695,0.1761906147003173,0.1157727038901197,3.271934192823302,0.005
Fixed_k8,3,-1,106,0.05,1.0,0.05,0,deterministic,"[-0.8895044922828674, 0.2718296945095062, -0.8628385663032532]","[0.9502007961273193, -0.6974973678588867, -0.4096177816390991]",0.0524673598259339,0.1271998143415951,0.1574020794778017,0.0434772046196653,0.0374610526487231,0.1087145111930006,2.8841380589305867,0.0
Fixed_k8,3,-1,107,0.05,1.0,0.05,0,deterministic,"[0.6331554651260376, -0.5412940382957458, -0.558035135269165]","[-0.916957676410675, -0.7854737043380737, 0.4266817569732666]",0.1125660321418991,0.2191590622289221,0.3376980964256975,0.1743465140461921,0.1645882725715637,0.1777387324376891,4.712913191936763,0.01
Fixed_k8,3,-1,108,0.05,1.0,0.05,0,deterministic,"[0.2364661693572998, 0.06543176621198654, 0.1095544770359993]","[-0.17992550134658813, -0.7554280757904053, 0.9981473684310913]",0.114040331321235,0.2039752117486401,0.3421209939637052,0.1889956696993774,0.2576077580451965,0.199099150967048,6.323523055708782,0.0125
Fixed_k8,3,-1,109,0.05,1.0,0.05,0,deterministic,"[0.9988187551498413, 0.9677178263664246, 0.040775928646326065]","[0.3314192593097687, -0.585135817527771, 0.520487904548645]",0.0939860339545515,0.241741180046022,0.2819581018636546,0.0863864060180882,0.0411480367183685,0.1793411958665398,5.58720399653043,0.0
Fixed_k8,3,-1,110,0.05,1.0,0.05,0,deterministic,"[-0.10864169895648956, 0.04931486025452614, -0.4704791009426117]","[-0.871351957321167, 0.2730865180492401, -0.019966647028923035]",0.0385109504670483,0.0717751987046696,0.1155328514011451,0.111022234575271,0.0783573649823665,0.1208141299099324,1.2393082472822423,0.0
Fixed_k8,3,-1,111,0.05,1.0,0.05,0,deterministic,"[-0.6049723625183105, -0.32344892621040344, 0.43083447217941284]","[-0.8419704437255859, -0.16797947883605957, -0.20451059937477112]",0.0469302489828312,0.0677867127167341,0.1407907469484936,0.0720447487985416,0.0096646342426538,0.107405474567391,2.6215876608864237,0.005
Fixed_k8,3,-1,112,0.05,1.0,0.05,0,deterministic,"[0.4448135197162628, -0.9011456966400146, 0.6439449191093445]","[0.9329946637153625, 0.5882050395011902, 0.9689865112304688]",0.0698630866342621,0.180121060399377,0.2095892599027864,0.0525653480701608,0.0027253367006778,0.1436809484017757,2.00224309716292,0.0
Fixed_k8,3,-1,113,0.05,1.0,0.05,0,deterministic,"[0.41863173246383667, -0.023482682183384895, 0.2279641479253769]","[-0.4255177676677704, -0.7030157446861267, -0.44172894954681396]",0.0725346270469439,0.1406430385877725,0.2176038811408317,0.1007446556260096,0.0573913156986236,0.1576106310392407,3.014599902940531,0.005
Fixed_k8,3,-1,114,0.05,1.0,0.05,0,deterministic,"[-0.7814548015594482, -0.6798140406608582, -0.9797838926315308]","[0.11529668420553207, -0.6668115258216858, -0.3657369315624237]",0.0242988467164235,0.0645055853471125,0.0728965401492706,0.0122707909559486,0.020653486251831,0.1026308243151317,2.195560690758485,0.0025
Fixed_k8,3,-1,115,0.05,1.0,0.05,0,deterministic,"[-0.13505227863788605, -0.6992138028144836, -0.6386840343475342]","[-0.08365152776241302, -0.7399067878723145, -0.1394127458333969]",0.0403070081701209,0.054512127340245,0.1209210245103628,0.1134629875743462,0.1829065680503845,0.085594654984382,1.577800184592638,0.0
Fixed_k8,3,-1,116,0.05,1.0,0.05,0,deterministic,"[0.0036390621680766344, -0.36614876985549927, -0.6434957981109619]","[0.9050279259681702, 0.8802486658096313, -0.9539850950241089]",0.1239847789351315,0.2660319491071085,0.3719543368053945,0.263405633446427,0.2414106577634811,0.1637469351644676,3.1682544666127392,0.0
Fixed_k8,3,-1,117,0.05,1.0,0.05,0,deterministic,"[0.11515316367149353, 0.7238221168518066, -0.36945784091949463]","[-0.9954982399940491, 0.7611866593360901, 0.800013542175293]",0.041820333346822,0.168105449416044,0.1254610000404661,0.0209323165213896,0.0077123437076807,0.1155975553720372,4.68387401427009,0.0125
Fixed_k8,3,-1,118,0.05,1.0,0.05,0,deterministic,"[0.7532855868339539, -0.8538441061973572, 0.6052027344703674]","[0.3583809733390808, -0.14669764041900635, -0.04589289054274559]",0.0615032988030259,0.1096310487599882,0.1845098964090777,0.0779221913788789,0.0304233655333518,0.0977713461277862,3.4386141265533534,0.005
Fixed_k8,3,-1,119,0.05,1.0,0.05,0,deterministic,"[0.9546050429344177, -0.7296091914176941, 0.7618905305862427]","[-0.6044704914093018, 0.3422892987728119, 0.2229812741279602]",0.0532730767293968,0.1177705947762109,0.1598192301881906,0.0676811573003637,0.0063929893076419,0.1475099895911249,3.911636891247003,0.005
Fixed_k8,3,-1,100,0.03,2.0,0.06,0,deterministic,"[-0.6200170516967773, 0.9629579782485962, -0.4305199086666107]","[0.2585463523864746, 0.16207295656204224, 0.19982454180717468]",0.0897163239772975,0.1362698040356939,0.2691489719318927,0.169508942655851,0.087821751832962,0.1668635658046551,3.995204443868703,0.0075
Fixed_k8,3,-1,101,0.03,2.0,0.06,0,deterministic,"[-0.550951361656189, 0.6109917163848877, 0.3617924749851227]","[-0.05787895619869232, -0.9383890628814697, 0.7895963788032532]",0.0845264117430867,0.1917755399684058,0.2535792352292603,0.0694413211794547,0.0660074949264526,0.1735962552954431,5.84025027227409,0.0
Fixed_k8,3,-1,102,0.03,2.0,0.06,0,deterministic,"[-0.5149568915367126, -0.7814074754714966, -0.3089001476764679]","[0.5584290027618408, 0.0793050229549408, 0.8485109210014343]",0.0923810432259967,0.1872371135173373,0.2771431296779902,0.1271444950597705,0.043288804590702,0.1975300306537911,6.204587264427803,0.0125
Fixed_k8,3,-1,103,0.03,2.0,0.06,0,deterministic,"[-0.12263999134302139, -0.037186793982982635, 0.47996628284454346]","[-0.12207181006669998, 0.919745683670044, -0.3810819089412689]",0.0813265150797678,0.1625382755373013,0.2439795452393034,0.1666120113689958,0.0991463065147399,0.2273772268131041,6.148089448221652,0.015
Fixed_k8,3,-1,104,0.03,2.0,0.06,0,deterministic,"[0.6484106183052063, -0.8674346804618835, 0.07659447193145752]","[0.5117452144622803, 0.6506502032279968, -0.5617742538452148]",0.1409439697864768,0.2477204136682371,0.4228319093594304,0.1747423671875838,0.0993865448981523,0.2009259474990968,6.656098753163056,0.015
Fixed_k8,3,-1,105,0.03,2.0,0.06,0,deterministic,"[-0.42927682399749756, 0.11211804300546646, 0.4673515558242798]","[-0.602249801158905, -0.4704720079898834, -0.3490790128707886]",0.0486103267465421,0.0996068239278427,0.1458309802396264,0.1126299579570322,0.2109379768371582,0.1221662398585654,3.302635841227187,0.005
Fixed_k8,3,-1,106,0.03,2.0,0.06,0,deterministic,"[-0.8895044922828674, 0.2718296945095062, -0.8628385663032532]","[0.9502007961273193, -0.6974973678588867, -0.4096177816390991]",0.0591554206551934,0.1320704584686891,0.1774662619655803,0.0521036183927208,0.0444057174026966,0.1178475189605667,2.9064793364744297,0.0
Fixed_k8,3,-1,107,0.03,2.0,0.06,0,deterministic,"[0.6331554651260376, -0.5412940382957458, -0.558035135269165]","[-0.916957676410675, -0.7854737043380737, 0.4266817569732666]",0.121440995705228,0.2235072145594598,0.3643229871156841,0.2102893527459215,0.1987034082412719,0.1889009930732244,4.781927780299397,0.01
Fixed_k8,3,-1,108,0.03,2.0,0.06,0,deterministic,"[0.2364661693572998, 0.06543176621198654, 0.1095544770359993]","[-0.17992550134658813, -0.7554280757904053, 0.9981473684310913]",0.1205200084372085,0.208408006441677,0.3615600253116255,0.2259939235669595,0.3078519105911255,0.2016816692254935,6.3575910656984,0.0125
Fixed_k8,3,-1,109,0.03,2.0,0.06,0,deterministic,"[0.9988187551498413, 0.9677178263664246, 0.040775928646326065]","[0.3314192593097687, -0.585135817527771, 0.520487904548645]",0.0984552891198034,0.2420769659113845,0.2953658673594104,0.104046705748058,0.0495775677263736,0.1884817142234627,5.602066658017276,0.0
Fixed_k8,3,-1,110,0.03,2.0,0.06,0,deterministic,"[-0.10864169895648956, 0.04931486025452614, -0.4704791009426117]","[-0.871351957321167, 0.2730865180492401, -0.019966647028923035]",0.0438200022943212,0.0753836722310174,0.1314600068829637,0.1327804572374364,0.0937729217112064,0.1400157730664101,1.3543621442386853,0.0
Fixed_k8,3,-1,111,0.03,2.0,0.06,0,deterministic,"[-0.6049723625183105, -0.32344892621040344, 0.43083447217941284]","[-0.8419704437255859, -0.16797947883605957, -0.20451059937477112]",0.0553960025930623,0.0778716881401114,0.1661880077791871,0.0862835862466858,0.0111885759979486,0.1203520213650943,2.6802171286020813,0.005
Fixed_k8,3,-1,112,0.03,2.0,0.06,0,deterministic,"[0.4448135197162628, -0.9011456966400146, 0.6439449191093445]","[0.9329946637153625, 0.5882050395011902, 0.9689865112304688]",0.0740574804316209,0.1808321713481344,0.2221724412948627,0.0631383368228044,0.0032792463898658,0.1564822067272039,2.0728897356262563,0.0
Fixed_k8,3,-1,113,0.03,2.0,0.06,0,deterministic,"[0.41863173246383667, -0.023482682183384895, 0.2279641479253769]","[-0.4255177676677704, -0.7030157446861267, -0.44172894954681396]",0.0779991277306962,0.1433433934745656,0.2339973831920886,0.1199650447930634,0.0684693455696106,0.1713069957910927,3.0484678084086347,0.005
Fixed_k8,3,-1,114,0.03,2.0,0.06,0,deterministic,"[-0.7814548015594482, -0.6798140406608582, -0.9797838926315308]","[0.11529668420553207, -0.6668115258216858, -0.3657369315624237]",0.0257067481206431,0.0647609247356628,0.0771202443619293,0.0147910734558087,0.0248875617980957,0.1151936405298864,2.2367967886728084,0.0025
Fixed_k8,3,-1,115,0.03,2.0,0.06,0,deterministic,"[-0.13505227863788605, -0.6992138028144836, -0.6386840343475342]","[-0.08365152776241302, -0.7399067878723145, -0.1394127458333969]",0.0479516172537724,0.0635297573515288,0.1438548517613172,0.1376692352839458,0.221015989780426,0.0975065370208753,1.620909171031646,0.0
Fixed_k8,3,-1,116,0.03,2.0,0.06,0,deterministic,"[0.0036390621680766344, -0.36614876985549927, -0.6434957981109619]","[0.9050279259681702, 0.8802486658096313, -0.9539850950241089]",0.1347563152761002,0.2778019390441427,0.4042689458283008,0.3174992906458584,0.2910722848027944,0.1698409531293367,3.18664027017158,0.0
Fixed_k8,3,-1,117,0.03,2.0,0.06,0,deterministic,"[0.11515316367149353, 0.7238221168518066, -0.36945784091949463]","[-0.9954982399940491, 0.7611866593360901, 0.800013542175293]",0.0432372875904535,0.1677810092357617,0.1297118627713607,0.0250474626232904,0.0092720743268728,0.1252603758256557,4.709648918225065,0.0125
Fixed_k8,3,-1,118,0.03,2.0,0.06,0,deterministic,"[0.7532855868339539, -0.8538441061973572, 0.6052027344703674]","[0.3583809733390808, -0.14669764041900635, -0.04589289054274559]",0.0696749934179171,0.1201299062120129,0.2090249802537513,0.0927667233713523,0.036098726093769,0.1023663226515054,3.4503959524886554,0.005
Fixed_k8,3,-1,119,0.03,2.0,0.06,0,deterministic,"[0.9546050429344177, -0.7296091914176941, 0.7618905305862427]","[-0.6044704914093018, 0.3422892987728119, 0.2229812741279602]",0.0605123561086227,0.1233909156135767,0.1815370683258682,0.0814972774551054,0.0077673755586147,0.1626830191126191,3.9613257991735793,0.005
Fixed_k8,3,-1,100,0.05,2.0,0.1,0,deterministic,"[-0.6200170516967773, 0.9629579782485962, -0.4305199086666107]","[0.2585463523864746, 0.16207295656204224, 0.19982454180717468]",0.1354486094965775,0.196039493806825,0.4063458284897325,0.2788220341834757,0.1442677825689315,0.2279342789379438,4.35027238172252,0.0075
Fixed_k8,3,-1,101,0.05,2.0,0.1,0,deterministic,"[-0.550951361656189, 0.6109917163848877, 0.3617924749851227]","[-0.05787895619869232, -0.9383890628814697, 0.7895963788032532]",0.0981588993528865,0.1955210293224927,0.2944766980586596,0.11993450285108,0.1058632433414459,0.1952078133691427,5.931817377208762,0.0
Fixed_k8,3,-1,102,0.05,2.0,0.1,0,deterministic,"[-0.5149568915367126, -0.7814074754714966, -0.3089001476764679]","[0.5584290027618408, 0.0793050229549408, 0.8485109210014343]",0.1245406321662146,0.2182529554316608,0.3736218964986438,0.215051187041365,0.0717803537845611,0.2445066553724005,6.474347718130275,0.0125
Fixed_k8,3,-1,103,0.05,2.0,0.1,0,deterministic,"[-0.12263999134302139, -0.037186793982982635, 0.47996628284454346]","[-0.12207181006669998, 0.919745683670044, -0.3810819089412689]",0.1107825665771094,0.1798959489493398,0.3323476997313282,0.283264280423338,0.170534610748291,0.3272644746258966,7.184529728162289,0.015
Fixed_k8,3,-1,104,0.05,2.0,0.1,0,deterministic,"[0.6484106183052063, -0.8674346804618835, 0.07659447193145752]","[0.5117452144622803, 0.6506502032279968, -0.5617742538452148]",0.1926830131630239,0.3019632748312179,0.5780490394890717,0.2862515868159172,0.1588234389200806,0.2415325116561238,6.819172449334423,0.015
Fixed_k8,3,-1,105,0.05,2.0,0.1,0,deterministic,"[-0.42927682399749756, 0.11211804300546646, 0.4673515558242798]","[-0.602249801158905, -0.4704720079898834, -0.3490790128707886]",0.0673746040732702,0.1237651000745153,0.2021238122198108,0.1856265596033614,0.3481272459030151,0.1486218501894997,3.450717221419432,0.005
Fixed_k8,3,-1,106,0.05,2.0,0.1,0,deterministic,"[-0.8895044922828674, 0.2718296945095062, -0.8628385663032532]","[0.9502007961273193, -0.6974973678588867, -0.4096177816390991]",0.0869142195448497,0.1598355620154538,0.2607426586345493,0.0863727112703117,0.0704948101192712,0.154798755930862,3.049069416806755,0.0
Fixed_k8,3,-1,107,0.05,2.0,0.1,0,deterministic,"[0.6331554651260376, -0.5412940382957458, -0.558035135269165]","[-0.916957676410675, -0.7854737043380737, 0.4266817569732666]",0.1583582376573522,0.2464289067824568,0.4750747129720568,0.3575948715945821,0.3391737937927246,0.239237904139885,5.164443151137476,0.01
Fixed_k8,3,-1,108,0.05,2.0,0.1,0,deterministic,"[0.2364661693572998, 0.06543176621198654, 0.1095544770359993]","[-0.17992550134658813, -0.7554280757904053, 0.9981473684310913]",0.1460075033789908,0.2319818859156777,0.4380225101369723,0.3713109347463389,0.5044816136360168,0.2122251293680019,6.50133528669356,0.0125
Fixed_k8,3,-1,109,0.05,2.0,0.1,0,deterministic,"[0.9988187551498413, 0.9677178263664246, 0.040775928646326065]","[0.3314192593097687, -0.585135817527771, 0.520487904548645]",0.1187580459823186,0.2486450729307963,0.3562741379469559,0.1760083741485428,0.0839868262410163,0.2271186678189589,5.728068186911444,0.0
Fixed_k8,3,-1,110,0.05,2.0,0.1,0,deterministic,"[-0.10864169895648956, 0.04931486025452614, -0.4704791009426117]","[-0.871351957321167, 0.2730865180492401, -0.019966647028923035]",0.0647158283966338,0.0931056053097534,0.1941474851899016,0.2183087657171267,0.1544370651245117,0.215892370056333,2.009490491202901,0.0
Fixed_k8,3,-1,111,0.05,2.0,0.1,0,deterministic,"[-0.6049723625183105, -0.32344892621040344, 0.43083447217941284]","[-0.8419704437255859, -0.16797947883605957, -0.20451059937477112]",0.0896629479745478,0.1220230301786571,0.2689888439236436,0.1426586591880078,0.0156000042334198,0.170200253421083,3.006081123644988,0.005
Fixed_k8,3,-1,112,0.05,2.0,0.1,0,deterministic,"[0.4448135197162628, -0.9011456966400146, 0.6439449191093445]","[0.9329946637153625, 0.5882050395011902, 0.9689865112304688]",0.0929720970071969,0.1892829214181617,0.278916291021591,0.1056650629221105,0.0055934265255928,0.2072589764385449,2.4269868418081586,0.0
Fixed_k8,3,-1,113,0.05,2.0,0.1,0,deterministic,"[0.41863173246383667, -0.023482682183384895, 0.2279641479253769]","[-0.4255177676677704, -0.7030157446861267, -0.44172894954681396]",0.1010666131312902,0.1641864907555766,0.3031998393938707,0.1940282501084845,0.1115363091230392,0.2290571361984546,3.378003930008157,0.005
Fixed_k8,3,-1,114,0.05,2.0,0.1,0,deterministic,"[-0.7814548015594482, -0.6798140406608582, -0.9797838926315308]","[0.11529668420553207, -0.6668115258216858, -0.3657369315624237]",0.0315049522729003,0.066523706886991,0.0945148568187011,0.0251026739147894,0.042176529765129,0.1662018567862504,2.4989447948299874,0.0025
Fixed_k8,3,-1,115,0.05,2.0,0.1,0,deterministic,"[-0.13505227863788605, -0.6992138028144836, -0.6386840343475342]","[-0.08365152776241302, -0.7399067878723145, -0.1394127458333969]",0.0795478549935326,0.1025010592659502,0.2386435649805978,0.2395462876438726,0.3784373998641968,0.1468840966795448,1.8751514441618335,0.0
Fixed_k8,3,-1,116,0.05,2.0,0.1,0,deterministic,"[0.0036390621680766344, -0.36614876985549927, -0.6434957981109619]","[0.9050279259681702, 0.8802486658096313, -0.9539850950241089]",0.1799295600588841,0.3330384979003851,0.5397886801766524,0.5382040206250953,0.4935989510267973,0.197083942908004,3.3048116246518355,0.0
Fixed_k8,3,-1,117,0.05,2.0,0.1,0,deterministic,"[0.11515316367149353, 0.7238221168518066, -0.36945784091949463]","[-0.9954982399940491, 0.7611866593360901, 0.800013542175293]",0.0496847613334132,0.1671355950803809,0.1490542840002397,0.0412707226638348,0.0155527256429195,0.1639294769484875,4.865419367243082,0.0125
Fixed_k8,3,-1,118,0.05,2.0,0.1,0,deterministic,"[0.7532855868339539, -0.8538441061973572, 0.6052027344703674]","[0.3583809733390808, -0.14669764041900635, -0.04589289054274559]",0.1018797554581248,0.1654243966556634,0.3056392663743746,0.1497907638262359,0.0574621930718421,0.1192509419287083,3.503701364846923,0.005
Fixed_k8,3,-1,119,0.05,2.0,0.1,0,deterministic,"[0.9546050429344177, -0.7296091914176941, 0.7618905305862427]","[-0.6044704914093018, 0.3422892987728119, 0.2229812741279602]",0.0904873047435868,0.1536716477443001,0.2714619142307605,0.137742014883523,0.0135666914284229,0.2250716485584763,4.313976655489124,0.005
LQR_R001,2,-1,100,0.03,1.0,0.03,0,deterministic,"[-0.6200170516967773, 0.9629579782485962, -0.4305199086666107]","[0.2585463523864746, 0.16207295656204224, 0.19982454180717468]",0.08299043268532,0.2448922711567239,0.2489712980559602,0.0648452157476617,0.010912500321865,0.2490874604911931,15.81175589838096,0.045
LQR_R001,2,-1,101,0.03,1.0,0.03,0,deterministic,"[-0.550951361656189, 0.6109917163848877, 0.3617924749851227]","[-0.05787895619869232, -0.9383890628814697, 0.7895963788032532]",0.2833992703515859,0.7766297512641661,0.8501978110547579,0.1166848430846944,0.1478443741798401,0.4072855932376514,27.962876811719628,0.0775
LQR_R001,2,-1,102,0.03,1.0,0.03,0,deterministic,"[-0.5149568915367126, -0.7814074754714966, -0.3089001476764679]","[0.5584290027618408, 0.0793050229549408, 0.8485109210014343]",0.1369960228188686,0.32874842141759,0.4109880684566059,0.1543173054693105,0.0342895686626434,0.2409627959323664,12.298458159567634,0.02
LQR_R001,2,-1,103,0.03,1.0,0.03,0,deterministic,"[-0.12263999134302139, -0.037186793982982635, 0.47996628284454346]","[-0.12207181006669998, 0.919745683670044, -0.3810819089412689]",0.1810620370009761,0.5792251659936258,0.5431861110029282,0.0736081666071657,0.0468280613422393,0.3638744021111523,23.378818669030125,0.065
LQR_R001,2,-1,104,0.03,1.0,0.03,0,deterministic,"[0.6484106183052063, -0.8674346804618835, 0.07659447193145752]","[0.5117452144622803, 0.6506502032279968, -0.5617742538452148]",0.2087114674979023,0.6370894809012896,0.626134402493707,0.0432675754404224,0.0032192361541092,0.3879971784663484,27.60546253775773,0.08
LQR_R001,2,-1,105,0.03,1.0,0.03,0,deterministic,"[-0.42927682399749756, 0.11211804300546646, 0.4673515558242798]","[-0.602249801158905, -0.4704720079898834, -0.3490790128707886]",0.0730307609828364,0.2393637867971925,0.2190922829485092,0.0628818417036974,0.106685996055603,0.160384566396377,9.00116105169241,0.015
LQR_R001,2,-1,106,0.03,1.0,0.03,0,deterministic,"[-0.8895044922828674, 0.2718296945095062, -0.8628385663032532]","[0.9502007961273193, -0.6974973678588867, -0.4096177816390991]",0.0507392267470502,0.1637279893907716,0.1522176802411508,0.0373694362797211,0.0146357615012675,0.1999447833998118,11.760517482145543,0.03
LQR_R001,2,-1,107,0.03,1.0,0.03,0,deterministic,"[0.6331554651260376, -0.5412940382957458, -0.558035135269165]","[-0.916957676410675, -0.7854737043380737, 0.4266817569732666]",0.1219744539931137,0.3821493653307736,0.3659233619793413,0.1146433490937874,0.2617920637130737,0.2489687377103445,14.310971584808982,0.03
LQR_R001,2,-1,108,0.03,1.0,0.03,0,deterministic,"[0.2364661693572998, 0.06543176621198654, 0.1095544770359993]","[-0.17992550134658813, -0.7554280757904053, 0.9981473684310913]",0.1680090996627994,0.451241581726791,0.5040272989883982,0.1441088108299875,0.2853511571884155,0.2519577409533522,14.4445165317778,0.0375
LQR_R001,2,-1,109,0.03,1.0,0.03,0,deterministic,"[0.9988187551498413, 0.9677178263664246, 0.040775928646326065]","[0.3314192593097687, -0.585135817527771, 0.520487904548645]",0.2054470424785751,0.6296220090000526,0.6163411274357256,0.0714769909491785,0.0105450339615345,0.4095255611091874,29.20380392509353,0.0875
LQR_R001,2,-1,110,0.03,1.0,0.03,0,deterministic,"[-0.10864169895648956, 0.04931486025452614, -0.4704791009426117]","[-0.871351957321167, 0.2730865180492401, -0.019966647028923035]",0.0470092822364063,0.1015180132057975,0.1410278467092189,0.083840500569132,0.0279717966914176,0.1199864699786001,3.755823551132852,0.0075
LQR_R001,2,-1,111,0.03,1.0,0.03,0,deterministic,"[-0.6049723625183105, -0.32344892621040344, 0.43083447217941284]","[-0.8419704437255859, -0.16797947883605957, -0.20451059937477112]",0.0976161209487837,0.240798055427869,0.2928483628463511,0.0589934725682308,0.0051581216976046,0.2162041688149436,12.08874504871611,0.0225
LQR_R001,2,-1,112,0.03,1.0,0.03,0,deterministic,"[0.4448135197162628, -0.9011456966400146, 0.6439449191093445]","[0.9329946637153625, 0.5882050395011902, 0.9689865112304688]",0.0368365522343216,0.0888048852686387,0.1105096567029649,0.0531073935318416,0.0088187642395496,0.118261846404684,5.675200998097271,0.015
LQR_R001,2,-1,113,0.03,1.0,0.03,0,deterministic,"[0.41863173246383667, -0.023482682183384895, 0.2279641479253769]","[-0.4255177676677704, -0.7030157446861267, -0.44172894954681396]",0.0728914313411598,0.2063093347286621,0.2186742940234796,0.0802433462928474,0.0434323102235794,0.170680851530704,6.662007481207792,0.01
LQR_R001,2,-1,114,0.03,1.0,0.03,0,deterministic,"[-0.7814548015594482, -0.6798140406608582, -0.9797838926315308]","[0.11529668420553207, -0.6668115258216858, -0.3657369315624237]",0.0548251437962733,0.135422476328522,0.16447543138882,0.039569255447498,0.0608237087726593,0.1649632543481685,7.028423091381334,0.015
LQR_R001,2,-1,115,0.03,1.0,0.03,0,deterministic,"[-0.13505227863788605, -0.6992138028144836, -0.6386840343475342]","[-0.08365152776241302, -0.7399067878723145, -0.1394127458333969]",0.0475128499755414,0.1256689698931305,0.1425385499266243,0.0485008158548562,0.0790737271308898,0.1429376434708975,6.328366052696426,0.015
LQR_R001,2,-1,116,0.03,1.0,0.03,0,deterministic,"[0.0036390621680766344, -0.36614876985549927, -0.6434957981109619]","[0.9050279259681702, 0.8802486658096313, -0.9539850950241089]",0.0910567062371197,0.2303626874889796,0.2731701187113592,0.1073606885325761,0.0559182013384997,0.169691100690753,9.173522163473462,0.0275
LQR_R001,2,-1,117,0.03,1.0,0.03,0,deterministic,"[0.11515316367149353, 0.7238221168518066, -0.36945784091949463]","[-0.9954982399940491, 0.7611866593360901, 0.800013542175293]",0.1671834155181322,0.5058993767147866,0.5015502465543966,0.0761832516542693,0.0136642232537269,0.3015547285951533,20.771474745545063,0.0625
LQR_R001,2,-1,118,0.03,1.0,0.03,0,deterministic,"[0.7532855868339539, -0.8538441061973572, 0.6052027344703674]","[0.3583809733390808, -0.14669764041900635, -0.04589289054274559]",0.085134366092118,0.1792709492131694,0.2554030982763541,0.1072600833830182,0.0203059688210487,0.1921632724541295,12.15526178545029,0.0325
LQR_R001,2,-1,119,0.03,1.0,0.03,0,deterministic,"[0.9546050429344177, -0.7296091914176941, 0.7618905305862427]","[-0.6044704914093018, 0.3422892987728119, 0.2229812741279602]",0.0748008258274198,0.1836552683929441,0.2244024774822594,0.0845952635964401,0.0200405605137348,0.2585564035951465,13.563555169659942,0.0375
LQR_R001,2,-1,100,0.05,1.0,0.05,0,deterministic,"[-0.6200170516967773, 0.9629579782485962, -0.4305199086666107]","[0.2585463523864746, 0.16207295656204224, 0.19982454180717468]",0.0994068604599024,0.2501487358982016,0.2982205813797075,0.1050154035048628,0.0175116341561079,0.2735026115696747,15.678105775597732,0.045
LQR_R001,2,-1,101,0.05,1.0,0.05,0,deterministic,"[-0.550951361656189, 0.6109917163848877, 0.3617924749851227]","[-0.05787895619869232, -0.9383890628814697, 0.7895963788032532]",0.3466021684540322,0.8617430463958251,1.0398065053620968,0.2039589413706167,0.2659502923488617,0.4627714963359978,30.11640499475198,0.0825
LQR_R001,2,-1,102,0.05,1.0,0.05,0,deterministic,"[-0.5149568915367126, -0.7814074754714966, -0.3089001476764679]","[0.5584290027618408, 0.0793050229549408, 0.8485109210014343]",0.1892812063535079,0.3635255993743455,0.5678436190605238,0.2778513610684945,0.0606530681252479,0.2939454292308915,12.697317579201124,0.02
LQR_R001,2,-1,103,0.05,1.0,0.05,0,deterministic,"[-0.12263999134302139, -0.037186793982982635, 0.47996628284454346]","[-0.12207181006669998, 0.919745683670044, -0.3810819089412689]",0.1984848430800597,0.5943514290551699,0.5954545292401793,0.12524162499625,0.0795991122722625,0.4102639775485743,24.340045593940147,0.07
LQR_R001,2,-1,104,0.05,1.0,0.05,0,deterministic,"[0.6484106183052063, -0.8674346804618835, 0.07659447193145752]","[0.5117452144622803, 0.6506502032279968, -0.5617742538452148]",0.2277615996838662,0.6467689136168081,0.6832847990515988,0.0729948624129188,0.0056489186827093,0.4126421792192867,28.012301810987523,0.0825
LQR_R001,2,-1,105,0.05,1.0,0.05,0,deterministic,"[-0.42927682399749756, 0.11211804300546646, 0.4673515558242798]","[-0.602249801158905, -0.4704720079898834, -0.3490790128707886]",0.085641688088161,0.2475146172195129,0.2569250642644831,0.1051973948876063,0.1777888536453247,0.1720916652869656,9.140950477255656,0.015
LQR_R001,2,-1,106,0.05,1.0,0.05,0,deterministic,"[-0.8895044922828674, 0.2718296945095062, -0.8628385663032532]","[0.9502007961273193, -0.6974973678588867, -0.4096177816390991]",0.0659978860967536,0.1717031570618495,0.1979936582902609,0.0625354026237295,0.0246072160080075,0.2254482077066252,11.857151139487362,0.03
LQR_R001,2,-1,107,0.05,1.0,0.05,0,deterministic,"[0.6331554651260376, -0.5412940382957458, -0.558035135269165]","[-0.916957676410675, -0.7854737043380737, 0.4266817569732666]",0.1372539305437049,0.3784854712837843,0.4117617916311149,0.1815111789806389,0.4039827585220337,0.2595689714663578,14.26618441159598,0.03
LQR_R001,2,-1,108,0.05,1.0,0.05,0,deterministic,"[0.2364661693572998, 0.06543176621198654, 0.1095544770359993]","[-0.17992550134658813, -0.7554280757904053, 0.9981473684310913]",0.1791376533057983,0.4362851270163076,0.537412959917395,0.2359513170833205,0.4586036801338196,0.2552460405044294,14.372347608274342,0.0375
LQR_R001,2,-1,109,0.05,1.0,0.05,0,deterministic,"[0.9988187551498413, 0.9677178263664246, 0.040775928646326065]","[0.3314192593097687, -0.585135817527771, 0.520487904548645]",0.2227584920083857,0.6378276536053454,0.6682754760251574,0.1218558650314347,0.0182678364217281,0.4415238163520028,29.963300530037827,0.09
LQR_R001,2,-1,110,0.05,1.0,0.05,0,deterministic,"[-0.10864169895648956, 0.04931486025452614, -0.4704791009426117]","[-0.871351957321167, 0.2730865180492401, -0.019966647028923035]",0.0634616677655512,0.1111513009974903,0.1903850032966537,0.1332665870403066,0.0432031750679016,0.1503361828907966,3.823642701301104,0.0075
LQR_R001,2,-1,111,0.05,1.0,0.05,0,deterministic,"[-0.6049723625183105, -0.32344892621040344, 0.43083447217941284]","[-0.8419704437255859, -0.16797947883605957, -0.20451059937477112]",0.1171304578730311,0.2456514117442657,0.3513913736190935,0.0901120389915174,0.0073797330260276,0.2347389995356344,11.985950255561788,0.0225
LQR_R001,2,-1,112,0.05,1.0,0.05,0,deterministic,"[0.4448135197162628, -0.9011456966400146, 0.6439449191093445]","[0.9329946637153625, 0.5882050395011902, 0.9689865112304688]",0.0545081676944706,0.0991857063681774,0.1635245030834119,0.0880473510212736,0.014711070805788,0.1474271402407601,5.854888354545569,0.0175
LQR_R001,2,-1,113,0.05,1.0,0.05,0,deterministic,"[0.41863173246383667, -0.023482682183384895, 0.2279641479253769]","[-0.4255177676677704, -0.7030157446861267, -0.44172894954681396]",0.0926406677589377,0.2139754866199492,0.2779220032768134,0.1297074057058327,0.0719288885593414,0.1995150486042424,6.588973654388858,0.01
LQR_R001,2,-1,114,0.05,1.0,0.05,0,deterministic,"[-0.7814548015594482, -0.6798140406608582, -0.9797838926315308]","[0.11529668420553207, -0.6668115258216858, -0.3657369315624237]",0.0809008523983244,0.1505203794111904,0.2427025571949733,0.0697459263617839,0.1036624610424041,0.2085940389169038,7.369799001147964,0.015
LQR_R001,2,-1,115,0.05,1.0,0.05,0,deterministic,"[-0.13505227863788605, -0.6992138028144836, -0.6386840343475342]","[-0.08365152776241302, -0.7399067878723145, -0.1394127458333969]",0.0605789728738299,0.1311665195972042,0.1817369186214898,0.0798644922719693,0.1297539472579956,0.1641289402580961,6.376105840489728,0.015
LQR_R001,2,-1,116,0.05,1.0,0.05,0,deterministic,"[0.0036390621680766344, -0.36614876985549927, -0.6434957981109619]","[0.9050279259681702, 0.8802486658096313, -0.9539850950241089]",0.1034890673384968,0.2372739192520262,0.3104672020154905,0.178371206253629,0.0938646239228546,0.1816345955090025,9.17602242996146,0.0275
LQR_R001,2,-1,117,0.05,1.0,0.05,0,deterministic,"[0.11515316367149353, 0.7238221168518066, -0.36945784091949463]","[-0.9954982399940491, 0.7611866593360901, 0.800013542175293]",0.1848401031804295,0.5021121486928791,0.5545203095412885,0.1219105159196956,0.0219879429787397,0.3185296551802136,20.577735720337056,0.06
LQR_R001,2,-1,118,0.05,1.0,0.05,0,deterministic,"[0.7532855868339539, -0.8538441061973572, 0.6052027344703674]","[0.3583809733390808, -0.14669764041900635, -0.04589289054274559]",0.11450772367496,0.2013025583033991,0.3435231710248801,0.1683608413512968,0.0319886691868305,0.2035031652295603,12.184262738328862,0.0325
LQR_R001,2,-1,119,0.05,1.0,0.05,0,deterministic,"[0.9546050429344177, -0.7296091914176941, 0.7618905305862427]","[-0.6044704914093018, 0.3422892987728119, 0.2229812741279602]",0.1112011754864026,0.211510514018977,0.3336035264592079,0.1553417375960881,0.0351414196193218,0.3263954319844563,14.361525114214272,0.0375
LQR_R001,2,-1,100,0.03,2.0,0.06,0,deterministic,"[-0.6200170516967773, 0.9629579782485962, -0.4305199086666107]","[0.2585463523864746, 0.16207295656204224, 0.19982454180717468]",0.1073990171467103,0.2538742424508721,0.322197051440131,0.1242445627008967,0.0206288564950227,0.285490430539655,15.648753069822,0.045
LQR_R001,2,-1,101,0.03,2.0,0.06,0,deterministic,"[-0.550951361656189, 0.6109917163848877, 0.3617924749851227]","[-0.05787895619869232, -0.9383890628814697, 0.7895963788032532]",0.3840000545048617,0.9119778670875472,1.1520001635145851,0.2510390770104196,0.3326848745346069,0.4966576376348818,31.400688300297293,0.0875
LQR_R001,2,-1,102,0.03,2.0,0.06,0,deterministic,"[-0.5149568915367126, -0.7814074754714966, -0.3089001476764679]","[0.5584290027618408, 0.0793050229549408, 0.8485109210014343]",0.2188272326487927,0.3878409236652385,0.6564816979463781,0.3482459920837923,0.075317233800888,0.3259889311604974,13.166176847827153,0.02
LQR_R001,2,-1,103,0.03,2.0,0.06,0,deterministic,"[-0.12263999134302139, -0.037186793982982635, 0.47996628284454346]","[-0.12207181006669998, 0.919745683670044, -0.3810819089412689]",0.2077125973329072,0.6022889595740683,0.6231377919987215,0.1519347976111335,0.0965046882629394,0.4349197386926565,24.649849017715347,0.07
LQR_R001,2,-1,104,0.03,2.0,0.06,0,deterministic,"[0.6484106183052063, -0.8674346804618835, 0.07659447193145752]","[0.5117452144622803, 0.6506502032279968, -0.5617742538452148]",0.2374926514214048,0.6520651282612563,0.7124779542642147,0.0881732641029413,0.0069476768840104,0.4233020398352978,28.083205745913503,0.085
LQR_R001,2,-1,105,0.03,2.0,0.06,0,deterministic,"[-0.42927682399749756, 0.11211804300546646, 0.4673515558242798]","[-0.602249801158905, -0.4704720079898834, -0.3490790128707886]",0.0919954046082132,0.252329640721147,0.2759862138246397,0.1264966888192259,0.2133621573448181,0.1780217443731107,9.215729945084664,0.015
LQR_R001,2,-1,106,0.03,2.0,0.06,0,deterministic,"[-0.8895044922828674, 0.2718296945095062, -0.8628385663032532]","[0.9502007961273193, -0.6974973678588867, -0.4096177816390991]",0.0739060626040094,0.1772127853877692,0.2217181878120283,0.0752141219218848,0.0296567576006054,0.2383440514400681,11.91945858175303,0.03
LQR_R001,2,-1,107,0.03,2.0,0.06,0,deterministic,"[0.6331554651260376, -0.5412940382957458, -0.558035135269165]","[-0.916957676410675, -0.7854737043380737, 0.4266817569732666]",0.1442916276586007,0.3772401348571227,0.4328748829758022,0.2125511294069849,0.4674141407012939,0.2648650933840333,14.260677200782697,0.03
LQR_R001,2,-1,108,0.03,2.0,0.06,0,deterministic,"[0.2364661693572998, 0.06543176621198654, 0.1095544770359993]","[-0.17992550134658813, -0.7554280757904053, 0.9981473684310913]",0.1846509850692353,0.4305002623279532,0.5539529552077062,0.280674834402255,0.5406255125999451,0.256733719739242,14.343635269116229,0.0375
LQR_R001,2,-1,109,0.03,2.0,0.06,0,deterministic,"[0.9988187551498413, 0.9677178263664246, 0.040775928646326065]","[0.3314192593097687, -0.585135817527771, 0.520487904548645]",0.2320245651741909,0.6424379673918913,0.6960736955225728,0.1479343247576904,0.0223567262291908,0.4558972776012479,30.011914324740896,0.09
LQR_R001,2,-1,110,0.03,2.0,0.06,0,deterministic,"[-0.10864169895648956, 0.04931486025452614, -0.4704791009426117]","[-0.871351957321167, 0.2730865180492401, -0.019966647028923035]",0.0710557850998232,0.1165948105947294,0.2131673552994697,0.156375500086097,0.0499754920601844,0.1644747381563495,3.874771553347173,0.0075
LQR_R001,2,-1,111,0.03,2.0,0.06,0,deterministic,"[-0.6049723625183105, -0.32344892621040344, 0.43083447217941284]","[-0.8419704437255859, -0.16797947883605957, -0.20451059937477112]",0.1255822928315794,0.2487378689053853,0.3767468784947385,0.1039124996642823,0.0083753252401947,0.242642139819781,11.9596350794485,0.0225
LQR_R001,2,-1,112,0.03,2.0,0.06,0,deterministic,"[0.4448135197162628, -0.9011456966400146, 0.6439449191093445]","[0.9329946637153625, 0.5882050395011902, 0.9689865112304688]",0.0634940279386813,0.1061959190702649,0.1904820838160441,0.1054028448430292,0.0176547542214393,0.1618546408195683,5.938121778406096,0.0175
LQR_R001,2,-1,113,0.03,2.0,0.06,0,deterministic,"[0.41863173246383667, -0.023482682183384895, 0.2279641479253769]","[-0.4255177676677704, -0.7030157446861267, -0.44172894954681396]",0.1022279836761541,0.2187013180193523,0.3066839510284624,0.15340609540358,0.0860470980405807,0.2134931650523554,6.57504063424312,0.01
LQR_R001,2,-1,114,0.03,2.0,0.06,0,deterministic,"[-0.7814548015594482, -0.6798140406608582, -0.9797838926315308]","[0.11529668420553207, -0.6668115258216858, -0.3657369315624237]",0.0969928276654664,0.1641741258368075,0.2909784829963993,0.086403939999456,0.1258257031440735,0.234445657331277,7.654710014014703,0.015
LQR_R001,2,-1,115,0.03,2.0,0.06,0,deterministic,"[-0.13505227863788605, -0.6992138028144836, -0.6386840343475342]","[-0.08365152776241302, -0.7399067878723145, -0.1394127458333969]",0.0668850383091894,0.1344868313120163,0.2006551149275683,0.0952784424981125,0.1545381247997284,0.1746591306030239,6.408713630727637,0.015
LQR_R001,2,-1,116,0.03,2.0,0.06,0,deterministic,"[0.0036390621680766344, -0.36614876985549927, -0.6434957981109619]","[0.9050279259681702, 0.8802486658096313, -0.9539850950241089]",0.1098407175196822,0.2417569307295295,0.3295221525590467,0.2137349629659711,0.1130400598049163,0.1880605240747676,9.189522552828343,0.0275
LQR_R001,2,-1,117,0.03,2.0,0.06,0,deterministic,"[0.11515316367149353, 0.7238221168518066, -0.36945784091949463]","[-0.9954982399940491, 0.7611866593360901, 0.800013542175293]",0.1931402994483726,0.5007846763897192,0.5794208983451179,0.1435682976124003,0.0259366407990455,0.3266881649269771,20.518331179005035,0.06
LQR_R001,2,-1,118,0.03,2.0,0.06,0,deterministic,"[0.7532855868339539, -0.8538441061973572, 0.6052027344703674]","[0.3583809733390808, -0.14669764041900635, -0.04589289054274559]",0.1282007903635195,0.2138156724095436,0.3846023710905586,0.1963659302492476,0.0373646393418312,0.2080451700198059,12.209986250157682,0.0325
LQR_R001,2,-1,119,0.03,2.0,0.06,0,deterministic,"[0.9546050429344177, -0.7296091914176941, 0.7618905305862427]","[-0.6044704914093018, 0.3422892987728119, 0.2229812741279602]",0.1321270318778505,0.232864017521283,0.3963810956335517,0.1964879413307816,0.0433553531765937,0.3656380768816574,15.042062506898557,0.0375
LQR_R001,2,-1,100,0.05,2.0,0.1,0,deterministic,"[-0.6200170516967773, 0.9629579782485962, -0.4305199086666107]","[0.2585463523864746, 0.16207295656204224, 0.19982454180717468]",0.1381035625246753,0.2747138896515007,0.4143106875740261,0.1958801500746451,0.032016409561038,0.3322596656690709,15.792491683068272,0.045
LQR_R001,2,-1,101,0.05,2.0,0.1,0,deterministic,"[-0.550951361656189, 0.6109917163848877, 0.3617924749851227]","[-0.05787895619869232, -0.9383890628814697, 0.7895963788032532]",0.5906166190897747,1.188028676564052,1.7718498572693242,0.4693055948541488,0.6746097505092621,0.6846464443021031,39.38812293010324,0.0975
LQR_R001,2,-1,102,0.05,2.0,0.1,0,deterministic,"[-0.5149568915367126, -0.7814074754714966, -0.3089001476764679]","[0.5584290027618408, 0.0793050229549408, 0.8485109210014343]",0.375520567348535,0.5590002841724665,1.1265617020456051,0.7212399424134214,0.1522572711110115,0.5208049857133402,19.21602481644418,0.025
LQR_R001,2,-1,103,0.05,2.0,0.1,0,deterministic,"[-0.12263999134302139, -0.037186793982982635, 0.47996628284454346]","[-0.12207181006669998, 0.919745683670044, -0.3810819089412689]",0.2481536511912421,0.6383366675819236,0.7444609535737265,0.2655402119788859,0.1681559085845947,0.5380673387553543,26.82740395412545,0.075
LQR_R001,2,-1,104,0.05,2.0,0.1,0,deterministic,"[0.6484106183052063, -0.8674346804618835, 0.07659447193145752]","[0.5117452144622803, 0.6506502032279968, -0.5617742538452148]",0.2783929546776282,0.6769878798774007,0.8351788640328848,0.1514252472071,0.0126926251687109,0.4697546598674529,28.453327138320105,0.085
LQR_R001,2,-1,105,0.05,2.0,0.1,0,deterministic,"[-0.42927682399749756, 0.11211804300546646, 0.4673515558242798]","[-0.602249801158905, -0.4704720079898834, -0.3490790128707886]",0.1177764977719433,0.2756849240868334,0.35332949331583,0.2128415159237237,0.3560702204704284,0.2028525897817734,9.549794365759082,0.015
LQR_R001,2,-1,106,0.05,2.0,0.1,0,deterministic,"[-0.8895044922828674, 0.2718296945095062, -0.8628385663032532]","[0.9502007961273193, -0.6974973678588867, -0.4096177816390991]",0.1067764343100066,0.2072653359241076,0.32032930293002,0.1267439590215131,0.0502786943688988,0.2909813449715009,12.268163654770364,0.03
LQR_R001,2,-1,107,0.05,2.0,0.1,0,deterministic,"[0.6331554651260376, -0.5412940382957458, -0.558035135269165]","[-0.916957676410675, -0.7854737043380737, 0.4266817569732666]",0.1691506686802343,0.3751526369843989,0.5074520060407031,0.3235522061126468,0.6817290782928467,0.2899152504892333,14.34615507957161,0.03
LQR_R001,2,-1,108,0.05,2.0,0.1,0,deterministic,"[0.2364661693572998, 0.06543176621198654, 0.1095544770359993]","[-0.17992550134658813, -0.7554280757904053, 0.9981473684310913]",0.2064358032357291,0.41763150920614,0.6193074097071875,0.4520645156778671,0.8413317799568176,0.2625566293627843,14.270914689159651,0.0375
LQR_R001,2,-1,109,0.05,2.0,0.1,0,deterministic,"[0.9988187551498413, 0.9677178263664246, 0.040775928646326065]","[0.3314192593097687, -0.585135817527771, 0.520487904548645]",0.2726961078620821,0.66549834861056,0.8180883235862465,0.2587271667959421,0.040405236184597,0.5276034283614311,31.19429457558836,0.0925
LQR_R001,2,-1,110,0.05,2.0,0.1,0,deterministic,"[-0.10864169895648956, 0.04931486025452614, -0.4704791009426117]","[-0.871351957321167, 0.2730865180492401, -0.019966647028923035]",0.0980675339099586,0.1396037327861788,0.2942026017298759,0.2399890451795525,0.0724798142910003,0.2152986493704264,4.162295869500133,0.0075
LQR_R001,2,-1,111,0.05,2.0,0.1,0,deterministic,"[-0.6049723625183105, -0.32344892621040344, 0.43083447217941284]","[-0.8419704437255859, -0.16797947883605957, -0.20451059937477112]",0.1532412815656348,0.262867626157319,0.4597238446969046,0.1503759488164458,0.0112516433000564,0.268864331165254,11.992047722631096,0.0225
LQR_R001,2,-1,112,0.05,2.0,0.1,0,deterministic,"[0.4448135197162628, -0.9011456966400146, 0.6439449191093445]","[0.9329946637153625, 0.5882050395011902, 0.9689865112304688]",0.0996701931248009,0.1415715019032879,0.2990105793744028,0.1742138727165666,0.0293516628444194,0.2184205304123375,6.388207231308314,0.0175
LQR_R001,2,-1,113,0.05,2.0,0.1,0,deterministic,"[0.41863173246383667, -0.023482682183384895, 0.2279641479253769]","[-0.4255177676677704, -0.7030157446861267, -0.44172894954681396]",0.1389456363174219,0.2419481469501014,0.4168369089522656,0.2424465354681474,0.1416951119899749,0.2666435574136815,6.64962232762884,0.01
LQR_R001,2,-1,114,0.05,2.0,0.1,0,deterministic,"[-0.7814548015594482, -0.6798140406608582, -0.9797838926315308]","[0.11529668420553207, -0.6668115258216858, -0.3657369315624237]",0.1889521526799832,0.274633716722671,0.5668564580399497,0.1712571388961356,0.2199642956256866,0.3836128781477054,10.567481018144344,0.015
LQR_R001,2,-1,115,0.05,2.0,0.1,0,deterministic,"[-0.13505227863788605, -0.6992138028144836, -0.6386840343475342]","[-0.08365152776241302, -0.7399067878723145, -0.1394127458333969]",0.0907997755625642,0.1503004084295846,0.2723993266876926,0.1553028347890502,0.2503523826599121,0.2162896933890049,6.5931952651960986,0.015
LQR_R001,2,-1,116,0.05,2.0,0.1,0,deterministic,"[0.0036390621680766344, -0.36614876985549927, -0.6434957981109619]","[0.9050279259681702, 0.8802486658096313, -0.9539850950241089]",0.135992533459575,0.2655547048148934,0.4079776003787252,0.3544101889624639,0.1910770554095506,0.2167814541966994,9.318546899718976,0.0275
LQR_R001,2,-1,117,0.05,2.0,0.1,0,deterministic,"[0.11515316367149353, 0.7238221168518066, -0.36945784091949463]","[-0.9954982399940491, 0.7611866593360901, 0.800013542175293]",0.2236007112275781,0.4980872548028778,0.6708021336827343,0.2237310483246857,0.0404466707259416,0.3469063552933167,19.664289803814786,0.055
LQR_R001,2,-1,118,0.05,2.0,0.1,0,deterministic,"[0.7532855868339539, -0.8538441061973572, 0.6052027344703674]","[0.3583809733390808, -0.14669764041900635, -0.04589289054274559]",0.1777036304338676,0.2673493557685076,0.5331108913016029,0.2947964525241174,0.0562933795154094,0.2248843513738565,12.37378045312014,0.0325
LQR_R001,2,-1,119,0.05,2.0,0.1,0,deterministic,"[0.9546050429344177, -0.7296091914176941, 0.7618905305862427]","[-0.6044704914093018, 0.3422892987728119, 0.2229812741279602]",0.242801930823697,0.3852958803387163,0.728405792471091,0.4190666108323192,0.0825539976358413,0.5736258558676504,21.2105981560144,0.0375
LQR_R001,3,-1,100,0.03,1.0,0.03,0,deterministic,"[-0.6200170516967773, 0.9629579782485962, -0.4305199086666107]","[0.2585463523864746, 0.16207295656204224, 0.19982454180717468]",0.0491860639238118,0.0869069441406766,0.1475581917714355,0.0675510840984866,0.028271771967411,0.1351119214355332,4.910793516485151,0.0125
LQR_R001,3,-1,101,0.03,1.0,0.03,0,deterministic,"[-0.550951361656189, 0.6109917163848877, 0.3617924749851227]","[-0.05787895619869232, -0.9383890628814697, 0.7895963788032532]",0.0557833205996017,0.166035620166131,0.1673499617988053,0.0372857808330912,0.0410877466201782,0.1609716989985287,7.3433328213393985,0.02
LQR_R001,3,-1,102,0.03,1.0,0.03,0,deterministic,"[-0.5149568915367126, -0.7814074754714966, -0.3089001476764679]","[0.5584290027618408, 0.0793050229549408, 0.8485109210014343]",0.0570845999114342,0.1635725644922831,0.1712537997343027,0.0422168102368344,0.0129623934626579,0.1604495993149821,5.881260795846389,0.0125
LQR_R001,3,-1,103,0.03,1.0,0.03,0,deterministic,"[-0.12263999134302139, -0.037186793982982635, 0.47996628284454346]","[-0.12207181006669998, 0.919745683670044, -0.3810819089412689]",0.0532104362964363,0.1390304289855011,0.1596313088893091,0.0671376461554088,0.031306117773056,0.1690972413928823,7.853539565700601,0.0225
LQR_R001,3,-1,104,0.03,1.0,0.03,0,deterministic,"[0.6484106183052063, -0.8674346804618835, 0.07659447193145752]","[0.5117452144622803, 0.6506502032279968, -0.5617742538452148]",0.0963977478599022,0.2004911355883975,0.2891932435797067,0.0705980401411422,0.0292892847210168,0.1901223373063288,9.392615635348506,0.0275
LQR_R001,3,-1,105,0.03,1.0,0.03,0,deterministic,"[-0.42927682399749756, 0.11211804300546646, 0.4673515558242798]","[-0.602249801158905, -0.4704720079898834, -0.3490790128707886]",0.0322574251606218,0.0881395192744532,0.0967722754818654,0.0451531141628453,0.0733577013015747,0.1139740438088472,3.764650154084844,0.0075
LQR_R001,3,-1,106,0.03,1.0,0.03,0,deterministic,"[-0.8895044922828674, 0.2718296945095062, -0.8628385663032532]","[0.9502007961273193, -0.6974973678588867, -0.4096177816390991]",0.0337722663082885,0.1134380828307588,0.1013167989248656,0.0222569524345022,0.0157211367040872,0.0943715861383253,3.492856958005888,0.0075
LQR_R001,3,-1,107,0.03,1.0,0.03,0,deterministic,"[0.6331554651260376, -0.5412940382957458, -0.558035135269165]","[-0.916957676410675, -0.7854737043380737, 0.4266817569732666]",0.0692767588567245,0.1849297823561539,0.2078302765701737,0.0925161631570922,0.1075450181961059,0.1962836416542879,7.406828242834276,0.02
LQR_R001,3,-1,108,0.03,1.0,0.03,0,deterministic,"[0.2364661693572998, 0.06543176621198654, 0.1095544770359993]","[-0.17992550134658813, -0.7554280757904053, 0.9981473684310913]",0.0663097459336716,0.1558459940267993,0.1989292378010149,0.083695698759438,0.0813040733337402,0.1970846106196948,8.362919557107189,0.0225
LQR_R001,3,-1,109,0.03,1.0,0.03,0,deterministic,"[0.9988187551498413, 0.9677178263664246, 0.040775928646326065]","[0.3314192593097687, -0.585135817527771, 0.520487904548645]",0.0765908551481742,0.212258551484261,0.2297725654445226,0.0377519820604105,0.0130471773445606,0.1822010290437666,8.564154667115472,0.0225
LQR_R001,3,-1,110,0.03,1.0,0.03,0,deterministic,"[-0.10864169895648956, 0.04931486025452614, -0.4704791009426117]","[-0.871351957321167, 0.2730865180492401, -0.019966647028923035]",0.0203214906750623,0.0576432426109683,0.0609644720251869,0.0428659039043625,0.0356658287346363,0.1056186872938859,2.6780332839897985,0.005
LQR_R001,3,-1,111,0.03,1.0,0.03,0,deterministic,"[-0.6049723625183105, -0.32344892621040344, 0.43083447217941284]","[-0.8419704437255859, -0.16797947883605957, -0.20451059937477112]",0.0245065119987274,0.0444362509035078,0.0735195359961824,0.0265165479985974,0.0042086411267519,0.0888222489470297,3.389525639434189,0.01
LQR_R001,3,-1,112,0.03,1.0,0.03,0,deterministic,"[0.4448135197162628, -0.9011456966400146, 0.6439449191093445]","[0.9329946637153625, 0.5882050395011902, 0.9689865112304688]",0.0612190312894443,0.179167207864078,0.1836570938683331,0.0210183465732606,0.0023196637630462,0.1215297105715452,2.279705560165165,0.0
LQR_R001,3,-1,113,0.03,1.0,0.03,0,deterministic,"[0.41863173246383667, -0.023482682183384895, 0.2279641479253769]","[-0.4255177676677704, -0.7030157446861267, -0.44172894954681396]",0.0509111847959192,0.126168261288734,0.1527335543877577,0.0476728393523781,0.0256664305925369,0.1453177893856622,2.2227854520641905,0.0
LQR_R001,3,-1,114,0.03,1.0,0.03,0,deterministic,"[-0.7814548015594482, -0.6798140406608582, -0.9797838926315308]","[0.11529668420553207, -0.6668115258216858, -0.3657369315624237]",0.0189856976934136,0.0621075858456633,0.0569570930802409,0.0046854845771313,0.0125662237405776,0.0685775398114334,1.702717371249587,0.0025
LQR_R001,3,-1,115,0.03,1.0,0.03,0,deterministic,"[-0.13505227863788605, -0.6992138028144836, -0.6386840343475342]","[-0.08365152776241302, -0.7399067878723145, -0.1394127458333969]",0.0184696466377096,0.0342189786941514,0.0554089399131289,0.0473940329522722,0.0866867303848266,0.0673278049902514,2.2516392535806484,0.005
LQR_R001,3,-1,116,0.03,1.0,0.03,0,deterministic,"[0.0036390621680766344, -0.36614876985549927, -0.6434957981109619]","[0.9050279259681702, 0.8802486658096313, -0.9539850950241089]",0.0858496536751582,0.2020963651570012,0.2575489610254746,0.1332850990426025,0.1107957884669303,0.2029726191062866,6.37501740106539,0.0125
LQR_R001,3,-1,117,0.03,1.0,0.03,0,deterministic,"[0.11515316367149353, 0.7238221168518066, -0.36945784091949463]","[-0.9954982399940491, 0.7611866593360901, 0.800013542175293]",0.0397256858339525,0.1636957005875289,0.1191770575018576,0.0124984008064608,0.004488980397582,0.116611845182305,6.559312243060639,0.02
LQR_R001,3,-1,118,0.03,1.0,0.03,0,deterministic,"[0.7532855868339539, -0.8538441061973572, 0.6052027344703674]","[0.3583809733390808, -0.14669764041900635, -0.04589289054274559]",0.0382307217596137,0.0792989097752323,0.1146921652788412,0.0342864836911084,0.0139028951525688,0.0972078452568735,4.715981252586277,0.0125
LQR_R001,3,-1,119,0.03,1.0,0.03,0,deterministic,"[0.9546050429344177, -0.7296091914176941, 0.7618905305862427]","[-0.6044704914093018, 0.3422892987728119, 0.2229812741279602]",0.0338671493548388,0.1063549000752521,0.1016014480645166,0.0257140028313446,0.0027094408869743,0.1177418908844089,4.238182936974506,0.0075
LQR_R001,3,-1,100,0.05,1.0,0.05,0,deterministic,"[-0.6200170516967773, 0.9629579782485962, -0.4305199086666107]","[0.2585463523864746, 0.16207295656204224, 0.19982454180717468]",0.0701174325327499,0.1046059278309779,0.2103522975982499,0.1123560591957267,0.0472159050405025,0.1701574533335293,5.068714240845544,0.0125
LQR_R001,3,-1,101,0.05,1.0,0.05,0,deterministic,"[-0.550951361656189, 0.6109917163848877, 0.3617924749851227]","[-0.05787895619869232, -0.9383890628814697, 0.7895963788032532]",0.0625769429637315,0.1686432329499921,0.1877308288911947,0.0623237927570755,0.0687240064144134,0.1663912811181717,7.335953797144779,0.02
LQR_R001,3,-1,102,0.05,1.0,0.05,0,deterministic,"[-0.5149568915367126, -0.7814074754714966, -0.3089001476764679]","[0.5584290027618408, 0.0793050229549408, 0.8485109210014343]",0.0662538674578739,0.1654706716390723,0.1987616023736218,0.0695792381065311,0.0213676542043685,0.1756348088707554,5.887830220853323,0.0125
LQR_R001,3,-1,103,0.05,1.0,0.05,0,deterministic,"[-0.12263999134302139, -0.037186793982982635, 0.47996628284454346]","[-0.12207181006669998, 0.919745683670044, -0.3810819089412689]",0.0615621379739972,0.1421513140022769,0.1846864139219917,0.1115377047156662,0.0520816445350647,0.2154411093315616,8.115329618259398,0.0225
LQR_R001,3,-1,104,0.05,1.0,0.05,0,deterministic,"[0.6484106183052063, -0.8674346804618835, 0.07659447193145752]","[0.5117452144622803, 0.6506502032279968, -0.5617742538452148]",0.1217221730380572,0.2164019933873261,0.3651665191141716,0.1179651522485792,0.0495019694790244,0.2181079471366477,9.511019814707788,0.0275
LQR_R001,3,-1,105,0.05,1.0,0.05,0,deterministic,"[-0.42927682399749756, 0.11211804300546646, 0.4673515558242798]","[-0.602249801158905, -0.4704720079898834, -0.3490790128707886]",0.0392766052013973,0.0915223146353056,0.1178298156041921,0.076126789605176,0.1238082647323608,0.1225734550957022,3.804211449441852,0.0075
LQR_R001,3,-1,106,0.05,1.0,0.05,0,deterministic,"[-0.8895044922828674, 0.2718296945095062, -0.8628385663032532]","[0.9502007961273193, -0.6974973678588867, -0.4096177816390991]",0.0438694895211458,0.1164968535698342,0.1316084685634375,0.0371818762347332,0.0259766867384314,0.1133371274668286,3.5527054014985437,0.0075
LQR_R001,3,-1,107,0.05,1.0,0.05,0,deterministic,"[0.6331554651260376, -0.5412940382957458, -0.558035135269165]","[-0.916957676410675, -0.7854737043380737, 0.4266817569732666]",0.0819231014503653,0.1902114045240646,0.2457693043510961,0.1536359360188613,0.1768248677253723,0.2175346328830281,7.430060325071378,0.02
LQR_R001,3,-1,108,0.05,1.0,0.05,0,deterministic,"[0.2364661693572998, 0.06543176621198654, 0.1095544770359993]","[-0.17992550134658813, -0.7554280757904053, 0.9981473684310913]",0.0766354519440324,0.1585154962473737,0.2299063558320972,0.1407670808013206,0.138217806816101,0.2030896954142611,8.405745663280172,0.0225
LQR_R001,3,-1,109,0.05,1.0,0.05,0,deterministic,"[0.9988187551498413, 0.9677178263664246, 0.040775928646326065]","[0.3314192593097687, -0.585135817527771, 0.520487904548645]",0.0817282011514531,0.2102733169709204,0.2451846034543593,0.0626944363128715,0.0215136930346488,0.1992749115323525,8.512533002600629,0.0225
LQR_R001,3,-1,110,0.05,1.0,0.05,0,deterministic,"[-0.10864169895648956, 0.04931486025452614, -0.4704791009426117]","[-0.871351957321167, 0.2730865180492401, -0.019966647028923035]",0.0270097381477913,0.061831291554116,0.0810292144433741,0.0711075718296162,0.059448629617691,0.1463349938085343,2.851490265725828,0.005
LQR_R001,3,-1,111,0.05,1.0,0.05,0,deterministic,"[-0.6049723625183105, -0.32344892621040344, 0.43083447217941284]","[-0.8419704437255859, -0.16797947883605957, -0.20451059937477112]",0.0387248488666423,0.0609981248113286,0.1161745465999269,0.0439186634461361,0.0070391865447163,0.1158761501628986,3.486066725409694,0.01
LQR_R001,3,-1,112,0.05,1.0,0.05,0,deterministic,"[0.4448135197162628, -0.9011456966400146, 0.6439449191093445]","[0.9329946637153625, 0.5882050395011902, 0.9689865112304688]",0.0664502805660549,0.1789953215138112,0.1993508416981647,0.0349891566855396,0.0041749104857444,0.1453905353419008,2.3476831374481124,0.0
LQR_R001,3,-1,113,0.05,1.0,0.05,0,deterministic,"[0.41863173246383667, -0.023482682183384895, 0.2279641479253769]","[-0.4255177676677704, -0.7030157446861267, -0.44172894954681396]",0.0597574628702986,0.1281090959934703,0.1792723886108959,0.0796642632476617,0.0431354939937591,0.1688327639117811,2.2165170078168672,0.0
LQR_R001,3,-1,114,0.05,1.0,0.05,0,deterministic,"[-0.7814548015594482, -0.6798140406608582, -0.9797838926315308]","[0.11529668420553207, -0.6668115258216858, -0.3657369315624237]",0.0209421913258743,0.0619883997572427,0.0628265739776231,0.0078479153316835,0.021003171801567,0.0912611171122155,1.7412246271634289,0.0025
LQR_R001,3,-1,115,0.05,1.0,0.05,0,deterministic,"[-0.13505227863788605, -0.6992138028144836, -0.6386840343475342]","[-0.08365152776241302, -0.7399067878723145, -0.1394127458333969]",0.0294822165061249,0.0501239044105346,0.0884466495183749,0.0790348526458313,0.1452246904373169,0.0912382828255386,2.325170549542978,0.005
LQR_R001,3,-1,116,0.05,1.0,0.05,0,deterministic,"[0.0036390621680766344, -0.36614876985549927, -0.6434957981109619]","[0.9050279259681702, 0.8802486658096313, -0.9539850950241089]",0.1035341552380512,0.212808172204312,0.3106024657141538,0.2220339956520884,0.185233112424612,0.2244686523476787,6.561472018411028,0.015
LQR_R001,3,-1,117,0.05,1.0,0.05,0,deterministic,"[0.11515316367149353, 0.7238221168518066, -0.36945784091949463]","[-0.9954982399940491, 0.7611866593360901, 0.800013542175293]",0.0417220189920467,0.1627511847274398,0.1251660569761403,0.0207684256084677,0.0074591804295778,0.1357319039232112,6.5921152192965,0.02
LQR_R001,3,-1,118,0.05,1.0,0.05,0,deterministic,"[0.7532855868339539, -0.8538441061973572, 0.6052027344703674]","[0.3583809733390808, -0.14669764041900635, -0.04589289054274559]",0.0501907539959603,0.0896465695154959,0.1505722619878811,0.056766262985076,0.022660095244646,0.1077314319473791,4.763976988919551,0.0125
LQR_R001,3,-1,119,0.05,1.0,0.05,0,deterministic,"[0.9546050429344177, -0.7296091914176941, 0.7618905305862427]","[-0.6044704914093018, 0.3422892987728119, 0.2229812741279602]",0.0443428158210412,0.1099214378178733,0.1330284474631237,0.0425365870232107,0.0046721585094928,0.1446558647241677,4.23140061287407,0.0075
LQR_R001,3,-1,100,0.03,2.0,0.06,0,deterministic,"[-0.6200170516967773, 0.9629579782485962, -0.4305199086666107]","[0.2585463523864746, 0.16207295656204224, 0.19982454180717468]",0.0806046425204659,0.1147217746408345,0.2418139275613977,0.134683480589754,0.0567203164100647,0.1877209727775463,5.172165640995079,0.0125
LQR_R001,3,-1,101,0.03,2.0,0.06,0,deterministic,"[-0.550951361656189, 0.6109917163848877, 0.3617924749851227]","[-0.05787895619869232, -0.9383890628814697, 0.7895963788032532]",0.0661054501419922,0.1702196728810046,0.1983163504259767,0.0748902030381155,0.0826113820075988,0.1703017235280608,7.342031816659359,0.02
LQR_R001,3,-1,102,0.03,2.0,0.06,0,deterministic,"[-0.5149568915367126, -0.7814074754714966, -0.3089001476764679]","[0.5584290027618408, 0.0793050229549408, 0.8485109210014343]",0.0712493387881607,0.1671811522023021,0.2137480163644822,0.0830272879267548,0.0254984721541404,0.1837152088783272,5.910496231111135,0.0125
LQR_R001,3,-1,103,0.03,2.0,0.06,0,deterministic,"[-0.12263999134302139, -0.037186793982982635, 0.47996628284454346]","[-0.12207181006669998, 0.919745683670044, -0.3810819089412689]",0.0662296962551153,0.1444788111214119,0.1986890887653459,0.13363017504,0.0624309480190277,0.2401732486405466,8.297863039735196,0.0225
LQR_R001,3,-1,104,0.03,2.0,0.06,0,deterministic,"[0.6484106183052063, -0.8674346804618835, 0.07659447193145752]","[0.5117452144622803, 0.6506502032279968, -0.5617742538452148]",0.1344910561806171,0.2257638193202576,0.4034731685418515,0.1417219766220193,0.0598237896338105,0.2317223033489898,9.589038054969144,0.0275
LQR_R001,3,-1,105,0.03,2.0,0.06,0,deterministic,"[-0.42927682399749756, 0.11211804300546646, 0.4673515558242798]","[-0.602249801158905, -0.4704720079898834, -0.3490790128707886]",0.0431280667055165,0.0939275282632957,0.1293842001165498,0.0918814652127984,0.1495095491409301,0.127786527774857,3.827224532481086,0.0075
LQR_R001,3,-1,106,0.03,2.0,0.06,0,deterministic,"[-0.8895044922828674, 0.2718296945095062, -0.8628385663032532]","[0.9502007961273193, -0.6974973678588867, -0.4096177816390991]",0.0492670901519566,0.1190564257466895,0.1478012704558698,0.0446706317669861,0.0310371527448296,0.1228867502009607,3.591269570945956,0.0075
LQR_R001,3,-1,107,0.03,2.0,0.06,0,deterministic,"[0.6331554651260376, -0.5412940382957458, -0.558035135269165]","[-0.916957676410675, -0.7854737043380737, 0.4266817569732666]",0.0882204369109987,0.1936830397176095,0.2646613107329963,0.184022996344684,0.2107095718383789,0.2290816596407847,7.466033402586326,0.02
LQR_R001,3,-1,108,0.03,2.0,0.06,0,deterministic,"[0.2364661693572998, 0.06543176621198654, 0.1095544770359993]","[-0.17992550134658813, -0.7554280757904053, 0.9981473684310913]",0.0818333939609682,0.1604950893356114,0.2455001818829046,0.1696849688427683,0.1674928665161132,0.2061529539583498,8.429271220802894,0.0225
LQR_R001,3,-1,109,0.03,2.0,0.06,0,deterministic,"[0.9988187551498413, 0.9677178263664246, 0.040775928646326065]","[0.3314192593097687, -0.585135817527771, 0.520487904548645]",0.0847398049855358,0.2097006874230115,0.2542194149566075,0.0750961217017453,0.0256803333759307,0.2082120219051116,8.498248048735404,0.0225
LQR_R001,3,-1,110,0.03,2.0,0.06,0,deterministic,"[-0.10864169895648956, 0.04931486025452614, -0.4704791009426117]","[-0.871351957321167, 0.2730865180492401, -0.019966647028923035]",0.0303512744823082,0.0645227819021497,0.0910538234469246,0.0851235676579821,0.0713317841291427,0.1668789218368004,2.9747677142482045,0.005
LQR_R001,3,-1,111,0.03,2.0,0.06,0,deterministic,"[-0.6049723625183105, -0.32344892621040344, 0.43083447217941284]","[-0.8419704437255859, -0.16797947883605957, -0.20451059937477112]",0.0458438716126653,0.0701565098573461,0.1375316148379961,0.0525356237201687,0.008462912403047,0.1291637718044639,3.551705127910807,0.01
LQR_R001,3,-1,112,0.03,2.0,0.06,0,deterministic,"[0.4448135197162628, -0.9011456966400146, 0.6439449191093445]","[0.9329946637153625, 0.5882050395011902, 0.9689865112304688]",0.0694209408372677,0.1794220181783091,0.2082628225118033,0.0419681938250123,0.0051934607326984,0.1573458457106673,2.392529721442352,0.0
LQR_R001,3,-1,113,0.03,2.0,0.06,0,deterministic,"[0.41863173246383667, -0.023482682183384895, 0.2279641479253769]","[-0.4255177676677704, -0.7030157446861267, -0.44172894954681396]",0.0643743979911059,0.1302662176957344,0.1931231939733177,0.0957240717497044,0.0519721955060958,0.1811659453911974,2.254246370982343,0.0
LQR_R001,3,-1,114,0.03,2.0,0.06,0,deterministic,"[-0.7814548015594482, -0.6798140406608582, -0.9797838926315308]","[0.11529668420553207, -0.6668115258216858, -0.3657369315624237]",0.0219261516398476,0.0620150236070552,0.0657784549195431,0.0094429112505167,0.0252392143011093,0.1030260175019456,1.7740125372837594,0.0025
LQR_R001,3,-1,115,0.03,2.0,0.06,0,deterministic,"[-0.13505227863788605, -0.6992138028144836, -0.6386840343475342]","[-0.08365152776241302, -0.7399067878723145, -0.1394127458333969]",0.0350086362711181,0.0585865041726573,0.1050259088133543,0.0948479167059247,0.174673855304718,0.1034335169882834,2.3761226536955657,0.005
LQR_R001,3,-1,116,0.03,2.0,0.06,0,deterministic,"[0.0036390621680766344, -0.36614876985549927, -0.6434957981109619]","[0.9050279259681702, 0.8802486658096313, -0.9539850950241089]",0.1126309368590625,0.2189682200739281,0.3378928105771876,0.2663894034462211,0.2225548326969146,0.2364418084789508,6.664468338593917,0.015
LQR_R001,3,-1,117,0.03,2.0,0.06,0,deterministic,"[0.11515316367149353, 0.7238221168518066, -0.36945784091949463]","[-0.9954982399940491, 0.7611866593360901, 0.800013542175293]",0.042925795038747,0.1623895807698643,0.1287773851162412,0.0248843236843606,0.008937070146203,0.1452754677775283,6.616477853380641,0.02
LQR_R001,3,-1,118,0.03,2.0,0.06,0,deterministic,"[0.7532855868339539, -0.8538441061973572, 0.6052027344703674]","[0.3583809733390808, -0.14669764041900635, -0.04589289054274559]",0.0564708232690742,0.0959264592576459,0.1694124698072226,0.0678898269586541,0.0268884412944316,0.112974858200354,4.7905636905414335,0.0125
LQR_R001,3,-1,119,0.03,2.0,0.06,0,deterministic,"[0.9546050429344177, -0.7296091914176941, 0.7618905305862427]","[-0.6044704914093018, 0.3422892987728119, 0.2229812741279602]",0.0497076596107863,0.1125206383195494,0.149122978832359,0.0508545604534447,0.0056960321962833,0.1584687724433822,4.25085454970758,0.0075
LQR_R001,3,-1,100,0.05,2.0,0.1,0,deterministic,"[-0.6200170516967773, 0.9629579782485962, -0.4305199086666107]","[0.2585463523864746, 0.16207295656204224, 0.19982454180717468]",0.1226832919915888,0.1598739378839012,0.3680498759747666,0.2235067883897342,0.09498006477952,0.2580192286333654,5.750280921991769,0.0125
LQR_R001,3,-1,101,0.05,2.0,0.1,0,deterministic,"[-0.550951361656189, 0.6109917163848877, 0.3617924749851227]","[-0.05787895619869232, -0.9383890628814697, 0.7895963788032532]",0.0807919800463453,0.1782326691275421,0.2423759401390361,0.1254641186491942,0.1385976076126098,0.1897477289654725,7.434025055558923,0.02
LQR_R001,3,-1,102,0.05,2.0,0.1,0,deterministic,"[-0.5149568915367126, -0.7814074754714966, -0.3089001476764679]","[0.5584290027618408, 0.0793050229549408, 0.8485109210014343]",0.0926297142256302,0.1784181083524392,0.2778891426768906,0.1352986464690831,0.0415279865264892,0.2177465029924956,6.124710283855606,0.0125
LQR_R001,3,-1,103,0.05,2.0,0.1,0,deterministic,"[-0.12263999134302139, -0.037186793982982635, 0.47996628284454346]","[-0.12207181006669998, 0.919745683670044, -0.3810819089412689]",0.0862697189807712,0.1582472228145234,0.2588091569423136,0.2213020339424227,0.1034922897815704,0.3455657664363614,9.401678701458763,0.0225
LQR_R001,3,-1,104,0.05,2.0,0.1,0,deterministic,"[0.6484106183052063, -0.8674346804618835, 0.07659447193145752]","[0.5117452144622803, 0.6506502032279968, -0.5617742538452148]",0.1862094280629706,0.2705510910913187,0.5586282841889118,0.2372565412502965,0.1026290422305464,0.2834313407599218,10.01331499152389,0.0275
LQR_R001,3,-1,105,0.05,2.0,0.1,0,deterministic,"[-0.42927682399749756, 0.11211804300546646, 0.4673515558242798]","[-0.602249801158905, -0.4704720079898834, -0.3490790128707886]",0.0602674151593486,0.1078444318022086,0.1808022454780459,0.1567890469306781,0.2556163072586059,0.1508132278639576,3.943081676713158,0.0075
LQR_R001,3,-1,106,0.05,2.0,0.1,0,deterministic,"[-0.8895044922828674, 0.2718296945095062, -0.8628385663032532]","[0.9502007961273193, -0.6974973678588867, -0.4096177816390991]",0.0723386462133359,0.1354983588882801,0.2170159386400077,0.074800515981437,0.0508358441293239,0.1611683808317993,3.8031299840612776,0.0075
LQR_R001,3,-1,107,0.05,2.0,0.1,0,deterministic,"[0.6331554651260376, -0.5412940382957458, -0.558035135269165]","[-0.916957676410675, -0.7854737043380737, 0.4266817569732666]",0.1132773834583368,0.2121991502166462,0.3398321503750107,0.3043644531273548,0.341044545173645,0.2855901887692323,7.801508933948783,0.02
LQR_R001,3,-1,108,0.05,2.0,0.1,0,deterministic,"[0.2364661693572998, 0.06543176621198654, 0.1095544770359993]","[-0.17992550134658813, -0.7554280757904053, 0.9981473684310913]",0.1029017744148467,0.1725491248223519,0.3087053232445402,0.287827770145219,0.2900768518447876,0.2185893316335696,8.537863784432481,0.0225
LQR_R001,3,-1,109,0.05,2.0,0.1,0,deterministic,"[0.9988187551498413, 0.9677178263664246, 0.040775928646326065]","[0.3314192593097687, -0.585135817527771, 0.520487904548645]",0.0986605361901403,0.2101879640568917,0.295981608570421,0.1242266599100405,0.0419183336198329,0.2456838688331231,8.518998152253175,0.0225
LQR_R001,3,-1,110,0.05,2.0,0.1,0,deterministic,"[-0.10864169895648956, 0.04931486025452614, -0.4704791009426117]","[-0.871351957321167, 0.2730865180492401, -0.019966647028923035]",0.0436760863124339,0.0782017121176095,0.1310282589373018,0.1404588221583837,0.1187368296086788,0.2495786516481262,3.709424778909138,0.005
LQR_R001,3,-1,111,0.05,2.0,0.1,0,deterministic,"[-0.6049723625183105, -0.32344892621040344, 0.43083447217941284]","[-0.8419704437255859, -0.16797947883605957, -0.20451059937477112]",0.0741728032634888,0.1087101629112389,0.2225184097904665,0.0863837327831137,0.0142161669209599,0.1812726639022765,3.9266501337502286,0.01
LQR_R001,3,-1,112,0.05,2.0,0.1,0,deterministic,"[0.4448135197162628, -0.9011456966400146, 0.6439449191093445]","[0.9329946637153625, 0.5882050395011902, 0.9689865112304688]",0.0829040154645177,0.184323435236372,0.2487120463935533,0.0698786077411546,0.009859599173069,0.2050854351349463,2.6427106192003142,0.0
LQR_R001,3,-1,113,0.05,2.0,0.1,0,deterministic,"[0.41863173246383667, -0.023482682183384895, 0.2279641479253769]","[-0.4255177676677704, -0.7030157446861267, -0.44172894954681396]",0.0843070392359082,0.146133776610715,0.2529211177077246,0.160466729927762,0.0879467129707336,0.2336572077772127,2.659321713029801,0.0
LQR_R001,3,-1,114,0.05,2.0,0.1,0,deterministic,"[-0.7814548015594482, -0.6798140406608582, -0.9797838926315308]","[0.11529668420553207, -0.6668115258216858, -0.3657369315624237]",0.025933303841423,0.0627049706087921,0.077799911524269,0.0159125483054437,0.0422979593276977,0.1516490084426291,1.9975915170448355,0.0025
LQR_R001,3,-1,115,0.05,2.0,0.1,0,deterministic,"[-0.13505227863788605, -0.6992138028144836, -0.6386840343475342]","[-0.08365152776241302, -0.7399067878723145, -0.1394127458333969]",0.0571590258832014,0.0935840635664791,0.1714770776496043,0.1578769010756119,0.2932908833026886,0.1536013291776528,2.6778415328657075,0.005
LQR_R001,3,-1,116,0.05,2.0,0.1,0,deterministic,"[0.0036390621680766344, -0.36614876985549927, -0.6434957981109619]","[0.9050279259681702, 0.8802486658096313, -0.9539850950241089]",0.1500467692011408,0.2479882755942718,0.4501403076034225,0.4436004420765388,0.3718465380370617,0.2917775142644102,7.195886442190539,0.015
LQR_R001,3,-1,117,0.05,2.0,0.1,0,deterministic,"[0.11515316367149353, 0.7238221168518066, -0.36945784091949463]","[-0.9954982399940491, 0.7611866593360901, 0.800013542175293]",0.048587218189228,0.1616684049369978,0.1457616545676841,0.0412184047587445,0.0147932674735784,0.1832826110842682,6.765560269644936,0.02
LQR_R001,3,-1,118,0.05,2.0,0.1,0,deterministic,"[0.7532855868339539, -0.8538441061973572, 0.6052027344703674]","[0.3583809733390808, -0.14669764041900635, -0.04589289054274559]",0.0823966762523615,0.1256745905031167,0.2471900287570845,0.1116627181253545,0.0428288392722606,0.1335888179183392,4.911585516477816,0.0125
LQR_R001,3,-1,119,0.05,2.0,0.1,0,deterministic,"[0.9546050429344177, -0.7296091914176941, 0.7618905305862427]","[-0.6044704914093018, 0.3422892987728119, 0.2229812741279602]",0.0715109610036696,0.1273432040059079,0.214532883011009,0.0834925033577522,0.010043978691101,0.2144243015125022,4.471825541821435,0.0075
LQR_R1,2,-1,100,0.03,1.0,0.03,0,deterministic,"[-0.6200170516967773, 0.9629579782485962, -0.4305199086666107]","[0.2585463523864746, 0.16207295656204224, 0.19982454180717468]",0.1124728977043841,0.2400422166121656,0.3374186931131523,0.1984983834403532,0.036339221522212,0.1645950018825631,6.555881872897048,0.0125
LQR_R1,2,-1,101,0.03,1.0,0.03,0,deterministic,"[-0.550951361656189, 0.6109917163848877, 0.3617924749851227]","[-0.05787895619869232, -0.9383890628814697, 0.7895963788032532]",0.3373560128518297,0.7657818820197487,1.0120680385554892,0.2537917536165979,0.4520298540592193,0.2216731993480936,9.391157829299324,0.02
LQR_R1,2,-1,102,0.03,1.0,0.03,0,deterministic,"[-0.5149568915367126, -0.7814074754714966, -0.3089001476764679]","[0.5584290027618408, 0.0793050229549408, 0.8485109210014343]",0.2197454032780028,0.3659384258025939,0.6592362098340084,0.4937833776628529,0.1237707436084747,0.151142315680618,2.670710182673917,0.0
LQR_R1,2,-1,103,0.03,1.0,0.03,0,deterministic,"[-0.12263999134302139, -0.037186793982982635, 0.47996628284454346]","[-0.12207181006669998, 0.919745683670044, -0.3810819089412689]",0.2376711047451915,0.5879608843127857,0.7130133142355746,0.3048684510551853,0.1483367979526519,0.2267164696461435,9.1202480599158,0.02
LQR_R1,2,-1,104,0.03,1.0,0.03,0,deterministic,"[0.6484106183052063, -0.8674346804618835, 0.07659447193145752]","[0.5117452144622803, 0.6506502032279968, -0.5617742538452148]",0.2067974052896703,0.6141100224824246,0.6203922158690109,0.0493510916748624,0.0289713204838335,0.2380394890676241,11.984961640075795,0.0275
LQR_R1,2,-1,105,0.03,1.0,0.03,0,deterministic,"[-0.42927682399749756, 0.11211804300546646, 0.4673515558242798]","[-0.602249801158905, -0.4704720079898834, -0.3490790128707886]",0.0904323105450258,0.2671243404199901,0.2712969316350774,0.0580446742199085,0.1002846956253051,0.0797688859788003,1.2688803374434428,0.0
LQR_R1,2,-1,106,0.03,1.0,0.03,0,deterministic,"[-0.8895044922828674, 0.2718296945095062, -0.8628385663032532]","[0.9502007961273193, -0.6974973678588867, -0.4096177816390991]",0.0603700058514613,0.1580251330201755,0.1811100175543839,0.0827098951249578,0.0438584480434656,0.1355595286876634,5.203477313373575,0.01
LQR_R1,2,-1,107,0.03,1.0,0.03,0,deterministic,"[0.6331554651260376, -0.5412940382957458, -0.558035135269165]","[-0.916957676410675, -0.7854737043380737, 0.4266817569732666]",0.1695017720172406,0.4191586505414981,0.5085053160517219,0.1858437114659651,0.4800735712051391,0.1451895599133141,5.25723549213012,0.01
LQR_R1,2,-1,108,0.03,1.0,0.03,0,deterministic,"[0.2364661693572998, 0.06543176621198654, 0.1095544770359993]","[-0.17992550134658813, -0.7554280757904053, 0.9981473684310913]",0.2048349617664947,0.4781236132548065,0.6145048852994843,0.1673638848932805,0.430580198764801,0.1507717533709648,6.808749523463558,0.015
LQR_R1,2,-1,109,0.03,1.0,0.03,0,deterministic,"[0.9988187551498413, 0.9677178263664246, 0.040775928646326065]","[0.3314192593097687, -0.585135817527771, 0.520487904548645]",0.2328437919483047,0.604346240924233,0.6985313758449141,0.2471677523888187,0.0994858257472515,0.2624718954762635,12.775027286906234,0.025
LQR_R1,2,-1,110,0.03,1.0,0.03,0,deterministic,"[-0.10864169895648956, 0.04931486025452614, -0.4704791009426117]","[-0.871351957321167, 0.2730865180492401, -0.019966647028923035]",0.1223602305286032,0.1730004092679043,0.3670806915858096,0.3044342936137346,0.1083971783518791,0.0685453334969277,0.3954856212058793,0.0
LQR_R1,2,-1,111,0.03,1.0,0.03,0,deterministic,"[-0.6049723625183105, -0.32344892621040344, 0.43083447217941284]","[-0.8419704437255859, -0.16797947883605957, -0.20451059937477112]",0.1688867894420129,0.2862093380119065,0.5066603683260388,0.2105187326784671,0.038150074891746,0.139653782184036,3.4805200937885865,0.0025
LQR_R1,2,-1,112,0.03,1.0,0.03,0,deterministic,"[0.4448135197162628, -0.9011456966400146, 0.6439449191093445]","[0.9329946637153625, 0.5882050395011902, 0.9689865112304688]",0.0740495421596611,0.1211180192661181,0.2221486264789834,0.211320596827585,0.0422431379556655,0.1144181429653804,3.7329852893955335,0.0
LQR_R1,2,-1,113,0.03,1.0,0.03,0,deterministic,"[0.41863173246383667, -0.023482682183384895, 0.2279641479253769]","[-0.4255177676677704, -0.7030157446861267, -0.44172894954681396]",0.1436893240996138,0.2538820287253693,0.4310679722988416,0.3076406263826806,0.0975983142852783,0.0948575620616128,0.6556765551110417,0.0
LQR_R1,2,-1,114,0.03,1.0,0.03,0,deterministic,"[-0.7814548015594482, -0.6798140406608582, -0.9797838926315308]","[0.11529668420553207, -0.6668115258216858, -0.3657369315624237]",0.1688469939060812,0.2566858413285542,0.5065409817182438,0.1732915270107763,0.1493641138076782,0.1083581370509553,1.7631721521830803,0.0
LQR_R1,2,-1,115,0.03,1.0,0.03,0,deterministic,"[-0.13505227863788605, -0.6992138028144836, -0.6386840343475342]","[-0.08365152776241302, -0.7399067878723145, -0.1394127458333969]",0.0925322222269464,0.2050145145475595,0.2775966666808394,0.0805201669924973,0.1248427629470825,0.0880492250056196,1.3941368777247156,0.0
LQR_R1,2,-1,116,0.03,1.0,0.03,0,deterministic,"[0.0036390621680766344, -0.36614876985549927, -0.6434957981109619]","[0.9050279259681702, 0.8802486658096313, -0.9539850950241089]",0.1287309767226266,0.2946301335578276,0.38619293016788,0.0989053065394177,0.0386015097610652,0.1257016535255343,5.527845861748193,0.0125
LQR_R1,2,-1,117,0.03,1.0,0.03,0,deterministic,"[0.11515316367149353, 0.7238221168518066, -0.36945784091949463]","[-0.9954982399940491, 0.7611866593360901, 0.800013542175293]",0.2203335149741266,0.4985696729205582,0.6610005449223799,0.2682846775278449,0.0414090566337108,0.1773845732860624,7.013320070316659,0.01
LQR_R1,2,-1,118,0.03,1.0,0.03,0,deterministic,"[0.7532855868339539, -0.8538441061973572, 0.6052027344703674]","[0.3583809733390808, -0.14669764041900635, -0.04589289054274559]",0.1255400071961066,0.2076286215497726,0.37662002158832,0.2571087618024997,0.0375548042356967,0.1277548501744069,5.372379182296218,0.01
LQR_R1,2,-1,119,0.03,1.0,0.03,0,deterministic,"[0.9546050429344177, -0.7296091914176941, 0.7618905305862427]","[-0.6044704914093018, 0.3422892987728119, 0.2229812741279602]",0.1503088473096948,0.2407508957343103,0.4509265419290845,0.3838726986935477,0.0819785483181476,0.1970977909178438,6.547123500880595,0.0125
LQR_R1,2,-1,100,0.05,1.0,0.05,0,deterministic,"[-0.6200170516967773, 0.9629579782485962, -0.4305199086666107]","[0.2585463523864746, 0.16207295656204224, 0.19982454180717468]",0.1475713849168329,0.2653439338302204,0.4427141547504989,0.3172487461548529,0.0560062304139137,0.1883744414586009,6.573502973724724,0.0125
LQR_R1,2,-1,101,0.05,1.0,0.05,0,deterministic,"[-0.550951361656189, 0.6109917163848877, 0.3617924749851227]","[-0.05787895619869232, -0.9383890628814697, 0.7895963788032532]",0.4430953101707887,0.8657545957357278,1.329285930512366,0.4558276253533952,0.8511106073856354,0.2566339833272677,9.738981917597696,0.02
LQR_R1,2,-1,102,0.05,1.0,0.05,0,deterministic,"[-0.5149568915367126, -0.7814074754714966, -0.3089001476764679]","[0.5584290027618408, 0.0793050229549408, 0.8485109210014343]",0.3397564908314623,0.4902262983257363,1.019269472494387,0.9463018287249184,0.2542961239814758,0.2020367982728302,3.008133118363476,0.0
LQR_R1,2,-1,103,0.05,1.0,0.05,0,deterministic,"[-0.12263999134302139, -0.037186793982982635, 0.47996628284454346]","[-0.12207181006669998, 0.919745683670044, -0.3810819089412689]",0.2910276647604513,0.6162794143630203,0.8730829942813538,0.524152194644198,0.2710925042629242,0.2717793396409331,9.489801522278462,0.02
LQR_R1,2,-1,104,0.05,1.0,0.05,0,deterministic,"[0.6484106183052063, -0.8674346804618835, 0.07659447193145752]","[0.5117452144622803, 0.6506502032279968, -0.5617742538452148]",0.225453402347327,0.6225188104850311,0.676360207041981,0.0823055949165589,0.0490789096802473,0.2598535609518658,12.026995278927558,0.0275
LQR_R1,2,-1,105,0.05,1.0,0.05,0,deterministic,"[-0.42927682399749756, 0.11211804300546646, 0.4673515558242798]","[-0.602249801158905, -0.4704720079898834, -0.3490790128707886]",0.1027882408392511,0.2739241069213676,0.3083647225177533,0.0978474055911287,0.1676342487335205,0.0913603257366212,1.3205576475078598,0.0
LQR_R1,2,-1,106,0.05,1.0,0.05,0,deterministic,"[-0.8895044922828674, 0.2718296945095062, -0.8628385663032532]","[0.9502007961273193, -0.6974973678588867, -0.4096177816390991]",0.0831474168589981,0.1694454945289467,0.2494422505769943,0.1405559733142087,0.071608792990446,0.159221710246814,5.278691858351453,0.01
LQR_R1,2,-1,107,0.05,1.0,0.05,0,deterministic,"[0.6331554651260376, -0.5412940382957458, -0.558035135269165]","[-0.916957676410675, -0.7854737043380737, 0.4266817569732666]",0.1975015086212434,0.4217031198069443,0.5925045258637304,0.2886770854209676,0.7602889537811279,0.1632748728547189,5.308995761012255,0.01
LQR_R1,2,-1,108,0.05,1.0,0.05,0,deterministic,"[0.2364661693572998, 0.06543176621198654, 0.1095544770359993]","[-0.17992550134658813, -0.7554280757904053, 0.9981473684310913]",0.2179456307654945,0.4604895077428945,0.6538368922964835,0.274250921551828,0.7012220621109009,0.1557459595456122,6.843301248126373,0.015
LQR_R1,2,-1,109,0.05,1.0,0.05,0,deterministic,"[0.9988187551498413, 0.9677178263664246, 0.040775928646326065]","[0.3314192593097687, -0.585135817527771, 0.520487904548645]",0.2756627529885864,0.6223752358834663,0.8269882589657593,0.4272759610120161,0.1916347481310367,0.293427558607312,13.09123093113196,0.025
LQR_R1,2,-1,110,0.05,1.0,0.05,0,deterministic,"[-0.10864169895648956, 0.04931486025452614, -0.4704791009426117]","[-0.871351957321167, 0.2730865180492401, -0.019966647028923035]",0.1702715677177457,0.2264965190886747,0.5108147031532373,0.4601920090132841,0.1628969758749008,0.0911537372396691,0.4891915392401633,0.0
LQR_R1,2,-1,111,0.05,1.0,0.05,0,deterministic,"[-0.6049723625183105, -0.32344892621040344, 0.43083447217941284]","[-0.8419704437255859, -0.16797947883605957, -0.20451059937477112]",0.2168886041751012,0.3302632115492863,0.6506658125253036,0.291448215333124,0.0489600151777267,0.1639717460386686,3.5922479413214434,0.0025
LQR_R1,2,-1,112,0.05,1.0,0.05,0,deterministic,"[0.4448135197162628, -0.9011456966400146, 0.6439449191093445]","[0.9329946637153625, 0.5882050395011902, 0.9689865112304688]",0.110678205559617,0.1575594552654562,0.332034616678851,0.3433755512498779,0.0694221779704094,0.1416742029063347,3.86298544897082,0.0
LQR_R1,2,-1,113,0.05,1.0,0.05,0,deterministic,"[0.41863173246383667, -0.023482682183384895, 0.2279641479253769]","[-0.4255177676677704, -0.7030157446861267, -0.44172894954681396]",0.1925759388231428,0.2930366592320734,0.5777278164694285,0.4649145991920873,0.1573951244354248,0.1182572134707164,0.7342051917800017,0.0
LQR_R1,2,-1,114,0.05,1.0,0.05,0,deterministic,"[-0.7814548015594482, -0.6798140406608582, -0.9797838926315308]","[0.11529668420553207, -0.6668115258216858, -0.3657369315624237]",0.2381642316170006,0.3309907304527875,0.7144926948510018,0.3140744349148906,0.2555103600025177,0.144931938137628,1.953857545505808,0.0
LQR_R1,2,-1,115,0.05,1.0,0.05,0,deterministic,"[-0.13505227863788605, -0.6992138028144836, -0.6386840343475342]","[-0.08365152776241302, -0.7399067878723145, -0.1394127458333969]",0.1149063321985521,0.214788072255166,0.3447189965956563,0.1301880121392048,0.2030228674411773,0.1098360926609026,1.4503453839765637,0.0
LQR_R1,2,-1,116,0.05,1.0,0.05,0,deterministic,"[0.0036390621680766344, -0.36614876985549927, -0.6434957981109619]","[0.9050279259681702, 0.8802486658096313, -0.9539850950241089]",0.1366009937354664,0.2947581904519383,0.4098029812063994,0.1643764491101014,0.0669430331327021,0.1353407117788984,5.517671685642648,0.0125
LQR_R1,2,-1,117,0.05,1.0,0.05,0,deterministic,"[0.11515316367149353, 0.7238221168518066, -0.36945784091949463]","[-0.9954982399940491, 0.7611866593360901, 0.800013542175293]",0.265915052034735,0.5148072342066103,0.7977451561042049,0.4086122042556971,0.0647390391677618,0.1930653279132071,6.958329669827245,0.01
LQR_R1,2,-1,118,0.05,1.0,0.05,0,deterministic,"[0.7532855868339539, -0.8538441061973572, 0.6052027344703674]","[0.3583809733390808, -0.14669764041900635, -0.04589289054274559]",0.1756694421128788,0.2664854748364149,0.5270083263386366,0.3863684076378927,0.057393129914999,0.139839174863337,5.403187421400843,0.01
LQR_R1,2,-1,119,0.05,1.0,0.05,0,deterministic,"[0.9546050429344177, -0.7296091914176941, 0.7618905305862427]","[-0.6044704914093018, 0.3422892987728119, 0.2229812741279602]",0.2435452186766507,0.3597786960795906,0.7306356560299522,0.7188291163356216,0.1161138676106929,0.2599205579509973,7.060362694552487,0.0125
LQR_R1,2,-1,100,0.03,2.0,0.06,0,deterministic,"[-0.6200170516967773, 0.9629579782485962, -0.4305199086666107]","[0.2585463523864746, 0.16207295656204224, 0.19982454180717468]",0.1644794287830467,0.2807124474423188,0.4934382863491402,0.3726515380412708,0.0645866021513938,0.2000586292704978,6.596449297039782,0.0125
LQR_R1,2,-1,101,0.03,2.0,0.06,0,deterministic,"[-0.550951361656189, 0.6109917163848877, 0.3617924749851227]","[-0.05787895619869232, -0.9383890628814697, 0.7895963788032532]",0.503728141792967,0.927616454771544,1.511184425378901,0.5672738480347174,1.0845954716205597,0.274943182418785,9.945440359062657,0.02
LQR_R1,2,-1,102,0.03,2.0,0.06,0,deterministic,"[-0.5149568915367126, -0.7814074754714966, -0.3089001476764679]","[0.5584290027618408, 0.0793050229549408, 0.8485109210014343]",0.4073383754192048,0.5713149433899548,1.2220151262576149,1.2160820852919123,0.3281450271606445,0.2301295787494332,3.274106939677722,0.0
LQR_R1,2,-1,103,0.03,2.0,0.06,0,deterministic,"[-0.12263999134302139, -0.037186793982982635, 0.47996628284454346]","[-0.12207181006669998, 0.919745683670044, -0.3810819089412689]",0.3195177225368167,0.6342429731119936,0.9585531676104502,0.6387543836493551,0.339050680398941,0.295104926458863,9.716666589198413,0.02
LQR_R1,2,-1,104,0.03,2.0,0.06,0,deterministic,"[0.6484106183052063, -0.8674346804618835, 0.07659447193145752]","[0.5117452144622803, 0.6506502032279968, -0.5617742538452148]",0.2354889287913709,0.6272990366630706,0.7064667863741126,0.0989987174290473,0.059450757689774,0.2708028173684508,12.059524732642412,0.0275
LQR_R1,2,-1,105,0.03,2.0,0.06,0,deterministic,"[-0.42927682399749756, 0.11211804300546646, 0.4673515558242798]","[-0.602249801158905, -0.4704720079898834, -0.3490790128707886]",0.1091458330980671,0.2777987911701758,0.3274374992942014,0.118131747584284,0.201501727104187,0.0973053099224895,1.3498755038242083,0.0
LQR_R1,2,-1,106,0.03,2.0,0.06,0,deterministic,"[-0.8895044922828674, 0.2718296945095062, -0.8628385663032532]","[0.9502007961273193, -0.6974973678588867, -0.4096177816390991]",0.0947012111872855,0.1770876984825797,0.2841036335618567,0.170284978079575,0.0846281293779611,0.1710763664418562,5.3273909320415695,0.01
LQR_R1,2,-1,107,0.03,2.0,0.06,0,deterministic,"[0.6331554651260376, -0.5412940382957458, -0.558035135269165]","[-0.916957676410675, -0.7854737043380737, 0.4266817569732666]",0.2095092982216331,0.4238327116796745,0.6285278946648996,0.3356541269861253,0.8878955245018005,0.1718778031188826,5.339026310033042,0.01
LQR_R1,2,-1,108,0.03,2.0,0.06,0,deterministic,"[0.2364661693572998, 0.06543176621198654, 0.1095544770359993]","[-0.17992550134658813, -0.7554280757904053, 0.9981473684310913]",0.2242266761660823,0.4540231027969236,0.672680028498247,0.326356137516322,0.8309457004070282,0.1580699792473189,6.8617565966962175,0.015
LQR_R1,2,-1,109,0.03,2.0,0.06,0,deterministic,"[0.9988187551498413, 0.9677178263664246, 0.040775928646326065]","[0.3314192593097687, -0.585135817527771, 0.520487904548645]",0.2981893374125534,0.6342609522435408,0.8945680122376604,0.5217371455819151,0.246228577569127,0.3093393839863777,13.272184495227306,0.025
LQR_R1,2,-1,110,0.03,2.0,0.06,0,deterministic,"[-0.10864169895648956, 0.04931486025452614, -0.4704791009426117]","[-0.871351957321167, 0.2730865180492401, -0.019966647028923035]",0.1908388033691958,0.2508858058971374,0.5725164101075874,0.5275573003462252,0.1829947829246521,0.1007927729245368,0.5405411703204057,0.0
LQR_R1,2,-1,111,0.03,2.0,0.06,0,deterministic,"[-0.6049723625183105, -0.32344892621040344, 0.43083447217941284]","[-0.8419704437255859, -0.16797947883605957, -0.20451059937477112]",0.2366339122363252,0.350694161717256,0.7099017367089757,0.3218838157431211,0.0524542983621358,0.1746674916112419,3.652927956685245,0.0025
LQR_R1,2,-1,112,0.03,2.0,0.06,0,deterministic,"[0.4448135197162628, -0.9011456966400146, 0.6439449191093445]","[0.9329946637153625, 0.5882050395011902, 0.9689865112304688]",0.1287671025346574,0.1777346256777849,0.3863013076039723,0.4067929080790943,0.0823813006281852,0.1550208304849736,3.942874836520126,0.0
LQR_R1,2,-1,113,0.03,2.0,0.06,0,deterministic,"[0.41863173246383667, -0.023482682183384895, 0.2279641479253769]","[-0.4255177676677704, -0.7030157446861267, -0.44172894954681396]",0.2146202476589893,0.3138628739984873,0.6438607429769679,0.5320609549382402,0.1851570978760719,0.1286728949935763,0.7828275516941207,0.0
LQR_R1,2,-1,114,0.03,2.0,0.06,0,deterministic,"[-0.7814548015594482, -0.6798140406608582, -0.9797838926315308]","[0.11529668420553207, -0.6668115258216858, -0.3657369315624237]",0.2772586167227176,0.3876970202996487,0.8317758501681529,0.3868816432623583,0.3080231845378876,0.1661841041787191,2.100725105729855,0.0
LQR_R1,2,-1,115,0.03,2.0,0.06,0,deterministic,"[-0.13505227863788605, -0.6992138028144836, -0.6386840343475342]","[-0.08365152776241302, -0.7399067878723145, -0.1394127458333969]",0.1253765327097261,0.2206472133774063,0.3761295981291783,0.154012514255297,0.2407715618610382,0.1203947081017926,1.4867370963951936,0.0
LQR_R1,2,-1,116,0.03,2.0,0.06,0,deterministic,"[0.0036390621680766344, -0.36614876985549927, -0.6434957981109619]","[0.9050279259681702, 0.8802486658096313, -0.9539850950241089]",0.1407549202152631,0.2959135876810871,0.4222647606457892,0.1970719627426638,0.0820466293953359,0.1408094907432192,5.521275958825188,0.0125
LQR_R1,2,-1,117,0.03,2.0,0.06,0,deterministic,"[0.11515316367149353, 0.7238221168518066, -0.36945784091949463]","[-0.9954982399940491, 0.7611866593360901, 0.800013542175293]",0.2866890434627069,0.524775514830631,0.8600671303881207,0.469433034689706,0.0747745502740144,0.1998764394057863,6.938100883418037,0.01
LQR_R1,2,-1,118,0.03,2.0,0.06,0,deterministic,"[0.7532855868339539, -0.8538441061973572, 0.6052027344703674]","[0.3583809733390808, -0.14669764041900635, -0.04589289054274559]",0.1981425238060993,0.2955144070280189,0.594427571418298,0.44099406166761,0.0657342597842216,0.1449708812870085,5.41988400696771,0.01
LQR_R1,2,-1,119,0.03,2.0,0.06,0,deterministic,"[0.9546050429344177, -0.7296091914176941, 0.7618905305862427]","[-0.6044704914093018, 0.3422892987728119, 0.2229812741279602]",0.2942363691352871,0.4306170298719109,0.8827091074058614,0.9121894437911702,0.1518516074866056,0.2926861163039466,7.406359763281957,0.0125
LQR_R1,2,-1,100,0.05,2.0,0.1,0,deterministic,"[-0.6200170516967773, 0.9629579782485962, -0.4305199086666107]","[0.2585463523864746, 0.16207295656204224, 0.19982454180717468]",0.2277245624788285,0.3507349500673609,0.6831736874364855,0.5677266369263331,0.0917896926403045,0.2451065754186353,6.772213632408783,0.0125
LQR_R1,2,-1,101,0.05,2.0,0.1,0,deterministic,"[-0.550951361656189, 0.6109917163848877, 0.3617924749851227]","[-0.05787895619869232, -0.9383890628814697, 0.7895963788032532]",0.7975799730523696,1.2751797069493254,2.392739919157109,1.0441878290823947,2.1870327591896057,0.3443385396253473,10.81528158601022,0.02
LQR_R1,2,-1,102,0.05,2.0,0.1,0,deterministic,"[-0.5149568915367126, -0.7814074754714966, -0.3089001476764679]","[0.5584290027618408, 0.0793050229549408, 0.8485109210014343]",0.719522131140888,0.9900067752218672,2.158566393422664,2.576538759065263,1.5681703835725784,0.3412752161603746,4.688048051078499,0.0
LQR_R1,2,-1,103,0.05,2.0,0.1,0,deterministic,"[-0.12263999134302139, -0.037186793982982635, 0.47996628284454346]","[-0.12207181006669998, 0.919745683670044, -0.3810819089412689]",0.4427778523938663,0.7314432454820686,1.328333557181599,1.135142273005144,0.6413132846355438,0.3919028931362972,10.925049344349492,0.02
LQR_R1,2,-1,104,0.05,2.0,0.1,0,deterministic,"[0.6484106183052063, -0.8674346804618835, 0.07659447193145752]","[0.5117452144622803, 0.6506502032279968, -0.5617742538452148]",0.2800648965917726,0.6507061131170906,0.8401946897753177,0.1694742220591891,0.1033200547099113,0.3147256177408937,12.270022906060731,0.0275
LQR_R1,2,-1,105,0.05,2.0,0.1,0,deterministic,"[-0.42927682399749756, 0.11211804300546646, 0.4673515558242798]","[-0.602249801158905, -0.4704720079898834, -0.3490790128707886]",0.1358551906757769,0.2962174278555194,0.4075655720273307,0.2022479761529851,0.3386571407318115,0.122187328505618,1.492774095221366,0.0
LQR_R1,2,-1,106,0.05,2.0,0.1,0,deterministic,"[-0.8895044922828674, 0.2718296945095062, -0.8628385663032532]","[0.9502007961273193, -0.6974973678588867, -0.4096177816390991]",0.1419299431060033,0.2176589245587329,0.4257898293180098,0.2945833785781337,0.1276288479566574,0.218425271397705,5.595044740152677,0.01
LQR_R1,2,-1,107,0.05,2.0,0.1,0,deterministic,"[0.6331554651260376, -0.5412940382957458, -0.558035135269165]","[-0.916957676410675, -0.7854737043380737, 0.4266817569732666]",0.2482439593189602,0.4347456907013833,0.7447318779568808,0.5000279230973971,1.3181898295879364,0.204470262005449,5.482879981840114,0.01
LQR_R1,2,-1,108,0.05,2.0,0.1,0,deterministic,"[0.2364661693572998, 0.06543176621198654, 0.1095544770359993]","[-0.17992550134658813, -0.7554280757904053, 0.9981473684310913]",0.2479730148388247,0.4415224282779285,0.7439190445164744,0.5258764088337804,1.3083387315273285,0.1665227466775714,6.942398822648342,0.015
LQR_R1,2,-1,109,0.05,2.0,0.1,0,deterministic,"[0.9988187551498413, 0.9677178263664246, 0.040775928646326065]","[0.3314192593097687, -0.585135817527771, 0.520487904548645]",0.3945602396425093,0.7011980542445071,1.183680718927528,0.927273771001233,0.5192051976919174,0.3751614033070363,14.15219900467454,0.025
LQR_R1,2,-1,110,0.05,2.0,0.1,0,deterministic,"[-0.10864169895648956, 0.04931486025452614, -0.4704791009426117]","[-0.871351957321167, 0.2730865180492401, -0.019966647028923035]",0.2567893508275938,0.3318989136305417,0.7703680524827815,0.7457828562430762,0.2275802046060562,0.1313665032602445,0.7403417842603435,0.0
LQR_R1,2,-1,111,0.05,2.0,0.1,0,deterministic,"[-0.6049723625183105, -0.32344892621040344, 0.43083447217941284]","[-0.8419704437255859, -0.16797947883605957, -0.20451059937477112]",0.2960458555284358,0.4163359856064908,0.8881375665853074,0.4049393394502041,0.0594963869079947,0.2108481759427912,3.8968881021098287,0.0025
LQR_R1,2,-1,112,0.05,2.0,0.1,0,deterministic,"[0.4448135197162628, -0.9011456966400146, 0.6439449191093445]","[0.9329946637153625, 0.5882050395011902, 0.9689865112304688]",0.1990589574598711,0.2614550081016664,0.5971768723796134,0.6435203463942917,0.1282623186707496,0.2049702110723824,4.345338887119885,0.0
LQR_R1,2,-1,113,0.05,2.0,0.1,0,deterministic,"[0.41863173246383667, -0.023482682183384895, 0.2279641479253769]","[-0.4255177676677704, -0.7030157446861267, -0.44172894954681396]",0.2898076724106986,0.3944070327032358,0.8694230172320959,0.7411069714142309,0.2837253883481025,0.1636791690670771,1.0009670174440757,0.0
LQR_R1,2,-1,114,0.05,2.0,0.1,0,deterministic,"[-0.7814548015594482, -0.6798140406608582, -0.9797838926315308]","[0.11529668420553207, -0.6668115258216858, -0.3657369315624237]",0.4827931720410425,0.7246894841362651,1.4483795161231274,0.6355767525318596,0.4967869520187378,0.2589360942379392,2.915308636614826,0.0
LQR_R1,2,-1,115,0.05,2.0,0.1,0,deterministic,"[-0.13505227863788605, -0.6992138028144836, -0.6386840343475342]","[-0.08365152776241302, -0.7399067878723145, -0.1394127458333969]",0.1632468517093996,0.2471550900830126,0.4897405551281987,0.2440439598220918,0.3839252889156341,0.1607720376464986,1.6800603902903408,0.0
LQR_R1,2,-1,116,0.05,2.0,0.1,0,deterministic,"[0.0036390621680766344, -0.36614876985549927, -0.6434957981109619]","[0.9050279259681702, 0.8802486658096313, -0.9539850950241089]",0.1592650119871743,0.3070076136475005,0.477795035961523,0.3283179339113427,0.1587977539747953,0.1663450109987215,5.590317459246578,0.0125
LQR_R1,2,-1,117,0.05,2.0,0.1,0,deterministic,"[0.11515316367149353, 0.7238221168518066, -0.36945784091949463]","[-0.9954982399940491, 0.7611866593360901, 0.800013542175293]",0.3588935231626597,0.5698339301366856,1.0766805694879793,0.6633548438434064,0.1058323383331298,0.2216139265165247,6.874873463865587,0.01
LQR_R1,2,-1,118,0.05,2.0,0.1,0,deterministic,"[0.7532855868339539, -0.8538441061973572, 0.6052027344703674]","[0.3583809733390808, -0.14669764041900635, -0.04589289054274559]",0.2742347147041685,0.3995982070381647,0.8227041441125057,0.6093904563789199,0.0913114733994007,0.1604557441929056,5.478822388154068,0.01
LQR_R1,2,-1,119,0.05,2.0,0.1,0,deterministic,"[0.9546050429344177, -0.7296091914176941, 0.7618905305862427]","[-0.6044704914093018, 0.3422892987728119, 0.2229812741279602]",0.5179150553028458,0.7621542330597482,1.5537451659085373,1.8665955693541485,0.2939068526029587,0.4187082546499518,9.166893071115656,0.0125
LQR_R1,3,-1,100,0.03,1.0,0.03,0,deterministic,"[-0.6200170516967773, 0.9629579782485962, -0.4305199086666107]","[0.2585463523864746, 0.16207295656204224, 0.19982454180717468]",0.0536082951744502,0.0930144349156219,0.1608248855233508,0.0807944633423086,0.039177194237709,0.1287706915084203,3.492221459969304,0.0
LQR_R1,3,-1,101,0.03,1.0,0.03,0,deterministic,"[-0.550951361656189, 0.6109917163848877, 0.3617924749851227]","[-0.05787895619869232, -0.9383890628814697, 0.7895963788032532]",0.1095491296229287,0.1998522803862194,0.3286473888687863,0.1484544953262364,0.2285803854465484,0.1746910051995229,6.62943281443685,0.0075
LQR_R1,3,-1,102,0.03,1.0,0.03,0,deterministic,"[-0.5149568915367126, -0.7814074754714966, -0.3089001476764679]","[0.5584290027618408, 0.0793050229549408, 0.8485109210014343]",0.1139018250349057,0.2407557427522147,0.3417054751047172,0.1104621732906426,0.0466893836855888,0.123410957494325,1.8716314828230245,0.0
LQR_R1,3,-1,103,0.03,1.0,0.03,0,deterministic,"[-0.12263999134302139, -0.037186793982982635, 0.47996628284454346]","[-0.12207181006669998, 0.919745683670044, -0.3810819089412689]",0.0595733483537957,0.1483699340748749,0.1787200450613871,0.0731970539753451,0.0510906279087066,0.1690730788045913,5.783454084988413,0.01
LQR_R1,3,-1,104,0.03,1.0,0.03,0,deterministic,"[0.6484106183052063, -0.8674346804618835, 0.07659447193145752]","[0.5117452144622803, 0.6506502032279968, -0.5617742538452148]",0.1081459578550525,0.2081050186883101,0.3244378735651576,0.1054824749668945,0.0332258793059736,0.1889009277016302,7.694565828353804,0.015
LQR_R1,3,-1,105,0.03,1.0,0.03,0,deterministic,"[-0.42927682399749756, 0.11211804300546646, 0.4673515558242798]","[-0.602249801158905, -0.4704720079898834, -0.3490790128707886]",0.0628668257961992,0.1477975375302875,0.1886004773885977,0.0507505466172724,0.0987153649330139,0.092614586239633,1.0328892639226497,0.0
LQR_R1,3,-1,106,0.03,1.0,0.03,0,deterministic,"[-0.8895044922828674, 0.2718296945095062, -0.8628385663032532]","[0.9502007961273193, -0.6974973678588867, -0.4096177816390991]",0.0418510845065324,0.1205341783487004,0.1255532535195973,0.0331375125111483,0.015170999104157,0.0916097646046713,2.6763963307780383,0.0
LQR_R1,3,-1,107,0.03,1.0,0.03,0,deterministic,"[0.6331554651260376, -0.5412940382957458, -0.558035135269165]","[-0.916957676410675, -0.7854737043380737, 0.4266817569732666]",0.1023315588385486,0.2112761108408013,0.3069946765156458,0.1705324721557122,0.3374816179275512,0.1672984308385646,4.003431660944421,0.005
LQR_R1,3,-1,108,0.03,1.0,0.03,0,deterministic,"[0.2364661693572998, 0.06543176621198654, 0.1095544770359993]","[-0.17992550134658813, -0.7554280757904053, 0.9981473684310913]",0.0822062055910887,0.1748939353890457,0.2466186167732661,0.1332913526092414,0.269364595413208,0.1723422367744333,5.999420047889707,0.0075
LQR_R1,3,-1,109,0.03,1.0,0.03,0,deterministic,"[0.9988187551498413, 0.9677178263664246, 0.040775928646326065]","[0.3314192593097687, -0.585135817527771, 0.520487904548645]",0.082217070018967,0.2154259134837033,0.2466512100569012,0.0476882850095905,0.021766647696495,0.1805684669800433,7.202395439620779,0.01
LQR_R1,3,-1,110,0.03,1.0,0.03,0,deterministic,"[-0.10864169895648956, 0.04931486025452614, -0.4704791009426117]","[-0.871351957321167, 0.2730865180492401, -0.019966647028923035]",0.0332538499167856,0.0812053626189914,0.0997615497503569,0.0679394735000383,0.0556013397872448,0.0721058350389833,0.3508879516966317,0.0
LQR_R1,3,-1,111,0.03,1.0,0.03,0,deterministic,"[-0.6049723625183105, -0.32344892621040344, 0.43083447217941284]","[-0.8419704437255859, -0.16797947883605957, -0.20451059937477112]",0.0678175027148932,0.1032115829983403,0.2034525081446798,0.0737426942099391,0.00832215603441,0.0884276247044473,1.5098438013846156,0.0
LQR_R1,3,-1,112,0.03,1.0,0.03,0,deterministic,"[0.4448135197162628, -0.9011456966400146, 0.6439449191093445]","[0.9329946637153625, 0.5882050395011902, 0.9689865112304688]",0.0734057251516116,0.184573539026541,0.2202171754548349,0.0346057752239299,0.0109989903867244,0.1241423611296758,2.2395738111587944,0.0
LQR_R1,3,-1,113,0.03,1.0,0.03,0,deterministic,"[0.41863173246383667, -0.023482682183384895, 0.2279641479253769]","[-0.4255177676677704, -0.7030157446861267, -0.44172894954681396]",0.0756198582034294,0.1701748687454591,0.2268595746102884,0.0642685651618205,0.0356338322162628,0.1238931258552489,0.8945735656688559,0.0
LQR_R1,3,-1,114,0.03,1.0,0.03,0,deterministic,"[-0.7814548015594482, -0.6798140406608582, -0.9797838926315308]","[0.11529668420553207, -0.6668115258216858, -0.3657369315624237]",0.0477144513139849,0.0846599234675367,0.1431433539419548,0.036650135917704,0.0557407140731811,0.0703265628349015,0.8291935986132837,0.0
LQR_R1,3,-1,115,0.03,1.0,0.03,0,deterministic,"[-0.13505227863788605, -0.6992138028144836, -0.6386840343475342]","[-0.08365152776241302, -0.7399067878723145, -0.1394127458333969]",0.0496548196677883,0.0777101274253503,0.148964459003365,0.085374338839801,0.1600910723209381,0.0747031242228462,0.7907674297267866,0.0
LQR_R1,3,-1,116,0.03,1.0,0.03,0,deterministic,"[0.0036390621680766344, -0.36614876985549927, -0.6434957981109619]","[0.9050279259681702, 0.8802486658096313, -0.9539850950241089]",0.0933915630671182,0.2067709468450842,0.2801746892013547,0.1339273646381902,0.115038201212883,0.191903655456492,4.907290733378026,0.0
LQR_R1,3,-1,117,0.03,1.0,0.03,0,deterministic,"[0.11515316367149353, 0.7238221168518066, -0.36945784091949463]","[-0.9954982399940491, 0.7611866593360901, 0.800013542175293]",0.0613321016470228,0.1835383075544384,0.1839963049410686,0.0820512836454091,0.0143648255616426,0.0953467310859209,3.5039504125716565,0.005
LQR_R1,3,-1,118,0.03,1.0,0.03,0,deterministic,"[0.7532855868339539, -0.8538441061973572, 0.6052027344703674]","[0.3583809733390808, -0.14669764041900635, -0.04589289054274559]",0.0626473635042601,0.1031945110379206,0.1879420905127805,0.1111440701053742,0.0369475446641445,0.0918125385338825,3.162223701724133,0.0
LQR_R1,3,-1,119,0.03,1.0,0.03,0,deterministic,"[0.9546050429344177, -0.7296091914176941, 0.7618905305862427]","[-0.6044704914093018, 0.3422892987728119, 0.2229812741279602]",0.040182895742044,0.1095717250987259,0.120548687226132,0.0407727811037114,0.0197700671851634,0.123541297049722,3.756841833988288,0.0025
LQR_R1,3,-1,100,0.05,1.0,0.05,0,deterministic,"[-0.6200170516967773, 0.9629579782485962, -0.4305199086666107]","[0.2585463523864746, 0.16207295656204224, 0.19982454180717468]",0.075329487373416,0.1122673882202679,0.2259884621202481,0.1322662679214076,0.0620449092239141,0.1625467008647469,3.621621569756488,0.0
LQR_R1,3,-1,101,0.05,1.0,0.05,0,deterministic,"[-0.550951361656189, 0.6109917163848877, 0.3617924749851227]","[-0.05787895619869232, -0.9383890628814697, 0.7895963788032532]",0.144882482335247,0.2282888028165592,0.4346474470057411,0.2582227163660673,0.4104583263397217,0.1884864224616683,6.675841264026779,0.0075
LQR_R1,3,-1,102,0.05,1.0,0.05,0,deterministic,"[-0.5149568915367126, -0.7814074754714966, -0.3089001476764679]","[0.5584290027618408, 0.0793050229549408, 0.8485109210014343]",0.1427736412880885,0.2609361215759223,0.4283209238642654,0.1889048828915865,0.0808207392692565,0.145467727802731,1.891751795947614,0.0
LQR_R1,3,-1,103,0.05,1.0,0.05,0,deterministic,"[-0.12263999134302139, -0.037186793982982635, 0.47996628284454346]","[-0.12207181006669998, 0.919745683670044, -0.3810819089412689]",0.0659146197422787,0.1509113902923372,0.1977438592268363,0.1180019095471059,0.0856483876705169,0.2119768578543918,5.997389614439072,0.01
LQR_R1,3,-1,104,0.05,1.0,0.05,0,deterministic,"[0.6484106183052063, -0.8674346804618835, 0.07659447193145752]","[0.5117452144622803, 0.6506502032279968, -0.5617742538452148]",0.138835547171403,0.2293159055973609,0.4165066415142091,0.1842828546593218,0.0559272184036672,0.2170061602773876,7.801528671370568,0.015
LQR_R1,3,-1,105,0.05,1.0,0.05,0,deterministic,"[-0.42927682399749756, 0.11211804300546646, 0.4673515558242798]","[-0.602249801158905, -0.4704720079898834, -0.3490790128707886]",0.073496618216001,0.1556996204253442,0.2204898546480032,0.0843619049331288,0.1633999347686767,0.1023667817351819,1.0834181442998856,0.0
LQR_R1,3,-1,106,0.05,1.0,0.05,0,deterministic,"[-0.8895044922828674, 0.2718296945095062, -0.8628385663032532]","[0.9502007961273193, -0.6974973678588867, -0.4096177816390991]",0.056727645401777,0.1292325919797207,0.1701829362053312,0.0550990800551472,0.0247806487604975,0.108523068076683,2.6904016719468578,0.0
LQR_R1,3,-1,107,0.05,1.0,0.05,0,deterministic,"[0.6331554651260376, -0.5412940382957458, -0.558035135269165]","[-0.916957676410675, -0.7854737043380737, 0.4266817569732666]",0.1262188039964695,0.2226721746147258,0.3786564119894085,0.2668671930829684,0.5369874835014343,0.2033780465254379,4.217808232054582,0.005
LQR_R1,3,-1,108,0.05,1.0,0.05,0,deterministic,"[0.2364661693572998, 0.06543176621198654, 0.1095544770359993]","[-0.17992550134658813, -0.7554280757904053, 0.9981473684310913]",0.0991180266252876,0.1841277937294815,0.2973540798758628,0.2200875044052983,0.438402771949768,0.1784453734768983,6.075365453313024,0.0075
LQR_R1,3,-1,109,0.05,1.0,0.05,0,deterministic,"[0.9988187551498413, 0.9677178263664246, 0.040775928646326065]","[0.3314192593097687, -0.585135817527771, 0.520487904548645]",0.0874294903071663,0.2141790585119471,0.2622884709214991,0.0798534191081323,0.0366048775613307,0.1968447107242819,7.185487779654277,0.01
LQR_R1,3,-1,110,0.05,1.0,0.05,0,deterministic,"[-0.10864169895648956, 0.04931486025452614, -0.4704791009426117]","[-0.871351957321167, 0.2730865180492401, -0.019966647028923035]",0.0456071912124443,0.0873184085519482,0.136821573637333,0.1124098780967387,0.0892603397369384,0.1112881516582684,0.5162110587766348,0.0
LQR_R1,3,-1,111,0.05,1.0,0.05,0,deterministic,"[-0.6049723625183105, -0.32344892621040344, 0.43083447217941284]","[-0.8419704437255859, -0.16797947883605957, -0.20451059937477112]",0.0963752554665325,0.134585180018864,0.2891257663995975,0.1135717201403077,0.0132292928174138,0.1167387805629701,1.6452969810578173,0.0
LQR_R1,3,-1,112,0.05,1.0,0.05,0,deterministic,"[0.4448135197162628, -0.9011456966400146, 0.6439449191093445]","[0.9329946637153625, 0.5882050395011902, 0.9689865112304688]",0.0823190364969626,0.1879829758036262,0.2469571094908879,0.05748458556187,0.0185294710099697,0.1486202292234295,2.3489489429109724,0.0
LQR_R1,3,-1,113,0.05,1.0,0.05,0,deterministic,"[0.41863173246383667, -0.023482682183384895, 0.2279641479253769]","[-0.4255177676677704, -0.7030157446861267, -0.44172894954681396]",0.0914370233803857,0.1777078604276817,0.2743110701411572,0.1069408314314061,0.058659017086029,0.1482124628399428,0.9185600117692676,0.0
LQR_R1,3,-1,114,0.05,1.0,0.05,0,deterministic,"[-0.7814548015594482, -0.6798140406608582, -0.9797838926315308]","[0.11529668420553207, -0.6668115258216858, -0.3657369315624237]",0.0601726055136747,0.0916803619098102,0.1805178165410243,0.0631663424514785,0.0948202610015869,0.0948483655757579,0.886436101363449,0.0
LQR_R1,3,-1,115,0.05,1.0,0.05,0,deterministic,"[-0.13505227863788605, -0.6992138028144836, -0.6386840343475342]","[-0.08365152776241302, -0.7399067878723145, -0.1394127458333969]",0.0716659834922747,0.1009979161504653,0.2149979504768241,0.1387626565532919,0.25745490193367,0.1021088143896852,0.8912091639032478,0.0
LQR_R1,3,-1,116,0.05,1.0,0.05,0,deterministic,"[0.0036390621680766344, -0.36614876985549927, -0.6434957981109619]","[0.9050279259681702, 0.8802486658096313, -0.9539850950241089]",0.1122890517875437,0.2187131559665363,0.3368671553626313,0.2225145141559618,0.1834685057401657,0.213120655021967,5.042537361338254,0.0
LQR_R1,3,-1,117,0.05,1.0,0.05,0,deterministic,"[0.11515316367149353, 0.7238221168518066, -0.36945784091949463]","[-0.9954982399940491, 0.7611866593360901, 0.800013542175293]",0.0781455130022327,0.1883822810121784,0.2344365390066981,0.1332754103702573,0.023581825196743,0.1160180916622289,3.5452853908529764,0.005
LQR_R1,3,-1,118,0.05,1.0,0.05,0,deterministic,"[0.7532855868339539, -0.8538441061973572, 0.6052027344703674]","[0.3583809733390808, -0.14669764041900635, -0.04589289054274559]",0.0909336496714319,0.1368403263034849,0.2728009490142959,0.1762868573797154,0.0585129596292972,0.1011853431010873,3.165215846433368,0.0
LQR_R1,3,-1,119,0.05,1.0,0.05,0,deterministic,"[0.9546050429344177, -0.7296091914176941, 0.7618905305862427]","[-0.6044704914093018, 0.3422892987728119, 0.2229812741279602]",0.051908796479351,0.115663775402811,0.1557263894380532,0.0682153065091022,0.0331229381263256,0.1521016093937853,3.795977232391878,0.0025
LQR_R1,3,-1,100,0.03,2.0,0.06,0,deterministic,"[-0.6200170516967773, 0.9629579782485962, -0.4305199086666107]","[0.2585463523864746, 0.16207295656204224, 0.19982454180717468]",0.0861366472237202,0.1231720257319182,0.2584099416711607,0.1573589419095236,0.072579501196742,0.1794974526266034,3.70805076857362,0.0
LQR_R1,3,-1,101,0.03,2.0,0.06,0,deterministic,"[-0.550951361656189, 0.6109917163848877, 0.3617924749851227]","[-0.05787895619869232, -0.9383890628814697, 0.7895963788032532]",0.1636140565755633,0.245718600340398,0.4908421697266901,0.3166153891770928,0.5113940238952637,0.1962491389101416,6.716556448827912,0.0075
LQR_R1,3,-1,102,0.03,2.0,0.06,0,deterministic,"[-0.5149568915367126, -0.7814074754714966, -0.3089001476764679]","[0.5584290027618408, 0.0793050229549408, 0.8485109210014343]",0.1575511984359891,0.2733506094386164,0.4726535953079673,0.2296383026757358,0.0988282673060894,0.1573406499701649,1.922292501363822,0.0
LQR_R1,3,-1,103,0.03,2.0,0.06,0,deterministic,"[-0.12263999134302139, -0.037186793982982635, 0.47996628284454346]","[-0.12207181006669998, 0.919745683670044, -0.3810819089412689]",0.0699365713137356,0.1530898176993567,0.2098097139412068,0.1394556809423698,0.103043645620346,0.2348799857260436,6.153896895344527,0.01
LQR_R1,3,-1,104,0.03,2.0,0.06,0,deterministic,"[0.6484106183052063, -0.8674346804618835, 0.07659447193145752]","[0.5117452144622803, 0.6506502032279968, -0.5617742538452148]",0.1546307404894081,0.2419643178275874,0.4638922214682244,0.2264680837763956,0.0674126804806292,0.230642124456556,7.874727379757736,0.015
LQR_R1,3,-1,105,0.03,2.0,0.06,0,deterministic,"[-0.42927682399749756, 0.11211804300546646, 0.4673515558242798]","[-0.602249801158905, -0.4704720079898834, -0.3490790128707886]",0.0787765275739622,0.160350972997707,0.2363295827218867,0.1011140953611444,0.1954104900360107,0.1073041717220501,1.1115494481673789,0.0
LQR_R1,3,-1,106,0.03,2.0,0.06,0,deterministic,"[-0.8895044922828674, 0.2718296945095062, -0.8628385663032532]","[0.9502007961273193, -0.6974973678588867, -0.4096177816390991]",0.0646474426349041,0.1357286228140877,0.1939423279047123,0.066034282270221,0.0294363163411617,0.1171309163305216,2.704629492064804,0.0
LQR_R1,3,-1,107,0.03,2.0,0.06,0,deterministic,"[0.6331554651260376, -0.5412940382957458, -0.558035135269165]","[-0.916957676410675, -0.7854737043380737, 0.4266817569732666]",0.136991698884793,0.229421210904024,0.4109750966543791,0.310731346960421,0.628657877445221,0.2224185811611185,4.35571068148558,0.005
LQR_R1,3,-1,108,0.03,2.0,0.06,0,deterministic,"[0.2364661693572998, 0.06543176621198654, 0.1095544770359993]","[-0.17992550134658813, -0.7554280757904053, 0.9981473684310913]",0.1074099058830369,0.1903400650016123,0.3222297176491107,0.2628305700182179,0.5196553468704224,0.1814685021976098,6.114306754739217,0.0075
LQR_R1,3,-1,109,0.03,2.0,0.06,0,deterministic,"[0.9988187551498413, 0.9677178263664246, 0.040775928646326065]","[0.3314192593097687, -0.585135817527771, 0.520487904548645]",0.0905596577941346,0.2141659288376254,0.2716789733824039,0.096055314189145,0.0441273935139179,0.2054308705502033,7.187034216261536,0.01
LQR_R1,3,-1,110,0.03,2.0,0.06,0,deterministic,"[-0.10864169895648956, 0.04931486025452614, -0.4704791009426117]","[-0.871351957321167, 0.2730865180492401, -0.019966647028923035]",0.0517154698243096,0.0911601413563757,0.155146409472929,0.1343976906558245,0.1051172539591789,0.1305701271611953,0.6276307932432537,0.0
LQR_R1,3,-1,111,0.03,2.0,0.06,0,deterministic,"[-0.6049723625183105, -0.32344892621040344, 0.43083447217941284]","[-0.8419704437255859, -0.16797947883605957, -0.20451059937477112]",0.1096418673456712,0.1505532350524953,0.3289256020370137,0.1314537628427332,0.0154878813773393,0.1307925298539506,1.7348079195751098,0.0
LQR_R1,3,-1,112,0.03,2.0,0.06,0,deterministic,"[0.4448135197162628, -0.9011456966400146, 0.6439449191093445]","[0.9329946637153625, 0.5882050395011902, 0.9689865112304688]",0.0870679025867286,0.1905214621434844,0.261203707760186,0.068874420793612,0.0223352536559104,0.1608254880415905,2.4141899972897023,0.0
LQR_R1,3,-1,113,0.03,2.0,0.06,0,deterministic,"[0.41863173246383667, -0.023482682183384895, 0.2279641479253769]","[-0.4255177676677704, -0.7030157446861267, -0.44172894954681396]",0.0993722798264061,0.1824452866037181,0.2981168394792184,0.1283313331113737,0.0699713379144668,0.1607340980038694,0.9628504160612577,0.0
LQR_R1,3,-1,114,0.03,2.0,0.06,0,deterministic,"[-0.7814548015594482, -0.6798140406608582, -0.9797838926315308]","[0.11529668420553207, -0.6668115258216858, -0.3657369315624237]",0.0665435878960965,0.097397054772755,0.1996307636882896,0.0770935009544094,0.1149544715881347,0.1081074068783267,0.9329222469005264,0.0
LQR_R1,3,-1,115,0.03,2.0,0.06,0,deterministic,"[-0.13505227863788605, -0.6992138028144836, -0.6386840343475342]","[-0.08365152776241302, -0.7399067878723145, -0.1394127458333969]",0.0821606833437428,0.1131823571409382,0.2464820500312284,0.1645259044512554,0.3038155436515808,0.1159192187840567,0.9589736134351092,0.0
LQR_R1,3,-1,116,0.03,2.0,0.06,0,deterministic,"[0.0036390621680766344, -0.36614876985549927, -0.6434957981109619]","[0.9050279259681702, 0.8802486658096313, -0.9539850950241089]",0.1220097304952771,0.2255724078619667,0.3660291914858314,0.2668882028464182,0.2157576866447925,0.2249815340490345,5.12451770196122,0.0
LQR_R1,3,-1,117,0.03,2.0,0.06,0,deterministic,"[0.11515316367149353, 0.7238221168518066, -0.36945784091949463]","[-0.9954982399940491, 0.7611866593360901, 0.800013542175293]",0.0866063283150589,0.1917356303929618,0.2598189849451769,0.1578828358683551,0.0280658220872282,0.1260853488653047,3.573715638018572,0.005
LQR_R1,3,-1,118,0.03,2.0,0.06,0,deterministic,"[0.7532855868339539, -0.8538441061973572, 0.6052027344703674]","[0.3583809733390808, -0.14669764041900635, -0.04589289054274559]",0.1047292613042696,0.1548552006335598,0.314187783912809,0.2064692764025595,0.0684508718550205,0.1053543734368421,3.1681292241962526,0.0
LQR_R1,3,-1,119,0.03,2.0,0.06,0,deterministic,"[0.9546050429344177, -0.7296091914176941, 0.7618905305862427]","[-0.6044704914093018, 0.3422892987728119, 0.2229812741279602]",0.0580725535899029,0.1198687258578298,0.1742176607697087,0.0820042087041117,0.039832729846239,0.1667822352221509,3.8383327288739553,0.0025
LQR_R1,3,-1,100,0.05,2.0,0.1,0,deterministic,"[-0.6200170516967773, 0.9629579782485962, -0.4305199086666107]","[0.2585463523864746, 0.16207295656204224, 0.19982454180717468]",0.1291039621307269,0.1713158920749541,0.3873118863921808,0.2556845085396443,0.10926797054708,0.2474535730808359,4.198964361093772,0.0
LQR_R1,3,-1,101,0.05,2.0,0.1,0,deterministic,"[-0.550951361656189, 0.6109917163848877, 0.3617924749851227]","[-0.05787895619869232, -0.9383890628814697, 0.7895963788032532]",0.2458291695900695,0.3338584372667086,0.7374875087702085,0.5751816798691396,0.987985759973526,0.2330671437505129,7.0162532530717066,0.0075
LQR_R1,3,-1,102,0.05,2.0,0.1,0,deterministic,"[-0.5149568915367126, -0.7814074754714966, -0.3089001476764679]","[0.5584290027618408, 0.0793050229549408, 0.8485109210014343]",0.2188353160472086,0.335432953828993,0.656505948141626,0.4034282795992898,0.177374992519617,0.2098141001895107,2.195723919673545,0.0
LQR_R1,3,-1,103,0.05,2.0,0.1,0,deterministic,"[-0.12263999134302139, -0.037186793982982635, 0.47996628284454346]","[-0.12207181006669998, 0.919745683670044, -0.3810819089412689]",0.0911046301904238,0.1666771115012902,0.2733138905712717,0.2207072342366532,0.1730972826480865,0.3326608168084332,7.139073636918629,0.01
LQR_R1,3,-1,104,0.05,2.0,0.1,0,deterministic,"[0.6484106183052063, -0.8674346804618835, 0.07659447193145752]","[0.5117452144622803, 0.6506502032279968, -0.5617742538452148]",0.2206286215234984,0.303639213857117,0.6618858645704954,0.4149056870927229,0.1136364871636033,0.2817667683534512,8.282570333331176,0.0125
LQR_R1,3,-1,105,0.05,2.0,0.1,0,deterministic,"[-0.42927682399749756, 0.11211804300546646, 0.4673515558242798]","[-0.602249801158905, -0.4704720079898834, -0.3490790128707886]",0.0996099311698937,0.1824590784547641,0.2988297935096812,0.1679199314043845,0.3212872743606567,0.1293394030600889,1.2444420480012508,0.0
LQR_R1,3,-1,106,0.05,2.0,0.1,0,deterministic,"[-0.8895044922828674, 0.2718296945095062, -0.8628385663032532]","[0.9502007961273193, -0.6974973678588867, -0.4096177816390991]",0.0973664984520809,0.1713410862187097,0.2920994953562429,0.1094943699398204,0.0470896996557712,0.1519133364181561,2.8081671975923315,0.0
LQR_R1,3,-1,107,0.05,2.0,0.1,0,deterministic,"[0.6331554651260376, -0.5412940382957458, -0.558035135269165]","[-0.916957676410675, -0.7854737043380737, 0.4266817569732666]",0.1737100897466799,0.2592604206221841,0.5211302692400398,0.4618318853554902,0.9414499998092652,0.3036375164130976,5.129143127650721,0.005
LQR_R1,3,-1,108,0.05,2.0,0.1,0,deterministic,"[0.2364661693572998, 0.06543176621198654, 0.1095544770359993]","[-0.17992550134658813, -0.7554280757904053, 0.9981473684310913]",0.1392925045881126,0.2223329306134379,0.4178775137643378,0.4291681899792618,0.822506308555603,0.1935211255918862,6.276160407586112,0.0075
LQR_R1,3,-1,109,0.05,2.0,0.1,0,deterministic,"[0.9988187551498413, 0.9677178263664246, 0.040775928646326065]","[0.3314192593097687, -0.585135817527771, 0.520487904548645]",0.1072646687658858,0.2182663562247279,0.3217940062976575,0.1616879367258077,0.0749466978013515,0.2420749519437788,7.261788409337268,0.01
LQR_R1,3,-1,110,0.05,2.0,0.1,0,deterministic,"[-0.10864169895648956, 0.04931486025452614, -0.4704791009426117]","[-0.871351957321167, 0.2730865180492401, -0.019966647028923035]",0.0756233236802771,0.1101065440404819,0.2268699710408314,0.2207633292555441,0.162462942302227,0.2057917443643489,1.2536166667450803,0.0
LQR_R1,3,-1,111,0.05,2.0,0.1,0,deterministic,"[-0.6049723625183105, -0.32344892621040344, 0.43083447217941284]","[-0.8419704437255859, -0.16797947883605957, -0.20451059937477112]",0.1565466473511546,0.2101981268812674,0.4696399420534639,0.1930095339308918,0.02549859136343,0.1870721733241697,2.2216717270923696,0.0
LQR_R1,3,-1,112,0.05,2.0,0.1,0,deterministic,"[0.4448135197162628, -0.9011456966400146, 0.6439449191093445]","[0.9329946637153625, 0.5882050395011902, 0.9689865112304688]",0.107359458386963,0.2057273670334763,0.3220783751608892,0.1140911043104198,0.0377052277326583,0.2091820033604193,2.742916086931165,0.0
LQR_R1,3,-1,113,0.05,2.0,0.1,0,deterministic,"[0.41863173246383667, -0.023482682183384895, 0.2279641479253769]","[-0.4255177676677704, -0.7030157446861267, -0.44172894954681396]",0.1312261959700438,0.206470111794751,0.3936785879101316,0.2155177259737234,0.1140268296003341,0.2112421153854704,1.3371079609026504,0.0
LQR_R1,3,-1,114,0.05,2.0,0.1,0,deterministic,"[-0.7814548015594482, -0.6798140406608582, -0.9797838926315308]","[0.11529668420553207, -0.6668115258216858, -0.3657369315624237]",0.0958841037630712,0.131106585193506,0.2876523112892138,0.1374465372459388,0.1995887756347656,0.1665527754149137,1.2507677571163072,0.0
LQR_R1,3,-1,115,0.05,2.0,0.1,0,deterministic,"[-0.13505227863788605, -0.6992138028144836, -0.6386840343475342]","[-0.08365152776241302, -0.7399067878723145, -0.1394127458333969]",0.1212304527255848,0.161328100589487,0.3636913581767544,0.2622699423888583,0.4772526919841766,0.1712146601399454,1.341597085282065,0.0
LQR_R1,3,-1,116,0.05,2.0,0.1,0,deterministic,"[0.0036390621680766344, -0.36614876985549927, -0.6434957981109619]","[0.9050279259681702, 0.8802486658096313, -0.9539850950241089]",0.1618323109220289,0.2578385138275164,0.4854969327660867,0.4462958870478618,0.3480862379074096,0.2768207812842047,5.555331242125238,0.0
LQR_R1,3,-1,117,0.05,2.0,0.1,0,deterministic,"[0.11515316367149353, 0.7238221168518066, -0.36945784091949463]","[-0.9954982399940491, 0.7611866593360901, 0.800013542175293]",0.1198299952574826,0.2101214307796438,0.359489985772448,0.249990813491613,0.0451050940901041,0.1645350525745506,3.7332051564688906,0.005
LQR_R1,3,-1,118,0.05,2.0,0.1,0,deterministic,"[0.7532855868339539, -0.8538441061973572, 0.6052027344703674]","[0.3583809733390808, -0.14669764041900635, -0.04589289054274559]",0.1570102749291748,0.2270770410296673,0.4710308247875245,0.3131054632917598,0.1031524408608675,0.1189347704003012,3.183675856139829,0.0
LQR_R1,3,-1,119,0.05,2.0,0.1,0,deterministic,"[0.9546050429344177, -0.7296091914176941, 0.7618905305862427]","[-0.6044704914093018, 0.3422892987728119, 0.2229812741279602]",0.084084043636181,0.1427954194836727,0.2522521309085432,0.1375723750801918,0.0667346641421318,0.2269316026132421,4.156663055267665,0.0025
PPO,2,1024,100,0.03,1.0,0.03,0,a1d1dfb4577ca888bc107e452004fcfca3bf78f61c98e86ae573747b206bd01c,"[-0.6200170516967773, 0.9629579782485962, -0.4305199086666107]","[0.2585463523864746, 0.16207295656204224, 0.19982454180717468]",0.0777492910272852,0.2367233073564461,0.2332478730818558,0.0545458658253429,0.0209165066480636,0.231325626707731,13.666081164562168,0.0325
PPO,2,1024,101,0.03,1.0,0.03,0,a1d1dfb4577ca888bc107e452004fcfca3bf78f61c98e86ae573747b206bd01c,"[-0.550951361656189, 0.6109917163848877, 0.3617924749851227]","[-0.05787895619869232, -0.9383890628814697, 0.7895963788032532]",0.3242054886183859,0.8036323129291978,0.9726164658551576,0.0735172326734036,0.0629733502864837,0.4896626539361149,29.867321556956565,0.08
PPO,2,1024,102,0.03,1.0,0.03,0,a1d1dfb4577ca888bc107e452004fcfca3bf78f61c98e86ae573747b206bd01c,"[-0.5149568915367126, -0.7814074754714966, -0.3089001476764679]","[0.5584290027618408, 0.0793050229549408, 0.8485109210014343]",0.1112899886028483,0.3050718111853778,0.333869965808545,0.0867394753329363,0.0249217227101326,0.1737614543434985,6.652778343928903,0.0125
PPO,2,1024,103,0.03,1.0,0.03,0,a1d1dfb4577ca888bc107e452004fcfca3bf78f61c98e86ae573747b206bd01c,"[-0.12263999134302139, -0.037186793982982635, 0.47996628284454346]","[-0.12207181006669998, 0.919745683670044, -0.3810819089412689]",0.215306661241159,0.5897250150482027,0.6459199837234773,0.0905150384814651,0.0533413290977478,0.4086511607219156,23.208744938949977,0.0625
PPO,2,1024,104,0.03,1.0,0.03,0,a1d1dfb4577ca888bc107e452004fcfca3bf78f61c98e86ae573747b206bd01c,"[0.6484106183052063, -0.8674346804618835, 0.07659447193145752]","[0.5117452144622803, 0.6506502032279968, -0.5617742538452148]",0.2284816152024054,0.6404617394430531,0.6854448456072163,0.0563119272413997,0.0216980101540684,0.4056577950047139,26.30430310116286,0.08
PPO,2,1024,105,0.03,1.0,0.03,0,a1d1dfb4577ca888bc107e452004fcfca3bf78f61c98e86ae573747b206bd01c,"[-0.42927682399749756, 0.11211804300546646, 0.4673515558242798]","[-0.602249801158905, -0.4704720079898834, -0.3490790128707886]",0.0751626634341684,0.2304123992568412,0.2254879903025052,0.0596921732764185,0.0957728624343872,0.1375348296880424,6.014147496947997,0.0125
PPO,2,1024,106,0.03,1.0,0.03,0,a1d1dfb4577ca888bc107e452004fcfca3bf78f61c98e86ae573747b206bd01c,"[-0.8895044922828674, 0.2718296945095062, -0.8628385663032532]","[0.9502007961273193, -0.6974973678588867, -0.4096177816390991]",0.0589407772307322,0.1569691113760744,0.1768223316921966,0.0560626801689741,0.0263908468186855,0.1635388944883299,7.8898499832172195,0.02
PPO,2,1024,107,0.03,1.0,0.03,0,a1d1dfb4577ca888bc107e452004fcfca3bf78f61c98e86ae573747b206bd01c,"[0.6331554651260376, -0.5412940382957458, -0.558035135269165]","[-0.916957676410675, -0.7854737043380737, 0.4266817569732666]",0.1419601256530251,0.3936450452586073,0.4258803769590756,0.1385099218675383,0.3783309459686279,0.2750396088434573,15.494652189936904,0.0325
PPO,2,1024,108,0.03,1.0,0.03,0,a1d1dfb4577ca888bc107e452004fcfca3bf78f61c98e86ae573747b206bd01c,"[0.2364661693572998, 0.06543176621198654, 0.1095544770359993]","[-0.17992550134658813, -0.7554280757904053, 0.9981473684310913]",0.1681672026711366,0.4557030060135401,0.50450160801341,0.1064663769585299,0.186226487159729,0.2596052416467904,14.695458359454364,0.0375
PPO,2,1024,109,0.03,1.0,0.03,0,a1d1dfb4577ca888bc107e452004fcfca3bf78f61c98e86ae573747b206bd01c,"[0.9988187551498413, 0.9677178263664246, 0.040775928646326065]","[0.3314192593097687, -0.585135817527771, 0.520487904548645]",0.2114544358671157,0.6329190089511083,0.6343633076013472,0.0255233912418286,0.0110708400607109,0.4194167914458938,28.40033512818767,0.0875
PPO,2,1024,110,0.03,1.0,0.03,0,a1d1dfb4577ca888bc107e452004fcfca3bf78f61c98e86ae573747b206bd01c,"[-0.10864169895648956, 0.04931486025452614, -0.4704791009426117]","[-0.871351957321167, 0.2730865180492401, -0.019966647028923035]",0.0586566433298122,0.106085564177521,0.1759699299894366,0.1317280263203069,0.0734340995550155,0.1275721603163757,4.616237430950189,0.0125
PPO,2,1024,111,0.03,1.0,0.03,0,a1d1dfb4577ca888bc107e452004fcfca3bf78f61c98e86ae573747b206bd01c,"[-0.6049723625183105, -0.32344892621040344, 0.43083447217941284]","[-0.8419704437255859, -0.16797947883605957, -0.20451059937477112]",0.1150432160145085,0.2431282082165684,0.3451296480435256,0.1032920769806721,0.0251634609885513,0.2117728669744477,10.26828119305662,0.0225
PPO,2,1024,112,0.03,1.0,0.03,0,a1d1dfb4577ca888bc107e452004fcfca3bf78f61c98e86ae573747b206bd01c,"[0.4448135197162628, -0.9011456966400146, 0.6439449191093445]","[0.9329946637153625, 0.5882050395011902, 0.9689865112304688]",0.0546646063556276,0.1025004152709343,0.163993819066883,0.1250052511502333,0.030716598033905,0.1392153344509607,6.5941347958297385,0.02
PPO,2,1024,113,0.03,1.0,0.03,0,a1d1dfb4577ca888bc107e452004fcfca3bf78f61c98e86ae573747b206bd01c,"[0.41863173246383667, -0.023482682183384895, 0.2279641479253769]","[-0.4255177676677704, -0.7030157446861267, -0.44172894954681396]",0.0780914391345303,0.2038565059549327,0.234274317403591,0.0843835659095166,0.0374287664890289,0.1293058363799739,2.155022260964796,0.0
PPO,2,1024,114,0.03,1.0,0.03,0,a1d1dfb4577ca888bc107e452004fcfca3bf78f61c98e86ae573747b206bd01c,"[-0.7814548015594482, -0.6798140406608582, -0.9797838926315308]","[0.11529668420553207, -0.6668115258216858, -0.3657369315624237]",0.0727941830577104,0.1505973610795171,0.2183825491731313,0.0348270440842082,0.0570565164089202,0.1299591708435976,3.884147264765631,0.01
PPO,2,1024,115,0.03,1.0,0.03,0,a1d1dfb4577ca888bc107e452004fcfca3bf78f61c98e86ae573747b206bd01c,"[-0.13505227863788605, -0.6992138028144836, -0.6386840343475342]","[-0.08365152776241302, -0.7399067878723145, -0.1394127458333969]",0.0613201363434115,0.1344970067168372,0.1839604090302346,0.049567765843721,0.0760941803455352,0.1299896234846174,4.702109388933919,0.0125
PPO,2,1024,116,0.03,1.0,0.03,0,a1d1dfb4577ca888bc107e452004fcfca3bf78f61c98e86ae573747b206bd01c,"[0.0036390621680766344, -0.36614876985549927, -0.6434957981109619]","[0.9050279259681702, 0.8802486658096313, -0.9539850950241089]",0.0937489853507637,0.2266292080406289,0.2812469560522911,0.0952105028899731,0.0249023176729679,0.1981608127232204,10.266006243546368,0.0275
PPO,2,1024,117,0.03,1.0,0.03,0,a1d1dfb4577ca888bc107e452004fcfca3bf78f61c98e86ae573747b206bd01c,"[0.11515316367149353, 0.7238221168518066, -0.36945784091949463]","[-0.9954982399940491, 0.7611866593360901, 0.800013542175293]",0.172376552122124,0.5061267391857298,0.5171296563663722,0.1287465762220507,0.0310587165877223,0.3057707675228689,20.42980255046488,0.06
PPO,2,1024,118,0.03,1.0,0.03,0,a1d1dfb4577ca888bc107e452004fcfca3bf78f61c98e86ae573747b206bd01c,"[0.7532855868339539, -0.8538441061973572, 0.6052027344703674]","[0.3583809733390808, -0.14669764041900635, -0.04589289054274559]",0.0853088908077466,0.174357862018347,0.2559266724232398,0.107176305093791,0.0592879801988601,0.1842525940286251,11.21741934351409,0.0275
PPO,2,1024,119,0.03,1.0,0.03,0,a1d1dfb4577ca888bc107e452004fcfca3bf78f61c98e86ae573747b206bd01c,"[0.9546050429344177, -0.7296091914176941, 0.7618905305862427]","[-0.6044704914093018, 0.3422892987728119, 0.2229812741279602]",0.0566079758356556,0.1660288762451727,0.169823927506967,0.0412946869216767,0.0175769515335559,0.232376979454943,11.132605920984716,0.0275
PPO,2,1024,100,0.05,1.0,0.05,0,a1d1dfb4577ca888bc107e452004fcfca3bf78f61c98e86ae573747b206bd01c,"[-0.6200170516967773, 0.9629579782485962, -0.4305199086666107]","[0.2585463523864746, 0.16207295656204224, 0.19982454180717468]",0.0867122482300944,0.2382772533181861,0.2601367446902833,0.0699254416021299,0.0287674264982342,0.2560844479356323,13.807646485919818,0.0325
PPO,2,1024,101,0.05,1.0,0.05,0,a1d1dfb4577ca888bc107e452004fcfca3bf78f61c98e86ae573747b206bd01c,"[-0.550951361656189, 0.6109917163848877, 0.3617924749851227]","[-0.05787895619869232, -0.9383890628814697, 0.7895963788032532]",0.4189767283635215,0.9148842874488956,1.2569301850905648,0.1519640948117515,0.1465723812580108,0.5949281447583303,34.25442203813217,0.0875
PPO,2,1024,102,0.05,1.0,0.05,0,a1d1dfb4577ca888bc107e452004fcfca3bf78f61c98e86ae573747b206bd01c,"[-0.5149568915367126, -0.7814074754714966, -0.3089001476764679]","[0.5584290027618408, 0.0793050229549408, 0.8485109210014343]",0.1532203459079475,0.3279417385333941,0.4596610377238427,0.1693185121740824,0.0664493069052696,0.2207007031711259,6.973037367848251,0.0125
PPO,2,1024,103,0.05,1.0,0.05,0,a1d1dfb4577ca888bc107e452004fcfca3bf78f61c98e86ae573747b206bd01c,"[-0.12263999134302139, -0.037186793982982635, 0.47996628284454346]","[-0.12207181006669998, 0.919745683670044, -0.3810819089412689]",0.2434484074263835,0.6113729667736983,0.7303452222791508,0.1643031873728758,0.1060072779655456,0.4749893652753639,24.98781833768418,0.0625
PPO,2,1024,104,0.05,1.0,0.05,0,a1d1dfb4577ca888bc107e452004fcfca3bf78f61c98e86ae573747b206bd01c,"[0.6484106183052063, -0.8674346804618835, 0.07659447193145752]","[0.5117452144622803, 0.6506502032279968, -0.5617742538452148]",0.255479216879483,0.6529971878517264,0.766437650638449,0.1089448524455045,0.0229430785402655,0.4394313803040178,26.739411559725355,0.08
PPO,2,1024,105,0.05,1.0,0.05,0,a1d1dfb4577ca888bc107e452004fcfca3bf78f61c98e86ae573747b206bd01c,"[-0.42927682399749756, 0.11211804300546646, 0.4673515558242798]","[-0.602249801158905, -0.4704720079898834, -0.3490790128707886]",0.0881794434031494,0.2354420011731566,0.2645383302094484,0.097095376179542,0.1572835445404052,0.1493261876397596,6.063010300277985,0.0125
PPO,2,1024,106,0.05,1.0,0.05,0,a1d1dfb4577ca888bc107e452004fcfca3bf78f61c98e86ae573747b206bd01c,"[-0.8895044922828674, 0.2718296945095062, -0.8628385663032532]","[0.9502007961273193, -0.6974973678588867, -0.4096177816390991]",0.078297650050186,0.1663069363741815,0.2348929501505582,0.0946255562953467,0.041018096730113,0.1948355414772271,8.026307048071194,0.02
PPO,2,1024,107,0.05,1.0,0.05,0,a1d1dfb4577ca888bc107e452004fcfca3bf78f61c98e86ae573747b206bd01c,"[0.6331554651260376, -0.5412940382957458, -0.558035135269165]","[-0.916957676410675, -0.7854737043380737, 0.4266817569732666]",0.1562830926699475,0.3895287412439064,0.4688492780098426,0.2095230241524584,0.5447768568992615,0.2820111888639647,15.282440498484815,0.0325
PPO,2,1024,108,0.05,1.0,0.05,0,a1d1dfb4577ca888bc107e452004fcfca3bf78f61c98e86ae573747b206bd01c,"[0.2364661693572998, 0.06543176621198654, 0.1095544770359993]","[-0.17992550134658813, -0.7554280757904053, 0.9981473684310913]",0.170581323196856,0.4359045301970918,0.511743969590568,0.1678026386847098,0.2679136395454407,0.2553364665170857,14.433636334577857,0.0375
PPO,2,1024,109,0.05,1.0,0.05,0,a1d1dfb4577ca888bc107e452004fcfca3bf78f61c98e86ae573747b206bd01c,"[0.9988187551498413, 0.9677178263664246, 0.040775928646326065]","[0.3314192593097687, -0.585135817527771, 0.520487904548645]",0.2243664758430882,0.6422787198164365,0.6730994275292647,0.0372132126552363,0.0086136050522327,0.4596579397594245,29.812130806858875,0.09
PPO,2,1024,110,0.05,1.0,0.05,0,a1d1dfb4577ca888bc107e452004fcfca3bf78f61c98e86ae573747b206bd01c,"[-0.10864169895648956, 0.04931486025452614, -0.4704791009426117]","[-0.871351957321167, 0.2730865180492401, -0.019966647028923035]",0.0784448733513033,0.1201557664652197,0.2353346200539101,0.1867702067197289,0.1005725860595703,0.1560863282652269,4.694628896127348,0.01
PPO,2,1024,111,0.05,1.0,0.05,0,a1d1dfb4577ca888bc107e452004fcfca3bf78f61c98e86ae573747b206bd01c,"[-0.6049723625183105, -0.32344892621040344, 0.43083447217941284]","[-0.8419704437255859, -0.16797947883605957, -0.20451059937477112]",0.1420464528250761,0.2554553299391279,0.4261393584752283,0.1430600051434687,0.0274548484012484,0.2320555991997148,10.260353708897032,0.02
PPO,2,1024,112,0.05,1.0,0.05,0,a1d1dfb4577ca888bc107e452004fcfca3bf78f61c98e86ae573747b206bd01c,"[0.4448135197162628, -0.9011456966400146, 0.6439449191093445]","[0.9329946637153625, 0.5882050395011902, 0.9689865112304688]",0.0765708289863983,0.1213866709578569,0.2297124869591949,0.1794844322297492,0.0305878147482872,0.1677218301969573,6.72155363387948,0.02
PPO,2,1024,113,0.05,1.0,0.05,0,a1d1dfb4577ca888bc107e452004fcfca3bf78f61c98e86ae573747b206bd01c,"[0.41863173246383667, -0.023482682183384895, 0.2279641479253769]","[-0.4255177676677704, -0.7030157446861267, -0.44172894954681396]",0.0925832749092804,0.209550720074671,0.2777498247278413,0.1218607815235485,0.0647802054882049,0.1558867380803362,2.1302759699992837,0.0
PPO,2,1024,114,0.05,1.0,0.05,0,a1d1dfb4577ca888bc107e452004fcfca3bf78f61c98e86ae573747b206bd01c,"[-0.7814548015594482, -0.6798140406608582, -0.9797838926315308]","[0.11529668420553207, -0.6668115258216858, -0.3657369315624237]",0.103303728059843,0.1669739035299303,0.3099111841795292,0.0803175662747687,0.1103744804859161,0.1762654058393694,4.13939941171991,0.01
PPO,2,1024,115,0.05,1.0,0.05,0,a1d1dfb4577ca888bc107e452004fcfca3bf78f61c98e86ae573747b206bd01c,"[-0.13505227863788605, -0.6992138028144836, -0.6386840343475342]","[-0.08365152776241302, -0.7399067878723145, -0.1394127458333969]",0.0763225138488559,0.142072436623608,0.2289675415465678,0.0846422317978224,0.129669964313507,0.1508688977977581,4.765235432179169,0.0125
PPO,2,1024,116,0.05,1.0,0.05,0,a1d1dfb4577ca888bc107e452004fcfca3bf78f61c98e86ae573747b206bd01c,"[0.0036390621680766344, -0.36614876985549927, -0.6434957981109619]","[0.9050279259681702, 0.8802486658096313, -0.9539850950241089]",0.1062065187070583,0.2320394502119714,0.3186195561211751,0.1521210536349242,0.0445119771175086,0.2180949442478784,10.451608241522257,0.03
PPO,2,1024,117,0.05,1.0,0.05,0,a1d1dfb4577ca888bc107e452004fcfca3bf78f61c98e86ae573747b206bd01c,"[0.11515316367149353, 0.7238221168518066, -0.36945784091949463]","[-0.9954982399940491, 0.7611866593360901, 0.800013542175293]",0.1934373054521023,0.5028936849189002,0.5803119163563071,0.1816627722676199,0.043786970898509,0.3156494492493068,19.54666181300371,0.0575
PPO,2,1024,118,0.05,1.0,0.05,0,a1d1dfb4577ca888bc107e452004fcfca3bf78f61c98e86ae573747b206bd01c,"[0.7532855868339539, -0.8538441061973572, 0.6052027344703674]","[0.3583809733390808, -0.14669764041900635, -0.04589289054274559]",0.1078299282525889,0.190350930804368,0.3234897847577669,0.1469040192364726,0.0757687464356422,0.1904844229581052,10.87868222528956,0.0275
PPO,2,1024,119,0.05,1.0,0.05,0,a1d1dfb4577ca888bc107e452004fcfca3bf78f61c98e86ae573747b206bd01c,"[0.9546050429344177, -0.7296091914176941, 0.7618905305862427]","[-0.6044704914093018, 0.3422892987728119, 0.2229812741279602]",0.0906621523488681,0.1864272430020073,0.2719864570466044,0.0964681825968494,0.0152487717568874,0.2984318058203878,11.738306472412786,0.0275
PPO,2,1024,100,0.03,2.0,0.06,0,a1d1dfb4577ca888bc107e452004fcfca3bf78f61c98e86ae573747b206bd01c,"[-0.6200170516967773, 0.9629579782485962, -0.4305199086666107]","[0.2585463523864746, 0.16207295656204224, 0.19982454180717468]",0.0912359211476193,0.2396042245974843,0.2737077634428579,0.0780106803839221,0.0325825307518243,0.2688042495650543,13.91836690771286,0.035
PPO,2,1024,101,0.03,2.0,0.06,0,a1d1dfb4577ca888bc107e452004fcfca3bf78f61c98e86ae573747b206bd01c,"[-0.550951361656189, 0.6109917163848877, 0.3617924749851227]","[-0.05787895619869232, -0.9383890628814697, 0.7895963788032532]",0.4802544072885081,0.9870629449606207,1.4407632218655246,0.1943289930989712,0.1936633884906768,0.6654107239180966,37.40585021633169,0.0925
PPO,2,1024,102,0.03,2.0,0.06,0,a1d1dfb4577ca888bc107e452004fcfca3bf78f61c98e86ae573747b206bd01c,"[-0.5149568915367126, -0.7814074754714966, -0.3089001476764679]","[0.5584290027618408, 0.0793050229549408, 0.8485109210014343]",0.1780908872162054,0.3445570781071165,0.5342726616486164,0.2169918265009736,0.0890152677893638,0.2499469488004496,7.305267228396295,0.0125
PPO,2,1024,103,0.03,2.0,0.06,0,a1d1dfb4577ca888bc107e452004fcfca3bf78f61c98e86ae573747b206bd01c,"[-0.12263999134302139, -0.037186793982982635, 0.47996628284454346]","[-0.12207181006669998, 0.919745683670044, -0.3810819089412689]",0.2588064342432176,0.6234260165420648,0.7764193027296529,0.2039282616733768,0.1429221928119659,0.5038031755651619,25.416913103030712,0.0675
PPO,2,1024,104,0.03,2.0,0.06,0,a1d1dfb4577ca888bc107e452004fcfca3bf78f61c98e86ae573747b206bd01c,"[0.6484106183052063, -0.8674346804618835, 0.07659447193145752]","[0.5117452144622803, 0.6506502032279968, -0.5617742538452148]",0.2701426086624494,0.6605027706517251,0.8104278259873483,0.1396842543409424,0.0269249260891228,0.4569471283743803,27.051793075106477,0.0775
PPO,2,1024,105,0.03,2.0,0.06,0,a1d1dfb4577ca888bc107e452004fcfca3bf78f61c98e86ae573747b206bd01c,"[-0.42927682399749756, 0.11211804300546646, 0.4673515558242798]","[-0.602249801158905, -0.4704720079898834, -0.3490790128707886]",0.0950625911989835,0.2384872488582479,0.2851877735969506,0.1163592511489067,0.1887758374214172,0.1557673800021335,6.094631418315047,0.0125
PPO,2,1024,106,0.03,2.0,0.06,0,a1d1dfb4577ca888bc107e452004fcfca3bf78f61c98e86ae573747b206bd01c,"[-0.8895044922828674, 0.2718296945095062, -0.8628385663032532]","[0.9502007961273193, -0.6974973678588867, -0.4096177816390991]",0.0887938583233329,0.1728793973925644,0.2663815749699988,0.1158657623799862,0.0486940555274486,0.2111035611043844,8.126581316624579,0.02
PPO,2,1024,107,0.03,2.0,0.06,0,a1d1dfb4577ca888bc107e452004fcfca3bf78f61c98e86ae573747b206bd01c,"[0.6331554651260376, -0.5412940382957458, -0.558035135269165]","[-0.916957676410675, -0.7854737043380737, 0.4266817569732666]",0.1629424185115853,0.3881016166774903,0.488827255534756,0.2426975815108528,0.6183663010597229,0.287537208649137,15.23635422997496,0.0325
PPO,2,1024,108,0.03,2.0,0.06,0,a1d1dfb4577ca888bc107e452004fcfca3bf78f61c98e86ae573747b206bd01c,"[0.2364661693572998, 0.06543176621198654, 0.1095544770359993]","[-0.17992550134658813, -0.7554280757904053, 0.9981473684310913]",0.1721736228969087,0.4272310670735199,0.5165208686907262,0.1981812487183897,0.3081507086753845,0.2535212190445521,14.346514794465683,0.0375
PPO,2,1024,109,0.03,2.0,0.06,0,a1d1dfb4577ca888bc107e452004fcfca3bf78f61c98e86ae573747b206bd01c,"[0.9988187551498413, 0.9677178263664246, 0.040775928646326065]","[0.3314192593097687, -0.585135817527771, 0.520487904548645]",0.2317858212077812,0.647154723272958,0.6953574636233436,0.0487500412884041,0.0073475576937198,0.4774846756584626,30.21546739704515,0.0925
PPO,2,1024,110,0.03,2.0,0.06,0,a1d1dfb4577ca888bc107e452004fcfca3bf78f61c98e86ae573747b206bd01c,"[-0.10864169895648956, 0.04931486025452614, -0.4704791009426117]","[-0.871351957321167, 0.2730865180492401, -0.019966647028923035]",0.087517861444085,0.1276725764132648,0.262553584332255,0.2121868071686706,0.1123871058225631,0.1691477488624187,4.720297458104357,0.01
PPO,2,1024,111,0.03,2.0,0.06,0,a1d1dfb4577ca888bc107e452004fcfca3bf78f61c98e86ae573747b206bd01c,"[-0.6049723625183105, -0.32344892621040344, 0.43083447217941284]","[-0.8419704437255859, -0.16797947883605957, -0.20451059937477112]",0.1538479408757886,0.2622204159734912,0.461543822627366,0.1603978326498174,0.0281984992325305,0.2398152354723794,10.152237128234562,0.02
PPO,2,1024,112,0.03,2.0,0.06,0,a1d1dfb4577ca888bc107e452004fcfca3bf78f61c98e86ae573747b206bd01c,"[0.4448135197162628, -0.9011456966400146, 0.6439449191093445]","[0.9329946637153625, 0.5882050395011902, 0.9689865112304688]",0.0876432746936778,0.1320291454360652,0.2629298240810335,0.2058810561113519,0.0306135304272174,0.1813706038264265,6.802284598209752,0.02
PPO,2,1024,113,0.03,2.0,0.06,0,a1d1dfb4577ca888bc107e452004fcfca3bf78f61c98e86ae573747b206bd01c,"[0.41863173246383667, -0.023482682183384895, 0.2279641479253769]","[-0.4255177676677704, -0.7030157446861267, -0.44172894954681396]",0.099940847574113,0.2130985300738375,0.2998225427223392,0.1401200744518895,0.0783946216106414,0.1690142098396199,2.141228082360695,0.0
PPO,2,1024,114,0.03,2.0,0.06,0,a1d1dfb4577ca888bc107e452004fcfca3bf78f61c98e86ae573747b206bd01c,"[-0.7814548015594482, -0.6798140406608582, -0.9797838926315308]","[0.11529668420553207, -0.6668115258216858, -0.3657369315624237]",0.1232362505399211,0.1839648189260856,0.3697087516197633,0.10929592323409,0.137978196144104,0.2062741469341026,4.403949281275846,0.01
PPO,2,1024,115,0.03,2.0,0.06,0,a1d1dfb4577ca888bc107e452004fcfca3bf78f61c98e86ae573747b206bd01c,"[-0.13505227863788605, -0.6992138028144836, -0.6386840343475342]","[-0.08365152776241302, -0.7399067878723145, -0.1394127458333969]",0.083545652914913,0.1464245179815292,0.2506369587447392,0.1018880663474124,0.1558565199375152,0.1612340220972486,4.805087945385177,0.0125
PPO,2,1024,116,0.03,2.0,0.06,0,a1d1dfb4577ca888bc107e452004fcfca3bf78f61c98e86ae573747b206bd01c,"[0.0036390621680766344, -0.36614876985549927, -0.6434957981109619]","[0.9050279259681702, 0.8802486658096313, -0.9539850950241089]",0.1123691007614148,0.2353160641306124,0.3371073022842444,0.1792324559682589,0.0547094349749386,0.2274182326812993,10.481843951067232,0.03
PPO,2,1024,117,0.03,2.0,0.06,0,a1d1dfb4577ca888bc107e452004fcfca3bf78f61c98e86ae573747b206bd01c,"[0.11515316367149353, 0.7238221168518066, -0.36945784091949463]","[-0.9954982399940491, 0.7611866593360901, 0.800013542175293]",0.2034632084401152,0.5021206256176799,0.6103896253203458,0.2059816055195291,0.0496241934597492,0.3200266353618771,19.230612544053365,0.0575
PPO,2,1024,118,0.03,2.0,0.06,0,a1d1dfb4577ca888bc107e452004fcfca3bf78f61c98e86ae573747b206bd01c,"[0.7532855868339539, -0.8538441061973572, 0.6052027344703674]","[0.3583809733390808, -0.14669764041900635, -0.04589289054274559]",0.1182708140868687,0.1992279680857419,0.3548124422606062,0.1654693902596647,0.0835173279047012,0.193028450495287,10.730860712186557,0.0275
PPO,2,1024,119,0.03,2.0,0.06,0,a1d1dfb4577ca888bc107e452004fcfca3bf78f61c98e86ae573747b206bd01c,"[0.9546050429344177, -0.7296091914176941, 0.7618905305862427]","[-0.6044704914093018, 0.3422892987728119, 0.2229812741279602]",0.1113111346749881,0.2047332508966442,0.3339334040249644,0.1304340396093687,0.0139168836176395,0.3375944045750875,12.272724746872065,0.0275
PPO,2,1024,100,0.05,2.0,0.1,0,a1d1dfb4577ca888bc107e452004fcfca3bf78f61c98e86ae573747b206bd01c,"[-0.6200170516967773, 0.9629579782485962, -0.4305199086666107]","[0.2585463523864746, 0.16207295656204224, 0.19982454180717468]",0.1096752507059354,0.2473151418786393,0.3290257521178062,0.112489202623198,0.0471976101398468,0.3142059856556597,13.517291928915723,0.0325
PPO,2,1024,101,0.05,2.0,0.1,0,a1d1dfb4577ca888bc107e452004fcfca3bf78f61c98e86ae573747b206bd01c,"[-0.550951361656189, 0.6109917163848877, 0.3617924749851227]","[-0.05787895619869232, -0.9383890628814697, 0.7895963788032532]",0.8546411950173707,1.4421852154125452,2.563923585052112,0.3938704100839885,0.4371371567249298,1.0557496267698352,58.56881820990776,0.1275
PPO,2,1024,102,0.05,2.0,0.1,0,a1d1dfb4577ca888bc107e452004fcfca3bf78f61c98e86ae573747b206bd01c,"[-0.5149568915367126, -0.7814074754714966, -0.3089001476764679]","[0.5584290027618408, 0.0793050229549408, 0.8485109210014343]",0.3306659479220634,0.4836252506055478,0.9919978437661902,0.4685170933328293,0.2050070986151695,0.4521713307187741,11.775277088726185,0.015
PPO,2,1024,103,0.05,2.0,0.1,0,a1d1dfb4577ca888bc107e452004fcfca3bf78f61c98e86ae573747b206bd01c,"[-0.12263999134302139, -0.037186793982982635, 0.47996628284454346]","[-0.12207181006669998, 0.919745683670044, -0.3810819089412689]",0.3288120128050236,0.6823542486467283,0.9864360384150708,0.3801651161026071,0.3093082904815674,0.6494015798604399,29.222019718867237,0.0725
PPO,2,1024,104,0.05,2.0,0.1,0,a1d1dfb4577ca888bc107e452004fcfca3bf78f61c98e86ae573747b206bd01c,"[0.6484106183052063, -0.8674346804618835, 0.07659447193145752]","[0.5117452144622803, 0.6506502032279968, -0.5617742538452148]",0.3371444934313685,0.700912184038353,1.0114334802941054,0.2898072713100708,0.0465643922798335,0.5300973803919747,29.118915839455543,0.0775
PPO,2,1024,105,0.05,2.0,0.1,0,a1d1dfb4577ca888bc107e452004fcfca3bf78f61c98e86ae573747b206bd01c,"[-0.42927682399749756, 0.11211804300546646, 0.4673515558242798]","[-0.602249801158905, -0.4704720079898834, -0.3490790128707886]",0.1245723990142865,0.2543893664063569,0.3737171970428597,0.1974696555623301,0.3198869228363037,0.1843999346295497,6.277152045805975,0.0125
PPO,2,1024,106,0.05,2.0,0.1,0,a1d1dfb4577ca888bc107e452004fcfca3bf78f61c98e86ae573747b206bd01c,"[-0.8895044922828674, 0.2718296945095062, -0.8628385663032532]","[0.9502007961273193, -0.6974973678588867, -0.4096177816390991]",0.1340738881785029,0.2103914289115842,0.4022216645355088,0.2120681797602662,0.0819011554121971,0.2817411803619523,8.776573140047072,0.02
PPO,2,1024,107,0.05,2.0,0.1,0,a1d1dfb4577ca888bc107e452004fcfca3bf78f61c98e86ae573747b206bd01c,"[0.6331554651260376, -0.5412940382957458, -0.558035135269165]","[-0.916957676410675, -0.7854737043380737, 0.4266817569732666]",0.1874411093591343,0.3855143832385233,0.5623233280774029,0.3618481191863984,0.8626892864704132,0.3110966445539063,15.432252350283406,0.0325
PPO,2,1024,108,0.05,2.0,0.1,0,a1d1dfb4577ca888bc107e452004fcfca3bf78f61c98e86ae573747b206bd01c,"[0.2364661693572998, 0.06543176621198654, 0.1095544770359993]","[-0.17992550134658813, -0.7554280757904053, 0.9981473684310913]",0.1811491334795369,0.4002092765498197,0.543447400438611,0.3200860842602488,0.4755637049674988,0.2573448850626957,14.267774618694796,0.0375
PPO,2,1024,109,0.05,2.0,0.1,0,a1d1dfb4577ca888bc107e452004fcfca3bf78f61c98e86ae573747b206bd01c,"[0.9988187551498413, 0.9677178263664246, 0.040775928646326065]","[0.3314192593097687, -0.585135817527771, 0.520487904548645]",0.2655505455028984,0.6699128289541447,0.7966516365086952,0.1037178462727662,0.0042369961738586,0.5412062170016498,30.95785251248536,0.0925
PPO,2,1024,110,0.05,2.0,0.1,0,a1d1dfb4577ca888bc107e452004fcfca3bf78f61c98e86ae573747b206bd01c,"[-0.10864169895648956, 0.04931486025452614, -0.4704791009426117]","[-0.871351957321167, 0.2730865180492401, -0.019966647028923035]",0.1195257152504259,0.1573905777914352,0.3585771457512777,0.302529734685833,0.1508258655667305,0.2149803957476877,4.886401499137532,0.01
PPO,2,1024,111,0.05,2.0,0.1,0,a1d1dfb4577ca888bc107e452004fcfca3bf78f61c98e86ae573747b206bd01c,"[-0.6049723625183105, -0.32344892621040344, 0.43083447217941284]","[-0.8419704437255859, -0.16797947883605957, -0.20451059937477112]",0.1925966556200251,0.289399349170867,0.5777899668600754,0.2177190308079675,0.0291859405115246,0.2653741052100188,9.902467525984267,0.02
PPO,2,1024,112,0.05,2.0,0.1,0,a1d1dfb4577ca888bc107e452004fcfca3bf78f61c98e86ae573747b206bd01c,"[0.4448135197162628, -0.9011456966400146, 0.6439449191093445]","[0.9329946637153625, 0.5882050395011902, 0.9689865112304688]",0.1305650581008849,0.1775414462539193,0.391695174302655,0.3060103138954735,0.0314031075686216,0.2318663103064694,7.21169174094846,0.02
PPO,2,1024,113,0.05,2.0,0.1,0,a1d1dfb4577ca888bc107e452004fcfca3bf78f61c98e86ae573747b206bd01c,"[0.41863173246383667, -0.023482682183384895, 0.2279641479253769]","[-0.4255177676677704, -0.7030157446861267, -0.44172894954681396]",0.1292537196573406,0.230965814299095,0.3877611589720217,0.2100925399277957,0.1324819475412368,0.2201596891084811,2.3239838565238062,0.0
PPO,2,1024,114,0.05,2.0,0.1,0,a1d1dfb4577ca888bc107e452004fcfca3bf78f61c98e86ae573747b206bd01c,"[-0.7814548015594482, -0.6798140406608582, -0.9797838926315308]","[0.11529668420553207, -0.6668115258216858, -0.3657369315624237]",0.2562292078633793,0.3427509184995779,0.7686876235901381,0.3282180756307494,0.2561671733856201,0.4091344244239336,8.022344205491738,0.01
PPO,2,1024,115,0.05,2.0,0.1,0,a1d1dfb4577ca888bc107e452004fcfca3bf78f61c98e86ae573747b206bd01c,"[-0.13505227863788605, -0.6992138028144836, -0.6386840343475342]","[-0.08365152776241302, -0.7399067878723145, -0.1394127458333969]",0.1107115199373677,0.1660905571120733,0.3321345598121032,0.1689006254812817,0.2570065855979919,0.2018064219978385,5.014557811757329,0.0125
PPO,2,1024,116,0.05,2.0,0.1,0,a1d1dfb4577ca888bc107e452004fcfca3bf78f61c98e86ae573747b206bd01c,"[0.0036390621680766344, -0.36614876985549927, -0.6434957981109619]","[0.9050279259681702, 0.8802486658096313, -0.9539850950241089]",0.1359417069488896,0.2509434863648411,0.4078251208466689,0.2796135421807843,0.0874578789807856,0.2657664567789532,10.677121608786033,0.03
PPO,2,1024,117,0.05,2.0,0.1,0,a1d1dfb4577ca888bc107e452004fcfca3bf78f61c98e86ae573747b206bd01c,"[0.11515316367149353, 0.7238221168518066, -0.36945784091949463]","[-0.9954982399940491, 0.7611866593360901, 0.800013542175293]",0.2398971602210739,0.5033655722168553,0.7196914806632219,0.2921414584220375,0.0701418574899435,0.3466053088927209,18.78456535705308,0.0475
PPO,2,1024,118,0.05,2.0,0.1,0,a1d1dfb4577ca888bc107e452004fcfca3bf78f61c98e86ae573747b206bd01c,"[0.7532855868339539, -0.8538441061973572, 0.6052027344703674]","[0.3583809733390808, -0.14669764041900635, -0.04589289054274559]",0.1557865752734039,0.2370934421517918,0.4673597258202118,0.2331747449934482,0.1117072366178035,0.1997694120628578,10.2824698556539,0.0275
PPO,2,1024,119,0.05,2.0,0.1,0,a1d1dfb4577ca888bc107e452004fcfca3bf78f61c98e86ae573747b206bd01c,"[0.9546050429344177, -0.7296091914176941, 0.7618905305862427]","[-0.6044704914093018, 0.3422892987728119, 0.2229812741279602]",0.2339973626727995,0.3603702161706564,0.7019920880183986,0.3333716509507302,0.0614551045000553,0.5648331419748261,17.95609297627055,0.0275
PPO,2,123,100,0.03,1.0,0.03,0,f3ac1c15bea222ccba246917956f2c6a80ed8afbf3d71a645507486de09e0885,"[-0.6200170516967773, 0.9629579782485962, -0.4305199086666107]","[0.2585463523864746, 0.16207295656204224, 0.19982454180717468]",0.088116332223594,0.2352277964281024,0.264348996670782,0.0832722181868222,0.0261294599622488,0.2134932168664183,11.403988223281928,0.025
PPO,2,123,101,0.03,1.0,0.03,0,f3ac1c15bea222ccba246917956f2c6a80ed8afbf3d71a645507486de09e0885,"[-0.550951361656189, 0.6109917163848877, 0.3617924749851227]","[-0.05787895619869232, -0.9383890628814697, 0.7895963788032532]",0.3057826020238504,0.7555528096405094,0.9173478060715512,0.071843571960926,0.078424334526062,0.3598841963674957,19.137361951142253,0.0425
PPO,2,123,102,0.03,1.0,0.03,0,f3ac1c15bea222ccba246917956f2c6a80ed8afbf3d71a645507486de09e0885,"[-0.5149568915367126, -0.7814074754714966, -0.3089001476764679]","[0.5584290027618408, 0.0793050229549408, 0.8485109210014343]",0.133041664790006,0.3082941591037089,0.399124994370018,0.1429460814774588,0.0469494611024856,0.1686228009828011,5.458163477563201,0.01
PPO,2,123,103,0.03,1.0,0.03,0,f3ac1c15bea222ccba246917956f2c6a80ed8afbf3d71a645507486de09e0885,"[-0.12263999134302139, -0.037186793982982635, 0.47996628284454346]","[-0.12207181006669998, 0.919745683670044, -0.3810819089412689]",0.2108044516665246,0.5726396741722639,0.6324133549995739,0.146825386878149,0.0773949325084686,0.3239887687482144,16.589601165775733,0.04
PPO,2,123,104,0.03,1.0,0.03,0,f3ac1c15bea222ccba246917956f2c6a80ed8afbf3d71a645507486de09e0885,"[0.6484106183052063, -0.8674346804618835, 0.07659447193145752]","[0.5117452144622803, 0.6506502032279968, -0.5617742538452148]",0.2189291017581937,0.6279277106319205,0.6567873052745812,0.066222302161479,0.0409554978832602,0.335796482582342,20.805710303787023,0.05
PPO,2,123,105,0.03,1.0,0.03,0,f3ac1c15bea222ccba246917956f2c6a80ed8afbf3d71a645507486de09e0885,"[-0.42927682399749756, 0.11211804300546646, 0.4673515558242798]","[-0.602249801158905, -0.4704720079898834, -0.3490790128707886]",0.0824352914044758,0.2362453486945107,0.2473058742134276,0.0749195319266966,0.1109942197799682,0.1109823207196749,4.1281054379970445,0.0075
PPO,2,123,106,0.03,1.0,0.03,0,f3ac1c15bea222ccba246917956f2c6a80ed8afbf3d71a645507486de09e0885,"[-0.8895044922828674, 0.2718296945095062, -0.8628385663032532]","[0.9502007961273193, -0.6974973678588867, -0.4096177816390991]",0.0627452526884099,0.1588032772180459,0.1882357580652298,0.0774086294408289,0.0546113178133964,0.1598897348727074,7.732569574077875,0.02
PPO,2,123,107,0.03,1.0,0.03,0,f3ac1c15bea222ccba246917956f2c6a80ed8afbf3d71a645507486de09e0885,"[0.6331554651260376, -0.5412940382957458, -0.558035135269165]","[-0.916957676410675, -0.7854737043380737, 0.4266817569732666]",0.1586184418126971,0.3903380589113187,0.4758553254380915,0.191319200221771,0.4736858606338501,0.2183874820607558,10.79805879209628,0.0275
PPO,2,123,108,0.03,1.0,0.03,0,f3ac1c15bea222ccba246917956f2c6a80ed8afbf3d71a645507486de09e0885,"[0.2364661693572998, 0.06543176621198654, 0.1095544770359993]","[-0.17992550134658813, -0.7554280757904053, 0.9981473684310913]",0.1707702204693458,0.4430874350117726,0.5123106614080376,0.1244040860759991,0.2462934255599975,0.2004126584960932,11.283407636119472,0.03
PPO,2,123,109,0.03,1.0,0.03,0,f3ac1c15bea222ccba246917956f2c6a80ed8afbf3d71a645507486de09e0885,"[0.9988187551498413, 0.9677178263664246, 0.040775928646326065]","[0.3314192593097687, -0.585135817527771, 0.520487904548645]",0.2127455224260588,0.621373863737723,0.6382365672781766,0.0797973997132093,0.0356230102479457,0.3674179145745803,23.078770583676857,0.055
PPO,2,123,110,0.03,1.0,0.03,0,f3ac1c15bea222ccba246917956f2c6a80ed8afbf3d71a645507486de09e0885,"[-0.10864169895648956, 0.04931486025452614, -0.4704791009426117]","[-0.871351957321167, 0.2730865180492401, -0.019966647028923035]",0.0780607184409903,0.1196603461901519,0.2341821553229709,0.2068688594678669,0.0761109516024589,0.1056746039307325,2.864610094839162,0.0075
PPO,2,123,111,0.03,1.0,0.03,0,f3ac1c15bea222ccba246917956f2c6a80ed8afbf3d71a645507486de09e0885,"[-0.6049723625183105, -0.32344892621040344, 0.43083447217941284]","[-0.8419704437255859, -0.16797947883605957, -0.20451059937477112]",0.1401353231758957,0.2528664244206371,0.420405969527687,0.1465307743759986,0.057132804300636,0.1807706469200793,7.565588770026425,0.0175
PPO,2,123,112,0.03,1.0,0.03,0,f3ac1c15bea222ccba246917956f2c6a80ed8afbf3d71a645507486de09e0885,"[0.4448135197162628, -0.9011456966400146, 0.6439449191093445]","[0.9329946637153625, 0.5882050395011902, 0.9689865112304688]",0.0631796125131361,0.1100942169310479,0.1895388375394083,0.1647766647618953,0.0477886758744716,0.128693738000054,5.944994922481528,0.0175
PPO,2,123,113,0.03,1.0,0.03,0,f3ac1c15bea222ccba246917956f2c6a80ed8afbf3d71a645507486de09e0885,"[0.41863173246383667, -0.023482682183384895, 0.2279641479253769]","[-0.4255177676677704, -0.7030157446861267, -0.44172894954681396]",0.0943235439911844,0.2135660650184843,0.2829706319735531,0.1163827621228533,0.0299382656812667,0.1104346619839977,1.7000069765270842,0.0025
PPO,2,123,114,0.03,1.0,0.03,0,f3ac1c15bea222ccba246917956f2c6a80ed8afbf3d71a645507486de09e0885,"[-0.7814548015594482, -0.6798140406608582, -0.9797838926315308]","[0.11529668420553207, -0.6668115258216858, -0.3657369315624237]",0.0929523390758061,0.1674759316959543,0.2788570172274183,0.0627828550720472,0.0469972938299179,0.1264747526505938,3.7197352348168247,0.01
PPO,2,123,115,0.03,1.0,0.03,0,f3ac1c15bea222ccba246917956f2c6a80ed8afbf3d71a645507486de09e0885,"[-0.13505227863788605, -0.6992138028144836, -0.6386840343475342]","[-0.08365152776241302, -0.7399067878723145, -0.1394127458333969]",0.0728139671406469,0.1484247410677233,0.2184419014219408,0.047261104033685,0.0666404962539672,0.1172938836445832,3.929458569028768,0.01
PPO,2,123,116,0.03,1.0,0.03,0,f3ac1c15bea222ccba246917956f2c6a80ed8afbf3d71a645507486de09e0885,"[0.0036390621680766344, -0.36614876985549927, -0.6434957981109619]","[0.9050279259681702, 0.8802486658096313, -0.9539850950241089]",0.1022988089750476,0.233184147240615,0.306896426925143,0.0975313265118058,0.0268037389032542,0.1590691347260427,8.313000191495528,0.025
PPO,2,123,117,0.03,1.0,0.03,0,f3ac1c15bea222ccba246917956f2c6a80ed8afbf3d71a645507486de09e0885,"[0.11515316367149353, 0.7238221168518066, -0.36945784091949463]","[-0.9954982399940491, 0.7611866593360901, 0.800013542175293]",0.1864361277671495,0.4998258271983452,0.5593083833014486,0.1749456996546575,0.0331920143216848,0.2572211379236414,15.287330616811662,0.035
PPO,2,123,118,0.03,1.0,0.03,0,f3ac1c15bea222ccba246917956f2c6a80ed8afbf3d71a645507486de09e0885,"[0.7532855868339539, -0.8538441061973572, 0.6052027344703674]","[0.3583809733390808, -0.14669764041900635, -0.04589289054274559]",0.1079476985148311,0.1878690841840324,0.3238430955444934,0.1712840467829395,0.0993246510624885,0.1715918380460536,9.189926386490589,0.0225
PPO,2,123,119,0.03,1.0,0.03,0,f3ac1c15bea222ccba246917956f2c6a80ed8afbf3d71a645507486de09e0885,"[0.9546050429344177, -0.7296091914176941, 0.7618905305862427]","[-0.6044704914093018, 0.3422892987728119, 0.2229812741279602]",0.0697056556159997,0.1698835065413074,0.2091169668479992,0.0861126165377137,0.0321941226720809,0.2204792162501009,9.548965418726956,0.0225
PPO,2,123,100,0.05,1.0,0.05,0,f3ac1c15bea222ccba246917956f2c6a80ed8afbf3d71a645507486de09e0885,"[-0.6200170516967773, 0.9629579782485962, -0.4305199086666107]","[0.2585463523864746, 0.16207295656204224, 0.19982454180717468]",0.1010366369507965,0.2395275069043294,0.3031099108523896,0.10983518709969,0.0290725845843553,0.2368635679235184,11.288193469124977,0.025
PPO,2,123,101,0.05,1.0,0.05,0,f3ac1c15bea222ccba246917956f2c6a80ed8afbf3d71a645507486de09e0885,"[-0.550951361656189, 0.6109917163848877, 0.3617924749851227]","[-0.05787895619869232, -0.9383890628814697, 0.7895963788032532]",0.3932742474740797,0.8512390668267111,1.1798227424222392,0.1838851597757987,0.2304789125919342,0.4241037873778854,20.980068794076285,0.045
PPO,2,123,102,0.05,1.0,0.05,0,f3ac1c15bea222ccba246917956f2c6a80ed8afbf3d71a645507486de09e0885,"[-0.5149568915367126, -0.7814074754714966, -0.3089001476764679]","[0.5584290027618408, 0.0793050229549408, 0.8485109210014343]",0.1966471244625171,0.3479599704432863,0.5899413733875514,0.2924112267332313,0.112520582973957,0.2212527193444922,5.816567757184665,0.01
PPO,2,123,103,0.05,1.0,0.05,0,f3ac1c15bea222ccba246917956f2c6a80ed8afbf3d71a645507486de09e0885,"[-0.12263999134302139, -0.037186793982982635, 0.47996628284454346]","[-0.12207181006669998, 0.919745683670044, -0.3810819089412689]",0.2391659494919868,0.5917342043313182,0.7174978484759604,0.2349058183622949,0.1283715069293975,0.3759084621681239,17.398945581947387,0.04
PPO,2,123,104,0.05,1.0,0.05,0,f3ac1c15bea222ccba246917956f2c6a80ed8afbf3d71a645507486de09e0885,"[0.6484106183052063, -0.8674346804618835, 0.07659447193145752]","[0.5117452144622803, 0.6506502032279968, -0.5617742538452148]",0.2432286938339245,0.6382651561175808,0.7296860815017737,0.1116622325469866,0.0423270603641867,0.3602860147630484,20.89167315044849,0.05
PPO,2,123,105,0.05,1.0,0.05,0,f3ac1c15bea222ccba246917956f2c6a80ed8afbf3d71a645507486de09e0885,"[-0.42927682399749756, 0.11211804300546646, 0.4673515558242798]","[-0.602249801158905, -0.4704720079898834, -0.3490790128707886]",0.0940528855870415,0.2423982102149042,0.2821586567611245,0.1098419722215628,0.1732447743415832,0.1223353163671315,4.197131632958976,0.0075
PPO,2,123,106,0.05,1.0,0.05,0,f3ac1c15bea222ccba246917956f2c6a80ed8afbf3d71a645507486de09e0885,"[-0.8895044922828674, 0.2718296945095062, -0.8628385663032532]","[0.9502007961273193, -0.6974973678588867, -0.4096177816390991]",0.0808836147823957,0.1685233975168163,0.2426508443471871,0.1165390718026937,0.0733791477978229,0.1868749616895233,7.817474764783753,0.02
PPO,2,123,107,0.05,1.0,0.05,0,f3ac1c15bea222ccba246917956f2c6a80ed8afbf3d71a645507486de09e0885,"[0.6331554651260376, -0.5412940382957458, -0.558035135269165]","[-0.916957676410675, -0.7854737043380737, 0.4266817569732666]",0.1785580113178687,0.3901504907053891,0.5356740339536062,0.2737103163460154,0.6792095899581909,0.2323753279715107,10.840472448281307,0.0275
PPO,2,123,108,0.05,1.0,0.05,0,f3ac1c15bea222ccba246917956f2c6a80ed8afbf3d71a645507486de09e0885,"[0.2364661693572998, 0.06543176621198654, 0.1095544770359993]","[-0.17992550134658813, -0.7554280757904053, 0.9981473684310913]",0.1759895029201397,0.4252777047194346,0.5279685087604192,0.2003254263581317,0.3922352790832519,0.2007337336491171,11.197387947868537,0.03
PPO,2,123,109,0.05,1.0,0.05,0,f3ac1c15bea222ccba246917956f2c6a80ed8afbf3d71a645507486de09e0885,"[0.9988187551498413, 0.9677178263664246, 0.040775928646326065]","[0.3314192593097687, -0.585135817527771, 0.520487904548645]",0.2295164660746518,0.6305721084978518,0.6885493982239554,0.1121119301317742,0.0335084088146686,0.4006869449951405,23.64804669926744,0.055
PPO,2,123,110,0.05,1.0,0.05,0,f3ac1c15bea222ccba246917956f2c6a80ed8afbf3d71a645507486de09e0885,"[-0.10864169895648956, 0.04931486025452614, -0.4704791009426117]","[-0.871351957321167, 0.2730865180492401, -0.019966647028923035]",0.1035218312086093,0.1413069117317965,0.3105654936258279,0.2782976069476133,0.1124171838164329,0.1329268872775044,2.9420432868573534,0.0075
PPO,2,123,111,0.05,1.0,0.05,0,f3ac1c15bea222ccba246917956f2c6a80ed8afbf3d71a645507486de09e0885,"[-0.6049723625183105, -0.32344892621040344, 0.43083447217941284]","[-0.8419704437255859, -0.16797947883605957, -0.20451059937477112]",0.1738765978988675,0.275109816356665,0.5216297936966025,0.1987610939332502,0.0617969664745032,0.2014159068948313,7.685267227715951,0.0175
PPO,2,123,112,0.05,1.0,0.05,0,f3ac1c15bea222ccba246917956f2c6a80ed8afbf3d71a645507486de09e0885,"[0.4448135197162628, -0.9011456966400146, 0.6439449191093445]","[0.9329946637153625, 0.5882050395011902, 0.9689865112304688]",0.087495211909772,0.1323774176352749,0.2624856357293161,0.2324904830275494,0.0451372433453798,0.1573355129532088,6.107161587152052,0.0175
PPO,2,123,113,0.05,1.0,0.05,0,f3ac1c15bea222ccba246917956f2c6a80ed8afbf3d71a645507486de09e0885,"[0.41863173246383667, -0.023482682183384895, 0.2279641479253769]","[-0.4255177676677704, -0.7030157446861267, -0.44172894954681396]",0.1152969944923311,0.2243468902746014,0.3458909834769933,0.1760247330192798,0.0665105134248733,0.1369992187827305,1.7425929869281722,0.0025
PPO,2,123,114,0.05,1.0,0.05,0,f3ac1c15bea222ccba246917956f2c6a80ed8afbf3d71a645507486de09e0885,"[-0.7814548015594482, -0.6798140406608582, -0.9797838926315308]","[0.11529668420553207, -0.6668115258216858, -0.3657369315624237]",0.1301083086416162,0.1925684077931032,0.3903249259248487,0.1375905255453638,0.1031461358070373,0.1702768622045208,3.974052135852802,0.01
PPO,2,123,115,0.05,1.0,0.05,0,f3ac1c15bea222ccba246917956f2c6a80ed8afbf3d71a645507486de09e0885,"[-0.13505227863788605, -0.6992138028144836, -0.6386840343475342]","[-0.08365152776241302, -0.7399067878723145, -0.1394127458333969]",0.0916114843048694,0.1591264623309027,0.2748344529146082,0.0899872778236498,0.1364425122737884,0.1391145186568436,3.994234787597084,0.01
PPO,2,123,116,0.05,1.0,0.05,0,f3ac1c15bea222ccba246917956f2c6a80ed8afbf3d71a645507486de09e0885,"[0.0036390621680766344, -0.36614876985549927, -0.6434957981109619]","[0.9050279259681702, 0.8802486658096313, -0.9539850950241089]",0.1126717762326386,0.2371903200946422,0.338015328697916,0.1566403205046591,0.0539839412085711,0.1739831392344394,8.348499512629918,0.025
PPO,2,123,117,0.05,1.0,0.05,0,f3ac1c15bea222ccba246917956f2c6a80ed8afbf3d71a645507486de09e0885,"[0.11515316367149353, 0.7238221168518066, -0.36945784091949463]","[-0.9954982399940491, 0.7611866593360901, 0.800013542175293]",0.2145952878737433,0.5006658680852485,0.64378586362123,0.250749323764287,0.0453946683555841,0.275969535855581,15.22338785409047,0.035
PPO,2,123,118,0.05,1.0,0.05,0,f3ac1c15bea222ccba246917956f2c6a80ed8afbf3d71a645507486de09e0885,"[0.7532855868339539, -0.8538441061973572, 0.6052027344703674]","[0.3583809733390808, -0.14669764041900635, -0.04589289054274559]",0.1384030760642131,0.2157401248828215,0.4152092281926395,0.2313531551648069,0.1228837072849273,0.1823343953624033,9.329154556742424,0.0225
PPO,2,123,119,0.05,1.0,0.05,0,f3ac1c15bea222ccba246917956f2c6a80ed8afbf3d71a645507486de09e0885,"[0.9546050429344177, -0.7296091914176941, 0.7618905305862427]","[-0.6044704914093018, 0.3422892987728119, 0.2229812741279602]",0.116499080230557,0.205675294824716,0.349497240691671,0.1871175936388748,0.0324964858591556,0.2899121980454559,10.19647684825797,0.0225
PPO,2,123,100,0.03,2.0,0.06,0,f3ac1c15bea222ccba246917956f2c6a80ed8afbf3d71a645507486de09e0885,"[-0.6200170516967773, 0.9629579782485962, -0.4305199086666107]","[0.2585463523864746, 0.16207295656204224, 0.19982454180717468]",0.1073832377254907,0.2424729304472342,0.3221497131764722,0.1228020353714165,0.0304682441055774,0.2485998706181447,11.252089687696746,0.025
PPO,2,123,101,0.03,2.0,0.06,0,f3ac1c15bea222ccba246917956f2c6a80ed8afbf3d71a645507486de09e0885,"[-0.550951361656189, 0.6109917163848877, 0.3617924749851227]","[-0.05787895619869232, -0.9383890628814697, 0.7895963788032532]",0.4457983377204584,0.9097883383504622,1.3373950131613752,0.2466157447592711,0.31910040974617,0.4629849454857167,22.087261211649988,0.045
PPO,2,123,102,0.03,2.0,0.06,0,f3ac1c15bea222ccba246917956f2c6a80ed8afbf3d71a645507486de09e0885,"[-0.5149568915367126, -0.7814074754714966, -0.3089001476764679]","[0.5584290027618408, 0.0793050229549408, 0.8485109210014343]",0.2351153579262624,0.3787043344557085,0.7053460737787874,0.3841544597835084,0.1603211462497711,0.2552274603238724,6.201620013284952,0.01
PPO,2,123,103,0.03,2.0,0.06,0,f3ac1c15bea222ccba246917956f2c6a80ed8afbf3d71a645507486de09e0885,"[-0.12263999134302139, -0.037186793982982635, 0.47996628284454346]","[-0.12207181006669998, 0.919745683670044, -0.3810819089412689]",0.2543811653752316,0.6024076006821442,0.763143496125695,0.2812069715173156,0.1563948988914489,0.4031526478671671,17.865269736963675,0.0425
PPO,2,123,104,0.03,2.0,0.06,0,f3ac1c15bea222ccba246917956f2c6a80ed8afbf3d71a645507486de09e0885,"[0.6484106183052063, -0.8674346804618835, 0.07659447193145752]","[0.5117452144622803, 0.6506502032279968, -0.5617742538452148]",0.2563752441987138,0.6443534340898526,0.7691257325961415,0.1408086783068691,0.0432401713915169,0.372833376643515,20.961777986950192,0.05
PPO,2,123,105,0.03,2.0,0.06,0,f3ac1c15bea222ccba246917956f2c6a80ed8afbf3d71a645507486de09e0885,"[-0.42927682399749756, 0.11211804300546646, 0.4673515558242798]","[-0.602249801158905, -0.4704720079898834, -0.3490790128707886]",0.1005053309164786,0.2459566392735802,0.3015159927494359,0.1290423756028399,0.2051809430122375,0.1282799140436393,4.235732603868954,0.0075
PPO,2,123,106,0.03,2.0,0.06,0,f3ac1c15bea222ccba246917956f2c6a80ed8afbf3d71a645507486de09e0885,"[-0.8895044922828674, 0.2718296945095062, -0.8628385663032532]","[0.9502007961273193, -0.6974973678588867, -0.4096177816390991]",0.0909395930589527,0.1751425831481535,0.2728187791768582,0.1390153707959401,0.0828573126345872,0.2006900413635365,7.877287953992358,0.02
PPO,2,123,107,0.03,2.0,0.06,0,f3ac1c15bea222ccba246917956f2c6a80ed8afbf3d71a645507486de09e0885,"[0.6331554651260376, -0.5412940382957458, -0.558035135269165]","[-0.916957676410675, -0.7854737043380737, 0.4266817569732666]",0.1875618605735903,0.3907270828048633,0.5626855817207709,0.3122566652794679,0.7711600065231323,0.2392957016937155,10.868747151988956,0.0275
PPO,2,123,108,0.03,2.0,0.06,0,f3ac1c15bea222ccba246917956f2c6a80ed8afbf3d71a645507486de09e0885,"[0.2364661693572998, 0.06543176621198654, 0.1095544770359993]","[-0.17992550134658813, -0.7554280757904053, 0.9981473684310913]",0.1789635980435192,0.4178202739104663,0.5368907941305577,0.2376365026482093,0.4604594111442566,0.2011081493480544,11.159107017667306,0.03
PPO,2,123,109,0.03,2.0,0.06,0,f3ac1c15bea222ccba246917956f2c6a80ed8afbf3d71a645507486de09e0885,"[0.9988187551498413, 0.9677178263664246, 0.040775928646326065]","[0.3314192593097687, -0.585135817527771, 0.520487904548645]",0.2394721653321734,0.6359045879124318,0.7184164959965204,0.1367780677054399,0.0322241745889186,0.4179963287792895,23.998854365670304,0.0575
PPO,2,123,110,0.03,2.0,0.06,0,f3ac1c15bea222ccba246917956f2c6a80ed8afbf3d71a645507486de09e0885,"[-0.10864169895648956, 0.04931486025452614, -0.4704791009426117]","[-0.871351957321167, 0.2730865180492401, -0.019966647028923035]",0.1149862970206933,0.152225521920589,0.3449588910620799,0.3110461315416075,0.1277522891759872,0.1451651827801492,2.992717816958984,0.0075
PPO,2,123,111,0.03,2.0,0.06,0,f3ac1c15bea222ccba246917956f2c6a80ed8afbf3d71a645507486de09e0885,"[-0.6049723625183105, -0.32344892621040344, 0.43083447217941284]","[-0.8419704437255859, -0.16797947883605957, -0.20451059937477112]",0.1883359901550522,0.2863458391121111,0.5650079704651567,0.2207255200482905,0.0633243569172918,0.2105562479381549,7.75280955771937,0.0175
PPO,2,123,112,0.03,2.0,0.06,0,f3ac1c15bea222ccba246917956f2c6a80ed8afbf3d71a645507486de09e0885,"[0.4448135197162628, -0.9011456966400146, 0.6439449191093445]","[0.9329946637153625, 0.5882050395011902, 0.9689865112304688]",0.0998198422576213,0.1447817646130537,0.2994595267728639,0.2657128294216997,0.0443407911807298,0.1711816930228338,6.20489886590825,0.0175
PPO,2,123,113,0.03,2.0,0.06,0,f3ac1c15bea222ccba246917956f2c6a80ed8afbf3d71a645507486de09e0885,"[0.41863173246383667, -0.023482682183384895, 0.2279641479253769]","[-0.4255177676677704, -0.7030157446861267, -0.44172894954681396]",0.125989899608281,0.2307355851087505,0.3779696988248431,0.2045918411264816,0.0843059569597244,0.1497953202844855,1.7830200849242293,0.0025
PPO,2,123,114,0.03,2.0,0.06,0,f3ac1c15bea222ccba246917956f2c6a80ed8afbf3d71a645507486de09e0885,"[-0.7814548015594482, -0.6798140406608582, -0.9797838926315308]","[0.11529668420553207, -0.6668115258216858, -0.3657369315624237]",0.1545600303396867,0.2174684954572729,0.4636800910190602,0.1881679003299386,0.1381860375404358,0.1990355834959451,4.217746126126911,0.01
PPO,2,123,115,0.03,2.0,0.06,0,f3ac1c15bea222ccba246917956f2c6a80ed8afbf3d71a645507486de09e0885,"[-0.13505227863788605, -0.6992138028144836, -0.6386840343475342]","[-0.08365152776241302, -0.7399067878723145, -0.1394127458333969]",0.1006482830774333,0.1651998360792205,0.3019448492322999,0.1111677053303998,0.1703979969024658,0.1498052662707623,4.034897760630998,0.01
PPO,2,123,116,0.03,2.0,0.06,0,f3ac1c15bea222ccba246917956f2c6a80ed8afbf3d71a645507486de09e0885,"[0.0036390621680766344, -0.36614876985549927, -0.6434957981109619]","[0.9050279259681702, 0.8802486658096313, -0.9539850950241089]",0.1181521074254536,0.2399438902754747,0.3544563222763609,0.1855345220638462,0.0715248938649892,0.1821743428818602,8.377415078086907,0.025
PPO,2,123,117,0.03,2.0,0.06,0,f3ac1c15bea222ccba246917956f2c6a80ed8afbf3d71a645507486de09e0885,"[0.11515316367149353, 0.7238221168518066, -0.36945784091949463]","[-0.9954982399940491, 0.7611866593360901, 0.800013542175293]",0.2277245804729793,0.5020906028777039,0.6831737414189379,0.2851499768554658,0.0536730010062456,0.2831640932105128,15.09835591526521,0.0325
PPO,2,123,118,0.03,2.0,0.06,0,f3ac1c15bea222ccba246917956f2c6a80ed8afbf3d71a645507486de09e0885,"[0.7532855868339539, -0.8538441061973572, 0.6052027344703674]","[0.3583809733390808, -0.14669764041900635, -0.04589289054274559]",0.1523270854232515,0.2301986018233242,0.4569812562697546,0.2584348551607058,0.133333258330822,0.1868620488486087,9.405298054023351,0.0225
PPO,2,123,119,0.03,2.0,0.06,0,f3ac1c15bea222ccba246917956f2c6a80ed8afbf3d71a645507486de09e0885,"[0.9546050429344177, -0.7296091914176941, 0.7618905305862427]","[-0.6044704914093018, 0.3422892987728119, 0.2229812741279602]",0.1445401165950253,0.2350494738599404,0.4336203497850761,0.2499752493092307,0.0397991500794887,0.3305929351663054,10.735733212269414,0.0225
PPO,2,123,100,0.05,2.0,0.1,0,f3ac1c15bea222ccba246917956f2c6a80ed8afbf3d71a645507486de09e0885,"[-0.6200170516967773, 0.9629579782485962, -0.4305199086666107]","[0.2585463523864746, 0.16207295656204224, 0.19982454180717468]",0.1318007971609904,0.258611436287494,0.3954023914829714,0.1722336231535415,0.0459224469959735,0.2953920243981473,11.247187937283284,0.025
PPO,2,123,101,0.05,2.0,0.1,0,f3ac1c15bea222ccba246917956f2c6a80ed8afbf3d71a645507486de09e0885,"[-0.550951361656189, 0.6109917163848877, 0.3617924749851227]","[-0.05787895619869232, -0.9383890628814697, 0.7895963788032532]",0.7290202941178829,1.2359383291574924,2.187060882353649,0.5674653565626085,0.7975464761257172,0.660903438405503,28.539777599695867,0.0475
PPO,2,123,102,0.05,2.0,0.1,0,f3ac1c15bea222ccba246917956f2c6a80ed8afbf3d71a645507486de09e0885,"[-0.5149568915367126, -0.7814074754714966, -0.3089001476764679]","[0.5584290027618408, 0.0793050229549408, 0.8485109210014343]",0.4584774822368289,0.6176510002721365,1.3754324467104866,0.9253651441569314,0.4110426902770996,0.4750950844805139,11.022468037720396,0.01
PPO,2,123,103,0.05,2.0,0.1,0,f3ac1c15bea222ccba246917956f2c6a80ed8afbf3d71a645507486de09e0885,"[-0.12263999134302139, -0.037186793982982635, 0.47996628284454346]","[-0.12207181006669998, 0.919745683670044, -0.3810819089412689]",0.3216519932214601,0.6534766821562552,0.9649559796643804,0.4857019199817269,0.2948552370071411,0.5222950281199077,19.94050548404456,0.0425
PPO,2,123,104,0.05,2.0,0.1,0,f3ac1c15bea222ccba246917956f2c6a80ed8afbf3d71a645507486de09e0885,"[0.6484106183052063, -0.8674346804618835, 0.07659447193145752]","[0.5117452144622803, 0.6506502032279968, -0.5617742538452148]",0.3158823720764768,0.6760180476253426,0.9476471162294304,0.2846823109969221,0.0627161324955523,0.4255676191495244,21.45514811194415,0.05
PPO,2,123,105,0.05,2.0,0.1,0,f3ac1c15bea222ccba246917956f2c6a80ed8afbf3d71a645507486de09e0885,"[-0.42927682399749756, 0.11211804300546646, 0.4673515558242798]","[-0.602249801158905, -0.4704720079898834, -0.3490790128707886]",0.1281081429734541,0.2633790961777102,0.3843244289203623,0.2099498705363568,0.336785614490509,0.1534775847806003,4.420889511073407,0.0075
PPO,2,123,106,0.05,2.0,0.1,0,f3ac1c15bea222ccba246917956f2c6a80ed8afbf3d71a645507486de09e0885,"[-0.8895044922828674, 0.2718296945095062, -0.8628385663032532]","[0.9502007961273193, -0.6974973678588867, -0.4096177816390991]",0.1339703140023968,0.2112994914711218,0.4019109420071906,0.2387748103715295,0.120589904487133,0.2576756815883584,8.240314065529335,0.02
PPO,2,123,107,0.05,2.0,0.1,0,f3ac1c15bea222ccba246917956f2c6a80ed8afbf3d71a645507486de09e0885,"[0.6331554651260376, -0.5412940382957458, -0.558035135269165]","[-0.916957676410675, -0.7854737043380737, 0.4266817569732666]",0.2186724130987055,0.3959298957419127,0.6560172392961168,0.4510465044252298,1.0795306265354156,0.2683300744194045,11.026003679421478,0.0275
PPO,2,123,108,0.05,2.0,0.1,0,f3ac1c15bea222ccba246917956f2c6a80ed8afbf3d71a645507486de09e0885,"[0.2364661693572998, 0.06543176621198654, 0.1095544770359993]","[-0.17992550134658813, -0.7554280757904053, 0.9981473684310913]",0.192409617178365,0.396982553077635,0.5772288515350951,0.3811793517275357,0.7058522701263428,0.2039175917420006,11.033499238819852,0.03
PPO,2,123,109,0.05,2.0,0.1,0,f3ac1c15bea222ccba246917956f2c6a80ed8afbf3d71a645507486de09e0885,"[0.9988187551498413, 0.9677178263664246, 0.040775928646326065]","[0.3314192593097687, -0.585135817527771, 0.520487904548645]",0.284606611903088,0.6625497710644412,0.8538198357092639,0.256140380706868,0.0249979682266712,0.489517280548588,25.33918676555412,0.065
PPO,2,123,110,0.05,2.0,0.1,0,f3ac1c15bea222ccba246917956f2c6a80ed8afbf3d71a645507486de09e0885,"[-0.10864169895648956, 0.04931486025452614, -0.4704791009426117]","[-0.871351957321167, 0.2730865180492401, -0.019966647028923035]",0.1542850835082382,0.1929105402232838,0.4628552505247146,0.4255532332477562,0.175039641559124,0.187174653806294,3.238568616685111,0.0075
PPO,2,123,111,0.05,2.0,0.1,0,f3ac1c15bea222ccba246917956f2c6a80ed8afbf3d71a645507486de09e0885,"[-0.6049723625183105, -0.32344892621040344, 0.43083447217941284]","[-0.8419704437255859, -0.16797947883605957, -0.20451059937477112]",0.2349089295142705,0.3274623499056846,0.7047267885428117,0.2899919279080666,0.0658418498933315,0.245088280436404,7.996142781568408,0.015
PPO,2,123,112,0.05,2.0,0.1,0,f3ac1c15bea222ccba246917956f2c6a80ed8afbf3d71a645507486de09e0885,"[0.4448135197162628, -0.9011456966400146, 0.6439449191093445]","[0.9329946637153625, 0.5882050395011902, 0.9689865112304688]",0.1482952916197299,0.1975117037883371,0.4448858748591897,0.3929659471628658,0.0442351717501878,0.2232325513315319,6.6865934859203,0.0175
PPO,2,123,113,0.05,2.0,0.1,0,f3ac1c15bea222ccba246917956f2c6a80ed8afbf3d71a645507486de09e0885,"[0.41863173246383667, -0.023482682183384895, 0.2279641479253769]","[-0.4255177676677704, -0.7030157446861267, -0.44172894954681396]",0.1673655721207218,0.2605912764504012,0.5020967163621655,0.3101907088938687,0.1527229994535446,0.1981597895596984,2.048779101361435,0.0025
PPO,2,123,114,0.05,2.0,0.1,0,f3ac1c15bea222ccba246917956f2c6a80ed8afbf3d71a645507486de09e0885,"[-0.7814548015594482, -0.6798140406608582, -0.9797838926315308]","[0.11529668420553207, -0.6668115258216858, -0.3657369315624237]",0.3125609980875987,0.4208438832458065,0.937682994262796,0.5149199644126642,0.3021420240402221,0.3790346347631659,6.954002299083346,0.01
PPO,2,123,115,0.05,2.0,0.1,0,f3ac1c15bea222ccba246917956f2c6a80ed8afbf3d71a645507486de09e0885,"[-0.13505227863788605, -0.6992138028144836, -0.6386840343475342]","[-0.08365152776241302, -0.7399067878723145, -0.1394127458333969]",0.1343341226629906,0.1919090559410319,0.403002367988972,0.1929647052131685,0.3005412817001343,0.1911855615731189,4.246147945696522,0.01
PPO,2,123,116,0.05,2.0,0.1,0,f3ac1c15bea222ccba246917956f2c6a80ed8afbf3d71a645507486de09e0885,"[0.0036390621680766344, -0.36614876985549927, -0.6434957981109619]","[0.9050279259681702, 0.8802486658096313, -0.9539850950241089]",0.1406064496328396,0.2544928918677479,0.4218193488985188,0.2939298503376819,0.127709824591875,0.2178134366386846,8.559495769466636,0.025
PPO,2,123,117,0.05,2.0,0.1,0,f3ac1c15bea222ccba246917956f2c6a80ed8afbf3d71a645507486de09e0885,"[0.11515316367149353, 0.7238221168518066, -0.36945784091949463]","[-0.9954982399940491, 0.7611866593360901, 0.800013542175293]",0.2747182253593732,0.5124373523228585,0.8241546760781197,0.4039963486253709,0.080893725156784,0.3043290038692981,14.578828112811436,0.0325
PPO,2,123,118,0.05,2.0,0.1,0,f3ac1c15bea222ccba246917956f2c6a80ed8afbf3d71a645507486de09e0885,"[0.7532855868339539, -0.8538441061973572, 0.6052027344703674]","[0.3583809733390808, -0.14669764041900635, -0.04589289054274559]",0.2011035563349135,0.2867290172909579,0.6033106690047406,0.3506040915179951,0.1685369908809662,0.1969798282903626,9.230822608574654,0.02
PPO,2,123,119,0.05,2.0,0.1,0,f3ac1c15bea222ccba246917956f2c6a80ed8afbf3d71a645507486de09e0885,"[0.9546050429344177, -0.7296091914176941, 0.7618905305862427]","[-0.6044704914093018, 0.3422892987728119, 0.2229812741279602]",0.2963606211765578,0.4365838335845413,0.8890818635296737,0.6107630951180594,0.1614717133343219,0.5439205937589195,15.291897249450829,0.0225
PPO,2,42,100,0.03,1.0,0.03,0,23a5ff3fe1170dbb55ad0f821e60b22b771e9a700f1ef82f61b8a8790c6dc877,"[-0.6200170516967773, 0.9629579782485962, -0.4305199086666107]","[0.2585463523864746, 0.16207295656204224, 0.19982454180717468]",0.0883385145845912,0.235450943178938,0.2650155437537736,0.0906975085093973,0.0261440351605415,0.2210903290631319,12.13893677779118,0.0275
PPO,2,42,101,0.03,1.0,0.03,0,23a5ff3fe1170dbb55ad0f821e60b22b771e9a700f1ef82f61b8a8790c6dc877,"[-0.550951361656189, 0.6109917163848877, 0.3617924749851227]","[-0.05787895619869232, -0.9383890628814697, 0.7895963788032532]",0.3160052094523387,0.7611495385323115,0.948015628357016,0.1208457436274599,0.1075137257575988,0.3792566146395004,20.335533216634275,0.045
PPO,2,42,102,0.03,1.0,0.03,0,23a5ff3fe1170dbb55ad0f821e60b22b771e9a700f1ef82f61b8a8790c6dc877,"[-0.5149568915367126, -0.7814074754714966, -0.3089001476764679]","[0.5584290027618408, 0.0793050229549408, 0.8485109210014343]",0.1331626591113948,0.3072645347244706,0.3994879773341844,0.1370209726838418,0.0780319198966026,0.1637074629453352,5.208696421542585,0.01
PPO,2,42,103,0.03,1.0,0.03,0,23a5ff3fe1170dbb55ad0f821e60b22b771e9a700f1ef82f61b8a8790c6dc877,"[-0.12263999134302139, -0.037186793982982635, 0.47996628284454346]","[-0.12207181006669998, 0.919745683670044, -0.3810819089412689]",0.2044323748651139,0.5739672933177432,0.6132971245953418,0.0859598873390091,0.0610768496990203,0.3346985124441751,17.348969312820426,0.0425
PPO,2,42,104,0.03,1.0,0.03,0,23a5ff3fe1170dbb55ad0f821e60b22b771e9a700f1ef82f61b8a8790c6dc877,"[0.6484106183052063, -0.8674346804618835, 0.07659447193145752]","[0.5117452144622803, 0.6506502032279968, -0.5617742538452148]",0.2174199351132015,0.6288618481501155,0.6522598053396046,0.0455629840539193,0.0191411152482032,0.3576165771302291,22.64581729163817,0.06
PPO,2,42,105,0.03,1.0,0.03,0,23a5ff3fe1170dbb55ad0f821e60b22b771e9a700f1ef82f61b8a8790c6dc877,"[-0.42927682399749756, 0.11211804300546646, 0.4673515558242798]","[-0.602249801158905, -0.4704720079898834, -0.3490790128707886]",0.0777598606249904,0.2334786904634893,0.2332795818749713,0.0571059119186283,0.0960592031478881,0.1405099035888687,5.648147792889569,0.01
PPO,2,42,106,0.03,1.0,0.03,0,23a5ff3fe1170dbb55ad0f821e60b22b771e9a700f1ef82f61b8a8790c6dc877,"[-0.8895044922828674, 0.2718296945095062, -0.8628385663032532]","[0.9502007961273193, -0.6974973678588867, -0.4096177816390991]",0.0579269300663963,0.1573531534546025,0.1737807901991888,0.046053975780299,0.0119989374652504,0.1591660278545056,7.6946003456213905,0.02
PPO,2,42,107,0.03,1.0,0.03,0,23a5ff3fe1170dbb55ad0f821e60b22b771e9a700f1ef82f61b8a8790c6dc877,"[0.6331554651260376, -0.5412940382957458, -0.558035135269165]","[-0.916957676410675, -0.7854737043380737, 0.4266817569732666]",0.1475852816334692,0.3884046209164129,0.4427558449004077,0.14400445467528,0.4421004056930542,0.2426235615240962,12.428634519451425,0.0275
PPO,2,42,108,0.03,1.0,0.03,0,23a5ff3fe1170dbb55ad0f821e60b22b771e9a700f1ef82f61b8a8790c6dc877,"[0.2364661693572998, 0.06543176621198654, 0.1095544770359993]","[-0.17992550134658813, -0.7554280757904053, 0.9981473684310913]",0.1728381482959382,0.4439143412402827,0.5185144448878146,0.1259014330298444,0.3042284846305847,0.2128649099063397,11.58790027037469,0.0325
PPO,2,42,109,0.03,1.0,0.03,0,23a5ff3fe1170dbb55ad0f821e60b22b771e9a700f1ef82f61b8a8790c6dc877,"[0.9988187551498413, 0.9677178263664246, 0.040775928646326065]","[0.3314192593097687, -0.585135817527771, 0.520487904548645]",0.2070604815954498,0.6214801008528743,0.6211814447863496,0.03711610124159,0.0206004343926906,0.3787452195796586,24.01649448370592,0.06
PPO,2,42,110,0.03,1.0,0.03,0,23a5ff3fe1170dbb55ad0f821e60b22b771e9a700f1ef82f61b8a8790c6dc877,"[-0.10864169895648956, 0.04931486025452614, -0.4704791009426117]","[-0.871351957321167, 0.2730865180492401, -0.019966647028923035]",0.0717367412114449,0.1164403070069907,0.2152102236343347,0.1667563075682631,0.1020660549402237,0.1226188828448702,3.292714316056083,0.0075
PPO,2,42,111,0.03,1.0,0.03,0,23a5ff3fe1170dbb55ad0f821e60b22b771e9a700f1ef82f61b8a8790c6dc877,"[-0.6049723625183105, -0.32344892621040344, 0.43083447217941284]","[-0.8419704437255859, -0.16797947883605957, -0.20451059937477112]",0.1374555112842814,0.2525998391939267,0.4123665338528442,0.1542497747002836,0.0398632981814444,0.2179545025780165,10.18064909936828,0.0175
PPO,2,42,112,0.03,1.0,0.03,0,23a5ff3fe1170dbb55ad0f821e60b22b771e9a700f1ef82f61b8a8790c6dc877,"[0.4448135197162628, -0.9011456966400146, 0.6439449191093445]","[0.9329946637153625, 0.5882050395011902, 0.9689865112304688]",0.0664179161979088,0.1137549271261336,0.1992537485937265,0.1816138405421817,0.0217131450772285,0.1595073069568881,6.853082377176761,0.02
PPO,2,42,113,0.03,1.0,0.03,0,23a5ff3fe1170dbb55ad0f821e60b22b771e9a700f1ef82f61b8a8790c6dc877,"[0.41863173246383667, -0.023482682183384895, 0.2279641479253769]","[-0.4255177676677704, -0.7030157446861267, -0.44172894954681396]",0.091419667837381,0.2120077557723272,0.2742590035121433,0.1339939792445044,0.0383302271366119,0.1140633858461629,1.7386231056640455,0.0025
PPO,2,42,114,0.03,1.0,0.03,0,23a5ff3fe1170dbb55ad0f821e60b22b771e9a700f1ef82f61b8a8790c6dc877,"[-0.7814548015594482, -0.6798140406608582, -0.9797838926315308]","[0.11529668420553207, -0.6668115258216858, -0.3657369315624237]",0.0914143340875791,0.1700360997153922,0.2742430022627375,0.0647210290276066,0.0916472375392913,0.1445698450479721,4.420010432316741,0.01
PPO,2,42,115,0.03,1.0,0.03,0,23a5ff3fe1170dbb55ad0f821e60b22b771e9a700f1ef82f61b8a8790c6dc877,"[-0.13505227863788605, -0.6992138028144836, -0.6386840343475342]","[-0.08365152776241302, -0.7399067878723145, -0.1394127458333969]",0.0763585738824558,0.1505956503944601,0.2290757216473674,0.0662584473597414,0.1074734032154083,0.20327914806264,7.559787830545982,0.015
PPO,2,42,116,0.03,1.0,0.03,0,23a5ff3fe1170dbb55ad0f821e60b22b771e9a700f1ef82f61b8a8790c6dc877,"[0.0036390621680766344, -0.36614876985549927, -0.6434957981109619]","[0.9050279259681702, 0.8802486658096313, -0.9539850950241089]",0.1039656016021287,0.231452053674229,0.3118968048063861,0.1189858665643834,0.1061539240181446,0.3246835392813879,15.74493533337708,0.03
PPO,2,42,117,0.03,1.0,0.03,0,23a5ff3fe1170dbb55ad0f821e60b22b771e9a700f1ef82f61b8a8790c6dc877,"[0.11515316367149353, 0.7238221168518066, -0.36945784091949463]","[-0.9954982399940491, 0.7611866593360901, 0.800013542175293]",0.1895877167449742,0.5014122093180122,0.5687631502349227,0.1924238584987405,0.051296223886311,0.2741323926130732,16.660562321736627,0.04
PPO,2,42,118,0.03,1.0,0.03,0,23a5ff3fe1170dbb55ad0f821e60b22b771e9a700f1ef82f61b8a8790c6dc877,"[0.7532855868339539, -0.8538441061973572, 0.6052027344703674]","[0.3583809733390808, -0.14669764041900635, -0.04589289054274559]",0.1025189411433929,0.1848747140153514,0.3075568234301787,0.163929562555787,0.0701305251568555,0.1774195091255436,9.50834612432603,0.0225
PPO,2,42,119,0.03,1.0,0.03,0,23a5ff3fe1170dbb55ad0f821e60b22b771e9a700f1ef82f61b8a8790c6dc877,"[0.9546050429344177, -0.7296091914176941, 0.7618905305862427]","[-0.6044704914093018, 0.3422892987728119, 0.2229812741279602]",0.0667259569406812,0.1681375993159516,0.2001778708220438,0.0612041910558387,0.0088072679936885,0.2307654922907043,10.605526370795456,0.0275
PPO,2,42,100,0.05,1.0,0.05,0,23a5ff3fe1170dbb55ad0f821e60b22b771e9a700f1ef82f61b8a8790c6dc877,"[-0.6200170516967773, 0.9629579782485962, -0.4305199086666107]","[0.2585463523864746, 0.16207295656204224, 0.19982454180717468]",0.0992211221116544,0.2392455271448346,0.2976633663349634,0.1095720925943259,0.0380859496071934,0.2444870132776418,12.326771919044576,0.0325
PPO,2,42,101,0.05,1.0,0.05,0,23a5ff3fe1170dbb55ad0f821e60b22b771e9a700f1ef82f61b8a8790c6dc877,"[-0.550951361656189, 0.6109917163848877, 0.3617924749851227]","[-0.05787895619869232, -0.9383890628814697, 0.7895963788032532]",0.4054605032887127,0.8594541807127624,1.216381509866138,0.2318080335303589,0.2519470453262329,0.4495475687030842,22.314235326697144,0.0475
PPO,2,42,102,0.05,1.0,0.05,0,23a5ff3fe1170dbb55ad0f821e60b22b771e9a700f1ef82f61b8a8790c6dc877,"[-0.5149568915367126, -0.7814074754714966, -0.3089001476764679]","[0.5584290027618408, 0.0793050229549408, 0.8485109210014343]",0.1928053240981556,0.3430903072454356,0.5784159722944671,0.2716721559380307,0.157757718116045,0.220836217229503,5.788937435248621,0.01
PPO,2,42,103,0.05,1.0,0.05,0,23a5ff3fe1170dbb55ad0f821e60b22b771e9a700f1ef82f61b8a8790c6dc877,"[-0.12263999134302139, -0.037186793982982635, 0.47996628284454346]","[-0.12207181006669998, 0.919745683670044, -0.3810819089412689]",0.2334083898150898,0.5931341334987988,0.7002251694452696,0.1725034234056502,0.1378538012504577,0.3983158875544766,18.672591345558192,0.0425
PPO,2,42,104,0.05,1.0,0.05,0,23a5ff3fe1170dbb55ad0f821e60b22b771e9a700f1ef82f61b8a8790c6dc877,"[0.6484106183052063, -0.8674346804618835, 0.07659447193145752]","[0.5117452144622803, 0.6506502032279968, -0.5617742538452148]",0.2441580338356745,0.6397588199873487,0.7324741015070236,0.101490338243843,0.0232964570168405,0.3823255222300044,22.61074524731007,0.055
PPO,2,42,105,0.05,1.0,0.05,0,23a5ff3fe1170dbb55ad0f821e60b22b771e9a700f1ef82f61b8a8790c6dc877,"[-0.42927682399749756, 0.11211804300546646, 0.4673515558242798]","[-0.602249801158905, -0.4704720079898834, -0.3490790128707886]",0.0907366761476334,0.2389890953162893,0.2722100284429002,0.0955604272492137,0.1589171886444091,0.1471108209499694,5.525341543340573,0.01
PPO,2,42,106,0.05,1.0,0.05,0,23a5ff3fe1170dbb55ad0f821e60b22b771e9a700f1ef82f61b8a8790c6dc877,"[-0.8895044922828674, 0.2718296945095062, -0.8628385663032532]","[0.9502007961273193, -0.6974973678588867, -0.4096177816390991]",0.0755821947114432,0.1655209036694425,0.2267465841343296,0.0907621879222584,0.0309307454153895,0.1865432526721175,7.769845117514714,0.02
PPO,2,42,107,0.05,1.0,0.05,0,23a5ff3fe1170dbb55ad0f821e60b22b771e9a700f1ef82f61b8a8790c6dc877,"[0.6331554651260376, -0.5412940382957458, -0.558035135269165]","[-0.916957676410675, -0.7854737043380737, 0.4266817569732666]",0.1671113637905004,0.3872744592698315,0.5013340913715013,0.2265225262783559,0.6487487554550171,0.2458236961349139,11.886234909811789,0.0275
PPO,2,42,108,0.05,1.0,0.05,0,23a5ff3fe1170dbb55ad0f821e60b22b771e9a700f1ef82f61b8a8790c6dc877,"[0.2364661693572998, 0.06543176621198654, 0.1095544770359993]","[-0.17992550134658813, -0.7554280757904053, 0.9981473684310913]",0.1769640237845461,0.4260795108738688,0.5308920713536386,0.1981804515752527,0.4337180852890014,0.2211874922240464,11.717014157303495,0.0325
PPO,2,42,109,0.05,1.0,0.05,0,23a5ff3fe1170dbb55ad0f821e60b22b771e9a700f1ef82f61b8a8790c6dc877,"[0.9988187551498413, 0.9677178263664246, 0.040775928646326065]","[0.3314192593097687, -0.585135817527771, 0.520487904548645]",0.2222732927476799,0.6300699192039976,0.66681987824304,0.06043664701168,0.019428115338087,0.4071294717267713,24.41865883344114,0.065
PPO,2,42,110,0.05,1.0,0.05,0,23a5ff3fe1170dbb55ad0f821e60b22b771e9a700f1ef82f61b8a8790c6dc877,"[-0.10864169895648956, 0.04931486025452614, -0.4704791009426117]","[-0.871351957321167, 0.2730865180492401, -0.019966647028923035]",0.0966161007289205,0.1372537532630891,0.2898483021867617,0.2368449203922976,0.1390891000628471,0.1501786166574443,3.446011391677024,0.0075
PPO,2,42,111,0.05,1.0,0.05,0,23a5ff3fe1170dbb55ad0f821e60b22b771e9a700f1ef82f61b8a8790c6dc877,"[-0.6049723625183105, -0.32344892621040344, 0.43083447217941284]","[-0.8419704437255859, -0.16797947883605957, -0.20451059937477112]",0.1716364486536269,0.2749568069462885,0.5149093459608809,0.207208931227617,0.0448644249700009,0.2258929636357282,9.303161152910729,0.0175
PPO,2,42,112,0.05,1.0,0.05,0,23a5ff3fe1170dbb55ad0f821e60b22b771e9a700f1ef82f61b8a8790c6dc877,"[0.4448135197162628, -0.9011456966400146, 0.6439449191093445]","[0.9329946637153625, 0.5882050395011902, 0.9689865112304688]",0.0919888712944198,0.1379449219528791,0.2759666138832594,0.2527296672471695,0.0321467369794845,0.1754763065802486,6.791954113834044,0.02
PPO,2,42,113,0.05,1.0,0.05,0,23a5ff3fe1170dbb55ad0f821e60b22b771e9a700f1ef82f61b8a8790c6dc877,"[0.41863173246383667, -0.023482682183384895, 0.2279641479253769]","[-0.4255177676677704, -0.7030157446861267, -0.44172894954681396]",0.1104256131764461,0.2213682945079735,0.3312768395293383,0.1871364969116302,0.0724133551120758,0.1410802694646051,1.7990655817818653,0.0025
PPO,2,42,114,0.05,1.0,0.05,0,23a5ff3fe1170dbb55ad0f821e60b22b771e9a700f1ef82f61b8a8790c6dc877,"[-0.7814548015594482, -0.6798140406608582, -0.9797838926315308]","[0.11529668420553207, -0.6668115258216858, -0.3657369315624237]",0.1287260162315067,0.1905618729479899,0.3861780486945202,0.143429634247527,0.158193290233612,0.1769633803544496,4.425084098357341,0.01
PPO,2,42,115,0.05,1.0,0.05,0,23a5ff3fe1170dbb55ad0f821e60b22b771e9a700f1ef82f61b8a8790c6dc877,"[-0.13505227863788605, -0.6992138028144836, -0.6386840343475342]","[-0.08365152776241302, -0.7399067878723145, -0.1394127458333969]",0.0953648430063038,0.1618897133129309,0.2860945290189116,0.1098062090437721,0.1764575541019439,0.221583180371068,7.629686830501757,0.015
PPO,2,42,116,0.05,1.0,0.05,0,23a5ff3fe1170dbb55ad0f821e60b22b771e9a700f1ef82f61b8a8790c6dc877,"[0.0036390621680766344, -0.36614876985549927, -0.6434957981109619]","[0.9050279259681702, 0.8802486658096313, -0.9539850950241089]",0.1159862007214962,0.2365520768535884,0.3479586021644887,0.1794850087874097,0.1447897776961326,0.3361267852329851,15.70088375035012,0.03
PPO,2,42,117,0.05,1.0,0.05,0,23a5ff3fe1170dbb55ad0f821e60b22b771e9a700f1ef82f61b8a8790c6dc877,"[0.11515316367149353, 0.7238221168518066, -0.36945784091949463]","[-0.9954982399940491, 0.7611866593360901, 0.800013542175293]",0.217143788495382,0.5025618812735911,0.6514313654861462,0.2651237829065203,0.0702834129333496,0.2850668389545266,16.190431487307404,0.04
PPO,2,42,118,0.05,1.0,0.05,0,23a5ff3fe1170dbb55ad0f821e60b22b771e9a700f1ef82f61b8a8790c6dc877,"[0.7532855868339539, -0.8538441061973572, 0.6052027344703674]","[0.3583809733390808, -0.14669764041900635, -0.04589289054274559]",0.1313730694178619,0.2101725951421333,0.3941192082535856,0.2199108962337544,0.093733262270689,0.1800038773482874,9.226667680371998,0.0225
PPO,2,42,119,0.05,1.0,0.05,0,23a5ff3fe1170dbb55ad0f821e60b22b771e9a700f1ef82f61b8a8790c6dc877,"[0.9546050429344177, -0.7296091914176941, 0.7618905305862427]","[-0.6044704914093018, 0.3422892987728119, 0.2229812741279602]",0.111466624241025,0.1994711966907952,0.334399872723075,0.1549409079181467,0.0378780327737331,0.300182032038892,11.294498522931576,0.0275
PPO,2,42,100,0.03,2.0,0.06,0,23a5ff3fe1170dbb55ad0f821e60b22b771e9a700f1ef82f61b8a8790c6dc877,"[-0.6200170516967773, 0.9629579782485962, -0.4305199086666107]","[0.2585463523864746, 0.16207295656204224, 0.19982454180717468]",0.1046070098278522,0.2417931013543525,0.3138210294835566,0.1189238753250259,0.0437991935759782,0.2576567124937686,12.33427040968376,0.03
PPO,2,42,101,0.03,2.0,0.06,0,23a5ff3fe1170dbb55ad0f821e60b22b771e9a700f1ef82f61b8a8790c6dc877,"[-0.550951361656189, 0.6109917163848877, 0.3617924749851227]","[-0.05787895619869232, -0.9383890628814697, 0.7895963788032532]",0.4593197287409469,0.9198867469272244,1.3779591862228409,0.2935177679231137,0.3358220160007477,0.4922113381233298,23.635535345476427,0.0475
PPO,2,42,102,0.03,2.0,0.06,0,23a5ff3fe1170dbb55ad0f821e60b22b771e9a700f1ef82f61b8a8790c6dc877,"[-0.5149568915367126, -0.7814074754714966, -0.3089001476764679]","[0.5584290027618408, 0.0793050229549408, 0.8485109210014343]",0.2290431608106083,0.3708000264406134,0.6871294824318249,0.3539483684264583,0.2063797637820243,0.2590835004060197,6.392536547313927,0.01
PPO,2,42,103,0.03,2.0,0.06,0,23a5ff3fe1170dbb55ad0f821e60b22b771e9a700f1ef82f61b8a8790c6dc877,"[-0.12263999134302139, -0.037186793982982635, 0.47996628284454346]","[-0.12207181006669998, 0.919745683670044, -0.3810819089412689]",0.2488677775311568,0.6038923659602615,0.7466033325934703,0.2180466552575429,0.1771349012851715,0.4349701596224248,19.99838433024536,0.0425
PPO,2,42,104,0.03,2.0,0.06,0,23a5ff3fe1170dbb55ad0f821e60b22b771e9a700f1ef82f61b8a8790c6dc877,"[0.6484106183052063, -0.8674346804618835, 0.07659447193145752]","[0.5117452144622803, 0.6506502032279968, -0.5617742538452148]",0.258941646808362,0.6462904703850432,0.776824940425086,0.1372966548991332,0.0291706142015755,0.3949807204417606,22.616734385492112,0.055
PPO,2,42,105,0.03,2.0,0.06,0,23a5ff3fe1170dbb55ad0f821e60b22b771e9a700f1ef82f61b8a8790c6dc877,"[-0.42927682399749756, 0.11211804300546646, 0.4673515558242798]","[-0.602249801158905, -0.4704720079898834, -0.3490790128707886]",0.0975515776741955,0.2422677843632791,0.2926547330225866,0.1153109268641766,0.1909571290016174,0.1507129531697442,5.472651395472191,0.01
PPO,2,42,106,0.03,2.0,0.06,0,23a5ff3fe1170dbb55ad0f821e60b22b771e9a700f1ef82f61b8a8790c6dc877,"[-0.8895044922828674, 0.2718296945095062, -0.8628385663032532]","[0.9502007961273193, -0.6974973678588867, -0.4096177816390991]",0.0858517847343635,0.1715683158868241,0.2575553542030905,0.1152730752989925,0.0407250151038169,0.2007414100324721,7.827306933544856,0.02
PPO,2,42,107,0.03,2.0,0.06,0,23a5ff3fe1170dbb55ad0f821e60b22b771e9a700f1ef82f61b8a8790c6dc877,"[0.6331554651260376, -0.5412940382957458, -0.558035135269165]","[-0.916957676410675, -0.7854737043380737, 0.4266817569732666]",0.1762053775771405,0.3874328721829847,0.5286161327314217,0.2652509644121667,0.7411473989486694,0.2483447687398465,11.669450692138678,0.0275
PPO,2,42,108,0.03,2.0,0.06,0,23a5ff3fe1170dbb55ad0f821e60b22b771e9a700f1ef82f61b8a8790c6dc877,"[0.2364661693572998, 0.06543176621198654, 0.1095544770359993]","[-0.17992550134658813, -0.7554280757904053, 0.9981473684310913]",0.1794047726291918,0.418525652186344,0.5382143178875756,0.2337381128267741,0.4940003752708435,0.2255864443067006,11.821267835454677,0.0325
PPO,2,42,109,0.03,2.0,0.06,0,23a5ff3fe1170dbb55ad0f821e60b22b771e9a700f1ef82f61b8a8790c6dc877,"[0.9988187551498413, 0.9677178263664246, 0.040775928646326065]","[0.3314192593097687, -0.585135817527771, 0.520487904548645]",0.2313026298384831,0.6350251841378772,0.6939078895154495,0.0800771717453536,0.0187274105846881,0.4267808618372367,24.93122893616437,0.0675
PPO,2,42,110,0.03,2.0,0.06,0,23a5ff3fe1170dbb55ad0f821e60b22b771e9a700f1ef82f61b8a8790c6dc877,"[-0.10864169895648956, 0.04931486025452614, -0.4704791009426117]","[-0.871351957321167, 0.2730865180492401, -0.019966647028923035]",0.1078311352408394,0.1477537680458877,0.3234934057225183,0.2689314587271691,0.1547724232077598,0.1628518903028786,3.536692387820384,0.0075
PPO,2,42,111,0.03,2.0,0.06,0,23a5ff3fe1170dbb55ad0f821e60b22b771e9a700f1ef82f61b8a8790c6dc877,"[-0.6049723625183105, -0.32344892621040344, 0.43083447217941284]","[-0.8419704437255859, -0.16797947883605957, -0.20451059937477112]",0.1862668166818067,0.2862688028871729,0.5588004500454203,0.2293928196124824,0.0465875435620546,0.2301454647465091,8.956105526732093,0.0175
PPO,2,42,112,0.03,2.0,0.06,0,23a5ff3fe1170dbb55ad0f821e60b22b771e9a700f1ef82f61b8a8790c6dc877,"[0.4448135197162628, -0.9011456966400146, 0.6439449191093445]","[0.9329946637153625, 0.5882050395011902, 0.9689865112304688]",0.1047730501787621,0.1510780027713583,0.3143191505362863,0.2869999707664972,0.0372136868536472,0.1834167835123818,6.806962440997328,0.02
PPO,2,42,113,0.03,2.0,0.06,0,23a5ff3fe1170dbb55ad0f821e60b22b771e9a700f1ef82f61b8a8790c6dc877,"[0.41863173246383667, -0.023482682183384895, 0.2279641479253769]","[-0.4255177676677704, -0.7030157446861267, -0.44172894954681396]",0.119857366340032,0.2269618793743858,0.3595720990200961,0.2125758153075973,0.0890665501356124,0.1542330421971858,1.8505743450916168,0.0025
PPO,2,42,114,0.03,2.0,0.06,0,23a5ff3fe1170dbb55ad0f821e60b22b771e9a700f1ef82f61b8a8790c6dc877,"[-0.7814548015594482, -0.6798140406608582, -0.9797838926315308]","[0.11529668420553207, -0.6668115258216858, -0.3657369315624237]",0.1521361200088605,0.2128362649057655,0.4564083600265817,0.1942730188588209,0.1938609182834625,0.2004417015281401,4.558115359235839,0.01
PPO,2,42,115,0.03,2.0,0.06,0,23a5ff3fe1170dbb55ad0f821e60b22b771e9a700f1ef82f61b8a8790c6dc877,"[-0.13505227863788605, -0.6992138028144836, -0.6386840343475342]","[-0.08365152776241302, -0.7399067878723145, -0.1394127458333969]",0.1044462974952009,0.1681873464254903,0.3133388924856027,0.1311358228601791,0.2100284695625305,0.2306281205108784,7.672860975460644,0.015
PPO,2,42,116,0.03,2.0,0.06,0,23a5ff3fe1170dbb55ad0f821e60b22b771e9a700f1ef82f61b8a8790c6dc877,"[0.0036390621680766344, -0.36614876985549927, -0.6434957981109619]","[0.9050279259681702, 0.8802486658096313, -0.9539850950241089]",0.122120973791893,0.2398405439389309,0.3663629213756791,0.2083344190254991,0.1614246200770139,0.3422891295182883,15.694058584226816,0.03
PPO,2,42,117,0.03,2.0,0.06,0,23a5ff3fe1170dbb55ad0f821e60b22b771e9a700f1ef82f61b8a8790c6dc877,"[0.11515316367149353, 0.7238221168518066, -0.36945784091949463]","[-0.9954982399940491, 0.7611866593360901, 0.800013542175293]",0.2301158700709278,0.5041443086988948,0.6903476102127836,0.2980248348206787,0.0785410646349191,0.2898268822181106,15.879712293468256,0.04
PPO,2,42,118,0.03,2.0,0.06,0,23a5ff3fe1170dbb55ad0f821e60b22b771e9a700f1ef82f61b8a8790c6dc877,"[0.7532855868339539, -0.8538441061973572, 0.6052027344703674]","[0.3583809733390808, -0.14669764041900635, -0.04589289054274559]",0.144572580682233,0.2234060546099966,0.4337177420466989,0.2451908856308386,0.1042857654392719,0.1836071641200647,9.253710886380311,0.0225
PPO,2,42,119,0.03,2.0,0.06,0,23a5ff3fe1170dbb55ad0f821e60b22b771e9a700f1ef82f61b8a8790c6dc877,"[0.9546050429344177, -0.7296091914176941, 0.7618905305862427]","[-0.6044704914093018, 0.3422892987728119, 0.2229812741279602]",0.1383363674870898,0.2261559461631452,0.4150091024612696,0.2134248811268696,0.0576118864119052,0.3409927116516522,11.856390610255664,0.0275
PPO,2,42,100,0.05,2.0,0.1,0,23a5ff3fe1170dbb55ad0f821e60b22b771e9a700f1ef82f61b8a8790c6dc877,"[-0.6200170516967773, 0.9629579782485962, -0.4305199086666107]","[0.2585463523864746, 0.16207295656204224, 0.19982454180717468]",0.1255645678577602,0.2556563614803047,0.3766937035732807,0.1553491976939969,0.0651627052575349,0.3078627792509862,12.68089780021762,0.03
PPO,2,42,101,0.05,2.0,0.1,0,23a5ff3fe1170dbb55ad0f821e60b22b771e9a700f1ef82f61b8a8790c6dc877,"[-0.550951361656189, 0.6109917163848877, 0.3617924749851227]","[-0.05787895619869232, -0.9383890628814697, 0.7895963788032532]",0.7517658688378824,1.2587069461082927,2.2552976065136474,0.6076177306197308,0.7842054069042206,0.7092435538044148,31.327848253596727,0.0525
PPO,2,42,102,0.05,2.0,0.1,0,23a5ff3fe1170dbb55ad0f821e60b22b771e9a700f1ef82f61b8a8790c6dc877,"[-0.5149568915367126, -0.7814074754714966, -0.3089001476764679]","[0.5584290027618408, 0.0793050229549408, 0.8485109210014343]",0.443950569934536,0.594038834144078,1.3318517098036082,0.8365066519214047,0.4894067198038101,0.5066299131070438,12.896254529258378,0.01
PPO,2,42,103,0.05,2.0,0.1,0,23a5ff3fe1170dbb55ad0f821e60b22b771e9a700f1ef82f61b8a8790c6dc877,"[-0.12263999134302139, -0.037186793982982635, 0.47996628284454346]","[-0.12207181006669998, 0.919745683670044, -0.3810819089412689]",0.3170203460060704,0.6552741106490716,0.9510610380182112,0.4205510576750025,0.3357250392436981,0.5461063672535289,21.21542042917232,0.045
PPO,2,42,104,0.05,2.0,0.1,0,23a5ff3fe1170dbb55ad0f821e60b22b771e9a700f1ef82f61b8a8790c6dc877,"[0.6484106183052063, -0.8674346804618835, 0.07659447193145752]","[0.5117452144622803, 0.6506502032279968, -0.5617742538452148]",0.3249693052947338,0.6810883208691509,0.9749079158842016,0.3084247278647474,0.0576516240835189,0.4464823932031592,22.884199043827067,0.055
PPO,2,42,105,0.05,2.0,0.1,0,23a5ff3fe1170dbb55ad0f821e60b22b771e9a700f1ef82f61b8a8790c6dc877,"[-0.42927682399749756, 0.11211804300546646, 0.4673515558242798]","[-0.602249801158905, -0.4704720079898834, -0.3490790128707886]",0.1266313282275883,0.258922353595019,0.3798939846827651,0.1980791494802192,0.3234634399414062,0.1699659595279919,5.325139934955434,0.01
PPO,2,42,106,0.05,2.0,0.1,0,23a5ff3fe1170dbb55ad0f821e60b22b771e9a700f1ef82f61b8a8790c6dc877,"[-0.8895044922828674, 0.2718296945095062, -0.8628385663032532]","[0.9502007961273193, -0.6974973678588867, -0.4096177816390991]",0.1305024943725575,0.2068009341601777,0.3915074831176726,0.2221633330401447,0.0799266807734966,0.2597176503956764,8.201225372861865,0.02
PPO,2,42,107,0.05,2.0,0.1,0,23a5ff3fe1170dbb55ad0f821e60b22b771e9a700f1ef82f61b8a8790c6dc877,"[0.6331554651260376, -0.5412940382957458, -0.558035135269165]","[-0.916957676410675, -0.7854737043380737, 0.4266817569732666]",0.2077164828393326,0.3912821691795664,0.6231494485179979,0.405371576225684,1.0508592128753662,0.266786478738535,11.167062478918682,0.0275
PPO,2,42,108,0.05,2.0,0.1,0,23a5ff3fe1170dbb55ad0f821e60b22b771e9a700f1ef82f61b8a8790c6dc877,"[0.2364661693572998, 0.06543176621198654, 0.1095544770359993]","[-0.17992550134658813, -0.7554280757904053, 0.9981473684310913]",0.1909792334072025,0.3967951916816956,0.5729377002216076,0.3707538583764323,0.7098803520202637,0.2461388983259771,12.506788109080349,0.0325
PPO,2,42,109,0.05,2.0,0.1,0,23a5ff3fe1170dbb55ad0f821e60b22b771e9a700f1ef82f61b8a8790c6dc877,"[0.9988187551498413, 0.9677178263664246, 0.040775928646326065]","[0.3314192593097687, -0.585135817527771, 0.520487904548645]",0.2728434243744219,0.6596080216535205,0.8185302731232658,0.1784781579526118,0.0179606713354587,0.5035116219628333,27.030682903096626,0.0725
PPO,2,42,110,0.05,2.0,0.1,0,23a5ff3fe1170dbb55ad0f821e60b22b771e9a700f1ef82f61b8a8790c6dc877,"[-0.10864169895648956, 0.04931486025452614, -0.4704791009426117]","[-0.871351957321167, 0.2730865180492401, -0.019966647028923035]",0.1462806007470269,0.1869003238477502,0.4388418022410809,0.3811608858889452,0.2033705487847328,0.2084559840324365,3.956255064525637,0.0075
PPO,2,42,111,0.05,2.0,0.1,0,23a5ff3fe1170dbb55ad0f821e60b22b771e9a700f1ef82f61b8a8790c6dc877,"[-0.6049723625183105, -0.32344892621040344, 0.43083447217941284]","[-0.8419704437255859, -0.16797947883605957, -0.20451059937477112]",0.2334585180626106,0.3277905920512315,0.7003755541878318,0.2988273518355448,0.0499354437924921,0.2480091832931202,8.186572672464665,0.0175
PPO,2,42,112,0.05,2.0,0.1,0,23a5ff3fe1170dbb55ad0f821e60b22b771e9a700f1ef82f61b8a8790c6dc877,"[0.4448135197162628, -0.9011456966400146, 0.6439449191093445]","[0.9329946637153625, 0.5882050395011902, 0.9689865112304688]",0.1544971565916477,0.205762807496542,0.4634914697749433,0.4160567985410676,0.056527055799961,0.2304282408031145,7.167243296855194,0.02
PPO,2,42,113,0.05,2.0,0.1,0,23a5ff3fe1170dbb55ad0f821e60b22b771e9a700f1ef82f61b8a8790c6dc877,"[0.41863173246383667, -0.023482682183384895, 0.2279641479253769]","[-0.4255177676677704, -0.7030157446861267, -0.44172894954681396]",0.1576397454076549,0.2534966224119212,0.4729192362229649,0.3073887883880992,0.1535018309950828,0.2046207246321841,2.176505668997274,0.0025
PPO,2,42,114,0.05,2.0,0.1,0,23a5ff3fe1170dbb55ad0f821e60b22b771e9a700f1ef82f61b8a8790c6dc877,"[-0.7814548015594482, -0.6798140406608582, -0.9797838926315308]","[0.11529668420553207, -0.6668115258216858, -0.3657369315624237]",0.3050100321603547,0.4076162524729755,0.915030096481064,0.5296894703865235,0.3635264635086059,0.380332189335713,7.011031735776372,0.01
PPO,2,42,115,0.05,2.0,0.1,0,23a5ff3fe1170dbb55ad0f821e60b22b771e9a700f1ef82f61b8a8790c6dc877,"[-0.13505227863788605, -0.6992138028144836, -0.6386840343475342]","[-0.08365152776241302, -0.7399067878723145, -0.1394127458333969]",0.1381767474382756,0.1954713467568049,0.414530242314827,0.2131228336696455,0.3387585878372192,0.2665976080346732,7.89331629169303,0.015
PPO,2,42,116,0.05,2.0,0.1,0,23a5ff3fe1170dbb55ad0f821e60b22b771e9a700f1ef82f61b8a8790c6dc877,"[0.0036390621680766344, -0.36614876985549927, -0.6434957981109619]","[0.9050279259681702, 0.8802486658096313, -0.9539850950241089]",0.1464792679846658,0.2562777503638068,0.4394378039539975,0.3152162804279798,0.2137661799788475,0.3692736748578096,15.756655181016718,0.03
PPO,2,42,117,0.05,2.0,0.1,0,23a5ff3fe1170dbb55ad0f821e60b22b771e9a700f1ef82f61b8a8790c6dc877,"[0.11515316367149353, 0.7238221168518066, -0.36945784091949463]","[-0.9954982399940491, 0.7611866593360901, 0.800013542175293]",0.2764586319729642,0.5149255443736866,0.8293758959188927,0.4108911440707743,0.1054796017706394,0.3119484596233118,15.304077861725943,0.035
PPO,2,42,118,0.05,2.0,0.1,0,23a5ff3fe1170dbb55ad0f821e60b22b771e9a700f1ef82f61b8a8790c6dc877,"[0.7532855868339539, -0.8538441061973572, 0.6052027344703674]","[0.3583809733390808, -0.14669764041900635, -0.04589289054274559]",0.190981895555235,0.2758219339433662,0.572945686665705,0.3321420602431452,0.1402983460575342,0.20780573493599,10.181419092156313,0.025
PPO,2,42,119,0.05,2.0,0.1,0,23a5ff3fe1170dbb55ad0f821e60b22b771e9a700f1ef82f61b8a8790c6dc877,"[0.9546050429344177, -0.7296091914176941, 0.7618905305862427]","[-0.6044704914093018, 0.3422892987728119, 0.2229812741279602]",0.2855966369045088,0.4182418676128587,0.8567899107135266,0.5460606700752253,0.1747626774013042,0.5584682615060461,16.66431771246047,0.0275
PPO,3,1024,100,0.03,1.0,0.03,0,ac89a20c027fac2da65efcb1395542423142fd6ed89a6da6fb1c3e8632878cf4,"[-0.6200170516967773, 0.9629579782485962, -0.4305199086666107]","[0.2585463523864746, 0.16207295656204224, 0.19982454180717468]",0.0548675327553279,0.1054037722334768,0.1646025982659839,0.0710091550983948,0.0392040889710187,0.1425509063940393,6.296552630909894,0.0175
PPO,3,1024,101,0.03,1.0,0.03,0,ac89a20c027fac2da65efcb1395542423142fd6ed89a6da6fb1c3e8632878cf4,"[-0.550951361656189, 0.6109917163848877, 0.3617924749851227]","[-0.05787895619869232, -0.9383890628814697, 0.7895963788032532]",0.0682589201301534,0.1903288499828528,0.2047767603904603,0.0285412981922243,0.0353201925754547,0.1997431505685138,11.114478490323556,0.03
PPO,3,1024,102,0.03,1.0,0.03,0,ac89a20c027fac2da65efcb1395542423142fd6ed89a6da6fb1c3e8632878cf4,"[-0.5149568915367126, -0.7814074754714966, -0.3089001476764679]","[0.5584290027618408, 0.0793050229549408, 0.8485109210014343]",0.0638096574856493,0.1732398451628572,0.1914289724569479,0.0421661821849368,0.0155561193823814,0.1997495465668062,10.64213949862908,0.03
PPO,3,1024,103,0.03,1.0,0.03,0,ac89a20c027fac2da65efcb1395542423142fd6ed89a6da6fb1c3e8632878cf4,"[-0.12263999134302139, -0.037186793982982635, 0.47996628284454346]","[-0.12207181006669998, 0.919745683670044, -0.3810819089412689]",0.0553156470977457,0.1403445144885797,0.1659469412932372,0.0761420528093973,0.0396540164947509,0.1667946017442498,7.380821970219209,0.0225
PPO,3,1024,104,0.03,1.0,0.03,0,ac89a20c027fac2da65efcb1395542423142fd6ed89a6da6fb1c3e8632878cf4,"[0.6484106183052063, -0.8674346804618835, 0.07659447193145752]","[0.5117452144622803, 0.6506502032279968, -0.5617742538452148]",0.1023440622093259,0.2260695308480993,0.3070321866279779,0.0757480289263903,0.045091146370396,0.1815388093231027,9.12288060921228,0.0275
PPO,3,1024,105,0.03,1.0,0.03,0,ac89a20c027fac2da65efcb1395542423142fd6ed89a6da6fb1c3e8632878cf4,"[-0.42927682399749756, 0.11211804300546646, 0.4673515558242798]","[-0.602249801158905, -0.4704720079898834, -0.3490790128707886]",0.0337149563070513,0.0862468501613743,0.101144868921154,0.0466416091830642,0.073998212814331,0.1283800987494259,5.661189751668474,0.0125
PPO,3,1024,106,0.03,1.0,0.03,0,ac89a20c027fac2da65efcb1395542423142fd6ed89a6da6fb1c3e8632878cf4,"[-0.8895044922828674, 0.2718296945095062, -0.8628385663032532]","[0.9502007961273193, -0.6974973678588867, -0.4096177816390991]",0.0337582853655056,0.1214879192214282,0.1012748560965168,0.0192812902186019,0.0192053792998194,0.1363726544595716,7.950882907029622,0.0225
PPO,3,1024,107,0.03,1.0,0.03,0,ac89a20c027fac2da65efcb1395542423142fd6ed89a6da6fb1c3e8632878cf4,"[0.6331554651260376, -0.5412940382957458, -0.558035135269165]","[-0.916957676410675, -0.7854737043380737, 0.4266817569732666]",0.0803558688629372,0.1901643985297227,0.2410676065888116,0.0993025571015882,0.1171290278434753,0.2033743505688974,8.217894319021873,0.02
PPO,3,1024,108,0.03,1.0,0.03,0,ac89a20c027fac2da65efcb1395542423142fd6ed89a6da6fb1c3e8632878cf4,"[0.2364661693572998, 0.06543176621198654, 0.1095544770359993]","[-0.17992550134658813, -0.7554280757904053, 0.9981473684310913]",0.0798003537346572,0.1666382895299089,0.2394010612039717,0.0823421986819601,0.0663277506828308,0.2122989174656737,8.529634299082387,0.0225
PPO,3,1024,109,0.03,1.0,0.03,0,ac89a20c027fac2da65efcb1395542423142fd6ed89a6da6fb1c3e8632878cf4,"[0.9988187551498413, 0.9677178263664246, 0.040775928646326065]","[0.3314192593097687, -0.585135817527771, 0.520487904548645]",0.0761573001671139,0.2204724885309109,0.2284719005013419,0.0414085657404804,0.0173888392746448,0.1697019197585576,6.717421959588916,0.0125
PPO,3,1024,110,0.03,1.0,0.03,0,ac89a20c027fac2da65efcb1395542423142fd6ed89a6da6fb1c3e8632878cf4,"[-0.10864169895648956, 0.04931486025452614, -0.4704791009426117]","[-0.871351957321167, 0.2730865180492401, -0.019966647028923035]",0.0227470411986796,0.0577398494959332,0.0682411235960391,0.0510546686616438,0.0509719289839267,0.1164321131131,3.5548816113124198,0.0075
PPO,3,1024,111,0.03,1.0,0.03,0,ac89a20c027fac2da65efcb1395542423142fd6ed89a6da6fb1c3e8632878cf4,"[-0.6049723625183105, -0.32344892621040344, 0.43083447217941284]","[-0.8419704437255859, -0.16797947883605957, -0.20451059937477112]",0.0263291985370955,0.0453939237576714,0.0789875956112867,0.0312913710734358,0.0053400760516524,0.0927473845104327,3.8030856064327128,0.01
PPO,3,1024,112,0.03,1.0,0.03,0,ac89a20c027fac2da65efcb1395542423142fd6ed89a6da6fb1c3e8632878cf4,"[0.4448135197162628, -0.9011456966400146, 0.6439449191093445]","[0.9329946637153625, 0.5882050395011902, 0.9689865112304688]",0.0603498435873036,0.1822104600589836,0.1810495307619109,0.0248025631687293,0.0055384747684001,0.1453600651271028,4.626943812230134,0.0075
PPO,3,1024,113,0.03,1.0,0.03,0,ac89a20c027fac2da65efcb1395542423142fd6ed89a6da6fb1c3e8632878cf4,"[0.41863173246383667, -0.023482682183384895, 0.2279641479253769]","[-0.4255177676677704, -0.7030157446861267, -0.44172894954681396]",0.054955115148539,0.1269474461729713,0.1648653454456171,0.0522313204904397,0.0302378684282302,0.1627870582211344,4.720473853300733,0.01
PPO,3,1024,114,0.03,1.0,0.03,0,ac89a20c027fac2da65efcb1395542423142fd6ed89a6da6fb1c3e8632878cf4,"[-0.7814548015594482, -0.6798140406608582, -0.9797838926315308]","[0.11529668420553207, -0.6668115258216858, -0.3657369315624237]",0.0200933236052016,0.06267764808428,0.0602799708156049,0.0068810971246825,0.0151270627975463,0.0742257347799596,2.284237382785034,0.005
PPO,3,1024,115,0.03,1.0,0.03,0,ac89a20c027fac2da65efcb1395542423142fd6ed89a6da6fb1c3e8632878cf4,"[-0.13505227863788605, -0.6992138028144836, -0.6386840343475342]","[-0.08365152776241302, -0.7399067878723145, -0.1394127458333969]",0.0218129457487064,0.0333811904782346,0.0654388372461193,0.0561826133318705,0.0981951653957367,0.0704642946174614,2.5809376838745828,0.0075
PPO,3,1024,116,0.03,1.0,0.03,0,ac89a20c027fac2da65efcb1395542423142fd6ed89a6da6fb1c3e8632878cf4,"[0.0036390621680766344, -0.36614876985549927, -0.6434957981109619]","[0.9050279259681702, 0.8802486658096313, -0.9539850950241089]",0.0910910876763555,0.2082898581577811,0.2732732630290667,0.1403494115148521,0.1205643420107662,0.1785531276813766,4.42369532103975,0.005
PPO,3,1024,117,0.03,1.0,0.03,0,ac89a20c027fac2da65efcb1395542423142fd6ed89a6da6fb1c3e8632878cf4,"[0.11515316367149353, 0.7238221168518066, -0.36945784091949463]","[-0.9954982399940491, 0.7611866593360901, 0.800013542175293]",0.0403672366403817,0.1637829784867288,0.1211017099211452,0.0137905415182036,0.0067212935537099,0.1287634047561155,7.583493518722037,0.02
PPO,3,1024,118,0.03,1.0,0.03,0,ac89a20c027fac2da65efcb1395542423142fd6ed89a6da6fb1c3e8632878cf4,"[0.7532855868339539, -0.8538441061973572, 0.6052027344703674]","[0.3583809733390808, -0.14669764041900635, -0.04589289054274559]",0.0357726667250923,0.0797346264474783,0.1073180001752771,0.0273816357797908,0.0185263119637966,0.0937073420259423,3.910983073790461,0.01
PPO,3,1024,119,0.03,1.0,0.03,0,ac89a20c027fac2da65efcb1395542423142fd6ed89a6da6fb1c3e8632878cf4,"[0.9546050429344177, -0.7296091914176941, 0.7618905305862427]","[-0.6044704914093018, 0.3422892987728119, 0.2229812741279602]",0.0325240472907236,0.109056142935851,0.0975721418721708,0.0296808903818421,0.0070115886628627,0.1395011527877198,6.876477867323117,0.02
PPO,3,1024,100,0.05,1.0,0.05,0,ac89a20c027fac2da65efcb1395542423142fd6ed89a6da6fb1c3e8632878cf4,"[-0.6200170516967773, 0.9629579782485962, -0.4305199086666107]","[0.2585463523864746, 0.16207295656204224, 0.19982454180717468]",0.0757348930561127,0.1219377655134232,0.2272046791683381,0.1178320140209922,0.0634053256362676,0.1753362874846506,6.398841641792524,0.0175
PPO,3,1024,101,0.05,1.0,0.05,0,ac89a20c027fac2da65efcb1395542423142fd6ed89a6da6fb1c3e8632878cf4,"[-0.550951361656189, 0.6109917163848877, 0.3617924749851227]","[-0.05787895619869232, -0.9383890628814697, 0.7895963788032532]",0.072915193372029,0.1915268138149683,0.2187455801160871,0.0470270502530498,0.0596261918544769,0.2066115545773149,11.247870618958952,0.0325
PPO,3,1024,102,0.05,1.0,0.05,0,ac89a20c027fac2da65efcb1395542423142fd6ed89a6da6fb1c3e8632878cf4,"[-0.5149568915367126, -0.7814074754714966, -0.3089001476764679]","[0.5584290027618408, 0.0793050229549408, 0.8485109210014343]",0.0719626455727255,0.1741322515477852,0.2158879367181766,0.0683145613156627,0.0251076817512512,0.2193080620686907,11.07633749172047,0.03
PPO,3,1024,103,0.05,1.0,0.05,0,ac89a20c027fac2da65efcb1395542423142fd6ed89a6da6fb1c3e8632878cf4,"[-0.12263999134302139, -0.037186793982982635, 0.47996628284454346]","[-0.12207181006669998, 0.919745683670044, -0.3810819089412689]",0.065296239707718,0.1434117113149879,0.1958887191231541,0.1256075385314079,0.0679320693016052,0.2113037327318417,7.601041807882203,0.0225
PPO,3,1024,104,0.05,1.0,0.05,0,ac89a20c027fac2da65efcb1395542423142fd6ed89a6da6fb1c3e8632878cf4,"[0.6484106183052063, -0.8674346804618835, 0.07659447193145752]","[0.5117452144622803, 0.6506502032279968, -0.5617742538452148]",0.1272783114780778,0.2405140598630843,0.3818349344342334,0.1258536765731319,0.0714323092252016,0.2053012987436202,9.192272249794884,0.0275
PPO,3,1024,105,0.05,1.0,0.05,0,ac89a20c027fac2da65efcb1395542423142fd6ed89a6da6fb1c3e8632878cf4,"[-0.42927682399749756, 0.11211804300546646, 0.4673515558242798]","[-0.602249801158905, -0.4704720079898834, -0.3490790128707886]",0.039042676779258,0.0877867548627154,0.1171280303377741,0.0779515374221919,0.1246215105056762,0.1382737834368858,5.6953240630666215,0.0125
PPO,3,1024,106,0.05,1.0,0.05,0,ac89a20c027fac2da65efcb1395542423142fd6ed89a6da6fb1c3e8632878cf4,"[-0.8895044922828674, 0.2718296945095062, -0.8628385663032532]","[0.9502007961273193, -0.6974973678588867, -0.4096177816390991]",0.0445256478497479,0.1260429501930861,0.1335769435492439,0.0327323634712094,0.0305808009579777,0.1567453303725047,8.00547160904003,0.0225
PPO,3,1024,107,0.05,1.0,0.05,0,ac89a20c027fac2da65efcb1395542423142fd6ed89a6da6fb1c3e8632878cf4,"[0.6331554651260376, -0.5412940382957458, -0.558035135269165]","[-0.916957676410675, -0.7854737043380737, 0.4266817569732666]",0.0951243932393758,0.1954830246335566,0.2853731797181274,0.1660090547836857,0.1898423433303833,0.2202441434276074,8.090424343769781,0.02
PPO,3,1024,108,0.05,1.0,0.05,0,ac89a20c027fac2da65efcb1395542423142fd6ed89a6da6fb1c3e8632878cf4,"[0.2364661693572998, 0.06543176621198654, 0.1095544770359993]","[-0.17992550134658813, -0.7554280757904053, 0.9981473684310913]",0.08917592665419,0.1687875938616506,0.2675277799625702,0.1376011180518954,0.1131928563117981,0.2180352515153159,8.5023703792435,0.0225
PPO,3,1024,109,0.05,1.0,0.05,0,ac89a20c027fac2da65efcb1395542423142fd6ed89a6da6fb1c3e8632878cf4,"[0.9988187551498413, 0.9677178263664246, 0.040775928646326065]","[0.3314192593097687, -0.585135817527771, 0.520487904548645]",0.0814385798704405,0.2186080642373416,0.2443157396113216,0.0672992192450221,0.0278624445199966,0.1864330827298009,6.692624106679304,0.0125
PPO,3,1024,110,0.05,1.0,0.05,0,ac89a20c027fac2da65efcb1395542423142fd6ed89a6da6fb1c3e8632878cf4,"[-0.10864169895648956, 0.04931486025452614, -0.4704791009426117]","[-0.871351957321167, 0.2730865180492401, -0.019966647028923035]",0.0311956057326553,0.0617582641737189,0.0935868171979661,0.0851058692004485,0.079261090606451,0.1561974608095507,3.721160187080388,0.0075
PPO,3,1024,111,0.05,1.0,0.05,0,ac89a20c027fac2da65efcb1395542423142fd6ed89a6da6fb1c3e8632878cf4,"[-0.6049723625183105, -0.32344892621040344, 0.43083447217941284]","[-0.8419704437255859, -0.16797947883605957, -0.20451059937477112]",0.0414095163207535,0.0625762581385626,0.1242285489622605,0.0517005456933452,0.0090207969769835,0.1187315926215892,3.891278403179184,0.01
PPO,3,1024,112,0.05,1.0,0.05,0,ac89a20c027fac2da65efcb1395542423142fd6ed89a6da6fb1c3e8632878cf4,"[0.4448135197162628, -0.9011456966400146, 0.6439449191093445]","[0.9329946637153625, 0.5882050395011902, 0.9689865112304688]",0.0654425694551458,0.1806508786624177,0.1963277083654374,0.0382326090489916,0.0057861469686031,0.1687027443191059,4.688271539637189,0.0075
PPO,3,1024,113,0.05,1.0,0.05,0,ac89a20c027fac2da65efcb1395542423142fd6ed89a6da6fb1c3e8632878cf4,"[0.41863173246383667, -0.023482682183384895, 0.2279641479253769]","[-0.4255177676677704, -0.7030157446861267, -0.44172894954681396]",0.0634081643523767,0.1277664191137663,0.1902244930571302,0.0845432755146405,0.0480042695999145,0.1843999185392684,4.690507984771921,0.01
PPO,3,1024,114,0.05,1.0,0.05,0,ac89a20c027fac2da65efcb1395542423142fd6ed89a6da6fb1c3e8632878cf4,"[-0.7814548015594482, -0.6798140406608582, -0.9797838926315308]","[0.11529668420553207, -0.6668115258216858, -0.3657369315624237]",0.0221290404044001,0.0625385512966573,0.0663871212132005,0.0096784898361628,0.0243482738733291,0.0977802120353515,2.312909284126828,0.005
PPO,3,1024,115,0.05,1.0,0.05,0,ac89a20c027fac2da65efcb1395542423142fd6ed89a6da6fb1c3e8632878cf4,"[-0.13505227863788605, -0.6992138028144836, -0.6386840343475342]","[-0.08365152776241302, -0.7399067878723145, -0.1394127458333969]",0.0351962423078245,0.0487181968270215,0.1055887269234735,0.096357795179902,0.1645120680332183,0.0931577963424739,2.643745403109218,0.0075
PPO,3,1024,116,0.05,1.0,0.05,0,ac89a20c027fac2da65efcb1395542423142fd6ed89a6da6fb1c3e8632878cf4,"[0.0036390621680766344, -0.36614876985549927, -0.6434957981109619]","[0.9050279259681702, 0.8802486658096313, -0.9539850950241089]",0.1095985913423144,0.2212579401560241,0.3287957740269434,0.2349415200440512,0.2020331039093434,0.1961992431682838,4.54777166423543,0.005
PPO,3,1024,117,0.05,1.0,0.05,0,ac89a20c027fac2da65efcb1395542423142fd6ed89a6da6fb1c3e8632878cf4,"[0.11515316367149353, 0.7238221168518066, -0.36945784091949463]","[-0.9954982399940491, 0.7611866593360901, 0.800013542175293]",0.0418927579193437,0.162846710173501,0.1256782737580311,0.0203552105216838,0.0088887866586446,0.1474574114802175,7.605720264009027,0.02
PPO,3,1024,118,0.05,1.0,0.05,0,ac89a20c027fac2da65efcb1395542423142fd6ed89a6da6fb1c3e8632878cf4,"[0.7532855868339539, -0.8538441061973572, 0.6052027344703674]","[0.3583809733390808, -0.14669764041900635, -0.04589289054274559]",0.0463084916554001,0.0885253357753464,0.1389254749662003,0.0460938768242888,0.0281669534742832,0.1056490659230665,4.003200541611127,0.01
PPO,3,1024,119,0.05,1.0,0.05,0,ac89a20c027fac2da65efcb1395542423142fd6ed89a6da6fb1c3e8632878cf4,"[0.9546050429344177, -0.7296091914176941, 0.7618905305862427]","[-0.6044704914093018, 0.3422892987728119, 0.2229812741279602]",0.0413650507755741,0.1121489615197811,0.1240951523267225,0.0471431349208693,0.007419716566801,0.167953747837918,6.948860955372905,0.02
PPO,3,1024,100,0.03,2.0,0.06,0,ac89a20c027fac2da65efcb1395542423142fd6ed89a6da6fb1c3e8632878cf4,"[-0.6200170516967773, 0.9629579782485962, -0.4305199086666107]","[0.2585463523864746, 0.16207295656204224, 0.19982454180717468]",0.086131341791776,0.1315046246684325,0.258394025375328,0.1411513631766731,0.0754306092858314,0.1917411873019544,6.470022830791954,0.0175
PPO,3,1024,101,0.03,2.0,0.06,0,ac89a20c027fac2da65efcb1395542423142fd6ed89a6da6fb1c3e8632878cf4,"[-0.550951361656189, 0.6109917163848877, 0.3617924749851227]","[-0.05787895619869232, -0.9383890628814697, 0.7895963788032532]",0.0754156892438723,0.1922747297020225,0.226247067731617,0.0561278577388068,0.0716222524642944,0.2094304208594962,11.167174206752108,0.0325
PPO,3,1024,102,0.03,2.0,0.06,0,ac89a20c027fac2da65efcb1395542423142fd6ed89a6da6fb1c3e8632878cf4,"[-0.5149568915367126, -0.7814074754714966, -0.3089001476764679]","[0.5584290027618408, 0.0793050229549408, 0.8485109210014343]",0.0766499288128929,0.175305212030883,0.2299497864386786,0.081207886872882,0.029803492128849,0.2296417737356445,11.414562536943452,0.03
PPO,3,1024,103,0.03,2.0,0.06,0,ac89a20c027fac2da65efcb1395542423142fd6ed89a6da6fb1c3e8632878cf4,"[-0.12263999134302139, -0.037186793982982635, 0.47996628284454346]","[-0.12207181006669998, 0.919745683670044, -0.3810819089412689]",0.0708303523373016,0.1456207760720549,0.212491057011905,0.1505194110910833,0.0822919011116027,0.2347970197808712,7.764538987484312,0.0225
PPO,3,1024,104,0.03,2.0,0.06,0,ac89a20c027fac2da65efcb1395542423142fd6ed89a6da6fb1c3e8632878cf4,"[0.6484106183052063, -0.8674346804618835, 0.07659447193145752]","[0.5117452144622803, 0.6506502032279968, -0.5617742538452148]",0.1397383339073685,0.2490646725110709,0.4192150017221056,0.1508581388488779,0.0844164565205574,0.2167644027871384,9.241752531129276,0.0275
PPO,3,1024,105,0.03,2.0,0.06,0,ac89a20c027fac2da65efcb1395542423142fd6ed89a6da6fb1c3e8632878cf4,"[-0.42927682399749756, 0.11211804300546646, 0.4673515558242798]","[-0.602249801158905, -0.4704720079898834, -0.3490790128707886]",0.0419821990212597,0.0893243200398118,0.1259465970637792,0.0938906257535204,0.1504299044609069,0.1437863376446793,5.715982315816262,0.0125
PPO,3,1024,106,0.03,2.0,0.06,0,ac89a20c027fac2da65efcb1395542423142fd6ed89a6da6fb1c3e8632878cf4,"[-0.8895044922828674, 0.2718296945095062, -0.8628385663032532]","[0.9502007961273193, -0.6974973678588867, -0.4096177816390991]",0.0501297436698501,0.1290509581326536,0.1503892310095505,0.0395170272310712,0.0361578855663538,0.1669962407830647,8.042823612273363,0.0225
PPO,3,1024,107,0.03,2.0,0.06,0,ac89a20c027fac2da65efcb1395542423142fd6ed89a6da6fb1c3e8632878cf4,"[0.6331554651260376, -0.5412940382957458, -0.558035135269165]","[-0.916957676410675, -0.7854737043380737, 0.4266817569732666]",0.1026176452576333,0.1989384440244459,0.3078529357729001,0.1996371046996411,0.2266122102737426,0.2294457055572559,8.053898711558682,0.02
PPO,3,1024,108,0.03,2.0,0.06,0,ac89a20c027fac2da65efcb1395542423142fd6ed89a6da6fb1c3e8632878cf4,"[0.2364661693572998, 0.06543176621198654, 0.1095544770359993]","[-0.17992550134658813, -0.7554280757904053, 0.9981473684310913]",0.0939231376649064,0.170410957910994,0.2817694129947192,0.1657619461371207,0.1369648575782776,0.2210418780211201,8.492201003609775,0.0225
PPO,3,1024,109,0.03,2.0,0.06,0,ac89a20c027fac2da65efcb1395542423142fd6ed89a6da6fb1c3e8632878cf4,"[0.9988187551498413, 0.9677178263664246, 0.040775928646326065]","[0.3314192593097687, -0.585135817527771, 0.520487904548645]",0.0846198418635196,0.2181291821907308,0.253859525590559,0.0804521219896865,0.0330724343657493,0.1952072216611253,6.690597278573563,0.0125
PPO,3,1024,110,0.03,2.0,0.06,0,ac89a20c027fac2da65efcb1395542423142fd6ed89a6da6fb1c3e8632878cf4,"[-0.10864169895648956, 0.04931486025452614, -0.4704791009426117]","[-0.871351957321167, 0.2730865180492401, -0.019966647028923035]",0.0354223989578488,0.0643388980403192,0.1062671968735466,0.1020096170767727,0.093282051384449,0.1760881781169304,3.838276606620604,0.0075
PPO,3,1024,111,0.03,2.0,0.06,0,ac89a20c027fac2da65efcb1395542423142fd6ed89a6da6fb1c3e8632878cf4,"[-0.6049723625183105, -0.32344892621040344, 0.43083447217941284]","[-0.8419704437255859, -0.16797947883605957, -0.20451059937477112]",0.0491561896538521,0.0721378083466583,0.1474685689615564,0.0621228758935575,0.0111756073310971,0.1315753283792005,3.9510692991254617,0.01
PPO,3,1024,112,0.03,2.0,0.06,0,ac89a20c027fac2da65efcb1395542423142fd6ed89a6da6fb1c3e8632878cf4,"[0.4448135197162628, -0.9011456966400146, 0.6439449191093445]","[0.9329946637153625, 0.5882050395011902, 0.9689865112304688]",0.0682897492087773,0.1802914120743863,0.204869247626332,0.0449367649450806,0.0059019140899181,0.1804158687034152,4.729912498636476,0.0075
PPO,3,1024,113,0.03,2.0,0.06,0,ac89a20c027fac2da65efcb1395542423142fd6ed89a6da6fb1c3e8632878cf4,"[0.41863173246383667, -0.023482682183384895, 0.2279641479253769]","[-0.4255177676677704, -0.7030157446861267, -0.44172894954681396]",0.0678384059313173,0.1294692786550552,0.2035152177939521,0.1005536253265116,0.056846410036087,0.1957971707283707,4.713992883406813,0.01
PPO,3,1024,114,0.03,2.0,0.06,0,ac89a20c027fac2da65efcb1395542423142fd6ed89a6da6fb1c3e8632878cf4,"[-0.7814548015594482, -0.6798140406608582, -0.9797838926315308]","[0.11529668420553207, -0.6668115258216858, -0.3657369315624237]",0.0231898702173598,0.0625526250971547,0.0695696106520794,0.0113782646237976,0.0289608836174011,0.1096696011592027,2.3407054238250566,0.005
PPO,3,1024,115,0.03,2.0,0.06,0,ac89a20c027fac2da65efcb1395542423142fd6ed89a6da6fb1c3e8632878cf4,"[-0.13505227863788605, -0.6992138028144836, -0.6386840343475342]","[-0.08365152776241302, -0.7399067878723145, -0.1394127458333969]",0.0419828440817514,0.0570468218845434,0.1259485322452543,0.1167890492734717,0.1980371177196502,0.1047398038115584,2.6872199101280114,0.0075
PPO,3,1024,116,0.03,2.0,0.06,0,ac89a20c027fac2da65efcb1395542423142fd6ed89a6da6fb1c3e8632878cf4,"[0.0036390621680766344, -0.36614876985549927, -0.6434957981109619]","[0.9050279259681702, 0.8802486658096313, -0.9539850950241089]",0.1191410417238858,0.2286798601042887,0.3574231251716576,0.282516002488311,0.2432136093266308,0.2059723823668059,4.622357105715644,0.005
PPO,3,1024,117,0.03,2.0,0.06,0,ac89a20c027fac2da65efcb1395542423142fd6ed89a6da6fb1c3e8632878cf4,"[0.11515316367149353, 0.7238221168518066, -0.36945784091949463]","[-0.9954982399940491, 0.7611866593360901, 0.800013542175293]",0.0429218029011124,0.1624782062637815,0.1287654087033373,0.0236757016872964,0.0099825821816921,0.1568417909585329,7.625634161765061,0.02
PPO,3,1024,118,0.03,2.0,0.06,0,ac89a20c027fac2da65efcb1395542423142fd6ed89a6da6fb1c3e8632878cf4,"[0.7532855868339539, -0.8538441061973572, 0.6052027344703674]","[0.3583809733390808, -0.14669764041900635, -0.04589289054274559]",0.0519625459426467,0.0938233743917186,0.1558876378279402,0.0553622880036494,0.0328656919300556,0.1117060465408382,4.05406105294809,0.01
PPO,3,1024,119,0.03,2.0,0.06,0,ac89a20c027fac2da65efcb1395542423142fd6ed89a6da6fb1c3e8632878cf4,"[0.9546050429344177, -0.7296091914176941, 0.7618905305862427]","[-0.6044704914093018, 0.3422892987728119, 0.2229812741279602]",0.0463397047011737,0.1146297620279834,0.1390191141035212,0.0558782064436394,0.0076190643012523,0.1825443587435451,7.009572041227395,0.02
PPO,3,1024,100,0.05,2.0,0.1,0,ac89a20c027fac2da65efcb1395542423142fd6ed89a6da6fb1c3e8632878cf4,"[-0.6200170516967773, 0.9629579782485962, -0.4305199086666107]","[0.2585463523864746, 0.16207295656204224, 0.19982454180717468]",0.1274383408596146,0.1748084927488751,0.3823150225788438,0.2335105230715585,0.1230101138353347,0.2572625008344353,6.887415511705935,0.0175
PPO,3,1024,101,0.05,2.0,0.1,0,ac89a20c027fac2da65efcb1395542423142fd6ed89a6da6fb1c3e8632878cf4,"[-0.550951361656189, 0.6109917163848877, 0.3617924749851227]","[-0.05787895619869232, -0.9383890628814697, 0.7895963788032532]",0.085508276833452,0.1961262518348634,0.256524830500356,0.0916159895283204,0.1185865700244903,0.2253480703196026,11.22834750099328,0.0325
PPO,3,1024,102,0.05,2.0,0.1,0,ac89a20c027fac2da65efcb1395542423142fd6ed89a6da6fb1c3e8632878cf4,"[-0.5149568915367126, -0.7814074754714966, -0.3089001476764679]","[0.5584290027618408, 0.0793050229549408, 0.8485109210014343]",0.0968537826175435,0.1845118701989847,0.2905613478526306,0.13155056056739,0.048037938773632,0.269242400391738,12.142593396458714,0.035
PPO,3,1024,103,0.05,2.0,0.1,0,ac89a20c027fac2da65efcb1395542423142fd6ed89a6da6fb1c3e8632878cf4,"[-0.12263999134302139, -0.037186793982982635, 0.47996628284454346]","[-0.12207181006669998, 0.919745683670044, -0.3810819089412689]",0.0946816710320921,0.1586085114563884,0.2840450130962764,0.2512932747119554,0.1411171555519104,0.3349599054738173,8.811898104099248,0.0225
PPO,3,1024,104,0.05,2.0,0.1,0,ac89a20c027fac2da65efcb1395542423142fd6ed89a6da6fb1c3e8632878cf4,"[0.6484106183052063, -0.8674346804618835, 0.07659447193145752]","[0.5117452144622803, 0.6506502032279968, -0.5617742538452148]",0.1894431313978243,0.2901115519682758,0.5683293941934731,0.2503566469847696,0.1351629802957177,0.2602803842199414,9.52409332982541,0.0275
PPO,3,1024,105,0.05,2.0,0.1,0,ac89a20c027fac2da65efcb1395542423142fd6ed89a6da6fb1c3e8632878cf4,"[-0.42927682399749756, 0.11211804300546646, 0.4673515558242798]","[-0.602249801158905, -0.4704720079898834, -0.3490790128707886]",0.056972325725693,0.1003607579032082,0.1709169771770791,0.1596231386985308,0.2571054100990295,0.1672156480631031,5.825130471914825,0.0125
PPO,3,1024,106,0.05,2.0,0.1,0,ac89a20c027fac2da65efcb1395542423142fd6ed89a6da6fb1c3e8632878cf4,"[-0.8895044922828674, 0.2718296945095062, -0.8628385663032532]","[0.9502007961273193, -0.6974973678588867, -0.4096177816390991]",0.073460569202471,0.1455867182045861,0.2203817076074131,0.0669703514913074,0.057742578908801,0.2079303212779715,8.260386521410622,0.0225
PPO,3,1024,107,0.05,2.0,0.1,0,ac89a20c027fac2da65efcb1395542423142fd6ed89a6da6fb1c3e8632878cf4,"[0.6331554651260376, -0.5412940382957458, -0.558035135269165]","[-0.916957676410675, -0.7854737043380737, 0.4266817569732666]",0.1331166024989482,0.2176094850075004,0.3993498074968445,0.3355403101002728,0.3764172196388244,0.2712044608674739,8.107106694152723,0.02
PPO,3,1024,108,0.05,2.0,0.1,0,ac89a20c027fac2da65efcb1395542423142fd6ed89a6da6fb1c3e8632878cf4,"[0.2364661693572998, 0.06543176621198654, 0.1095544770359993]","[-0.17992550134658813, -0.7554280757904053, 0.9981473684310913]",0.1132675485603406,0.1805001483364917,0.3398026456810218,0.2815692406377674,0.2344775199890136,0.233648120576604,8.475582175921561,0.0225
PPO,3,1024,109,0.05,2.0,0.1,0,ac89a20c027fac2da65efcb1395542423142fd6ed89a6da6fb1c3e8632878cf4,"[0.9988187551498413, 0.9677178263664246, 0.040775928646326065]","[0.3314192593097687, -0.585135817527771, 0.520487904548645]",0.0994103139551652,0.2192715637997192,0.2982309418654956,0.1330443052862437,0.0537327490746974,0.2321974883910426,6.753667086389142,0.0125
PPO,3,1024,110,0.05,2.0,0.1,0,ac89a20c027fac2da65efcb1395542423142fd6ed89a6da6fb1c3e8632878cf4,"[-0.10864169895648956, 0.04931486025452614, -0.4704791009426117]","[-0.871351957321167, 0.2730865180492401, -0.019966647028923035]",0.0521818896461779,0.0773770479554957,0.1565456689385339,0.168718950998291,0.1484931372106075,0.2552601565929719,4.526425101888628,0.0075
PPO,3,1024,111,0.05,2.0,0.1,0,ac89a20c027fac2da65efcb1395542423142fd6ed89a6da6fb1c3e8632878cf4,"[-0.6049723625183105, -0.32344892621040344, 0.43083447217941284]","[-0.8419704437255859, -0.16797947883605957, -0.20451059937477112]",0.0804462037848561,0.1129790995168118,0.2413386113545683,0.104251290599666,0.0206043934449553,0.1820590506839633,4.291241105722947,0.01
PPO,3,1024,112,0.05,2.0,0.1,0,ac89a20c027fac2da65efcb1395542423142fd6ed89a6da6fb1c3e8632878cf4,"[0.4448135197162628, -0.9011456966400146, 0.6439449191093445]","[0.9329946637153625, 0.5882050395011902, 0.9689865112304688]",0.080856703909258,0.1814992355372448,0.2425701117277739,0.0718525463232287,0.0091706998646259,0.2272861886054203,4.968175087191049,0.0075
PPO,3,1024,113,0.05,2.0,0.1,0,ac89a20c027fac2da65efcb1395542423142fd6ed89a6da6fb1c3e8632878cf4,"[0.41863173246383667, -0.023482682183384895, 0.2279641479253769]","[-0.4255177676677704, -0.7030157446861267, -0.44172894954681396]",0.0865015497037108,0.1438392643692038,0.2595046491111324,0.1636688065784121,0.0918859243392944,0.251784523006092,5.039128565278205,0.01
PPO,3,1024,114,0.05,2.0,0.1,0,ac89a20c027fac2da65efcb1395542423142fd6ed89a6da6fb1c3e8632878cf4,"[-0.7814548015594482, -0.6798140406608582, -0.9797838926315308]","[0.11529668420553207, -0.6668115258216858, -0.3657369315624237]",0.0275219726935183,0.0631636557001434,0.0825659180805551,0.0187284036447512,0.0474166572093963,0.1579112144851328,2.542760276844352,0.005
PPO,3,1024,115,0.05,2.0,0.1,0,ac89a20c027fac2da65efcb1395542423142fd6ed89a6da6fb1c3e8632878cf4,"[-0.13505227863788605, -0.6992138028144836, -0.6386840343475342]","[-0.08365152776241302, -0.7399067878723145, -0.1394127458333969]",0.0697056845392558,0.0924460991693625,0.2091170536177674,0.2007535125968265,0.3344600796699524,0.1525949475511054,2.946304307230845,0.0075
PPO,3,1024,116,0.05,2.0,0.1,0,ac89a20c027fac2da65efcb1395542423142fd6ed89a6da6fb1c3e8632878cf4,"[0.0036390621680766344, -0.36614876985549927, -0.6434957981109619]","[0.9050279259681702, 0.8802486658096313, -0.9539850950241089]",0.1587310870420358,0.2634637630139761,0.4761932611261074,0.4745269128592846,0.4104623515158891,0.2507045587102077,5.011224171150403,0.005
PPO,3,1024,117,0.05,2.0,0.1,0,ac89a20c027fac2da65efcb1395542423142fd6ed89a6da6fb1c3e8632878cf4,"[0.11515316367149353, 0.7238221168518066, -0.36945784091949463]","[-0.9954982399940491, 0.7611866593360901, 0.800013542175293]",0.04805543718001,0.1616658164794443,0.14416631154003,0.0370879202943157,0.01441734097898,0.1945981573768684,7.763403258359074,0.02
PPO,3,1024,118,0.05,2.0,0.1,0,ac89a20c027fac2da65efcb1395542423142fd6ed89a6da6fb1c3e8632878cf4,"[0.7532855868339539, -0.8538441061973572, 0.6052027344703674]","[0.3583809733390808, -0.14669764041900635, -0.04589289054274559]",0.075694237383979,0.1192388216853586,0.2270827121519369,0.0918651661594156,0.0508617796003818,0.1363998867961534,4.28830489733627,0.01
PPO,3,1024,119,0.05,2.0,0.1,0,ac89a20c027fac2da65efcb1395542423142fd6ed89a6da6fb1c3e8632878cf4,"[0.9546050429344177, -0.7296091914176941, 0.7618905305862427]","[-0.6044704914093018, 0.3422892987728119, 0.2229812741279602]",0.0678667968875672,0.1298482845872489,0.2036003906627016,0.0906550532528831,0.0083843544125556,0.2431124842300676,7.410218704291793,0.02
PPO,3,123,100,0.03,1.0,0.03,0,77278897d6511369b3fedbcbe78afedcb00c519c71238d2bade7d09a86e4df13,"[-0.6200170516967773, 0.9629579782485962, -0.4305199086666107]","[0.2585463523864746, 0.16207295656204224, 0.19982454180717468]",0.0507586363614757,0.0902864650079066,0.1522759090844272,0.0640087731148081,0.0267427749931812,0.1394752215093554,5.419232726715597,0.015
PPO,3,123,101,0.03,1.0,0.03,0,77278897d6511369b3fedbcbe78afedcb00c519c71238d2bade7d09a86e4df13,"[-0.550951361656189, 0.6109917163848877, 0.3617924749851227]","[-0.05787895619869232, -0.9383890628814697, 0.7895963788032532]",0.0580560530683742,0.1654643910788307,0.1741681592051227,0.0477066625047613,0.0499074757099151,0.1734496263974111,8.13968376318442,0.02
PPO,3,123,102,0.03,1.0,0.03,0,77278897d6511369b3fedbcbe78afedcb00c519c71238d2bade7d09a86e4df13,"[-0.5149568915367126, -0.7814074754714966, -0.3089001476764679]","[0.5584290027618408, 0.0793050229549408, 0.8485109210014343]",0.0580161548924499,0.1629241337614946,0.17404846467735,0.0400518282650061,0.0129099860787391,0.1810865119625663,8.34759443511503,0.02
PPO,3,123,103,0.03,1.0,0.03,0,77278897d6511369b3fedbcbe78afedcb00c519c71238d2bade7d09a86e4df13,"[-0.12263999134302139, -0.037186793982982635, 0.47996628284454346]","[-0.12207181006669998, 0.919745683670044, -0.3810819089412689]",0.0536877184104505,0.1395813986711005,0.1610631552313517,0.0643822042685416,0.0306225717067718,0.1905132429256217,9.592865344892806,0.0275
PPO,3,123,104,0.03,1.0,0.03,0,77278897d6511369b3fedbcbe78afedcb00c519c71238d2bade7d09a86e4df13,"[0.6484106183052063, -0.8674346804618835, 0.07659447193145752]","[0.5117452144622803, 0.6506502032279968, -0.5617742538452148]",0.0968779579140958,0.2025110434339919,0.2906338737422874,0.0679483302167536,0.0301242158748209,0.1972431123821051,10.17349974912396,0.03
PPO,3,123,105,0.03,1.0,0.03,0,77278897d6511369b3fedbcbe78afedcb00c519c71238d2bade7d09a86e4df13,"[-0.42927682399749756, 0.11211804300546646, 0.4673515558242798]","[-0.602249801158905, -0.4704720079898834, -0.3490790128707886]",0.0309190585646477,0.0847367940654067,0.0927571756939433,0.0413991847523936,0.0700824260711669,0.132731956134822,6.06139449461171,0.015
PPO,3,123,106,0.03,1.0,0.03,0,77278897d6511369b3fedbcbe78afedcb00c519c71238d2bade7d09a86e4df13,"[-0.8895044922828674, 0.2718296945095062, -0.8628385663032532]","[0.9502007961273193, -0.6974973678588867, -0.4096177816390991]",0.0339684304279985,0.1239270162444229,0.1019052912839955,0.0188053501798644,0.0161410868167877,0.1524202913345485,8.955318621859167,0.025
PPO,3,123,107,0.03,1.0,0.03,0,77278897d6511369b3fedbcbe78afedcb00c519c71238d2bade7d09a86e4df13,"[0.6331554651260376, -0.5412940382957458, -0.558035135269165]","[-0.916957676410675, -0.7854737043380737, 0.4266817569732666]",0.0719295024588481,0.1845451975371675,0.2157885073765443,0.0941761997010972,0.0987737774848938,0.2161210546272335,9.473002974669232,0.025
PPO,3,123,108,0.03,1.0,0.03,0,77278897d6511369b3fedbcbe78afedcb00c519c71238d2bade7d09a86e4df13,"[0.2364661693572998, 0.06543176621198654, 0.1095544770359993]","[-0.17992550134658813, -0.7554280757904053, 0.9981473684310913]",0.0669760959995531,0.1552168192866254,0.2009282879986593,0.0721377860754728,0.0635187625885009,0.2193434304886374,9.75254745497056,0.025
PPO,3,123,109,0.03,1.0,0.03,0,77278897d6511369b3fedbcbe78afedcb00c519c71238d2bade7d09a86e4df13,"[0.9988187551498413, 0.9677178263664246, 0.040775928646326065]","[0.3314192593097687, -0.585135817527771, 0.520487904548645]",0.0781041366392274,0.2138708906460624,0.2343124099176823,0.0393353840048758,0.0166163071990013,0.1938635744502828,9.609298823145725,0.025
PPO,3,123,110,0.03,1.0,0.03,0,77278897d6511369b3fedbcbe78afedcb00c519c71238d2bade7d09a86e4df13,"[-0.10864169895648956, 0.04931486025452614, -0.4704791009426117]","[-0.871351957321167, 0.2730865180492401, -0.019966647028923035]",0.0228366539213598,0.0592395027566141,0.0685099617640796,0.0522381153509572,0.0411231480538845,0.1271433213167124,4.392325676047818,0.0125
PPO,3,123,111,0.03,1.0,0.03,0,77278897d6511369b3fedbcbe78afedcb00c519c71238d2bade7d09a86e4df13,"[-0.6049723625183105, -0.32344892621040344, 0.43083447217941284]","[-0.8419704437255859, -0.16797947883605957, -0.20451059937477112]",0.0257956944789245,0.0441151616367649,0.0773870834367735,0.0278352496938572,0.0056902337819337,0.0978341941881989,4.127801288458531,0.0125
PPO,3,123,112,0.03,1.0,0.03,0,77278897d6511369b3fedbcbe78afedcb00c519c71238d2bade7d09a86e4df13,"[0.4448135197162628, -0.9011456966400146, 0.6439449191093445]","[0.9329946637153625, 0.5882050395011902, 0.9689865112304688]",0.0618202868382216,0.1795134487684405,0.1854608605146649,0.0219440171868758,0.002006459981203,0.1221794241739139,2.4270487679082136,0.0
PPO,3,123,113,0.03,1.0,0.03,0,77278897d6511369b3fedbcbe78afedcb00c519c71238d2bade7d09a86e4df13,"[0.41863173246383667, -0.023482682183384895, 0.2279641479253769]","[-0.4255177676677704, -0.7030157446861267, -0.44172894954681396]",0.051163040119334,0.1233810887546973,0.153489120358002,0.0457670730481177,0.0260138511657714,0.1478436730094857,2.761565834630604,0.0025
PPO,3,123,114,0.03,1.0,0.03,0,77278897d6511369b3fedbcbe78afedcb00c519c71238d2bade7d09a86e4df13,"[-0.7814548015594482, -0.6798140406608582, -0.9797838926315308]","[0.11529668420553207, -0.6668115258216858, -0.3657369315624237]",0.0202189110585659,0.0624860262184331,0.0606567331756978,0.0115062894679054,0.0274048596620559,0.0714878710282924,2.069992801323443,0.005
PPO,3,123,115,0.03,1.0,0.03,0,77278897d6511369b3fedbcbe78afedcb00c519c71238d2bade7d09a86e4df13,"[-0.13505227863788605, -0.6992138028144836, -0.6386840343475342]","[-0.08365152776241302, -0.7399067878723145, -0.1394127458333969]",0.0196973229789408,0.0325130978618212,0.0590919689368224,0.0512832779218845,0.0910733938217163,0.074072936829644,2.736988876057593,0.0075
PPO,3,123,116,0.03,1.0,0.03,0,77278897d6511369b3fedbcbe78afedcb00c519c71238d2bade7d09a86e4df13,"[0.0036390621680766344, -0.36614876985549927, -0.6434957981109619]","[0.9050279259681702, 0.8802486658096313, -0.9539850950241089]",0.0869460001542191,0.2004065610265719,0.2608380004626576,0.1357586750944639,0.1127558890730142,0.2118753851902325,7.045641881697505,0.015
PPO,3,123,117,0.03,1.0,0.03,0,77278897d6511369b3fedbcbe78afedcb00c519c71238d2bade7d09a86e4df13,"[0.11515316367149353, 0.7238221168518066, -0.36945784091949463]","[-0.9954982399940491, 0.7611866593360901, 0.800013542175293]",0.0430511785980781,0.1677056483229718,0.1291535357942345,0.0131327605944264,0.0096652628853917,0.1350534504449037,8.320697746783182,0.025
PPO,3,123,118,0.03,1.0,0.03,0,77278897d6511369b3fedbcbe78afedcb00c519c71238d2bade7d09a86e4df13,"[0.7532855868339539, -0.8538441061973572, 0.6052027344703674]","[0.3583809733390808, -0.14669764041900635, -0.04589289054274559]",0.0367897517873858,0.0794420607847582,0.1103692553621575,0.0274184156542666,0.0110325962305068,0.1033805517689963,5.208506682166807,0.015
PPO,3,123,119,0.03,1.0,0.03,0,77278897d6511369b3fedbcbe78afedcb00c519c71238d2bade7d09a86e4df13,"[0.9546050429344177, -0.7296091914176941, 0.7618905305862427]","[-0.6044704914093018, 0.3422892987728119, 0.2229812741279602]",0.032566402828807,0.1063246446125363,0.0976992084864211,0.0251649906226422,0.0024114288389682,0.1498214726973826,7.688220442224327,0.0225
PPO,3,123,100,0.05,1.0,0.05,0,77278897d6511369b3fedbcbe78afedcb00c519c71238d2bade7d09a86e4df13,"[-0.6200170516967773, 0.9629579782485962, -0.4305199086666107]","[0.2585463523864746, 0.16207295656204224, 0.19982454180717468]",0.0716835605723788,0.107586590574575,0.2150506817171364,0.1072919185928724,0.0463145989924669,0.1751545832615503,5.596276856250935,0.015
PPO,3,123,101,0.05,1.0,0.05,0,77278897d6511369b3fedbcbe78afedcb00c519c71238d2bade7d09a86e4df13,"[-0.550951361656189, 0.6109917163848877, 0.3617924749851227]","[-0.05787895619869232, -0.9383890628814697, 0.7895963788032532]",0.0620351453293935,0.1671202828882899,0.1861054359881806,0.062732949209066,0.0669467151165008,0.1818034687733273,8.446032411092672,0.02
PPO,3,123,102,0.05,1.0,0.05,0,77278897d6511369b3fedbcbe78afedcb00c519c71238d2bade7d09a86e4df13,"[-0.5149568915367126, -0.7814074754714966, -0.3089001476764679]","[0.5584290027618408, 0.0793050229549408, 0.8485109210014343]",0.0662564657282483,0.1638468607441938,0.1987693971847451,0.0648768226052692,0.0205176770687103,0.1973350848009731,8.588953850224945,0.0225
PPO,3,123,103,0.05,1.0,0.05,0,77278897d6511369b3fedbcbe78afedcb00c519c71238d2bade7d09a86e4df13,"[-0.12263999134302139, -0.037186793982982635, 0.47996628284454346]","[-0.12207181006669998, 0.919745683670044, -0.3810819089412689]",0.0613072280007927,0.1421136641945472,0.1839216840023783,0.10370662148444,0.0524473786354064,0.2355486658097539,9.67993638858755,0.0275
PPO,3,123,104,0.05,1.0,0.05,0,77278897d6511369b3fedbcbe78afedcb00c519c71238d2bade7d09a86e4df13,"[0.6484106183052063, -0.8674346804618835, 0.07659447193145752]","[0.5117452144622803, 0.6506502032279968, -0.5617742538452148]",0.1222993738729435,0.2183449034760335,0.3668981216188307,0.1143648727210583,0.0513156363740563,0.2261273711519153,10.29392127601302,0.03
PPO,3,123,105,0.05,1.0,0.05,0,77278897d6511369b3fedbcbe78afedcb00c519c71238d2bade7d09a86e4df13,"[-0.42927682399749756, 0.11211804300546646, 0.4673515558242798]","[-0.602249801158905, -0.4704720079898834, -0.3490790128707886]",0.036312613208141,0.0862734199227591,0.1089378396244231,0.0725878948046837,0.1208674311637878,0.1412470644540815,6.043412567462557,0.015
PPO,3,123,106,0.05,1.0,0.05,0,77278897d6511369b3fedbcbe78afedcb00c519c71238d2bade7d09a86e4df13,"[-0.8895044922828674, 0.2718296945095062, -0.8628385663032532]","[0.9502007961273193, -0.6974973678588867, -0.4096177816390991]",0.0438147010407484,0.1279739939271187,0.1314441031222452,0.0309640038614793,0.0231811646372079,0.1718028930853123,9.029064156737912,0.025
PPO,3,123,107,0.05,1.0,0.05,0,77278897d6511369b3fedbcbe78afedcb00c519c71238d2bade7d09a86e4df13,"[0.6331554651260376, -0.5412940382957458, -0.558035135269165]","[-0.916957676410675, -0.7854737043380737, 0.4266817569732666]",0.0847725507958868,0.1891424433658011,0.2543176523876606,0.1555438829976835,0.1642748713493347,0.2355441842053986,9.291735766038247,0.0225
PPO,3,123,108,0.05,1.0,0.05,0,77278897d6511369b3fedbcbe78afedcb00c519c71238d2bade7d09a86e4df13,"[0.2364661693572998, 0.06543176621198654, 0.1095544770359993]","[-0.17992550134658813, -0.7554280757904053, 0.9981473684310913]",0.0765756407538963,0.1567615330390842,0.2297269222616889,0.1226279608629368,0.1087858080863952,0.2254460139915421,9.76601384153354,0.025
PPO,3,123,109,0.05,1.0,0.05,0,77278897d6511369b3fedbcbe78afedcb00c519c71238d2bade7d09a86e4df13,"[0.9988187551498413, 0.9677178263664246, 0.040775928646326065]","[0.3314192593097687, -0.585135817527771, 0.520487904548645]",0.0830229509732951,0.2117062212887686,0.2490688529198854,0.0634409085226555,0.0239415988326072,0.2112605856891786,9.547158839766247,0.025
PPO,3,123,110,0.05,1.0,0.05,0,77278897d6511369b3fedbcbe78afedcb00c519c71238d2bade7d09a86e4df13,"[-0.10864169895648956, 0.04931486025452614, -0.4704791009426117]","[-0.871351957321167, 0.2730865180492401, -0.019966647028923035]",0.0286507984980977,0.0633642246524122,0.0859523954942934,0.0756676580273994,0.0600273311138153,0.1674574275107408,4.534818147922411,0.0125
PPO,3,123,111,0.05,1.0,0.05,0,77278897d6511369b3fedbcbe78afedcb00c519c71238d2bade7d09a86e4df13,"[-0.6049723625183105, -0.32344892621040344, 0.43083447217941284]","[-0.8419704437255859, -0.16797947883605957, -0.20451059937477112]",0.0402148192828166,0.0598021857231848,0.1206444578484499,0.0458011688106911,0.0081927450373768,0.1245885781387559,4.215761705592976,0.0125
PPO,3,123,112,0.05,1.0,0.05,0,77278897d6511369b3fedbcbe78afedcb00c519c71238d2bade7d09a86e4df13,"[0.4448135197162628, -0.9011456966400146, 0.6439449191093445]","[0.9329946637153625, 0.5882050395011902, 0.9689865112304688]",0.0657085448115249,0.1784706845967378,0.1971256344345749,0.0338503032934242,0.0040704347193241,0.1446446000140838,2.439714378947833,0.0
PPO,3,123,113,0.05,1.0,0.05,0,77278897d6511369b3fedbcbe78afedcb00c519c71238d2bade7d09a86e4df13,"[0.41863173246383667, -0.023482682183384895, 0.2279641479253769]","[-0.4255177676677704, -0.7030157446861267, -0.44172894954681396]",0.0595211424343814,0.1249643050432196,0.1785634273031443,0.0764611045726471,0.0436251014471054,0.1713149316540392,2.7536261000595177,0.0025
PPO,3,123,114,0.05,1.0,0.05,0,77278897d6511369b3fedbcbe78afedcb00c519c71238d2bade7d09a86e4df13,"[-0.7814548015594482, -0.6798140406608582, -0.9797838926315308]","[0.11529668420553207, -0.6668115258216858, -0.3657369315624237]",0.0212230073887675,0.0624110746197622,0.0636690221663025,0.0130875666861502,0.0315471738576889,0.0938072980589412,2.083620239710182,0.005
PPO,3,123,115,0.05,1.0,0.05,0,77278897d6511369b3fedbcbe78afedcb00c519c71238d2bade7d09a86e4df13,"[-0.13505227863788605, -0.6992138028144836, -0.6386840343475342]","[-0.08365152776241302, -0.7399067878723145, -0.1394127458333969]",0.0305994924956023,0.0470801788929074,0.0917984774868071,0.0835933674609771,0.151202917098999,0.0978328008738873,2.8117336837443694,0.0075
PPO,3,123,116,0.05,1.0,0.05,0,77278897d6511369b3fedbcbe78afedcb00c519c71238d2bade7d09a86e4df13,"[0.0036390621680766344, -0.36614876985549927, -0.6434957981109619]","[0.9050279259681702, 0.8802486658096313, -0.9539850950241089]",0.1040089293239841,0.2112222912040863,0.3120267879719523,0.2245264133139524,0.188570961356163,0.2349116517964778,7.389055089097482,0.015
PPO,3,123,117,0.05,1.0,0.05,0,77278897d6511369b3fedbcbe78afedcb00c519c71238d2bade7d09a86e4df13,"[0.11515316367149353, 0.7238221168518066, -0.36945784091949463]","[-0.9954982399940491, 0.7611866593360901, 0.800013542175293]",0.0444002528641998,0.1665700242175555,0.1332007585925995,0.0190187050345825,0.0108493156731128,0.1524571262803997,8.327095319485048,0.025
PPO,3,123,118,0.05,1.0,0.05,0,77278897d6511369b3fedbcbe78afedcb00c519c71238d2bade7d09a86e4df13,"[0.7532855868339539, -0.8538441061973572, 0.6052027344703674]","[0.3583809733390808, -0.14669764041900635, -0.04589289054274559]",0.0469022883219971,0.087523333201393,0.1407068649659913,0.0462803656844721,0.017035998404026,0.1161092285489538,5.314009381921492,0.015
PPO,3,123,119,0.05,1.0,0.05,0,77278897d6511369b3fedbcbe78afedcb00c519c71238d2bade7d09a86e4df13,"[0.9546050429344177, -0.7296091914176941, 0.7618905305862427]","[-0.6044704914093018, 0.3422892987728119, 0.2229812741279602]",0.0411950876997862,0.1088039432257638,0.1235852630993588,0.0409569405709151,0.0028512179851531,0.1772338352961572,7.616200910059068,0.0225
PPO,3,123,100,0.03,2.0,0.06,0,77278897d6511369b3fedbcbe78afedcb00c519c71238d2bade7d09a86e4df13,"[-0.6200170516967773, 0.9629579782485962, -0.4305199086666107]","[0.2585463523864746, 0.16207295656204224, 0.19982454180717468]",0.0821985254805079,0.1175008806347766,0.2465955764415239,0.1289722879739179,0.0561552047729492,0.1930348334968684,5.710407709892388,0.015
PPO,3,123,101,0.03,2.0,0.06,0,77278897d6511369b3fedbcbe78afedcb00c519c71238d2bade7d09a86e4df13,"[-0.550951361656189, 0.6109917163848877, 0.3617924749851227]","[-0.05787895619869232, -0.9383890628814697, 0.7895963788032532]",0.0642069624400142,0.1681023489197378,0.1926208873200427,0.0702081711755858,0.0754224061965942,0.1869855871478657,8.641031436137771,0.02
PPO,3,123,102,0.03,2.0,0.06,0,77278897d6511369b3fedbcbe78afedcb00c519c71238d2bade7d09a86e4df13,"[-0.5149568915367126, -0.7814074754714966, -0.3089001476764679]","[0.5584290027618408, 0.0793050229549408, 0.8485109210014343]",0.0708170484498697,0.1649245523773054,0.2124511453496092,0.0770468535821563,0.0242029651999473,0.2059591819132745,8.768350636762698,0.0225
PPO,3,123,103,0.03,2.0,0.06,0,77278897d6511369b3fedbcbe78afedcb00c519c71238d2bade7d09a86e4df13,"[-0.12263999134302139, -0.037186793982982635, 0.47996628284454346]","[-0.12207181006669998, 0.919745683670044, -0.3810819089412689]",0.0655822674898664,0.1440553488941957,0.1967468024695993,0.1234289992163762,0.0633781850337982,0.2598567629468736,9.778880825437,0.0275
PPO,3,123,104,0.03,2.0,0.06,0,77278897d6511369b3fedbcbe78afedcb00c519c71238d2bade7d09a86e4df13,"[0.6484106183052063, -0.8674346804618835, 0.07659447193145752]","[0.5117452144622803, 0.6506502032279968, -0.5617742538452148]",0.1351306307511226,0.2276416755134857,0.4053918922533678,0.1376853846128524,0.0620938064530491,0.240241862743503,10.373898211879656,0.03
PPO,3,123,105,0.03,2.0,0.06,0,77278897d6511369b3fedbcbe78afedcb00c519c71238d2bade7d09a86e4df13,"[-0.42927682399749756, 0.11211804300546646, 0.4673515558242798]","[-0.602249801158905, -0.4704720079898834, -0.3490790128707886]",0.0396611397816541,0.0876700487576327,0.1189834193449625,0.0885602760094183,0.1469150185585022,0.1463559385182387,6.039099994525721,0.015
PPO,3,123,106,0.03,2.0,0.06,0,77278897d6511369b3fedbcbe78afedcb00c519c71238d2bade7d09a86e4df13,"[-0.8895044922828674, 0.2718296945095062, -0.8628385663032532]","[0.9502007961273193, -0.6974973678588867, -0.4096177816390991]",0.0491559509594761,0.1306846066268586,0.1474678528784284,0.037386257181312,0.0284320274367928,0.1816157320185687,9.077146572601496,0.025
PPO,3,123,107,0.03,2.0,0.06,0,77278897d6511369b3fedbcbe78afedcb00c519c71238d2bade7d09a86e4df13,"[0.6331554651260376, -0.5412940382957458, -0.558035135269165]","[-0.916957676410675, -0.7854737043380737, 0.4266817569732666]",0.0912500040811592,0.1922397397403686,0.2737500122434778,0.1865155156011934,0.1975255608558654,0.246129595712315,9.239012729541091,0.0225
PPO,3,123,108,0.03,2.0,0.06,0,77278897d6511369b3fedbcbe78afedcb00c519c71238d2bade7d09a86e4df13,"[0.2364661693572998, 0.06543176621198654, 0.1095544770359993]","[-0.17992550134658813, -0.7554280757904053, 0.9981473684310913]",0.081427828925534,0.1580243310568577,0.244283486776602,0.1482931936596646,0.1318448185920715,0.228765338540839,9.782521457865334,0.025
PPO,3,123,109,0.03,2.0,0.06,0,77278897d6511369b3fedbcbe78afedcb00c519c71238d2bade7d09a86e4df13,"[0.9988187551498413, 0.9677178263664246, 0.040775928646326065]","[0.3314192593097687, -0.585135817527771, 0.520487904548645]",0.0859307924990797,0.2110385935252074,0.2577923774972391,0.075471193495172,0.0280968658626079,0.2202606089151884,9.5282809520244,0.025
PPO,3,123,110,0.03,2.0,0.06,0,77278897d6511369b3fedbcbe78afedcb00c519c71238d2bade7d09a86e4df13,"[-0.10864169895648956, 0.04931486025452614, -0.4704791009426117]","[-0.871351957321167, 0.2730865180492401, -0.019966647028923035]",0.0316707957276636,0.0659737987842634,0.0950123871829908,0.0880408172760112,0.0723011046648025,0.1877558825861551,4.645382959440067,0.0125
PPO,3,123,111,0.03,2.0,0.06,0,77278897d6511369b3fedbcbe78afedcb00c519c71238d2bade7d09a86e4df13,"[-0.6049723625183105, -0.32344892621040344, 0.43083447217941284]","[-0.8419704437255859, -0.16797947883605957, -0.20451059937477112]",0.047497956403504,0.068634263447782,0.1424938692105121,0.0547123233109344,0.0094606457278132,0.1377369883235664,4.276596556858846,0.0125
PPO,3,123,112,0.03,2.0,0.06,0,77278897d6511369b3fedbcbe78afedcb00c519c71238d2bade7d09a86e4df13,"[0.4448135197162628, -0.9011456966400146, 0.6439449191093445]","[0.9329946637153625, 0.5882050395011902, 0.9689865112304688]",0.06802794701131,0.1783769731978531,0.2040838410339302,0.0398146048832086,0.0051910057663917,0.1559445124422606,2.457686470743356,0.0
PPO,3,123,113,0.03,2.0,0.06,0,77278897d6511369b3fedbcbe78afedcb00c519c71238d2bade7d09a86e4df13,"[0.41863173246383667, -0.023482682183384895, 0.2279641479253769]","[-0.4255177676677704, -0.7030157446861267, -0.44172894954681396]",0.063961036234292,0.1269621515570895,0.1918831087028761,0.0918735205138355,0.0525239557027816,0.1837153803914822,2.7914840597381088,0.0025
PPO,3,123,114,0.03,2.0,0.06,0,77278897d6511369b3fedbcbe78afedcb00c519c71238d2bade7d09a86e4df13,"[-0.7814548015594482, -0.6798140406608582, -0.9797838926315308]","[0.11529668420553207, -0.6668115258216858, -0.3657369315624237]",0.0219460555525683,0.0624500802194831,0.0658381666577051,0.0138895856245294,0.0336373150348663,0.1054699155234933,2.1047799175584525,0.005
PPO,3,123,115,0.03,2.0,0.06,0,77278897d6511369b3fedbcbe78afedcb00c519c71238d2bade7d09a86e4df13,"[-0.13505227863788605, -0.6992138028144836, -0.6386840343475342]","[-0.08365152776241302, -0.7399067878723145, -0.1394127458333969]",0.0361570846993888,0.0550155456311509,0.1084712540981664,0.1000561914004293,0.1815276741981506,0.1099808946236773,2.8626636013616698,0.0075
PPO,3,123,116,0.03,2.0,0.06,0,77278897d6511369b3fedbcbe78afedcb00c519c71238d2bade7d09a86e4df13,"[0.0036390621680766344, -0.36614876985549927, -0.6434957981109619]","[0.9050279259681702, 0.8802486658096313, -0.9539850950241089]",0.112781589953941,0.217413164733677,0.3383447698618232,0.2688880211409227,0.2266551349312067,0.2476982256493988,7.585067445736292,0.015
PPO,3,123,117,0.03,2.0,0.06,0,77278897d6511369b3fedbcbe78afedcb00c519c71238d2bade7d09a86e4df13,"[0.11515316367149353, 0.7238221168518066, -0.36945784091949463]","[-0.9954982399940491, 0.7611866593360901, 0.800013542175293]",0.045314151144773,0.1661008535018965,0.1359424534343192,0.0220815284683564,0.0114442314952611,0.161686717603992,8.33811999090909,0.025
PPO,3,123,118,0.03,2.0,0.06,0,77278897d6511369b3fedbcbe78afedcb00c519c71238d2bade7d09a86e4df13,"[0.7532855868339539, -0.8538441061973572, 0.6052027344703674]","[0.3583809733390808, -0.14669764041900635, -0.04589289054274559]",0.0520998865976799,0.0925430313911022,0.1562996597930399,0.0556124703740172,0.0199561677873134,0.1225595931537644,5.373397250058944,0.015
PPO,3,123,119,0.03,2.0,0.06,0,77278897d6511369b3fedbcbe78afedcb00c519c71238d2bade7d09a86e4df13,"[0.9546050429344177, -0.7296091914176941, 0.7618905305862427]","[-0.6044704914093018, 0.3422892987728119, 0.2229812741279602]",0.0459340318386363,0.110874888571166,0.1378020955159089,0.0487837710268335,0.0036292262375354,0.1912180509248706,7.618248412317801,0.0225
PPO,3,123,100,0.05,2.0,0.1,0,77278897d6511369b3fedbcbe78afedcb00c519c71238d2bade7d09a86e4df13,"[-0.6200170516967773, 0.9629579782485962, -0.4305199086666107]","[0.2585463523864746, 0.16207295656204224, 0.19982454180717468]",0.1245133385514331,0.1620001350859904,0.3735400156542993,0.2156061544830416,0.095871290192008,0.2646315382512523,6.3392960134239615,0.015
PPO,3,123,101,0.05,2.0,0.1,0,77278897d6511369b3fedbcbe78afedcb00c519c71238d2bade7d09a86e4df13,"[-0.550951361656189, 0.6109917163848877, 0.3617924749851227]","[-0.05787895619869232, -0.9383890628814697, 0.7895963788032532]",0.0736419356223706,0.1729336882455817,0.220925806867112,0.1013030239645345,0.1090300381183624,0.2027811322122013,8.64787914003603,0.0225
PPO,3,123,102,0.05,2.0,0.1,0,77278897d6511369b3fedbcbe78afedcb00c519c71238d2bade7d09a86e4df13,"[-0.5149568915367126, -0.7814074754714966, -0.3089001476764679]","[0.5584290027618408, 0.0793050229549408, 0.8485109210014343]",0.0902029927436754,0.1726439574310124,0.2706089782310264,0.1241517364633856,0.0381646305322647,0.2429169596374926,9.72596768020236,0.0275
PPO,3,123,103,0.05,2.0,0.1,0,77278897d6511369b3fedbcbe78afedcb00c519c71238d2bade7d09a86e4df13,"[-0.12263999134302139, -0.037186793982982635, 0.47996628284454346]","[-0.12207181006669998, 0.919745683670044, -0.3810819089412689]",0.0840919818578199,0.1559133652322526,0.2522759455734599,0.2026201494865947,0.1071492731571197,0.3609329222816453,10.577836561235898,0.0275
PPO,3,123,104,0.05,2.0,0.1,0,77278897d6511369b3fedbcbe78afedcb00c519c71238d2bade7d09a86e4df13,"[0.6484106183052063, -0.8674346804618835, 0.07659447193145752]","[0.5117452144622803, 0.6506502032279968, -0.5617742538452148]",0.1871907046143699,0.2720589702994059,0.5615721138431098,0.231655296260192,0.1065414967015385,0.2946115431986619,10.81230806513162,0.03
PPO,3,123,105,0.05,2.0,0.1,0,77278897d6511369b3fedbcbe78afedcb00c519c71238d2bade7d09a86e4df13,"[-0.42927682399749756, 0.11211804300546646, 0.4673515558242798]","[-0.602249801158905, -0.4704720079898834, -0.3490790128707886]",0.0554220880190543,0.097429199529654,0.1662662640571631,0.1551118929077077,0.2557144165039062,0.1686921611386455,6.0557366392794165,0.015
PPO,3,123,106,0.05,2.0,0.1,0,77278897d6511369b3fedbcbe78afedcb00c519c71238d2bade7d09a86e4df13,"[-0.8895044922828674, 0.2718296945095062, -0.8628385663032532]","[0.9502007961273193, -0.6974973678588867, -0.4096177816390991]",0.0718684881300056,0.145915620609042,0.2156054643900168,0.0640111036000796,0.0490845739841461,0.2221797426130176,9.346480199307198,0.025
PPO,3,123,107,0.05,2.0,0.1,0,77278897d6511369b3fedbcbe78afedcb00c519c71238d2bade7d09a86e4df13,"[0.6331554651260376, -0.5412940382957458, -0.558035135269165]","[-0.916957676410675, -0.7854737043380737, 0.4266817569732666]",0.1172927125695402,0.2092510213753009,0.3518781377086207,0.3106018069349689,0.3336575627326965,0.2945576731105128,9.409708578763656,0.025
PPO,3,123,108,0.05,2.0,0.1,0,77278897d6511369b3fedbcbe78afedcb00c519c71238d2bade7d09a86e4df13,"[0.2364661693572998, 0.06543176621198654, 0.1095544770359993]","[-0.17992550134658813, -0.7554280757904053, 0.9981473684310913]",0.1014277773114975,0.1664414018153176,0.3042833319344927,0.2573620847161905,0.2271960973739624,0.2427174188591484,9.837466262799488,0.0275
PPO,3,123,109,0.05,2.0,0.1,0,77278897d6511369b3fedbcbe78afedcb00c519c71238d2bade7d09a86e4df13,"[0.9988187551498413, 0.9677178263664246, 0.040775928646326065]","[0.3314192593097687, -0.585135817527771, 0.520487904548645]",0.0994232337090015,0.2111063078327583,0.2982697011270047,0.1232243715153064,0.0442697554826736,0.2577944329284837,9.534715610083316,0.025
PPO,3,123,110,0.05,2.0,0.1,0,77278897d6511369b3fedbcbe78afedcb00c519c71238d2bade7d09a86e4df13,"[-0.10864169895648956, 0.04931486025452614, -0.4704791009426117]","[-0.871351957321167, 0.2730865180492401, -0.019966647028923035]",0.0441400956258747,0.0790912452338138,0.1324202868776242,0.1398777134808493,0.1210160441696643,0.2693860652285194,5.346553469257966,0.0125
PPO,3,123,111,0.05,2.0,0.1,0,77278897d6511369b3fedbcbe78afedcb00c519c71238d2bade7d09a86e4df13,"[-0.6049723625183105, -0.32344892621040344, 0.43083447217941284]","[-0.8419704437255859, -0.16797947883605957, -0.20451059937477112]",0.0765571485870422,0.1063712251473874,0.2296714457611267,0.0898275243601313,0.015185191296041,0.1892930778362405,4.6294293893807215,0.0125
PPO,3,123,112,0.05,2.0,0.1,0,77278897d6511369b3fedbcbe78afedcb00c519c71238d2bade7d09a86e4df13,"[0.4448135197162628, -0.9011456966400146, 0.6439449191093445]","[0.9329946637153625, 0.5882050395011902, 0.9689865112304688]",0.0789130518494711,0.1806319216453507,0.2367391555484133,0.0637319765030693,0.0102556385099887,0.2012879944591088,2.6056336468903845,0.0
PPO,3,123,113,0.05,2.0,0.1,0,77278897d6511369b3fedbcbe78afedcb00c519c71238d2bade7d09a86e4df13,"[0.41863173246383667, -0.023482682183384895, 0.2279641479253769]","[-0.4255177676677704, -0.7030157446861267, -0.44172894954681396]",0.0828027392525445,0.1422842137620872,0.2484082177576337,0.1535610866353467,0.0886649638414383,0.2390829213155187,3.2017489676369357,0.0025
PPO,3,123,114,0.05,2.0,0.1,0,77278897d6511369b3fedbcbe78afedcb00c519c71238d2bade7d09a86e4df13,"[-0.7814548015594482, -0.6798140406608582, -0.9797838926315308]","[0.11529668420553207, -0.6668115258216858, -0.3657369315624237]",0.025620010413008,0.0631180616007934,0.0768600312390241,0.0176923146132195,0.0421229004859924,0.153477392461908,2.2868890413372696,0.005
PPO,3,123,115,0.05,2.0,0.1,0,77278897d6511369b3fedbcbe78afedcb00c519c71238d2bade7d09a86e4df13,"[-0.13505227863788605, -0.6992138028144836, -0.6386840343475342]","[-0.08365152776241302, -0.7399067878723145, -0.1394127458333969]",0.0587725591166866,0.0884575084911672,0.1763176773500598,0.1667181278958364,0.3042342215776443,0.160085606518227,3.1611375617755373,0.0075
PPO,3,123,116,0.05,2.0,0.1,0,77278897d6511369b3fedbcbe78afedcb00c519c71238d2bade7d09a86e4df13,"[0.0036390621680766344, -0.36614876985549927, -0.6434957981109619]","[0.9050279259681702, 0.8802486658096313, -0.9539850950241089]",0.1492745225218683,0.246425979933964,0.4478235675656049,0.4461104164796847,0.3795865252614021,0.3057952413069516,8.492385540875244,0.0175
PPO,3,123,117,0.05,2.0,0.1,0,77278897d6511369b3fedbcbe78afedcb00c519c71238d2bade7d09a86e4df13,"[0.11515316367149353, 0.7238221168518066, -0.36945784091949463]","[-0.9954982399940491, 0.7611866593360901, 0.800013542175293]",0.0499044389658277,0.1648742835083323,0.1497133168974831,0.0342002333555784,0.0138413850218057,0.1987597517793454,8.433653230027948,0.025
PPO,3,123,118,0.05,2.0,0.1,0,77278897d6511369b3fedbcbe78afedcb00c519c71238d2bade7d09a86e4df13,"[0.7532855868339539, -0.8538441061973572, 0.6052027344703674]","[0.3583809733390808, -0.14669764041900635, -0.04589289054274559]",0.0753386161941957,0.1173336881284254,0.2260158485825872,0.0922287454265227,0.0323050990700721,0.1488710459115034,5.653853100507861,0.015
PPO,3,123,119,0.05,2.0,0.1,0,77278897d6511369b3fedbcbe78afedcb00c519c71238d2bade7d09a86e4df13,"[0.9546050429344177, -0.7296091914176941, 0.7618905305862427]","[-0.6044704914093018, 0.3422892987728119, 0.2229812741279602]",0.0662470517135422,0.1237835018416658,0.1987411551406268,0.0794902290734979,0.0069677680730819,0.2475175906188711,7.872763501326098,0.0225
PPO,3,42,100,0.03,1.0,0.03,0,9092e3a345459849458dc42b58c7714f104035b7325d266b5dab60b3de31b95a,"[-0.6200170516967773, 0.9629579782485962, -0.4305199086666107]","[0.2585463523864746, 0.16207295656204224, 0.19982454180717468]",0.0490701324143853,0.087258496959062,0.147210397243156,0.0637056298013546,0.0270847808569669,0.1369599904725676,5.1635356506681305,0.015
PPO,3,42,101,0.03,1.0,0.03,0,9092e3a345459849458dc42b58c7714f104035b7325d266b5dab60b3de31b95a,"[-0.550951361656189, 0.6109917163848877, 0.3617924749851227]","[-0.05787895619869232, -0.9383890628814697, 0.7895963788032532]",0.0560687591003583,0.1645198968669312,0.1682062773010751,0.0406618575439041,0.0451574623584747,0.1655323306502695,7.535190979196726,0.02
PPO,3,42,102,0.03,1.0,0.03,0,9092e3a345459849458dc42b58c7714f104035b7325d266b5dab60b3de31b95a,"[-0.5149568915367126, -0.7814074754714966, -0.3089001476764679]","[0.5584290027618408, 0.0793050229549408, 0.8485109210014343]",0.0574183621310651,0.1626367515879634,0.1722550863931954,0.0409905711234903,0.0144168138504028,0.1717873524846578,7.20243228348021,0.015
PPO,3,42,103,0.03,1.0,0.03,0,9092e3a345459849458dc42b58c7714f104035b7325d266b5dab60b3de31b95a,"[-0.12263999134302139, -0.037186793982982635, 0.47996628284454346]","[-0.12207181006669998, 0.919745683670044, -0.3810819089412689]",0.0523821741616599,0.1391308801428549,0.1571465224849798,0.0605215064169448,0.0297220051288604,0.1768430762290211,8.396407483903678,0.025
PPO,3,42,104,0.03,1.0,0.03,0,9092e3a345459849458dc42b58c7714f104035b7325d266b5dab60b3de31b95a,"[0.6484106183052063, -0.8674346804618835, 0.07659447193145752]","[0.5117452144622803, 0.6506502032279968, -0.5617742538452148]",0.0964769022752153,0.2014428972346746,0.2894307068256461,0.0682189159072291,0.0310948956757783,0.1943219994238933,9.976443546689094,0.03
PPO,3,42,105,0.03,1.0,0.03,0,9092e3a345459849458dc42b58c7714f104035b7325d266b5dab60b3de31b95a,"[-0.42927682399749756, 0.11211804300546646, 0.4673515558242798]","[-0.602249801158905, -0.4704720079898834, -0.3490790128707886]",0.0306431610061355,0.0854192515561793,0.0919294830184067,0.0432515146187794,0.0718483924865722,0.1234883586887706,4.807986844088603,0.01
PPO,3,42,106,0.03,1.0,0.03,0,9092e3a345459849458dc42b58c7714f104035b7325d266b5dab60b3de31b95a,"[-0.8895044922828674, 0.2718296945095062, -0.8628385663032532]","[0.9502007961273193, -0.6974973678588867, -0.4096177816390991]",0.0300803813971664,0.1097470017536474,0.0902411441914992,0.0179068510662074,0.0144175915047526,0.1161358995256281,5.824356431985805,0.015
PPO,3,42,107,0.03,1.0,0.03,0,9092e3a345459849458dc42b58c7714f104035b7325d266b5dab60b3de31b95a,"[0.6331554651260376, -0.5412940382957458, -0.558035135269165]","[-0.916957676410675, -0.7854737043380737, 0.4266817569732666]",0.0706705579569784,0.1844692509566807,0.2120116738709354,0.0917737145482757,0.0974294543266296,0.2137927122488432,9.256678795488725,0.0225
PPO,3,42,108,0.03,1.0,0.03,0,9092e3a345459849458dc42b58c7714f104035b7325d266b5dab60b3de31b95a,"[0.2364661693572998, 0.06543176621198654, 0.1095544770359993]","[-0.17992550134658813, -0.7554280757904053, 0.9981473684310913]",0.0669034157871134,0.15523926190938,0.2007102473613404,0.0748801171825623,0.0652668476104736,0.214653929653682,9.53573056331979,0.025
PPO,3,42,109,0.03,1.0,0.03,0,9092e3a345459849458dc42b58c7714f104035b7325d266b5dab60b3de31b95a,"[0.9988187551498413, 0.9677178263664246, 0.040775928646326065]","[0.3314192593097687, -0.585135817527771, 0.520487904548645]",0.077384376736607,0.2128548731939715,0.2321531302098212,0.0398690215035997,0.0152533501386642,0.185601021091168,8.844255488673776,0.0225
PPO,3,42,110,0.03,1.0,0.03,0,9092e3a345459849458dc42b58c7714f104035b7325d266b5dab60b3de31b95a,"[-0.10864169895648956, 0.04931486025452614, -0.4704791009426117]","[-0.871351957321167, 0.2730865180492401, -0.019966647028923035]",0.0216446302437122,0.0583797601747661,0.0649338907311366,0.0471576375794815,0.0366655997931957,0.1189087762629748,3.723475070291552,0.0075
PPO,3,42,111,0.03,1.0,0.03,0,9092e3a345459849458dc42b58c7714f104035b7325d266b5dab60b3de31b95a,"[-0.6049723625183105, -0.32344892621040344, 0.43083447217941284]","[-0.8419704437255859, -0.16797947883605957, -0.20451059937477112]",0.025178175124805,0.0435631724379409,0.0755345253744151,0.0284440891736727,0.0058926772326231,0.0992680980250276,4.28826084766532,0.01
PPO,3,42,112,0.03,1.0,0.03,0,9092e3a345459849458dc42b58c7714f104035b7325d266b5dab60b3de31b95a,"[0.4448135197162628, -0.9011456966400146, 0.6439449191093445]","[0.9329946637153625, 0.5882050395011902, 0.9689865112304688]",0.0615945716619999,0.1789762164955199,0.1847837149859998,0.0236896948291011,0.0045555643737316,0.1212238865693162,2.2934786897998016,0.0
PPO,3,42,113,0.03,1.0,0.03,0,9092e3a345459849458dc42b58c7714f104035b7325d266b5dab60b3de31b95a,"[0.41863173246383667, -0.023482682183384895, 0.2279641479253769]","[-0.4255177676677704, -0.7030157446861267, -0.44172894954681396]",0.0511614528038722,0.124009512394708,0.1534843584116167,0.0471833659175001,0.027732640504837,0.1467855388851385,2.6479002159010867,0.005
PPO,3,42,114,0.03,1.0,0.03,0,9092e3a345459849458dc42b58c7714f104035b7325d266b5dab60b3de31b95a,"[-0.7814548015594482, -0.6798140406608582, -0.9797838926315308]","[0.11529668420553207, -0.6668115258216858, -0.3657369315624237]",0.019738488589473,0.0619559671698588,0.0592154657684192,0.0075842923553729,0.0153328776359558,0.0696870517868204,1.595545385103447,0.0
PPO,3,42,115,0.03,1.0,0.03,0,9092e3a345459849458dc42b58c7714f104035b7325d266b5dab60b3de31b95a,"[-0.13505227863788605, -0.6992138028144836, -0.6386840343475342]","[-0.08365152776241302, -0.7399067878723145, -0.1394127458333969]",0.0182870967578412,0.0324200787891742,0.0548612902735236,0.0474961326618529,0.0883883237838745,0.0710112133488393,2.5665875305113475,0.0075
PPO,3,42,116,0.03,1.0,0.03,0,9092e3a345459849458dc42b58c7714f104035b7325d266b5dab60b3de31b95a,"[0.0036390621680766344, -0.36614876985549927, -0.6434957981109619]","[0.9050279259681702, 0.8802486658096313, -0.9539850950241089]",0.0862617951526336,0.200739366354491,0.258785385457901,0.1336579717764699,0.111826479434967,0.2055142918355447,6.568199841068216,0.015
PPO,3,42,117,0.03,1.0,0.03,0,9092e3a345459849458dc42b58c7714f104035b7325d266b5dab60b3de31b95a,"[0.11515316367149353, 0.7238221168518066, -0.36945784091949463]","[-0.9954982399940491, 0.7611866593360901, 0.800013542175293]",0.0411543744791946,0.1652721940466308,0.1234631234375839,0.0119120038896339,0.0036755669862031,0.1238361919888683,7.368491772569725,0.0225
PPO,3,42,118,0.03,1.0,0.03,0,9092e3a345459849458dc42b58c7714f104035b7325d266b5dab60b3de31b95a,"[0.7532855868339539, -0.8538441061973572, 0.6052027344703674]","[0.3583809733390808, -0.14669764041900635, -0.04589289054274559]",0.0366281456883426,0.0785044361565428,0.109884437065028,0.0289540684172584,0.0130628086626529,0.1010823290878697,5.088144210804375,0.015
PPO,3,42,119,0.03,1.0,0.03,0,9092e3a345459849458dc42b58c7714f104035b7325d266b5dab60b3de31b95a,"[0.9546050429344177, -0.7296091914176941, 0.7618905305862427]","[-0.6044704914093018, 0.3422892987728119, 0.2229812741279602]",0.0316272759281721,0.1059314327644903,0.0948818277845163,0.0260295436694574,0.0047530122101306,0.1438056594062773,7.38960634840892,0.0225
PPO,3,42,100,0.05,1.0,0.05,0,9092e3a345459849458dc42b58c7714f104035b7325d266b5dab60b3de31b95a,"[-0.6200170516967773, 0.9629579782485962, -0.4305199086666107]","[0.2585463523864746, 0.16207295656204224, 0.19982454180717468]",0.0699949689114238,0.1048268040851337,0.2099849067342716,0.1073152026000582,0.0464465823024511,0.1723780340591719,5.338307300791445,0.015
PPO,3,42,101,0.05,1.0,0.05,0,9092e3a345459849458dc42b58c7714f104035b7325d266b5dab60b3de31b95a,"[-0.550951361656189, 0.6109917163848877, 0.3617924749851227]","[-0.05787895619869232, -0.9383890628814697, 0.7895963788032532]",0.0607950303448845,0.1663449157993422,0.1823850910346537,0.0583877446658817,0.0649865269660949,0.1718104240064163,7.62893215698191,0.02
PPO,3,42,102,0.05,1.0,0.05,0,9092e3a345459849458dc42b58c7714f104035b7325d266b5dab60b3de31b95a,"[-0.5149568915367126, -0.7814074754714966, -0.3089001476764679]","[0.5584290027618408, 0.0793050229549408, 0.8485109210014343]",0.0656169346993957,0.1637201046489198,0.1968508040981873,0.0664369603159067,0.0208232179284095,0.1858223058431969,7.25357039700198,0.0175
PPO,3,42,103,0.05,1.0,0.05,0,9092e3a345459849458dc42b58c7714f104035b7325d266b5dab60b3de31b95a,"[-0.12263999134302139, -0.037186793982982635, 0.47996628284454346]","[-0.12207181006669998, 0.919745683670044, -0.3810819089412689]",0.0601863031699813,0.1418310733759574,0.1805589095099441,0.1018631189923595,0.0512734949588775,0.2237936714640876,8.683362253803045,0.025
PPO,3,42,104,0.05,1.0,0.05,0,9092e3a345459849458dc42b58c7714f104035b7325d266b5dab60b3de31b95a,"[0.6484106183052063, -0.8674346804618835, 0.07659447193145752]","[0.5117452144622803, 0.6506502032279968, -0.5617742538452148]",0.1218450804758145,0.2172818827132236,0.3655352414274435,0.1148435417045321,0.0517123118042945,0.2238092889214989,10.130111789470488,0.03
PPO,3,42,105,0.05,1.0,0.05,0,9092e3a345459849458dc42b58c7714f104035b7325d266b5dab60b3de31b95a,"[-0.42927682399749756, 0.11211804300546646, 0.4673515558242798]","[-0.602249801158905, -0.4704720079898834, -0.3490790128707886]",0.0368075626050698,0.0875138128653885,0.1104226878152096,0.0743010125042479,0.1224965453147888,0.1323313652038425,4.849177293872515,0.01
PPO,3,42,106,0.05,1.0,0.05,0,9092e3a345459849458dc42b58c7714f104035b7325d266b5dab60b3de31b95a,"[-0.8895044922828674, 0.2718296945095062, -0.8628385663032532]","[0.9502007961273193, -0.6974973678588867, -0.4096177816390991]",0.0397621264761733,0.1129400590614556,0.11928637942852,0.0316098061976609,0.0248394459486007,0.136304896622153,5.908147072765972,0.015
PPO,3,42,107,0.05,1.0,0.05,0,9092e3a345459849458dc42b58c7714f104035b7325d266b5dab60b3de31b95a,"[0.6331554651260376, -0.5412940382957458, -0.558035135269165]","[-0.916957676410675, -0.7854737043380737, 0.4266817569732666]",0.0834874279893073,0.189256377221136,0.2504622839679221,0.153152767062923,0.1624852418899536,0.2360758317490468,9.436817887123553,0.025
PPO,3,42,108,0.05,1.0,0.05,0,9092e3a345459849458dc42b58c7714f104035b7325d266b5dab60b3de31b95a,"[0.2364661693572998, 0.06543176621198654, 0.1095544770359993]","[-0.17992550134658813, -0.7554280757904053, 0.9981473684310913]",0.0767219850525619,0.1571323271853784,0.2301659551576857,0.1277974876402705,0.1119834780693054,0.2205770573673997,9.468405635822531,0.025
PPO,3,42,109,0.05,1.0,0.05,0,9092e3a345459849458dc42b58c7714f104035b7325d266b5dab60b3de31b95a,"[0.9988187551498413, 0.9677178263664246, 0.040775928646326065]","[0.3314192593097687, -0.585135817527771, 0.520487904548645]",0.0822520673583499,0.2107431624538013,0.2467562020750498,0.0641745088225299,0.0236678943037986,0.2026663521058541,8.781831976854798,0.0225
PPO,3,42,110,0.05,1.0,0.05,0,9092e3a345459849458dc42b58c7714f104035b7325d266b5dab60b3de31b95a,"[-0.10864169895648956, 0.04931486025452614, -0.4704791009426117]","[-0.871351957321167, 0.2730865180492401, -0.019966647028923035]",0.0277022537775337,0.0626382254754155,0.0831067613326013,0.0720358953615765,0.06105188280344,0.1599018912102813,3.9073942786069575,0.0075
PPO,3,42,111,0.05,1.0,0.05,0,9092e3a345459849458dc42b58c7714f104035b7325d266b5dab60b3de31b95a,"[-0.6049723625183105, -0.32344892621040344, 0.43083447217941284]","[-0.8419704437255859, -0.16797947883605957, -0.20451059937477112]",0.0396083263078037,0.059465308625364,0.1188249789234111,0.0459855306134731,0.0080875800922513,0.1261860567268142,4.37338602888433,0.01
PPO,3,42,112,0.05,1.0,0.05,0,9092e3a345459849458dc42b58c7714f104035b7325d266b5dab60b3de31b95a,"[0.4448135197162628, -0.9011456966400146, 0.6439449191093445]","[0.9329946637153625, 0.5882050395011902, 0.9689865112304688]",0.0659055810950848,0.1782632666912079,0.1977167432852544,0.036212392013382,0.0053181089460849,0.1442118563278208,2.329599711706704,0.0
PPO,3,42,113,0.05,1.0,0.05,0,9092e3a345459849458dc42b58c7714f104035b7325d266b5dab60b3de31b95a,"[0.41863173246383667, -0.023482682183384895, 0.2279641479253769]","[-0.4255177676677704, -0.7030157446861267, -0.44172894954681396]",0.0596530010783619,0.1256967607095405,0.1789590032350857,0.0773830125395806,0.0451734960079193,0.1701022288912995,2.645391140805472,0.005
PPO,3,42,114,0.05,1.0,0.05,0,9092e3a345459849458dc42b58c7714f104035b7325d266b5dab60b3de31b95a,"[-0.7814548015594482, -0.6798140406608582, -0.9797838926315308]","[0.11529668420553207, -0.6668115258216858, -0.3657369315624237]",0.0212810260775179,0.0618799809572346,0.0638430782325538,0.0091709487174672,0.019666388630867,0.0920433579686276,1.6268940594192154,0.0
PPO,3,42,115,0.05,1.0,0.05,0,9092e3a345459849458dc42b58c7714f104035b7325d266b5dab60b3de31b95a,"[-0.13505227863788605, -0.6992138028144836, -0.6386840343475342]","[-0.08365152776241302, -0.7399067878723145, -0.1394127458333969]",0.0292475245910807,0.0473503888886731,0.0877425737732422,0.0796276041662987,0.1479327976703643,0.0946044996659506,2.635821598664606,0.0075
PPO,3,42,116,0.05,1.0,0.05,0,9092e3a345459849458dc42b58c7714f104035b7325d266b5dab60b3de31b95a,"[0.0036390621680766344, -0.36614876985549927, -0.6434957981109619]","[0.9050279259681702, 0.8802486658096313, -0.9539850950241089]",0.1034002806052661,0.2115008381140459,0.3102008418157985,0.222307666124385,0.1870601382106542,0.2278065061349969,6.79507079223778,0.015
PPO,3,42,117,0.05,1.0,0.05,0,9092e3a345459849458dc42b58c7714f104035b7325d266b5dab60b3de31b95a,"[0.11515316367149353, 0.7238221168518066, -0.36945784091949463]","[-0.9954982399940491, 0.7611866593360901, 0.800013542175293]",0.0426199364799894,0.1641906259285969,0.1278598094399684,0.0179367053673177,0.0053416211158037,0.1428459088812742,7.398244059089951,0.0225
PPO,3,42,118,0.05,1.0,0.05,0,9092e3a345459849458dc42b58c7714f104035b7325d266b5dab60b3de31b95a,"[0.7532855868339539, -0.8538441061973572, 0.6052027344703674]","[0.3583809733390808, -0.14669764041900635, -0.04589289054274559]",0.0472183726986921,0.0869777886611534,0.1416551180960763,0.0486623897493161,0.0194641649723052,0.1130281659656034,5.154896708578573,0.015
PPO,3,42,119,0.05,1.0,0.05,0,9092e3a345459849458dc42b58c7714f104035b7325d266b5dab60b3de31b95a,"[0.9546050429344177, -0.7296091914176941, 0.7618905305862427]","[-0.6044704914093018, 0.3422892987728119, 0.2229812741279602]",0.0403494209471891,0.1084388312616861,0.1210482628415675,0.0419080331691621,0.0059841163456439,0.1721829619639532,7.421807201395869,0.0225
PPO,3,42,100,0.03,2.0,0.06,0,9092e3a345459849458dc42b58c7714f104035b7325d266b5dab60b3de31b95a,"[-0.6200170516967773, 0.9629579782485962, -0.4305199086666107]","[0.2585463523864746, 0.16207295656204224, 0.19982454180717468]",0.080495521389815,0.1148714131609337,0.241486564169445,0.1291515308052853,0.0561702344566583,0.1901272962664131,5.450741620108416,0.015
PPO,3,42,101,0.03,2.0,0.06,0,9092e3a345459849458dc42b58c7714f104035b7325d266b5dab60b3de31b95a,"[-0.550951361656189, 0.6109917163848877, 0.3617924749851227]","[-0.05787895619869232, -0.9383890628814697, 0.7895963788032532]",0.0632794611558553,0.1674355980165272,0.189838383467566,0.0672263469041129,0.0748746693134307,0.1760396530800626,7.695162766950389,0.02
PPO,3,42,102,0.03,2.0,0.06,0,9092e3a345459849458dc42b58c7714f104035b7325d266b5dab60b3de31b95a,"[-0.5149568915367126, -0.7814074754714966, -0.3089001476764679]","[0.5584290027618408, 0.0793050229549408, 0.8485109210014343]",0.070183266608814,0.1649041893170438,0.2105497998264421,0.0789319566554493,0.0239536762237548,0.1942566696675192,7.3020164028343935,0.0175
PPO,3,42,103,0.03,2.0,0.06,0,9092e3a345459849458dc42b58c7714f104035b7325d266b5dab60b3de31b95a,"[-0.12263999134302139, -0.037186793982982635, 0.47996628284454346]","[-0.12207181006669998, 0.919745683670044, -0.3810819089412689]",0.0646062660381718,0.1438857942494834,0.1938187981145154,0.1227561546443605,0.0620504915714263,0.2493041168405974,8.880481246697997,0.025
PPO,3,42,104,0.03,2.0,0.06,0,9092e3a345459849458dc42b58c7714f104035b7325d266b5dab60b3de31b95a,"[0.6484106183052063, -0.8674346804618835, 0.07659447193145752]","[0.5117452144622803, 0.6506502032279968, -0.5617742538452148]",0.1346421382077973,0.2265842274500962,0.403926414623392,0.1382589644327023,0.0622154418379068,0.2381897432511286,10.225910243412246,0.03
PPO,3,42,105,0.03,2.0,0.06,0,9092e3a345459849458dc42b58c7714f104035b7325d266b5dab60b3de31b95a,"[-0.42927682399749756, 0.11211804300546646, 0.4673515558242798]","[-0.602249801158905, -0.4704720079898834, -0.3490790128707886]",0.0403294892403345,0.0892180600866946,0.1209884677210037,0.0901649500484819,0.1484121084213256,0.1376160904950929,4.873112920945192,0.01
PPO,3,42,106,0.03,2.0,0.06,0,9092e3a345459849458dc42b58c7714f104035b7325d266b5dab60b3de31b95a,"[-0.8895044922828674, 0.2718296945095062, -0.8628385663032532]","[0.9502007961273193, -0.6974973678588867, -0.4096177816390991]",0.0450207184812832,0.1153991387295862,0.1350621554438498,0.0385821931190604,0.0299926362931728,0.1464365115876953,5.959863549571953,0.015
PPO,3,42,107,0.03,2.0,0.06,0,9092e3a345459849458dc42b58c7714f104035b7325d266b5dab60b3de31b95a,"[0.6331554651260376, -0.5412940382957458, -0.558035135269165]","[-0.916957676410675, -0.7854737043380737, 0.4266817569732666]",0.0899097651393398,0.1924165031164387,0.2697292954180194,0.1838988124588389,0.1955083608627319,0.2469531213516309,9.360993693156564,0.025
PPO,3,42,108,0.03,2.0,0.06,0,9092e3a345459849458dc42b58c7714f104035b7325d266b5dab60b3de31b95a,"[0.2364661693572998, 0.06543176621198654, 0.1095544770359993]","[-0.17992550134658813, -0.7554280757904053, 0.9981473684310913]",0.0816985882794699,0.1586088765376293,0.2450957648384099,0.1548990686366587,0.1357475519180297,0.2236747651772011,9.441665801675812,0.025
PPO,3,42,109,0.03,2.0,0.06,0,9092e3a345459849458dc42b58c7714f104035b7325d266b5dab60b3de31b95a,"[0.9988187551498413, 0.9677178263664246, 0.040775928646326065]","[0.3314192593097687, -0.585135817527771, 0.520487904548645]",0.0851473075439123,0.2101024859869555,0.2554419226317371,0.0762885764218223,0.0278053954243659,0.2115914664995343,8.762832074388992,0.0225
PPO,3,42,110,0.03,2.0,0.06,0,9092e3a345459849458dc42b58c7714f104035b7325d266b5dab60b3de31b95a,"[-0.10864169895648956, 0.04931486025452614, -0.4704791009426117]","[-0.871351957321167, 0.2730865180492401, -0.019966647028923035]",0.03079416681544,0.0653311892380466,0.0923825004463202,0.0848946643786297,0.073206041008234,0.180505683910371,4.0360554862386,0.0075
PPO,3,42,111,0.03,2.0,0.06,0,9092e3a345459849458dc42b58c7714f104035b7325d266b5dab60b3de31b95a,"[-0.6049723625183105, -0.32344892621040344, 0.43083447217941284]","[-0.8419704437255859, -0.16797947883605957, -0.20451059937477112]",0.0468512617728223,0.068379161496689,0.1405537853184669,0.0547180367622202,0.0091924490407109,0.139399541620899,4.432898893179767,0.01
PPO,3,42,112,0.03,2.0,0.06,0,9092e3a345459849458dc42b58c7714f104035b7325d266b5dab60b3de31b95a,"[0.4448135197162628, -0.9011456966400146, 0.6439449191093445]","[0.9329946637153625, 0.5882050395011902, 0.9689865112304688]",0.0684295673082417,0.1783564495395484,0.2052887019247253,0.0425008358491331,0.0059902779757976,0.1557493419607084,2.358842304337008,0.0
PPO,3,42,113,0.03,2.0,0.06,0,9092e3a345459849458dc42b58c7714f104035b7325d266b5dab60b3de31b95a,"[0.41863173246383667, -0.023482682183384895, 0.2279641479253769]","[-0.4255177676677704, -0.7030157446861267, -0.44172894954681396]",0.0641250537227644,0.1277400920925447,0.1923751611682932,0.0925728585168627,0.0539925098419189,0.1823416755179366,2.685595423797153,0.005
PPO,3,42,114,0.03,2.0,0.06,0,9092e3a345459849458dc42b58c7714f104035b7325d266b5dab60b3de31b95a,"[-0.7814548015594482, -0.6798140406608582, -0.9797838926315308]","[0.11529668420553207, -0.6668115258216858, -0.3657369315624237]",0.0221608181504171,0.0619194997374401,0.0664824544512515,0.0101034337033828,0.0238857716321945,0.1036496560026582,1.6559568434666965,0.0
PPO,3,42,115,0.03,2.0,0.06,0,9092e3a345459849458dc42b58c7714f104035b7325d266b5dab60b3de31b95a,"[-0.13505227863788605, -0.6992138028144836, -0.6386840343475342]","[-0.08365152776241302, -0.7399067878723145, -0.1394127458333969]",0.0348008201915866,0.0554204863313638,0.10440246057476,0.0958751927210408,0.1779378354549408,0.1066403778506782,2.684136370155638,0.0075
PPO,3,42,116,0.03,2.0,0.06,0,9092e3a345459849458dc42b58c7714f104035b7325d266b5dab60b3de31b95a,"[0.0036390621680766344, -0.36614876985549927, -0.6434957981109619]","[0.9050279259681702, 0.8802486658096313, -0.9539850950241089]",0.1122927782683171,0.2176706289000121,0.3368783348049513,0.2666097357639192,0.2248239517211914,0.2401682004202482,6.927627837058707,0.015
PPO,3,42,117,0.03,2.0,0.06,0,9092e3a345459849458dc42b58c7714f104035b7325d266b5dab60b3de31b95a,"[0.11515316367149353, 0.7238221168518066, -0.36945784091949463]","[-0.9954982399940491, 0.7611866593360901, 0.800013542175293]",0.0435982608882414,0.1637506508225604,0.1307947826647243,0.0211368573565082,0.0067132990807294,0.1523711805387476,7.421221571027262,0.0225
PPO,3,42,118,0.03,2.0,0.06,0,9092e3a345459849458dc42b58c7714f104035b7325d266b5dab60b3de31b95a,"[0.7532855868339539, -0.8538441061973572, 0.6052027344703674]","[0.3583809733390808, -0.14669764041900635, -0.04589289054274559]",0.0528105454304946,0.0922336180765212,0.158431636291484,0.0584139377741074,0.022584494203329,0.119052717643337,5.193018157527195,0.015
PPO,3,42,119,0.03,2.0,0.06,0,9092e3a345459849458dc42b58c7714f104035b7325d266b5dab60b3de31b95a,"[0.9546050429344177, -0.7296091914176941, 0.7618905305862427]","[-0.6044704914093018, 0.3422892987728119, 0.2229812741279602]",0.0451428843253769,0.1105268840952371,0.1354286529761309,0.0497602959634897,0.0066327899694442,0.186727873925259,7.469086224176822,0.0225
PPO,3,42,100,0.05,2.0,0.1,0,9092e3a345459849458dc42b58c7714f104035b7325d266b5dab60b3de31b95a,"[-0.6200170516967773, 0.9629579782485962, -0.4305199086666107]","[0.2585463523864746, 0.16207295656204224, 0.19982454180717468]",0.1227096412005715,0.1597678160045051,0.3681289236017147,0.2163406388581167,0.0953968670219183,0.2611842458031867,6.068775626112721,0.015
PPO,3,42,101,0.05,2.0,0.1,0,9092e3a345459849458dc42b58c7714f104035b7325d266b5dab60b3de31b95a,"[-0.550951361656189, 0.6109917163848877, 0.3617924749851227]","[-0.05787895619869232, -0.9383890628814697, 0.7895963788032532]",0.0737643043649191,0.1728903512682196,0.2212929130947575,0.1030733290093916,0.1142380833625793,0.1947988250717855,7.9111432975060625,0.0225
PPO,3,42,102,0.05,2.0,0.1,0,9092e3a345459849458dc42b58c7714f104035b7325d266b5dab60b3de31b95a,"[-0.5149568915367126, -0.7814074754714966, -0.3089001476764679]","[0.5584290027618408, 0.0793050229549408, 0.8485109210014343]",0.0899160222621852,0.1733513742624917,0.2697480667865559,0.1274175654613861,0.0375206544995307,0.2298486632785,7.806524533102785,0.0175
PPO,3,42,103,0.05,2.0,0.1,0,9092e3a345459849458dc42b58c7714f104035b7325d266b5dab60b3de31b95a,"[-0.12263999134302139, -0.037186793982982635, 0.47996628284454346]","[-0.12207181006669998, 0.919745683670044, -0.3810819089412689]",0.0838211943122154,0.1563202155130926,0.2514635829366465,0.2066519584644723,0.1050938963890075,0.3553199044932748,10.058170530277458,0.025
PPO,3,42,104,0.05,2.0,0.1,0,9092e3a345459849458dc42b58c7714f104035b7325d266b5dab60b3de31b95a,"[0.6484106183052063, -0.8674346804618835, 0.07659447193145752]","[0.5117452144622803, 0.6506502032279968, -0.5617742538452148]",0.1865045159601498,0.2710201965529864,0.5595135478804496,0.2325851054356238,0.1056337757036089,0.2930096047849131,10.722204544620674,0.03
PPO,3,42,105,0.05,2.0,0.1,0,9092e3a345459849458dc42b58c7714f104035b7325d266b5dab60b3de31b95a,"[-0.42927682399749756, 0.11211804300546646, 0.4673515558242798]","[-0.602249801158905, -0.4704720079898834, -0.3490790128707886]",0.0564221854101795,0.1002590984615018,0.1692665562305385,0.1559970759683185,0.2562122941017151,0.1607192205520639,4.993671132051103,0.01
PPO,3,42,106,0.05,2.0,0.1,0,9092e3a345459849458dc42b58c7714f104035b7325d266b5dab60b3de31b95a,"[-0.8895044922828674, 0.2718296945095062, -0.8628385663032532]","[0.9502007961273193, -0.6974973678588867, -0.4096177816390991]",0.067514731892263,0.1306040153330973,0.2025441956767891,0.0668385268367229,0.0502228438854217,0.1870130326162252,6.233261192091016,0.015
PPO,3,42,107,0.05,2.0,0.1,0,9092e3a345459849458dc42b58c7714f104035b7325d266b5dab60b3de31b95a,"[0.6331554651260376, -0.5412940382957458, -0.558035135269165]","[-0.916957676410675, -0.7854737043380737, 0.4266817569732666]",0.1156383104334374,0.2097066201181044,0.3469149313003122,0.3068391294391067,0.3306964635848999,0.2967448439216822,9.316187006398064,0.0225
PPO,3,42,108,0.05,2.0,0.1,0,9092e3a345459849458dc42b58c7714f104035b7325d266b5dab60b3de31b95a,"[0.2364661693572998, 0.06543176621198654, 0.1095544770359993]","[-0.17992550134658813, -0.7554280757904053, 0.9981473684310913]",0.1020043223731665,0.168076160937488,0.3060129671194997,0.2672203287574244,0.2336751818656921,0.2366037424607318,9.382023566704516,0.025
PPO,3,42,109,0.05,2.0,0.1,0,9092e3a345459849458dc42b58c7714f104035b7325d266b5dab60b3de31b95a,"[0.9988187551498413, 0.9677178263664246, 0.040775928646326065]","[0.3314192593097687, -0.585135817527771, 0.520487904548645]",0.0986531664499686,0.2102829955357573,0.2959594993499059,0.1243447564128372,0.0439067743718624,0.2490207727561865,8.769314330044965,0.0225
PPO,3,42,110,0.05,2.0,0.1,0,9092e3a345459849458dc42b58c7714f104035b7325d266b5dab60b3de31b95a,"[-0.10864169895648956, 0.04931486025452614, -0.4704791009426117]","[-0.871351957321167, 0.2730865180492401, -0.019966647028923035]",0.0436763833176285,0.0788422200476501,0.1310291499528857,0.1400323842226723,0.1215060986578464,0.2636011926331871,4.792638992505828,0.0075
PPO,3,42,111,0.05,2.0,0.1,0,9092e3a345459849458dc42b58c7714f104035b7325d266b5dab60b3de31b95a,"[-0.6049723625183105, -0.32344892621040344, 0.43083447217941284]","[-0.8419704437255859, -0.16797947883605957, -0.20451059937477112]",0.0757222402158037,0.1063107186070192,0.2271667206474113,0.0891884094173157,0.0136631457135081,0.1912409783970388,4.781041395563946,0.01
PPO,3,42,112,0.05,2.0,0.1,0,9092e3a345459849458dc42b58c7714f104035b7325d266b5dab60b3de31b95a,"[0.4448135197162628, -0.9011456966400146, 0.6439449191093445]","[0.9329946637153625, 0.5882050395011902, 0.9689865112304688]",0.0801663062140788,0.1815109015609897,0.2404989186422365,0.0677794071638749,0.0108797438442707,0.2019388896791715,2.548933960489379,0.0
PPO,3,42,113,0.05,2.0,0.1,0,9092e3a345459849458dc42b58c7714f104035b7325d266b5dab60b3de31b95a,"[0.41863173246383667, -0.023482682183384895, 0.2279641479253769]","[-0.4255177676677704, -0.7030157446861267, -0.44172894954681396]",0.0830199253944337,0.1432154932365527,0.2490597761833013,0.1543098844265864,0.0898570418357849,0.2364315542664165,3.103504213558544,0.005
PPO,3,42,114,0.05,2.0,0.1,0,9092e3a345459849458dc42b58c7714f104035b7325d266b5dab60b3de31b95a,"[-0.7814548015594482, -0.6798140406608582, -0.9797838926315308]","[0.11529668420553207, -0.6668115258216858, -0.3657369315624237]",0.0260384388421666,0.0625964911954184,0.0781153165264998,0.0152867970970907,0.0416130572557449,0.1516006873024074,1.863214476188268,0.0
PPO,3,42,115,0.05,2.0,0.1,0,9092e3a345459849458dc42b58c7714f104035b7325d266b5dab60b3de31b95a,"[-0.13505227863788605, -0.6992138028144836, -0.6386840343475342]","[-0.08365152776241302, -0.7399067878723145, -0.1394127458333969]",0.0572709406169436,0.0892177537000315,0.1718128218508309,0.161022945801601,0.2991672307252884,0.1561778161089468,2.972797910249126,0.0075
PPO,3,42,116,0.05,2.0,0.1,0,9092e3a345459849458dc42b58c7714f104035b7325d266b5dab60b3de31b95a,"[0.0036390621680766344, -0.36614876985549927, -0.6434957981109619]","[0.9050279259681702, 0.8802486658096313, -0.9539850950241089]",0.1490507633185303,0.2466351767324367,0.4471522899555911,0.44357427034849,0.3762470223009586,0.2970383247160852,7.596911865123829,0.015
PPO,3,42,117,0.05,2.0,0.1,0,9092e3a345459849458dc42b58c7714f104035b7325d266b5dab60b3de31b95a,"[0.11515316367149353, 0.7238221168518066, -0.36945784091949463]","[-0.9954982399940491, 0.7611866593360901, 0.800013542175293]",0.0484340004965505,0.1626544646923713,0.1453020014896515,0.0340165614299936,0.0121632255613803,0.190506774969306,7.566081304018069,0.0225
PPO,3,42,118,0.05,2.0,0.1,0,9092e3a345459849458dc42b58c7714f104035b7325d266b5dab60b3de31b95a,"[0.7532855868339539, -0.8538441061973572, 0.6052027344703674]","[0.3583809733390808, -0.14669764041900635, -0.04589289054274559]",0.0768953875893245,0.1179682019772063,0.2306861627679736,0.0966777508491995,0.0345262438058853,0.1432970229935765,5.37513782072609,0.015
PPO,3,42,119,0.05,2.0,0.1,0,9092e3a345459849458dc42b58c7714f104035b7325d266b5dab60b3de31b95a,"[0.9546050429344177, -0.7296091914176941, 0.7618905305862427]","[-0.6044704914093018, 0.3422892987728119, 0.2229812741279602]",0.065694715770028,0.1235195901135895,0.1970841473100841,0.0807076470443496,0.0095981135964393,0.2465255575770154,7.857215055883538,0.0225
SAC,2,1024,100,0.03,1.0,0.03,0,98fb92f28f6281c63a22122ffe00ef7503cb6ce2720c6494e7d9f94080e3b6fb,"[-0.6200170516967773, 0.9629579782485962, -0.4305199086666107]","[0.2585463523864746, 0.16207295656204224, 0.19982454180717468]",0.0901336229413264,0.2335998018790677,0.2704008688239794,0.1024099499746053,0.0489740520715713,0.2649130928248835,10.420748244014106,0.0
SAC,2,1024,101,0.03,1.0,0.03,0,98fb92f28f6281c63a22122ffe00ef7503cb6ce2720c6494e7d9f94080e3b6fb,"[-0.550951361656189, 0.6109917163848877, 0.3617924749851227]","[-0.05787895619869232, -0.9383890628814697, 0.7895963788032532]",0.2754521712568664,0.7538812924148811,0.826356513770599,0.0623951158773751,0.0674787163734436,0.3041494939095361,13.56790783025568,0.0
SAC,2,1024,102,0.03,1.0,0.03,0,98fb92f28f6281c63a22122ffe00ef7503cb6ce2720c6494e7d9f94080e3b6fb,"[-0.5149568915367126, -0.7814074754714966, -0.3089001476764679]","[0.5584290027618408, 0.0793050229549408, 0.8485109210014343]",0.1382430293299227,0.3191134038317846,0.414729087989768,0.1324508041948264,0.0862136930227279,0.2046885526091083,4.218105931800387,0.0
SAC,2,1024,103,0.03,1.0,0.03,0,98fb92f28f6281c63a22122ffe00ef7503cb6ce2720c6494e7d9f94080e3b6fb,"[-0.12263999134302139, -0.037186793982982635, 0.47996628284454346]","[-0.12207181006669998, 0.919745683670044, -0.3810819089412689]",0.1984564780365251,0.5746806680952852,0.5953694341095754,0.0835828088039969,0.1260137557983398,0.2927289175571052,12.132054876567707,0.0
SAC,2,1024,104,0.03,1.0,0.03,0,98fb92f28f6281c63a22122ffe00ef7503cb6ce2720c6494e7d9f94080e3b6fb,"[0.6484106183052063, -0.8674346804618835, 0.07659447193145752]","[0.5117452144622803, 0.6506502032279968, -0.5617742538452148]",0.2185909551686777,0.618247603688551,0.6557728655060331,0.0864884027590354,0.1221025288105011,0.3092542348657165,15.094276225545968,0.0
SAC,2,1024,105,0.03,1.0,0.03,0,98fb92f28f6281c63a22122ffe00ef7503cb6ce2720c6494e7d9f94080e3b6fb,"[-0.42927682399749756, 0.11211804300546646, 0.4673515558242798]","[-0.602249801158905, -0.4704720079898834, -0.3490790128707886]",0.1007752033490114,0.2524764751938248,0.3023256100470344,0.1378625513594827,0.1983448266983032,0.1383961673983909,4.067377235286304,0.0
SAC,2,1024,106,0.03,1.0,0.03,0,98fb92f28f6281c63a22122ffe00ef7503cb6ce2720c6494e7d9f94080e3b6fb,"[-0.8895044922828674, 0.2718296945095062, -0.8628385663032532]","[0.9502007961273193, -0.6974973678588867, -0.4096177816390991]",0.0613139460868947,0.1654485368662238,0.1839418382606843,0.0956875099455592,0.0509982788935303,0.2329406030754793,9.973556962745816,0.0
SAC,2,1024,107,0.03,1.0,0.03,0,98fb92f28f6281c63a22122ffe00ef7503cb6ce2720c6494e7d9f94080e3b6fb,"[0.6331554651260376, -0.5412940382957458, -0.558035135269165]","[-0.916957676410675, -0.7854737043380737, 0.4266817569732666]",0.14704171150802,0.4084820319611862,0.4411251345240601,0.1608111001321195,0.2927234768867492,0.1739249734807192,6.611932935981819,0.0
SAC,2,1024,108,0.03,1.0,0.03,0,98fb92f28f6281c63a22122ffe00ef7503cb6ce2720c6494e7d9f94080e3b6fb,"[0.2364661693572998, 0.06543176621198654, 0.1095544770359993]","[-0.17992550134658813, -0.7554280757904053, 0.9981473684310913]",0.1729152406986217,0.4550611115646799,0.5187457220958652,0.104961757329695,0.1760424971580505,0.2011714308636444,8.642129955391445,0.0
SAC,2,1024,109,0.03,1.0,0.03,0,98fb92f28f6281c63a22122ffe00ef7503cb6ce2720c6494e7d9f94080e3b6fb,"[0.9988187551498413, 0.9677178263664246, 0.040775928646326065]","[0.3314192593097687, -0.585135817527771, 0.520487904548645]",0.2254079060937902,0.6423972752842803,0.6762237182813708,0.0921027189304615,0.0669007115066051,0.3557819196410904,17.302428357674497,0.0
SAC,2,1024,110,0.03,1.0,0.03,0,98fb92f28f6281c63a22122ffe00ef7503cb6ce2720c6494e7d9f94080e3b6fb,"[-0.10864169895648956, 0.04931486025452614, -0.4704791009426117]","[-0.871351957321167, 0.2730865180492401, -0.019966647028923035]",0.0593326225919774,0.1122211990741106,0.1779978677759323,0.1238849303242463,0.0461471192538738,0.1205591572787696,2.0798713037606604,0.0
SAC,2,1024,111,0.03,1.0,0.03,0,98fb92f28f6281c63a22122ffe00ef7503cb6ce2720c6494e7d9f94080e3b6fb,"[-0.6049723625183105, -0.32344892621040344, 0.43083447217941284]","[-0.8419704437255859, -0.16797947883605957, -0.20451059937477112]",0.1073782078821927,0.2348768787019505,0.3221346236465782,0.0847677634511556,0.077291308902204,0.1957220543649726,7.106398835937682,0.0
SAC,2,1024,112,0.03,1.0,0.03,0,98fb92f28f6281c63a22122ffe00ef7503cb6ce2720c6494e7d9f94080e3b6fb,"[0.4448135197162628, -0.9011456966400146, 0.6439449191093445]","[0.9329946637153625, 0.5882050395011902, 0.9689865112304688]",0.0477070532110539,0.0965745744036669,0.1431211596331617,0.0887703370578863,0.0920239016413688,0.2202266100933426,7.677178010711145,0.0
SAC,2,1024,113,0.03,1.0,0.03,0,98fb92f28f6281c63a22122ffe00ef7503cb6ce2720c6494e7d9f94080e3b6fb,"[0.41863173246383667, -0.023482682183384895, 0.2279641479253769]","[-0.4255177676677704, -0.7030157446861267, -0.44172894954681396]",0.0879273070649538,0.2147394183666485,0.2637819211948616,0.088043111755892,0.0439541339874267,0.1554835431296332,2.8942045770851905,0.0
SAC,2,1024,114,0.03,1.0,0.03,0,98fb92f28f6281c63a22122ffe00ef7503cb6ce2720c6494e7d9f94080e3b6fb,"[-0.7814548015594482, -0.6798140406608582, -0.9797838926315308]","[0.11529668420553207, -0.6668115258216858, -0.3657369315624237]",0.0551695207428846,0.1375737117270235,0.165508562228654,0.0700831467711171,0.0866673439741134,0.2159647798894944,8.223835762369403,0.0
SAC,2,1024,115,0.03,1.0,0.03,0,98fb92f28f6281c63a22122ffe00ef7503cb6ce2720c6494e7d9f94080e3b6fb,"[-0.13505227863788605, -0.6992138028144836, -0.6386840343475342]","[-0.08365152776241302, -0.7399067878723145, -0.1394127458333969]",0.0575552933089936,0.1307440833949653,0.172665879926981,0.0744260048815681,0.0756485164165496,0.1791746753112336,5.40211022497893,0.0
SAC,2,1024,116,0.03,1.0,0.03,0,98fb92f28f6281c63a22122ffe00ef7503cb6ce2720c6494e7d9f94080e3b6fb,"[0.0036390621680766344, -0.36614876985549927, -0.6434957981109619]","[0.9050279259681702, 0.8802486658096313, -0.9539850950241089]",0.1103878979662515,0.2453344862070499,0.3311636938987546,0.1563002091292062,0.124355936422944,0.2036802673577668,8.67301629646523,0.0
SAC,2,1024,117,0.03,1.0,0.03,0,98fb92f28f6281c63a22122ffe00ef7503cb6ce2720c6494e7d9f94080e3b6fb,"[0.11515316367149353, 0.7238221168518066, -0.36945784091949463]","[-0.9954982399940491, 0.7611866593360901, 0.800013542175293]",0.1710572084915187,0.4848832146834513,0.5131716254745561,0.1054528282932293,0.0486564971506595,0.2347948164713947,8.402721808559887,0.0
SAC,2,1024,118,0.03,1.0,0.03,0,98fb92f28f6281c63a22122ffe00ef7503cb6ce2720c6494e7d9f94080e3b6fb,"[0.7532855868339539, -0.8538441061973572, 0.6052027344703674]","[0.3583809733390808, -0.14669764041900635, -0.04589289054274559]",0.0901613139405348,0.1834314020705131,0.2704839418216044,0.1145748604709903,0.1187644749879837,0.2484796267197911,11.559749654374384,0.0
SAC,2,1024,119,0.03,1.0,0.03,0,98fb92f28f6281c63a22122ffe00ef7503cb6ce2720c6494e7d9f94080e3b6fb,"[0.9546050429344177, -0.7296091914176941, 0.7618905305862427]","[-0.6044704914093018, 0.3422892987728119, 0.2229812741279602]",0.0653543711356595,0.1822855939769354,0.1960631134069787,0.0683381029542673,0.1070205811411142,0.2988756024034837,14.09247898368312,0.0
SAC,2,1024,100,0.05,1.0,0.05,0,98fb92f28f6281c63a22122ffe00ef7503cb6ce2720c6494e7d9f94080e3b6fb,"[-0.6200170516967773, 0.9629579782485962, -0.4305199086666107]","[0.2585463523864746, 0.16207295656204224, 0.19982454180717468]",0.0998503220424749,0.237102180892034,0.2995509661274249,0.1233509861645691,0.050835870206356,0.290009830360698,10.590126238638383,0.0
SAC,2,1024,101,0.05,1.0,0.05,0,98fb92f28f6281c63a22122ffe00ef7503cb6ce2720c6494e7d9f94080e3b6fb,"[-0.550951361656189, 0.6109917163848877, 0.3617924749851227]","[-0.05787895619869232, -0.9383890628814697, 0.7895963788032532]",0.3250664807395453,0.8379335992719201,0.975199442218636,0.0963451513721619,0.2192065715789795,0.3387933877340873,14.284153894736091,0.0
SAC,2,1024,102,0.05,1.0,0.05,0,98fb92f28f6281c63a22122ffe00ef7503cb6ce2720c6494e7d9f94080e3b6fb,"[-0.5149568915367126, -0.7814074754714966, -0.3089001476764679]","[0.5584290027618408, 0.0793050229549408, 0.8485109210014343]",0.1972419709797115,0.3744107652072724,0.5917259129391347,0.2988960313852186,0.0987271070480346,0.2667898668018065,5.94641050296404,0.0
SAC,2,1024,103,0.05,1.0,0.05,0,98fb92f28f6281c63a22122ffe00ef7503cb6ce2720c6494e7d9f94080e3b6fb,"[-0.12263999134302139, -0.037186793982982635, 0.47996628284454346]","[-0.12207181006669998, 0.919745683670044, -0.3810819089412689]",0.2090904644333563,0.5887965284385789,0.627271393300069,0.1162413293380796,0.1170563995838165,0.3247538647449522,12.540910658041724,0.0
SAC,2,1024,104,0.05,1.0,0.05,0,98fb92f28f6281c63a22122ffe00ef7503cb6ce2720c6494e7d9f94080e3b6fb,"[0.6484106183052063, -0.8674346804618835, 0.07659447193145752]","[0.5117452144622803, 0.6506502032279968, -0.5617742538452148]",0.2321851393459512,0.6269210019105029,0.6965554180378536,0.1055624427526821,0.1209708154201507,0.3254247710591837,15.19243643464972,0.0
SAC,2,1024,105,0.05,1.0,0.05,0,98fb92f28f6281c63a22122ffe00ef7503cb6ce2720c6494e7d9f94080e3b6fb,"[-0.42927682399749756, 0.11211804300546646, 0.4673515558242798]","[-0.602249801158905, -0.4704720079898834, -0.3490790128707886]",0.1095622970582491,0.2615950836430714,0.3286868911747475,0.1622913178102469,0.2573573589324951,0.1433121622946494,4.145138291292224,0.0
SAC,2,1024,106,0.05,1.0,0.05,0,98fb92f28f6281c63a22122ffe00ef7503cb6ce2720c6494e7d9f94080e3b6fb,"[-0.8895044922828674, 0.2718296945095062, -0.8628385663032532]","[0.9502007961273193, -0.6974973678588867, -0.4096177816390991]",0.0732543932325079,0.1727027428774321,0.2197631796975236,0.1090774266854112,0.0581984333693981,0.2496843742313527,10.025662788750909,0.0
SAC,2,1024,107,0.05,1.0,0.05,0,98fb92f28f6281c63a22122ffe00ef7503cb6ce2720c6494e7d9f94080e3b6fb,"[0.6331554651260376, -0.5412940382957458, -0.558035135269165]","[-0.916957676410675, -0.7854737043380737, 0.4266817569732666]",0.1548753248176174,0.4020111600156099,0.4646259744528523,0.2031775031376768,0.3775600790977478,0.1884691055278825,6.76614155668296,0.0
SAC,2,1024,108,0.05,1.0,0.05,0,98fb92f28f6281c63a22122ffe00ef7503cb6ce2720c6494e7d9f94080e3b6fb,"[0.2364661693572998, 0.06543176621198654, 0.1095544770359993]","[-0.17992550134658813, -0.7554280757904053, 0.9981473684310913]",0.1765505675193935,0.4343206240420726,0.5296517025581805,0.169427030639332,0.2942129969596863,0.2013298519828967,8.64746521894553,0.0
SAC,2,1024,109,0.05,1.0,0.05,0,98fb92f28f6281c63a22122ffe00ef7503cb6ce2720c6494e7d9f94080e3b6fb,"[0.9988187551498413, 0.9677178263664246, 0.040775928646326065]","[0.3314192593097687, -0.585135817527771, 0.520487904548645]",0.2314416544538236,0.653419982020284,0.6943249633614708,0.1027686556939173,0.0654665566980838,0.3766697249804946,17.59377824849052,0.0
SAC,2,1024,110,0.05,1.0,0.05,0,98fb92f28f6281c63a22122ffe00ef7503cb6ce2720c6494e7d9f94080e3b6fb,"[-0.10864169895648956, 0.04931486025452614, -0.4704791009426117]","[-0.871351957321167, 0.2730865180492401, -0.019966647028923035]",0.0679496563378805,0.117352172045725,0.2038489690136415,0.1451915753257955,0.0524771884083747,0.1438998064198101,2.1650619920642926,0.0
SAC,2,1024,111,0.05,1.0,0.05,0,98fb92f28f6281c63a22122ffe00ef7503cb6ce2720c6494e7d9f94080e3b6fb,"[-0.6049723625183105, -0.32344892621040344, 0.43083447217941284]","[-0.8419704437255859, -0.16797947883605957, -0.20451059937477112]",0.1176473289280696,0.2362650331761503,0.3529419867842089,0.1000055394330878,0.0746783604845404,0.2086661385181836,7.153326618894508,0.0
SAC,2,1024,112,0.05,1.0,0.05,0,98fb92f28f6281c63a22122ffe00ef7503cb6ce2720c6494e7d9f94080e3b6fb,"[0.4448135197162628, -0.9011456966400146, 0.6439449191093445]","[0.9329946637153625, 0.5882050395011902, 0.9689865112304688]",0.0599533287167289,0.1043480584435274,0.1798599861501867,0.1075048249582817,0.088544275611639,0.2336321103008013,7.866932645605278,0.0
SAC,2,1024,113,0.05,1.0,0.05,0,98fb92f28f6281c63a22122ffe00ef7503cb6ce2720c6494e7d9f94080e3b6fb,"[0.41863173246383667, -0.023482682183384895, 0.2279641479253769]","[-0.4255177676677704, -0.7030157446861267, -0.44172894954681396]",0.0976092396017569,0.2189145565728617,0.2928277188052709,0.1075558868570276,0.029532104730606,0.1762497966128989,2.967866165998146,0.0
SAC,2,1024,114,0.05,1.0,0.05,0,98fb92f28f6281c63a22122ffe00ef7503cb6ce2720c6494e7d9f94080e3b6fb,"[-0.7814548015594482, -0.6798140406608582, -0.9797838926315308]","[0.11529668420553207, -0.6668115258216858, -0.3657369315624237]",0.073985274939574,0.1474501150704153,0.2219558248187222,0.0773864863727839,0.1047071516513824,0.2414905436318414,8.805451993760602,0.0
SAC,2,1024,115,0.05,1.0,0.05,0,98fb92f28f6281c63a22122ffe00ef7503cb6ce2720c6494e7d9f94080e3b6fb,"[-0.13505227863788605, -0.6992138028144836, -0.6386840343475342]","[-0.08365152776241302, -0.7399067878723145, -0.1394127458333969]",0.0628004678465419,0.1338046975692323,0.1884014035396259,0.0805746055104666,0.0860146582126617,0.1932318133309,5.447363172346496,0.0
SAC,2,1024,116,0.05,1.0,0.05,0,98fb92f28f6281c63a22122ffe00ef7503cb6ce2720c6494e7d9f94080e3b6fb,"[0.0036390621680766344, -0.36614876985549927, -0.6434957981109619]","[0.9050279259681702, 0.8802486658096313, -0.9539850950241089]",0.1202528055134854,0.2525293982903823,0.3607584165404562,0.2232080100932055,0.1618494316935539,0.2065708078351104,8.580927599405172,0.0
SAC,2,1024,117,0.05,1.0,0.05,0,98fb92f28f6281c63a22122ffe00ef7503cb6ce2720c6494e7d9f94080e3b6fb,"[0.11515316367149353, 0.7238221168518066, -0.36945784091949463]","[-0.9954982399940491, 0.7611866593360901, 0.800013542175293]",0.1784091563252786,0.4797302122499525,0.535227468975836,0.1202222482289797,0.052500307559967,0.2423017904942767,8.280238894488017,0.0
SAC,2,1024,118,0.05,1.0,0.05,0,98fb92f28f6281c63a22122ffe00ef7503cb6ce2720c6494e7d9f94080e3b6fb,"[0.7532855868339539, -0.8538441061973572, 0.6052027344703674]","[0.3583809733390808, -0.14669764041900635, -0.04589289054274559]",0.1107482271340961,0.1990998874248081,0.3322446814022884,0.1493677415275647,0.1245376095175743,0.2462294291974303,11.565838044747832,0.0
SAC,2,1024,119,0.05,1.0,0.05,0,98fb92f28f6281c63a22122ffe00ef7503cb6ce2720c6494e7d9f94080e3b6fb,"[0.9546050429344177, -0.7296091914176941, 0.7618905305862427]","[-0.6044704914093018, 0.3422892987728119, 0.2229812741279602]",0.0983264612313437,0.2116609816871958,0.2949793836940312,0.1322950642429476,0.100671149790287,0.3577597438545893,15.248536459147653,0.0
SAC,2,1024,100,0.03,2.0,0.06,0,98fb92f28f6281c63a22122ffe00ef7503cb6ce2720c6494e7d9f94080e3b6fb,"[-0.6200170516967773, 0.9629579782485962, -0.4305199086666107]","[0.2585463523864746, 0.16207295656204224, 0.19982454180717468]",0.1050416686535748,0.2396034458986934,0.3151250059607246,0.1339275821997427,0.0517422184348106,0.2856353530265446,10.374154713869055,0.0
SAC,2,1024,101,0.03,2.0,0.06,0,98fb92f28f6281c63a22122ffe00ef7503cb6ce2720c6494e7d9f94080e3b6fb,"[-0.550951361656189, 0.6109917163848877, 0.3617924749851227]","[-0.05787895619869232, -0.9383890628814697, 0.7895963788032532]",0.3576215690927748,0.8878349480276144,1.0728647072783246,0.1207772521876994,0.3104649782180786,0.3522296124265675,14.64999905894281,0.0
SAC,2,1024,102,0.03,2.0,0.06,0,98fb92f28f6281c63a22122ffe00ef7503cb6ce2720c6494e7d9f94080e3b6fb,"[-0.5149568915367126, -0.7814074754714966, -0.3089001476764679]","[0.5584290027618408, 0.0793050229549408, 0.8485109210014343]",0.2336189662768635,0.4197794275559563,0.7008568988305904,0.3961749541728447,0.1054530590772628,0.3014699853863799,6.929243088082527,0.0
SAC,2,1024,103,0.03,2.0,0.06,0,98fb92f28f6281c63a22122ffe00ef7503cb6ce2720c6494e7d9f94080e3b6fb,"[-0.12263999134302139, -0.037186793982982635, 0.47996628284454346]","[-0.12207181006669998, 0.919745683670044, -0.3810819089412689]",0.2152018539269988,0.5962677631579651,0.6456055617809965,0.1366046973170689,0.1255301535129547,0.3425934415802991,12.796468078944208,0.0
SAC,2,1024,104,0.03,2.0,0.06,0,98fb92f28f6281c63a22122ffe00ef7503cb6ce2720c6494e7d9f94080e3b6fb,"[0.6484106183052063, -0.8674346804618835, 0.07659447193145752]","[0.5117452144622803, 0.6506502032279968, -0.5617742538452148]",0.2397834861280237,0.6317198254178547,0.7193504583840711,0.1160505527837408,0.1204540953040123,0.334405554797584,15.252649822578327,0.0
SAC,2,1024,105,0.03,2.0,0.06,0,98fb92f28f6281c63a22122ffe00ef7503cb6ce2720c6494e7d9f94080e3b6fb,"[-0.42927682399749756, 0.11211804300546646, 0.4673515558242798]","[-0.602249801158905, -0.4704720079898834, -0.3490790128707886]",0.1141583849517249,0.2666438417765497,0.3424751548551747,0.1754759145371708,0.2842205762863159,0.1468692325297139,4.180353435635903,0.0
SAC,2,1024,106,0.03,2.0,0.06,0,98fb92f28f6281c63a22122ffe00ef7503cb6ce2720c6494e7d9f94080e3b6fb,"[-0.8895044922828674, 0.2718296945095062, -0.8628385663032532]","[0.9502007961273193, -0.6974973678588867, -0.4096177816390991]",0.0800869832479597,0.1777709368953776,0.2402609497438791,0.1164519007858118,0.0618477277457714,0.2602820967200985,10.105415507192134,0.0
SAC,2,1024,107,0.03,2.0,0.06,0,98fb92f28f6281c63a22122ffe00ef7503cb6ce2720c6494e7d9f94080e3b6fb,"[0.6331554651260376, -0.5412940382957458, -0.558035135269165]","[-0.916957676410675, -0.7854737043380737, 0.4266817569732666]",0.1587302572181385,0.3993355887929442,0.4761907716544155,0.2229102419022424,0.4148254990577698,0.1944660052397007,6.7891463065811966,0.0
SAC,2,1024,108,0.03,2.0,0.06,0,98fb92f28f6281c63a22122ffe00ef7503cb6ce2720c6494e7d9f94080e3b6fb,"[0.2364661693572998, 0.06543176621198654, 0.1095544770359993]","[-0.17992550134658813, -0.7554280757904053, 0.9981473684310913]",0.1794178535440257,0.4255187547066111,0.5382535606320771,0.2044993932876322,0.3496366739273071,0.2023691798088853,8.658784633703624,0.0
SAC,2,1024,109,0.03,2.0,0.06,0,98fb92f28f6281c63a22122ffe00ef7503cb6ce2720c6494e7d9f94080e3b6fb,"[0.9988187551498413, 0.9677178263664246, 0.040775928646326065]","[0.3314192593097687, -0.585135817527771, 0.520487904548645]",0.2373735605400746,0.6593007036403015,0.7121206816202239,0.1087199655464953,0.0647289641201496,0.3883280040617298,17.798574928276192,0.0
SAC,2,1024,110,0.03,2.0,0.06,0,98fb92f28f6281c63a22122ffe00ef7503cb6ce2720c6494e7d9f94080e3b6fb,"[-0.10864169895648956, 0.04931486025452614, -0.4704791009426117]","[-0.871351957321167, 0.2730865180492401, -0.019966647028923035]",0.072128703765856,0.1203678002211664,0.216386111297568,0.1555459694706915,0.0554932244122028,0.1559924752337677,2.2419616656328656,0.0
SAC,2,1024,111,0.03,2.0,0.06,0,98fb92f28f6281c63a22122ffe00ef7503cb6ce2720c6494e7d9f94080e3b6fb,"[-0.6049723625183105, -0.32344892621040344, 0.43083447217941284]","[-0.8419704437255859, -0.16797947883605957, -0.20451059937477112]",0.1221336894440259,0.237497754674457,0.3664010683320778,0.1070992441525981,0.0733841890469193,0.214043253377786,7.187649257151946,0.0
SAC,2,1024,112,0.03,2.0,0.06,0,98fb92f28f6281c63a22122ffe00ef7503cb6ce2720c6494e7d9f94080e3b6fb,"[0.4448135197162628, -0.9011456966400146, 0.6439449191093445]","[0.9329946637153625, 0.5882050395011902, 0.9689865112304688]",0.0672377227207123,0.1103214528617952,0.2017131681621372,0.1215491210007005,0.0867643915116787,0.2396324126797721,7.893822494060697,0.0
SAC,2,1024,113,0.03,2.0,0.06,0,98fb92f28f6281c63a22122ffe00ef7503cb6ce2720c6494e7d9f94080e3b6fb,"[0.41863173246383667, -0.023482682183384895, 0.2279641479253769]","[-0.4255177676677704, -0.7030157446861267, -0.44172894954681396]",0.1030950834986259,0.2215194244239572,0.3092852504958777,0.118628345809325,0.0245262384414672,0.1874925299475615,3.0213769263175383,0.0
SAC,2,1024,114,0.03,2.0,0.06,0,98fb92f28f6281c63a22122ffe00ef7503cb6ce2720c6494e7d9f94080e3b6fb,"[-0.7814548015594482, -0.6798140406608582, -0.9797838926315308]","[0.11529668420553207, -0.6668115258216858, -0.3657369315624237]",0.0870182546186984,0.157944641832803,0.2610547638560954,0.0812502641253817,0.1137458086013794,0.2613196367040239,9.18683899280961,0.0
SAC,2,1024,115,0.03,2.0,0.06,0,98fb92f28f6281c63a22122ffe00ef7503cb6ce2720c6494e7d9f94080e3b6fb,"[-0.13505227863788605, -0.6992138028144836, -0.6386840343475342]","[-0.08365152776241302, -0.7399067878723145, -0.1394127458333969]",0.0655208080844428,0.1356315451930179,0.1965624242533286,0.08413989637277,0.0911364257335662,0.199949436948781,5.478871713995506,0.0
SAC,2,1024,116,0.03,2.0,0.06,0,98fb92f28f6281c63a22122ffe00ef7503cb6ce2720c6494e7d9f94080e3b6fb,"[0.0036390621680766344, -0.36614876985549927, -0.6434957981109619]","[0.9050279259681702, 0.8802486658096313, -0.9539850950241089]",0.1262471018756212,0.2579047178182489,0.3787413056268637,0.2588091891166972,0.1803164314478635,0.2081664536064699,8.554415001105614,0.0
SAC,2,1024,117,0.03,2.0,0.06,0,98fb92f28f6281c63a22122ffe00ef7503cb6ce2720c6494e7d9f94080e3b6fb,"[0.11515316367149353, 0.7238221168518066, -0.36945784091949463]","[-0.9954982399940491, 0.7611866593360901, 0.800013542175293]",0.1820748656537578,0.4775492318284531,0.5462245969612737,0.1280309191364565,0.0543772689998149,0.2469489033382729,8.248104910748896,0.0
SAC,2,1024,118,0.03,2.0,0.06,0,98fb92f28f6281c63a22122ffe00ef7503cb6ce2720c6494e7d9f94080e3b6fb,"[0.7532855868339539, -0.8538441061973572, 0.6052027344703674]","[0.3583809733390808, -0.14669764041900635, -0.04589289054274559]",0.1209911116726343,0.2080494502329803,0.362973335017903,0.1676241293963458,0.1272731535136699,0.2485491070069577,11.560914296314014,0.0
SAC,2,1024,119,0.03,2.0,0.06,0,98fb92f28f6281c63a22122ffe00ef7503cb6ce2720c6494e7d9f94080e3b6fb,"[0.9546050429344177, -0.7296091914176941, 0.7618905305862427]","[-0.6044704914093018, 0.3422892987728119, 0.2229812741279602]",0.119280009323395,0.2383903203843018,0.3578400279701852,0.1772666339026649,0.0973756983876228,0.3987785568855647,16.323264518744534,0.0
SAC,2,1024,100,0.05,2.0,0.1,0,98fb92f28f6281c63a22122ffe00ef7503cb6ce2720c6494e7d9f94080e3b6fb,"[-0.6200170516967773, 0.9629579782485962, -0.4305199086666107]","[0.2585463523864746, 0.16207295656204224, 0.19982454180717468]",0.1267064276971201,0.2542325690524441,0.3801192830913605,0.1783998230081281,0.0552011206746101,0.3286237371829977,10.63152924332249,0.0
SAC,2,1024,101,0.05,2.0,0.1,0,98fb92f28f6281c63a22122ffe00ef7503cb6ce2720c6494e7d9f94080e3b6fb,"[-0.550951361656189, 0.6109917163848877, 0.3617924749851227]","[-0.05787895619869232, -0.9383890628814697, 0.7895963788032532]",0.5444170293806188,1.1653936992236602,1.6332510881418565,0.2689925055996871,0.7854041159152985,0.4136206069194765,15.934491126943223,0.0
SAC,2,1024,102,0.05,2.0,0.1,0,98fb92f28f6281c63a22122ffe00ef7503cb6ce2720c6494e7d9f94080e3b6fb,"[-0.5149568915367126, -0.7814074754714966, -0.3089001476764679]","[0.5584290027618408, 0.0793050229549408, 0.8485109210014343]",0.4489037935805514,0.755658470748187,1.3467113807416542,0.97175921437641,0.1688694655895233,0.4271612773809647,9.22931172630078,0.0
SAC,2,1024,103,0.05,2.0,0.1,0,98fb92f28f6281c63a22122ffe00ef7503cb6ce2720c6494e7d9f94080e3b6fb,"[-0.12263999134302139, -0.037186793982982635, 0.47996628284454346]","[-0.12207181006669998, 0.919745683670044, -0.3810819089412689]",0.2437861111968854,0.6290930348573373,0.7313583335906565,0.2248844449856767,0.1603875756263733,0.4218175654993985,14.079390460118738,0.0
SAC,2,1024,104,0.05,2.0,0.1,0,98fb92f28f6281c63a22122ffe00ef7503cb6ce2720c6494e7d9f94080e3b6fb,"[0.6484106183052063, -0.8674346804618835, 0.07659447193145752]","[0.5117452144622803, 0.6506502032279968, -0.5617742538452148]",0.2752878313078231,0.6543701370548239,0.8258634939234695,0.1670351128473326,0.1184817254543304,0.370676576942577,15.70018843256633,0.0
SAC,2,1024,105,0.05,2.0,0.1,0,98fb92f28f6281c63a22122ffe00ef7503cb6ce2720c6494e7d9f94080e3b6fb,"[-0.42927682399749756, 0.11211804300546646, 0.4673515558242798]","[-0.602249801158905, -0.4704720079898834, -0.3490790128707886]",0.134710444174614,0.2899772070568593,0.4041313325238421,0.2405060102910171,0.3795745968818664,0.1633716390614497,4.368982065368664,0.0
SAC,2,1024,106,0.05,2.0,0.1,0,98fb92f28f6281c63a22122ffe00ef7503cb6ce2720c6494e7d9f94080e3b6fb,"[-0.8895044922828674, 0.2718296945095062, -0.8628385663032532]","[0.9502007961273193, -0.6974973678588867, -0.4096177816390991]",0.1110036062115009,0.2057920084214625,0.3330108186345027,0.1512818549512483,0.0766149535775184,0.3051866593206315,10.43847909001529,0.0
SAC,2,1024,107,0.05,2.0,0.1,0,98fb92f28f6281c63a22122ffe00ef7503cb6ce2720c6494e7d9f94080e3b6fb,"[0.6331554651260376, -0.5412940382957458, -0.558035135269165]","[-0.916957676410675, -0.7854737043380737, 0.4266817569732666]",0.1732863849361836,0.3916732454486169,0.519859154808551,0.2946798339670087,0.5387623906135559,0.2187261117664061,6.993929110660503,0.0
SAC,2,1024,108,0.05,2.0,0.1,0,98fb92f28f6281c63a22122ffe00ef7503cb6ce2720c6494e7d9f94080e3b6fb,"[0.2364661693572998, 0.06543176621198654, 0.1095544770359993]","[-0.17992550134658813, -0.7554280757904053, 0.9981473684310913]",0.1930855038840593,0.4005827263027167,0.579256511652178,0.3449689375673547,0.5628210306167603,0.2116130997712475,8.762224154810566,0.0
SAC,2,1024,109,0.05,2.0,0.1,0,98fb92f28f6281c63a22122ffe00ef7503cb6ce2720c6494e7d9f94080e3b6fb,"[0.9988187551498413, 0.9677178263664246, 0.040775928646326065]","[0.3314192593097687, -0.585135817527771, 0.520487904548645]",0.2708563042490287,0.6875295728450119,0.8125689127470861,0.1421509477091424,0.0618359483778476,0.441027083599062,18.748847813866565,0.0
SAC,2,1024,110,0.05,2.0,0.1,0,98fb92f28f6281c63a22122ffe00ef7503cb6ce2720c6494e7d9f94080e3b6fb,"[-0.10864169895648956, 0.04931486025452614, -0.4704791009426117]","[-0.871351957321167, 0.2730865180492401, -0.019966647028923035]",0.0880828227175063,0.1343169361659447,0.2642484681525191,0.195626949287813,0.0727113001048564,0.2029402006296743,2.5706407430443363,0.0
SAC,2,1024,111,0.05,2.0,0.1,0,98fb92f28f6281c63a22122ffe00ef7503cb6ce2720c6494e7d9f94080e3b6fb,"[-0.6049723625183105, -0.32344892621040344, 0.43083447217941284]","[-0.8419704437255859, -0.16797947883605957, -0.20451059937477112]",0.1388881076440828,0.2451448233401916,0.4166643229322485,0.1359573452572487,0.0757224047556519,0.2385404633167676,7.264991264955464,0.0
SAC,2,1024,112,0.05,2.0,0.1,0,98fb92f28f6281c63a22122ffe00ef7503cb6ce2720c6494e7d9f94080e3b6fb,"[0.4448135197162628, -0.9011456966400146, 0.6439449191093445]","[0.9329946637153625, 0.5882050395011902, 0.9689865112304688]",0.1012209629026843,0.1451430673019698,0.3036628887080529,0.1882365049081452,0.089047759771347,0.2760955674987184,8.094844085349933,0.0
SAC,2,1024,113,0.05,2.0,0.1,0,98fb92f28f6281c63a22122ffe00ef7503cb6ce2720c6494e7d9f94080e3b6fb,"[0.41863173246383667, -0.023482682183384895, 0.2279641479253769]","[-0.4255177676677704, -0.7030157446861267, -0.44172894954681396]",0.1280073940638585,0.23542462683766,0.3840221821915758,0.1644838261475533,0.0179260671138763,0.2377365063550763,3.386442427562216,0.0
SAC,2,1024,114,0.05,2.0,0.1,0,98fb92f28f6281c63a22122ffe00ef7503cb6ce2720c6494e7d9f94080e3b6fb,"[-0.7814548015594482, -0.6798140406608582, -0.9797838926315308]","[0.11529668420553207, -0.6668115258216858, -0.3657369315624237]",0.1766101638871653,0.2737572385327746,0.5298304916614959,0.101053176878917,0.1573272049427032,0.3815850355381383,11.525173991495564,0.0
SAC,2,1024,115,0.05,2.0,0.1,0,98fb92f28f6281c63a22122ffe00ef7503cb6ce2720c6494e7d9f94080e3b6fb,"[-0.13505227863788605, -0.6992138028144836, -0.6386840343475342]","[-0.08365152776241302, -0.7399067878723145, -0.1394127458333969]",0.0775131060457722,0.1446759010825433,0.2325393181373168,0.1062183444744643,0.1245891451835632,0.2320419856140441,5.629304677779243,0.0
SAC,2,1024,116,0.05,2.0,0.1,0,98fb92f28f6281c63a22122ffe00ef7503cb6ce2720c6494e7d9f94080e3b6fb,"[0.0036390621680766344, -0.36614876985549927, -0.6434957981109619]","[0.9050279259681702, 0.8802486658096313, -0.9539850950241089]",0.1531352144797624,0.2902277878275944,0.4594056434392873,0.4025574612695677,0.2481271475553512,0.2217672114954922,8.47611825794847,0.0
SAC,2,1024,117,0.05,2.0,0.1,0,98fb92f28f6281c63a22122ffe00ef7503cb6ce2720c6494e7d9f94080e3b6fb,"[0.11515316367149353, 0.7238221168518066, -0.36945784091949463]","[-0.9954982399940491, 0.7611866593360901, 0.800013542175293]",0.1966893046766098,0.4710552488017228,0.5900679140298295,0.1641846047369418,0.0612487010657787,0.260681289687121,8.068688100839271,0.0
SAC,2,1024,118,0.05,2.0,0.1,0,98fb92f28f6281c63a22122ffe00ef7503cb6ce2720c6494e7d9f94080e3b6fb,"[0.7532855868339539, -0.8538441061973572, 0.6052027344703674]","[0.3583809733390808, -0.14669764041900635, -0.04589289054274559]",0.1600412452643379,0.2481158700465806,0.4801237357930139,0.239289782780372,0.1372560188174247,0.2576900331159482,11.507265345434924,0.0
SAC,2,1024,119,0.05,2.0,0.1,0,98fb92f28f6281c63a22122ffe00ef7503cb6ce2720c6494e7d9f94080e3b6fb,"[0.9546050429344177, -0.7296091914176941, 0.7618905305862427]","[-0.6044704914093018, 0.3422892987728119, 0.2229812741279602]",0.2493887598671217,0.4504492008097309,0.7481662796013652,0.4180313214763171,0.0828433372080326,0.5228522798961535,18.730693642007,0.0
SAC,2,123,100,0.03,1.0,0.03,0,2bbb494a56bf31067ce26238d333a9e533b0b997948b45a28018d9329d87bf74,"[-0.6200170516967773, 0.9629579782485962, -0.4305199086666107]","[0.2585463523864746, 0.16207295656204224, 0.19982454180717468]",0.1074549341574311,0.2442799461296045,0.3223648024722934,0.1730292972384227,0.0384849105030298,0.2742296287841035,11.693259847879602,0.0
SAC,2,123,101,0.03,1.0,0.03,0,2bbb494a56bf31067ce26238d333a9e533b0b997948b45a28018d9329d87bf74,"[-0.550951361656189, 0.6109917163848877, 0.3617924749851227]","[-0.05787895619869232, -0.9383890628814697, 0.7895963788032532]",0.2932466191711123,0.7468455071979724,0.8797398575133367,0.1736406784182713,0.131929337978363,0.2894053114322653,12.808336878476622,0.0
SAC,2,123,102,0.03,1.0,0.03,0,2bbb494a56bf31067ce26238d333a9e533b0b997948b45a28018d9329d87bf74,"[-0.5149568915367126, -0.7814074754714966, -0.3089001476764679]","[0.5584290027618408, 0.0793050229549408, 0.8485109210014343]",0.1417581436415113,0.3169169046131798,0.4252744309245341,0.1233813957667645,0.1586331948637962,0.2593706997849995,9.156646564895013,0.0
SAC,2,123,103,0.03,1.0,0.03,0,2bbb494a56bf31067ce26238d333a9e533b0b997948b45a28018d9329d87bf74,"[-0.12263999134302139, -0.037186793982982635, 0.47996628284454346]","[-0.12207181006669998, 0.919745683670044, -0.3810819089412689]",0.2126900489598432,0.5799137686999449,0.6380701468795297,0.1738533596565694,0.197495549917221,0.289096125343494,9.953832795214256,0.0
SAC,2,123,104,0.03,1.0,0.03,0,2bbb494a56bf31067ce26238d333a9e533b0b997948b45a28018d9329d87bf74,"[0.6484106183052063, -0.8674346804618835, 0.07659447193145752]","[0.5117452144622803, 0.6506502032279968, -0.5617742538452148]",0.222522649100377,0.6145252916681556,0.6675679473011311,0.1019435947025079,0.1075328029692173,0.2896565201871116,11.42804094412025,0.0
SAC,2,123,105,0.03,1.0,0.03,0,2bbb494a56bf31067ce26238d333a9e533b0b997948b45a28018d9329d87bf74,"[-0.42927682399749756, 0.11211804300546646, 0.4673515558242798]","[-0.602249801158905, -0.4704720079898834, -0.3490790128707886]",0.0951665015573786,0.2512634351828038,0.2854995046721358,0.071462376250161,0.0836634635925293,0.1231607267089615,2.9825970493170733,0.0
SAC,2,123,106,0.03,1.0,0.03,0,2bbb494a56bf31067ce26238d333a9e533b0b997948b45a28018d9329d87bf74,"[-0.8895044922828674, 0.2718296945095062, -0.8628385663032532]","[0.9502007961273193, -0.6974973678588867, -0.4096177816390991]",0.0752551158876967,0.177773922124543,0.2257653476630902,0.1144821577573218,0.0745318930130451,0.2521957899269618,11.592950382495737,0.0
SAC,2,123,107,0.03,1.0,0.03,0,2bbb494a56bf31067ce26238d333a9e533b0b997948b45a28018d9329d87bf74,"[0.6331554651260376, -0.5412940382957458, -0.558035135269165]","[-0.916957676410675, -0.7854737043380737, 0.4266817569732666]",0.1325728753628093,0.4124110329545414,0.3977186260884279,0.091060396398843,0.1213059425354003,0.1728924099643926,7.25465327008252,0.0
SAC,2,123,108,0.03,1.0,0.03,0,2bbb494a56bf31067ce26238d333a9e533b0b997948b45a28018d9329d87bf74,"[0.2364661693572998, 0.06543176621198654, 0.1095544770359993]","[-0.17992550134658813, -0.7554280757904053, 0.9981473684310913]",0.2109236221803864,0.4648733860975532,0.6327708665411594,0.2211584937586276,0.3732360601425171,0.2450971615284755,10.729045202362313,0.0
SAC,2,123,109,0.03,1.0,0.03,0,2bbb494a56bf31067ce26238d333a9e533b0b997948b45a28018d9329d87bf74,"[0.9988187551498413, 0.9677178263664246, 0.040775928646326065]","[0.3314192593097687, -0.585135817527771, 0.520487904548645]",0.219764711115438,0.607408508063587,0.6592941333463141,0.1739271508966699,0.0514116585254669,0.3734433823392872,17.79559208017406,0.0
SAC,2,123,110,0.03,1.0,0.03,0,2bbb494a56bf31067ce26238d333a9e533b0b997948b45a28018d9329d87bf74,"[-0.10864169895648956, 0.04931486025452614, -0.4704791009426117]","[-0.871351957321167, 0.2730865180492401, -0.019966647028923035]",0.0551798593776233,0.1144591333432624,0.1655395781328701,0.0680361025920712,0.0390283875167369,0.1396287736155445,2.0872517693585024,0.0
SAC,2,123,111,0.03,1.0,0.03,0,2bbb494a56bf31067ce26238d333a9e533b0b997948b45a28018d9329d87bf74,"[-0.6049723625183105, -0.32344892621040344, 0.43083447217941284]","[-0.8419704437255859, -0.16797947883605957, -0.20451059937477112]",0.1014626441730135,0.2319029135599637,0.3043879325190405,0.1025578252810203,0.0761521346867084,0.1850816674363286,5.469530625720608,0.0
SAC,2,123,112,0.03,1.0,0.03,0,2bbb494a56bf31067ce26238d333a9e533b0b997948b45a28018d9329d87bf74,"[0.4448135197162628, -0.9011456966400146, 0.6439449191093445]","[0.9329946637153625, 0.5882050395011902, 0.9689865112304688]",0.0526380679976188,0.1011743672507251,0.1579142039928566,0.1020150425855392,0.105393998324871,0.2014021819963717,7.671752862851341,0.0
SAC,2,123,113,0.03,1.0,0.03,0,2bbb494a56bf31067ce26238d333a9e533b0b997948b45a28018d9329d87bf74,"[0.41863173246383667, -0.023482682183384895, 0.2279641479253769]","[-0.4255177676677704, -0.7030157446861267, -0.44172894954681396]",0.0978587389569838,0.2230639711763971,0.2935762168709513,0.1877995736460075,0.0971098840236663,0.1579044608403917,2.324495854932877,0.0
SAC,2,123,114,0.03,1.0,0.03,0,2bbb494a56bf31067ce26238d333a9e533b0b997948b45a28018d9329d87bf74,"[-0.7814548015594482, -0.6798140406608582, -0.9797838926315308]","[0.11529668420553207, -0.6668115258216858, -0.3657369315624237]",0.070479007311636,0.142990800161649,0.211437021934908,0.1105202892680227,0.1482276022434234,0.2028714902977693,4.78979280341813,0.0
SAC,2,123,115,0.03,1.0,0.03,0,2bbb494a56bf31067ce26238d333a9e533b0b997948b45a28018d9329d87bf74,"[-0.13505227863788605, -0.6992138028144836, -0.6386840343475342]","[-0.08365152776241302, -0.7399067878723145, -0.1394127458333969]",0.0865445738439219,0.1708865013496894,0.2596337215317659,0.1485351242274505,0.2221915423870086,0.1465309706709331,3.0676910904655585,0.0
SAC,2,123,116,0.03,1.0,0.03,0,2bbb494a56bf31067ce26238d333a9e533b0b997948b45a28018d9329d87bf74,"[0.0036390621680766344, -0.36614876985549927, -0.6434957981109619]","[0.9050279259681702, 0.8802486658096313, -0.9539850950241089]",0.1052377479942863,0.2324582696207759,0.3157132439828591,0.1316949474038901,0.248098935931921,0.1984126401363762,8.602814860959782,0.0
SAC,2,123,117,0.03,1.0,0.03,0,2bbb494a56bf31067ce26238d333a9e533b0b997948b45a28018d9329d87bf74,"[0.11515316367149353, 0.7238221168518066, -0.36945784091949463]","[-0.9954982399940491, 0.7611866593360901, 0.800013542175293]",0.1794111501655432,0.4873806616516073,0.5382334504966296,0.1595058480312151,0.0395471267402172,0.2590308088316881,10.745016413033872,0.0
SAC,2,123,118,0.03,1.0,0.03,0,2bbb494a56bf31067ce26238d333a9e533b0b997948b45a28018d9329d87bf74,"[0.7532855868339539, -0.8538441061973572, 0.6052027344703674]","[0.3583809733390808, -0.14669764041900635, -0.04589289054274559]",0.0766204502855459,0.1688891459261038,0.2298613508566377,0.1121137486770749,0.097423255443573,0.2302424657969106,10.129823264097276,0.0
SAC,2,123,119,0.03,1.0,0.03,0,2bbb494a56bf31067ce26238d333a9e533b0b997948b45a28018d9329d87bf74,"[0.9546050429344177, -0.7296091914176941, 0.7618905305862427]","[-0.6044704914093018, 0.3422892987728119, 0.2229812741279602]",0.0806565484100161,0.1786560728555334,0.2419696452300484,0.0905645229957169,0.1107349470257759,0.2915642243668325,10.952988142547838,0.0
SAC,2,123,100,0.05,1.0,0.05,0,2bbb494a56bf31067ce26238d333a9e533b0b997948b45a28018d9329d87bf74,"[-0.6200170516967773, 0.9629579782485962, -0.4305199086666107]","[0.2585463523864746, 0.16207295656204224, 0.19982454180717468]",0.1139245369608637,0.2474188259201955,0.3417736108825911,0.1749805225128377,0.0393874570727348,0.2896197115691225,11.630325473841848,0.0
SAC,2,123,101,0.05,1.0,0.05,0,2bbb494a56bf31067ce26238d333a9e533b0b997948b45a28018d9329d87bf74,"[-0.550951361656189, 0.6109917163848877, 0.3617924749851227]","[-0.05787895619869232, -0.9383890628814697, 0.7895963788032532]",0.3354651555256393,0.8226150884277476,1.006395466576918,0.2253036694946112,0.1804986596107483,0.3088151165969354,13.34326470498125,0.0
SAC,2,123,102,0.05,1.0,0.05,0,2bbb494a56bf31067ce26238d333a9e533b0b997948b45a28018d9329d87bf74,"[-0.5149568915367126, -0.7814074754714966, -0.3089001476764679]","[0.5584290027618408, 0.0793050229549408, 0.8485109210014343]",0.1720134499403458,0.3390756907347157,0.5160403498210375,0.1743910333808557,0.1760468557476997,0.2927422018122494,9.4079067883354,0.0
SAC,2,123,103,0.05,1.0,0.05,0,2bbb494a56bf31067ce26238d333a9e533b0b997948b45a28018d9329d87bf74,"[-0.12263999134302139, -0.037186793982982635, 0.47996628284454346]","[-0.12207181006669998, 0.919745683670044, -0.3810819089412689]",0.2223149614806533,0.5944981280712214,0.6669448844419602,0.1887120427103874,0.209661066532135,0.327501055605691,10.547311619164516,0.0
SAC,2,123,104,0.05,1.0,0.05,0,2bbb494a56bf31067ce26238d333a9e533b0b997948b45a28018d9329d87bf74,"[0.6484106183052063, -0.8674346804618835, 0.07659447193145752]","[0.5117452144622803, 0.6506502032279968, -0.5617742538452148]",0.2354769056201514,0.6224936478063041,0.7064307168604541,0.1220909792837905,0.1092881150543689,0.303187796005287,11.474925987621322,0.0
SAC,2,123,105,0.05,1.0,0.05,0,2bbb494a56bf31067ce26238d333a9e533b0b997948b45a28018d9329d87bf74,"[-0.42927682399749756, 0.11211804300546646, 0.4673515558242798]","[-0.602249801158905, -0.4704720079898834, -0.3490790128707886]",0.1041280071205418,0.2575878604803867,0.3123840213616256,0.097013481789165,0.1544330716133117,0.1291207524011854,3.0560932410222024,0.0
SAC,2,123,106,0.05,1.0,0.05,0,2bbb494a56bf31067ce26238d333a9e533b0b997948b45a28018d9329d87bf74,"[-0.8895044922828674, 0.2718296945095062, -0.8628385663032532]","[0.9502007961273193, -0.6974973678588867, -0.4096177816390991]",0.0816139988156061,0.1837045891104492,0.2448419964468185,0.1128652885636705,0.0659941998310387,0.2663596473132583,11.572584190387452,0.0
SAC,2,123,107,0.05,1.0,0.05,0,2bbb494a56bf31067ce26238d333a9e533b0b997948b45a28018d9329d87bf74,"[0.6331554651260376, -0.5412940382957458, -0.558035135269165]","[-0.916957676410675, -0.7854737043380737, 0.4266817569732666]",0.1363265842477251,0.4060300503190355,0.4089797527431754,0.1219616982579967,0.2068397402763366,0.1825497162312343,7.275436528059695,0.0
SAC,2,123,108,0.05,1.0,0.05,0,2bbb494a56bf31067ce26238d333a9e533b0b997948b45a28018d9329d87bf74,"[0.2364661693572998, 0.06543176621198654, 0.1095544770359993]","[-0.17992550134658813, -0.7554280757904053, 0.9981473684310913]",0.2120377839707823,0.4452770490563993,0.6361133519123469,0.2866963699552012,0.4622207880020141,0.2435468676084295,10.716704058905153,0.0
SAC,2,123,109,0.05,1.0,0.05,0,2bbb494a56bf31067ce26238d333a9e533b0b997948b45a28018d9329d87bf74,"[0.9988187551498413, 0.9677178263664246, 0.040775928646326065]","[0.3314192593097687, -0.585135817527771, 0.520487904548645]",0.2236285591196092,0.6144034703915541,0.6708856773588276,0.1676576921578358,0.0535040870308876,0.3976836947728868,18.32031034087492,0.0
SAC,2,123,110,0.05,1.0,0.05,0,2bbb494a56bf31067ce26238d333a9e533b0b997948b45a28018d9329d87bf74,"[-0.10864169895648956, 0.04931486025452614, -0.4704791009426117]","[-0.871351957321167, 0.2730865180492401, -0.019966647028923035]",0.06276257719778,0.1184879062782691,0.18828773159334,0.0894196788653915,0.0471309311687946,0.1618433087841233,2.129059831889557,0.0
SAC,2,123,111,0.05,1.0,0.05,0,2bbb494a56bf31067ce26238d333a9e533b0b997948b45a28018d9329d87bf74,"[-0.6049723625183105, -0.32344892621040344, 0.43083447217941284]","[-0.8419704437255859, -0.16797947883605957, -0.20451059937477112]",0.1128852416761993,0.2330260243935249,0.3386557250285981,0.1162550438908331,0.0769037650898099,0.1972791672942049,5.511253122655294,0.0
SAC,2,123,112,0.05,1.0,0.05,0,2bbb494a56bf31067ce26238d333a9e533b0b997948b45a28018d9329d87bf74,"[0.4448135197162628, -0.9011456966400146, 0.6439449191093445]","[0.9329946637153625, 0.5882050395011902, 0.9689865112304688]",0.0669939866400202,0.1128533690131651,0.2009819599200606,0.1290796258843239,0.1063501834869384,0.2204705247855246,7.834926376885028,0.0
SAC,2,123,113,0.05,1.0,0.05,0,2bbb494a56bf31067ce26238d333a9e533b0b997948b45a28018d9329d87bf74,"[0.41863173246383667, -0.023482682183384895, 0.2279641479253769]","[-0.4255177676677704, -0.7030157446861267, -0.44172894954681396]",0.1061149833713064,0.2268837540352247,0.3183449501139193,0.2009843007006027,0.117983266711235,0.179111835665239,2.410537275290753,0.0
SAC,2,123,114,0.05,1.0,0.05,0,2bbb494a56bf31067ce26238d333a9e533b0b997948b45a28018d9329d87bf74,"[-0.7814548015594482, -0.6798140406608582, -0.9797838926315308]","[0.11529668420553207, -0.6668115258216858, -0.3657369315624237]",0.0786818568412824,0.1472848286364357,0.2360455705238473,0.124261666951632,0.1746885776519775,0.2281639451100642,5.11349273583906,0.0
SAC,2,123,115,0.05,1.0,0.05,0,2bbb494a56bf31067ce26238d333a9e533b0b997948b45a28018d9329d87bf74,"[-0.13505227863788605, -0.6992138028144836, -0.6386840343475342]","[-0.08365152776241302, -0.7399067878723145, -0.1394127458333969]",0.093187082873182,0.1737211252710229,0.279561248619546,0.1681096992558903,0.2528258562088012,0.1579205210963984,3.122272245936495,0.0
SAC,2,123,116,0.05,1.0,0.05,0,2bbb494a56bf31067ce26238d333a9e533b0b997948b45a28018d9329d87bf74,"[0.0036390621680766344, -0.36614876985549927, -0.6434957981109619]","[0.9050279259681702, 0.8802486658096313, -0.9539850950241089]",0.1123822189163779,0.238100012614439,0.3371466567491337,0.1554977622940952,0.2405076920986175,0.2055278430853104,8.610468790454332,0.0
SAC,2,123,117,0.05,1.0,0.05,0,2bbb494a56bf31067ce26238d333a9e533b0b997948b45a28018d9329d87bf74,"[0.11515316367149353, 0.7238221168518066, -0.36945784091949463]","[-0.9954982399940491, 0.7611866593360901, 0.800013542175293]",0.1871474615130991,0.4821613259621757,0.5614423845392975,0.169889262250774,0.0384850073605775,0.2634421809950374,10.490081322778076,0.0
SAC,2,123,118,0.05,1.0,0.05,0,2bbb494a56bf31067ce26238d333a9e533b0b997948b45a28018d9329d87bf74,"[0.7532855868339539, -0.8538441061973572, 0.6052027344703674]","[0.3583809733390808, -0.14669764041900635, -0.04589289054274559]",0.0926563627475985,0.1799219942464179,0.2779690882427957,0.1436094844736802,0.0983352288603782,0.2330221725520945,10.150701380628648,0.0
SAC,2,123,119,0.05,1.0,0.05,0,2bbb494a56bf31067ce26238d333a9e533b0b997948b45a28018d9329d87bf74,"[0.9546050429344177, -0.7296091914176941, 0.7618905305862427]","[-0.6044704914093018, 0.3422892987728119, 0.2229812741279602]",0.0987028198259405,0.1921318243344463,0.2961084594778215,0.1090594410068458,0.118378147482872,0.3502217236897,11.95962872506897,0.0
SAC,2,123,100,0.03,2.0,0.06,0,2bbb494a56bf31067ce26238d333a9e533b0b997948b45a28018d9329d87bf74,"[-0.6200170516967773, 0.9629579782485962, -0.4305199086666107]","[0.2585463523864746, 0.16207295656204224, 0.19982454180717468]",0.1175252163553562,0.2496515595018026,0.3525756490660687,0.176016909668199,0.0410598292946815,0.299114529331426,11.63166152581248,0.0
SAC,2,123,101,0.03,2.0,0.06,0,2bbb494a56bf31067ce26238d333a9e533b0b997948b45a28018d9329d87bf74,"[-0.550951361656189, 0.6109917163848877, 0.3617924749851227]","[-0.05787895619869232, -0.9383890628814697, 0.7895963788032532]",0.3603353418854196,0.8669013566519161,1.0810060256562588,0.2518703548444642,0.204055368900299,0.3165124146421056,13.614363744107136,0.0
SAC,2,123,102,0.03,2.0,0.06,0,2bbb494a56bf31067ce26238d333a9e533b0b997948b45a28018d9329d87bf74,"[-0.5149568915367126, -0.7814074754714966, -0.3089001476764679]","[0.5584290027618408, 0.0793050229549408, 0.8485109210014343]",0.1895421496623428,0.3530794322084226,0.5686264489870286,0.2040514133778619,0.1853710412979126,0.3147270578398669,9.700544498478388,0.0
SAC,2,123,103,0.03,2.0,0.06,0,2bbb494a56bf31067ce26238d333a9e533b0b997948b45a28018d9329d87bf74,"[-0.12263999134302139, -0.037186793982982635, 0.47996628284454346]","[-0.12207181006669998, 0.919745683670044, -0.3810819089412689]",0.2281352443386764,0.6022869655251928,0.6844057330160292,0.1982653225875563,0.215977132320404,0.3456983750597794,10.864921701404777,0.0
SAC,2,123,104,0.03,2.0,0.06,0,2bbb494a56bf31067ce26238d333a9e533b0b997948b45a28018d9329d87bf74,"[0.6484106183052063, -0.8674346804618835, 0.07659447193145752]","[0.5117452144622803, 0.6506502032279968, -0.5617742538452148]",0.2427035369155487,0.6270001279518947,0.7281106107466462,0.1335738223207033,0.1103295423090457,0.3109299173378885,11.518676533906977,0.0
SAC,2,123,105,0.03,2.0,0.06,0,2bbb494a56bf31067ce26238d333a9e533b0b997948b45a28018d9329d87bf74,"[-0.42927682399749756, 0.11211804300546646, 0.4673515558242798]","[-0.602249801158905, -0.4704720079898834, -0.3490790128707886]",0.1091969308469689,0.2613996761150624,0.3275907925409067,0.1139625476466284,0.1901156306266784,0.1329376804561091,3.0960612900238207,0.0
SAC,2,123,106,0.03,2.0,0.06,0,2bbb494a56bf31067ce26238d333a9e533b0b997948b45a28018d9329d87bf74,"[-0.8895044922828674, 0.2718296945095062, -0.8628385663032532]","[0.9502007961273193, -0.6974973678588867, -0.4096177816390991]",0.0858983948725374,0.1879266984253951,0.2576951846176122,0.1122664853723512,0.0616839658468961,0.2756502158623978,11.577419572234982,0.0
SAC,2,123,107,0.03,2.0,0.06,0,2bbb494a56bf31067ce26238d333a9e533b0b997948b45a28018d9329d87bf74,"[0.6331554651260376, -0.5412940382957458, -0.558035135269165]","[-0.916957676410675, -0.7854737043380737, 0.4266817569732666]",0.138369227030275,0.4032949178597727,0.4151076810908251,0.1370274304745742,0.2446324825286865,0.1867903777191466,7.250958564460072,0.0
SAC,2,123,108,0.03,2.0,0.06,0,2bbb494a56bf31067ce26238d333a9e533b0b997948b45a28018d9329d87bf74,"[0.2364661693572998, 0.06543176621198654, 0.1095544770359993]","[-0.17992550134658813, -0.7554280757904053, 0.9981473684310913]",0.2131042372712483,0.4372555446622209,0.6393127118137449,0.3189873793794785,0.5052682757377625,0.2448976016104072,10.71044441715155,0.0
SAC,2,123,109,0.03,2.0,0.06,0,2bbb494a56bf31067ce26238d333a9e533b0b997948b45a28018d9329d87bf74,"[0.9988187551498413, 0.9677178263664246, 0.040775928646326065]","[0.3314192593097687, -0.585135817527771, 0.520487904548645]",0.2264146239451091,0.6182242959170933,0.6792438718353275,0.1651994729943481,0.0545450523495674,0.4098032757528405,18.591603814284056,0.0
SAC,2,123,110,0.03,2.0,0.06,0,2bbb494a56bf31067ce26238d333a9e533b0b997948b45a28018d9329d87bf74,"[-0.10864169895648956, 0.04931486025452614, -0.4704791009426117]","[-0.871351957321167, 0.2730865180492401, -0.019966647028923035]",0.0666700909285808,0.1210267050342465,0.2000102727857425,0.1002926799169753,0.050778679549694,0.1727446237407123,2.1718932602490386,0.0
SAC,2,123,111,0.03,2.0,0.06,0,2bbb494a56bf31067ce26238d333a9e533b0b997948b45a28018d9329d87bf74,"[-0.6049723625183105, -0.32344892621040344, 0.43083447217941284]","[-0.8419704437255859, -0.16797947883605957, -0.20451059937477112]",0.1182635977375766,0.234340245063249,0.3547907932127299,0.1232770129658833,0.0772470259107649,0.2036445747289871,5.540642606032126,0.0
SAC,2,123,112,0.03,2.0,0.06,0,2bbb494a56bf31067ce26238d333a9e533b0b997948b45a28018d9329d87bf74,"[0.4448135197162628, -0.9011456966400146, 0.6439449191093445]","[0.9329946637153625, 0.5882050395011902, 0.9689865112304688]",0.0750377182558439,0.1203474712334602,0.2251131547675317,0.1435414208674136,0.1067871078848838,0.2305533891901411,7.880736022021239,0.0
SAC,2,123,113,0.03,2.0,0.06,0,2bbb494a56bf31067ce26238d333a9e533b0b997948b45a28018d9329d87bf74,"[0.41863173246383667, -0.023482682183384895, 0.2279641479253769]","[-0.4255177676677704, -0.7030157446861267, -0.44172894954681396]",0.1107073261867821,0.229231451877199,0.3321219785603465,0.2078579517173362,0.128421738743782,0.1914711848756024,2.4835740379079114,0.0
SAC,2,123,114,0.03,2.0,0.06,0,2bbb494a56bf31067ce26238d333a9e533b0b997948b45a28018d9329d87bf74,"[-0.7814548015594482, -0.6798140406608582, -0.9797838926315308]","[0.11529668420553207, -0.6668115258216858, -0.3657369315624237]",0.0839675148269308,0.1519733021417147,0.2519025444807926,0.1315727793255154,0.1883122324943542,0.2453843661377257,5.300733809638683,0.0
SAC,2,123,115,0.03,2.0,0.06,0,2bbb494a56bf31067ce26238d333a9e533b0b997948b45a28018d9329d87bf74,"[-0.13505227863788605, -0.6992138028144836, -0.6386840343475342]","[-0.08365152776241302, -0.7399067878723145, -0.1394127458333969]",0.0966119754228025,0.175371270107184,0.2898359262684077,0.1779178599194612,0.2678170204162597,0.1649349080654154,3.1561903894901406,0.0
SAC,2,123,116,0.03,2.0,0.06,0,2bbb494a56bf31067ce26238d333a9e533b0b997948b45a28018d9329d87bf74,"[0.0036390621680766344, -0.36614876985549927, -0.6434957981109619]","[0.9050279259681702, 0.8802486658096313, -0.9539850950241089]",0.1171543306848367,0.2418778213927381,0.3514629920545101,0.179636779896639,0.2363441064953804,0.2105722106305738,8.62901739066786,0.0
SAC,2,123,117,0.03,2.0,0.06,0,2bbb494a56bf31067ce26238d333a9e533b0b997948b45a28018d9329d87bf74,"[0.11515316367149353, 0.7238221168518066, -0.36945784091949463]","[-0.9954982399940491, 0.7611866593360901, 0.800013542175293]",0.1911289852239495,0.4799649297480287,0.5733869556718485,0.1761912805844604,0.0393971391022205,0.2668749536956635,10.368602322132128,0.0
SAC,2,123,118,0.03,2.0,0.06,0,2bbb494a56bf31067ce26238d333a9e533b0b997948b45a28018d9329d87bf74,"[0.7532855868339539, -0.8538441061973572, 0.6052027344703674]","[0.3583809733390808, -0.14669764041900635, -0.04589289054274559]",0.1012988510338012,0.1868330760392508,0.3038965531014036,0.1596140393665359,0.0988965705037117,0.2346658932597857,10.147180820172752,0.0
SAC,2,123,119,0.03,2.0,0.06,0,2bbb494a56bf31067ce26238d333a9e533b0b997948b45a28018d9329d87bf74,"[0.9546050429344177, -0.7296091914176941, 0.7618905305862427]","[-0.6044704914093018, 0.3422892987728119, 0.2229812741279602]",0.1101393474477667,0.2027598782716573,0.3304180423433003,0.1207293484382975,0.1225149780511856,0.3833005249946195,12.867429910845866,0.0
SAC,2,123,100,0.05,2.0,0.1,0,2bbb494a56bf31067ce26238d333a9e533b0b997948b45a28018d9329d87bf74,"[-0.6200170516967773, 0.9629579782485962, -0.4305199086666107]","[0.2585463523864746, 0.16207295656204224, 0.19982454180717468]",0.133281741349347,0.2623647638334846,0.3998452240480412,0.1854405238833508,0.0474921502172946,0.3363514802699672,11.6999534954277,0.0
SAC,2,123,101,0.05,2.0,0.1,0,2bbb494a56bf31067ce26238d333a9e533b0b997948b45a28018d9329d87bf74,"[-0.550951361656189, 0.6109917163848877, 0.3617924749851227]","[-0.05787895619869232, -0.9383890628814697, 0.7895963788032532]",0.4984522682079675,1.1091217110049796,1.4953568046239023,0.3651593315564556,0.2993355989456177,0.3818410590402503,15.985989022173664,0.0
SAC,2,123,102,0.05,2.0,0.1,0,2bbb494a56bf31067ce26238d333a9e533b0b997948b45a28018d9329d87bf74,"[-0.5149568915367126, -0.7814074754714966, -0.3089001476764679]","[0.5584290027618408, 0.0793050229549408, 0.8485109210014343]",0.3116261845362448,0.494839007896074,0.9348785536087344,0.3491601150160954,0.2235104069113731,0.4481877787154809,13.043024329504943,0.0
SAC,2,123,103,0.05,2.0,0.1,0,2bbb494a56bf31067ce26238d333a9e533b0b997948b45a28018d9329d87bf74,"[-0.12263999134302139, -0.037186793982982635, 0.47996628284454346]","[-0.12207181006669998, 0.919745683670044, -0.3810819089412689]",0.2556347197923478,0.6365557340036117,0.7669041593770434,0.2461479878122056,0.2447308301925659,0.4263943359441591,12.397851025910652,0.0
SAC,2,123,104,0.05,2.0,0.1,0,2bbb494a56bf31067ce26238d333a9e533b0b997948b45a28018d9329d87bf74,"[0.6484106183052063, -0.8674346804618835, 0.07659447193145752]","[0.5117452144622803, 0.6506502032279968, -0.5617742538452148]",0.2778119500920003,0.6487286670110111,0.833435850276001,0.1852769184121747,0.1147647686302661,0.3478196041839675,11.926406188536356,0.0
SAC,2,123,105,0.05,2.0,0.1,0,2bbb494a56bf31067ce26238d333a9e533b0b997948b45a28018d9329d87bf74,"[-0.42927682399749756, 0.11211804300546646, 0.4673515558242798]","[-0.602249801158905, -0.4704720079898834, -0.3490790128707886]",0.1313384409644737,0.2805842538340002,0.3940153228934213,0.1940064891988848,0.3354619145393371,0.152113651099645,3.2907337679811435,0.0
SAC,2,123,106,0.05,2.0,0.1,0,2bbb494a56bf31067ce26238d333a9e533b0b997948b45a28018d9329d87bf74,"[-0.8895044922828674, 0.2718296945095062, -0.8628385663032532]","[0.9502007961273193, -0.6974973678588867, -0.4096177816390991]",0.1100082161791037,0.212337726335948,0.3300246485373112,0.1275060422701278,0.0442073189187794,0.322268034157313,11.86309049229094,0.0
SAC,2,123,107,0.05,2.0,0.1,0,2bbb494a56bf31067ce26238d333a9e533b0b997948b45a28018d9329d87bf74,"[0.6331554651260376, -0.5412940382957458, -0.558035135269165]","[-0.916957676410675, -0.7854737043380737, 0.4266817569732666]",0.147212232821501,0.3949754904450217,0.441636698464503,0.193600077090072,0.3730226755142212,0.2107990685841091,7.314489854880645,0.0
SAC,2,123,108,0.05,2.0,0.1,0,2bbb494a56bf31067ce26238d333a9e533b0b997948b45a28018d9329d87bf74,"[0.2364661693572998, 0.06543176621198654, 0.1095544770359993]","[-0.17992550134658813, -0.7554280757904053, 0.9981473684310913]",0.220654877035082,0.4163163903865,0.661964631105246,0.4478689371895643,0.6813828945159912,0.2512504679901047,10.792317393434375,0.0
SAC,2,123,109,0.05,2.0,0.1,0,2bbb494a56bf31067ce26238d333a9e533b0b997948b45a28018d9329d87bf74,"[0.9988187551498413, 0.9677178263664246, 0.040775928646326065]","[0.3314192593097687, -0.585135817527771, 0.520487904548645]",0.241008384450914,0.6356980991693414,0.723025153352742,0.1659359659505203,0.0580170676112175,0.4633263269267474,19.816878089257404,0.0
SAC,2,123,110,0.05,2.0,0.1,0,2bbb494a56bf31067ce26238d333a9e533b0b997948b45a28018d9329d87bf74,"[-0.10864169895648956, 0.04931486025452614, -0.4704791009426117]","[-0.871351957321167, 0.2730865180492401, -0.019966647028923035]",0.0824572642504896,0.1337417838161799,0.2473717927514689,0.1454383500702219,0.0636492669582367,0.2195715428587801,2.470941883860041,0.0
SAC,2,123,111,0.05,2.0,0.1,0,2bbb494a56bf31067ce26238d333a9e533b0b997948b45a28018d9329d87bf74,"[-0.6049723625183105, -0.32344892621040344, 0.43083447217941284]","[-0.8419704437255859, -0.16797947883605957, -0.20451059937477112]",0.1389772840763937,0.2430151830610254,0.416931852229181,0.1492183233415823,0.0784399518743157,0.2254974996657145,5.683697563708282,0.0
SAC,2,123,112,0.05,2.0,0.1,0,2bbb494a56bf31067ce26238d333a9e533b0b997948b45a28018d9329d87bf74,"[0.4448135197162628, -0.9011456966400146, 0.6439449191093445]","[0.9329946637153625, 0.5882050395011902, 0.9689865112304688]",0.1092550526345992,0.1571889427635199,0.3277651579037977,0.2041118503030803,0.1084334030747413,0.2736686988364431,8.21653710901011,0.0
SAC,2,123,113,0.05,2.0,0.1,0,2bbb494a56bf31067ce26238d333a9e533b0b997948b45a28018d9329d87bf74,"[0.41863173246383667, -0.023482682183384895, 0.2279641479253769]","[-0.4255177676677704, -0.7030157446861267, -0.44172894954681396]",0.1306103019977448,0.2412426695873648,0.3918309059932345,0.2359525395764244,0.1695041954517364,0.242449788975894,2.9268125921090133,0.0
SAC,2,123,114,0.05,2.0,0.1,0,2bbb494a56bf31067ce26238d333a9e533b0b997948b45a28018d9329d87bf74,"[-0.7814548015594482, -0.6798140406608582, -0.9797838926315308]","[0.11529668420553207, -0.6668115258216858, -0.3657369315624237]",0.1278182250391057,0.2016603554723574,0.3834546751173171,0.1639830742928165,0.2457204759120941,0.352583222258418,7.727969818350394,0.0
SAC,2,123,115,0.05,2.0,0.1,0,2bbb494a56bf31067ce26238d333a9e533b0b997948b45a28018d9329d87bf74,"[-0.13505227863788605, -0.6992138028144836, -0.6386840343475342]","[-0.08365152776241302, -0.7399067878723145, -0.1394127458333969]",0.1102486935561075,0.183228998554133,0.3307460806683226,0.2165363637822461,0.3259895443916321,0.1980229862907581,3.318225774763931,0.0
SAC,2,123,116,0.05,2.0,0.1,0,2bbb494a56bf31067ce26238d333a9e533b0b997948b45a28018d9329d87bf74,"[0.0036390621680766344, -0.36614876985549927, -0.6434957981109619]","[0.9050279259681702, 0.8802486658096313, -0.9539850950241089]",0.1394707880359133,0.2623991190371257,0.4184123641077401,0.292454289065467,0.2179022803902626,0.2384173727392258,8.771208861175436,0.0
SAC,2,123,117,0.05,2.0,0.1,0,2bbb494a56bf31067ce26238d333a9e533b0b997948b45a28018d9329d87bf74,"[0.11515316367149353, 0.7238221168518066, -0.36945784091949463]","[-0.9954982399940491, 0.7611866593360901, 0.800013542175293]",0.2088696062909354,0.4745622989687074,0.6266088188728062,0.2012409769791971,0.0430479124188423,0.2840997768459177,10.084234399087237,0.0
SAC,2,123,118,0.05,2.0,0.1,0,2bbb494a56bf31067ce26238d333a9e533b0b997948b45a28018d9329d87bf74,"[0.7532855868339539, -0.8538441061973572, 0.6052027344703674]","[0.3583809733390808, -0.14669764041900635, -0.04589289054274559]",0.1354547684066963,0.2204410125006347,0.4063643052200891,0.2212590683585056,0.1010897606611251,0.2407318820382591,10.147520963627958,0.0
SAC,2,123,119,0.05,2.0,0.1,0,2bbb494a56bf31067ce26238d333a9e533b0b997948b45a28018d9329d87bf74,"[0.9546050429344177, -0.7296091914176941, 0.7618905305862427]","[-0.6044704914093018, 0.3422892987728119, 0.2229812741279602]",0.1985982445653927,0.3271060772252524,0.5957947336961782,0.1901343137393763,0.1426290571689605,0.5199128778795352,16.001518604257452,0.0
SAC,2,42,100,0.03,1.0,0.03,0,0a55af0cfeb7047d093c2a093234075b59c40ebc3b8bc1957267fcd6061e9c04,"[-0.6200170516967773, 0.9629579782485962, -0.4305199086666107]","[0.2585463523864746, 0.16207295656204224, 0.19982454180717468]",0.1087687437167872,0.2393193488477026,0.3263062311503618,0.1357690237209568,0.1056839488446712,0.3161797434314528,10.362589798044688,0.0
SAC,2,42,101,0.03,1.0,0.03,0,0a55af0cfeb7047d093c2a093234075b59c40ebc3b8bc1957267fcd6061e9c04,"[-0.550951361656189, 0.6109917163848877, 0.3617924749851227]","[-0.05787895619869232, -0.9383890628814697, 0.7895963788032532]",0.3010542184394704,0.744875984821147,0.9031626553184112,0.2407722242268515,0.1502086818218231,0.3708055251257081,15.308400828582013,0.0025
SAC,2,42,102,0.03,1.0,0.03,0,0a55af0cfeb7047d093c2a093234075b59c40ebc3b8bc1957267fcd6061e9c04,"[-0.5149568915367126, -0.7814074754714966, -0.3089001476764679]","[0.5584290027618408, 0.0793050229549408, 0.8485109210014343]",0.1377681250794669,0.3118013714461479,0.4133043752384007,0.1238631211267209,0.1104778945446014,0.3244323724523149,8.747257360801397,0.0
SAC,2,42,103,0.03,1.0,0.03,0,0a55af0cfeb7047d093c2a093234075b59c40ebc3b8bc1957267fcd6061e9c04,"[-0.12263999134302139, -0.037186793982982635, 0.47996628284454346]","[-0.12207181006669998, 0.919745683670044, -0.3810819089412689]",0.2140993233561107,0.572336007160906,0.6422979700683321,0.1286366615720369,0.1293731033802032,0.3458637483696687,11.884462242293958,0.0
SAC,2,42,104,0.03,1.0,0.03,0,0a55af0cfeb7047d093c2a093234075b59c40ebc3b8bc1957267fcd6061e9c04,"[0.6484106183052063, -0.8674346804618835, 0.07659447193145752]","[0.5117452144622803, 0.6506502032279968, -0.5617742538452148]",0.2321862842584166,0.6145539446871294,0.69655885277525,0.1074006398794827,0.046177115291357,0.3564988776038115,11.97968290820914,0.005
SAC,2,42,105,0.03,1.0,0.03,0,0a55af0cfeb7047d093c2a093234075b59c40ebc3b8bc1957267fcd6061e9c04,"[-0.42927682399749756, 0.11211804300546646, 0.4673515558242798]","[-0.602249801158905, -0.4704720079898834, -0.3490790128707886]",0.0981863560170517,0.2368780161800139,0.2945590680511552,0.1856800957962318,0.133402943611145,0.1754196605777502,4.319528888915412,0.0
SAC,2,42,106,0.03,1.0,0.03,0,0a55af0cfeb7047d093c2a093234075b59c40ebc3b8bc1957267fcd6061e9c04,"[-0.8895044922828674, 0.2718296945095062, -0.8628385663032532]","[0.9502007961273193, -0.6974973678588867, -0.4096177816390991]",0.0764961341393651,0.1716152316632342,0.2294884024180955,0.1234935528173306,0.223389483988285,0.2902032122053113,9.290244099666577,0.005
SAC,2,42,107,0.03,1.0,0.03,0,0a55af0cfeb7047d093c2a093234075b59c40ebc3b8bc1957267fcd6061e9c04,"[0.6331554651260376, -0.5412940382957458, -0.558035135269165]","[-0.916957676410675, -0.7854737043380737, 0.4266817569732666]",0.1397441995019714,0.3916685390689073,0.4192325985059142,0.1885765206390693,0.516390323638916,0.2273990216100602,8.05861071684308,0.0
SAC,2,42,108,0.03,1.0,0.03,0,0a55af0cfeb7047d093c2a093234075b59c40ebc3b8bc1957267fcd6061e9c04,"[0.2364661693572998, 0.06543176621198654, 0.1095544770359993]","[-0.17992550134658813, -0.7554280757904053, 0.9981473684310913]",0.2055707115878166,0.475613402133244,0.6167121347634498,0.1568650513266523,0.3991298675537109,0.3083944790381148,13.01734522942587,0.0
SAC,2,42,109,0.03,1.0,0.03,0,0a55af0cfeb7047d093c2a093234075b59c40ebc3b8bc1957267fcd6061e9c04,"[0.9988187551498413, 0.9677178263664246, 0.040775928646326065]","[0.3314192593097687, -0.585135817527771, 0.520487904548645]",0.2219939171127566,0.6026325746436914,0.6659817513382699,0.1249987443529621,0.0886699706315994,0.4140321512769285,15.934693680096638,0.01
SAC,2,42,110,0.03,1.0,0.03,0,0a55af0cfeb7047d093c2a093234075b59c40ebc3b8bc1957267fcd6061e9c04,"[-0.10864169895648956, 0.04931486025452614, -0.4704791009426117]","[-0.871351957321167, 0.2730865180492401, -0.019966647028923035]",0.0653849091165616,0.1168754573648612,0.1961547273496848,0.1221627802070644,0.2718288525938988,0.2020240620781953,3.10057626834354,0.0
SAC,2,42,111,0.03,1.0,0.03,0,0a55af0cfeb7047d093c2a093234075b59c40ebc3b8bc1957267fcd6061e9c04,"[-0.6049723625183105, -0.32344892621040344, 0.43083447217941284]","[-0.8419704437255859, -0.16797947883605957, -0.20451059937477112]",0.1183218817859083,0.2384343203317539,0.3549656453577249,0.1220443392816333,0.0660387612879276,0.2750041282682347,6.937377244135289,0.0
SAC,2,42,112,0.03,1.0,0.03,0,0a55af0cfeb7047d093c2a093234075b59c40ebc3b8bc1957267fcd6061e9c04,"[0.4448135197162628, -0.9011456966400146, 0.6439449191093445]","[0.9329946637153625, 0.5882050395011902, 0.9689865112304688]",0.0721971296739368,0.1147512092279308,0.2165913890218107,0.1307813599648207,0.0750288963317871,0.3210854441150465,8.807235138436804,0.0
SAC,2,42,113,0.03,1.0,0.03,0,0a55af0cfeb7047d093c2a093234075b59c40ebc3b8bc1957267fcd6061e9c04,"[0.41863173246383667, -0.023482682183384895, 0.2279641479253769]","[-0.4255177676677704, -0.7030157446861267, -0.44172894954681396]",0.0919638019924517,0.2060972526107491,0.2758914059773552,0.1790414080253721,0.103387638926506,0.2176008581223333,3.792773414862308,0.0
SAC,2,42,114,0.03,1.0,0.03,0,0a55af0cfeb7047d093c2a093234075b59c40ebc3b8bc1957267fcd6061e9c04,"[-0.7814548015594482, -0.6798140406608582, -0.9797838926315308]","[0.11529668420553207, -0.6668115258216858, -0.3657369315624237]",0.079714822958952,0.1503610436124397,0.239144468876856,0.1439119921997189,0.142185553908348,0.2754501672159704,5.901795734411966,0.0
SAC,2,42,115,0.03,1.0,0.03,0,0a55af0cfeb7047d093c2a093234075b59c40ebc3b8bc1957267fcd6061e9c04,"[-0.13505227863788605, -0.6992138028144836, -0.6386840343475342]","[-0.08365152776241302, -0.7399067878723145, -0.1394127458333969]",0.0741423481822955,0.1382718264796077,0.2224270445468865,0.1562088321618459,0.2450059354305267,0.2556537196523233,6.681263748633839,0.0
SAC,2,42,116,0.03,1.0,0.03,0,0a55af0cfeb7047d093c2a093234075b59c40ebc3b8bc1957267fcd6061e9c04,"[0.0036390621680766344, -0.36614876985549927, -0.6434957981109619]","[0.9050279259681702, 0.8802486658096313, -0.9539850950241089]",0.1175225047694235,0.2414361969236482,0.3525675143082707,0.1994960378843969,0.096715108025819,0.2576331022077071,9.457144789680724,0.0
SAC,2,42,117,0.03,1.0,0.03,0,0a55af0cfeb7047d093c2a093234075b59c40ebc3b8bc1957267fcd6061e9c04,"[0.11515316367149353, 0.7238221168518066, -0.36945784091949463]","[-0.9954982399940491, 0.7611866593360901, 0.800013542175293]",0.1877321108311712,0.4878549628418935,0.5631963324935136,0.1474988662039884,0.1506483182311058,0.2993345201164112,9.293332054116746,0.0
SAC,2,42,118,0.03,1.0,0.03,0,0a55af0cfeb7047d093c2a093234075b59c40ebc3b8bc1957267fcd6061e9c04,"[0.7532855868339539, -0.8538441061973572, 0.6052027344703674]","[0.3583809733390808, -0.14669764041900635, -0.04589289054274559]",0.0877920828209237,0.1735307588216011,0.2633762484627713,0.1358432974666357,0.0655988305807113,0.3317430500972301,11.700193951218068,0.0
SAC,2,42,119,0.03,1.0,0.03,0,0a55af0cfeb7047d093c2a093234075b59c40ebc3b8bc1957267fcd6061e9c04,"[0.9546050429344177, -0.7296091914176941, 0.7618905305862427]","[-0.6044704914093018, 0.3422892987728119, 0.2229812741279602]",0.0848272296796295,0.1808602745228049,0.2544816890388885,0.0975239134543104,0.0625167936086654,0.3697328026455239,12.668298635295312,0.0
SAC,2,42,100,0.05,1.0,0.05,0,0a55af0cfeb7047d093c2a093234075b59c40ebc3b8bc1957267fcd6061e9c04,"[-0.6200170516967773, 0.9629579782485962, -0.4305199086666107]","[0.2585463523864746, 0.16207295656204224, 0.19982454180717468]",0.1152054055710807,0.2428911911896681,0.3456162167132421,0.1418434882214591,0.1104066632688045,0.3245802383470416,10.364731735797909,0.0
SAC,2,42,101,0.05,1.0,0.05,0,0a55af0cfeb7047d093c2a093234075b59c40ebc3b8bc1957267fcd6061e9c04,"[-0.550951361656189, 0.6109917163848877, 0.3617924749851227]","[-0.05787895619869232, -0.9383890628814697, 0.7895963788032532]",0.3443147408228649,0.8218735101301629,1.0329442224685947,0.2844085773384129,0.1775549054145813,0.3850420508301466,16.21040531259204,0.0025
SAC,2,42,102,0.05,1.0,0.05,0,0a55af0cfeb7047d093c2a093234075b59c40ebc3b8bc1957267fcd6061e9c04,"[-0.5149568915367126, -0.7814074754714966, -0.3089001476764679]","[0.5584290027618408, 0.0793050229549408, 0.8485109210014343]",0.1658234050906172,0.3322641335981655,0.4974702152718518,0.1530610237408567,0.1290644630789756,0.3579009322454209,9.410222566847745,0.0
SAC,2,42,103,0.05,1.0,0.05,0,0a55af0cfeb7047d093c2a093234075b59c40ebc3b8bc1957267fcd6061e9c04,"[-0.12263999134302139, -0.037186793982982635, 0.47996628284454346]","[-0.12207181006669998, 0.919745683670044, -0.3810819089412689]",0.2277742928131665,0.5889410019210843,0.6833228784394997,0.1425831342276967,0.1675996780395507,0.3825203968105173,12.529405986649545,0.0
SAC,2,42,104,0.05,1.0,0.05,0,0a55af0cfeb7047d093c2a093234075b59c40ebc3b8bc1957267fcd6061e9c04,"[0.6484106183052063, -0.8674346804618835, 0.07659447193145752]","[0.5117452144622803, 0.6506502032279968, -0.5617742538452148]",0.2483011168812526,0.6238903573056842,0.7449033506437579,0.1127834555773455,0.048717813566327,0.3607357297454986,12.040825153511705,0.005
SAC,2,42,105,0.05,1.0,0.05,0,0a55af0cfeb7047d093c2a093234075b59c40ebc3b8bc1957267fcd6061e9c04,"[-0.42927682399749756, 0.11211804300546646, 0.4673515558242798]","[-0.602249801158905, -0.4704720079898834, -0.3490790128707886]",0.1034766315960217,0.2408012498552612,0.3104298947880653,0.1708832947928228,0.1235957741737365,0.1792403599270561,4.389823309927806,0.0
SAC,2,42,106,0.05,1.0,0.05,0,0a55af0cfeb7047d093c2a093234075b59c40ebc3b8bc1957267fcd6061e9c04,"[-0.8895044922828674, 0.2718296945095062, -0.8628385663032532]","[0.9502007961273193, -0.6974973678588867, -0.4096177816390991]",0.0825670853346982,0.1769801741550311,0.2477012560040948,0.12330593428586,0.2209928929805755,0.3036031996520082,9.408813505780854,0.005
SAC,2,42,107,0.05,1.0,0.05,0,0a55af0cfeb7047d093c2a093234075b59c40ebc3b8bc1957267fcd6061e9c04,"[0.6331554651260376, -0.5412940382957458, -0.558035135269165]","[-0.916957676410675, -0.7854737043380737, 0.4266817569732666]",0.1436060247981513,0.3863418202440561,0.4308180743944541,0.2342833920531434,0.5982978940010071,0.2330119104456723,8.061884820178937,0.0
SAC,2,42,108,0.05,1.0,0.05,0,0a55af0cfeb7047d093c2a093234075b59c40ebc3b8bc1957267fcd6061e9c04,"[0.2364661693572998, 0.06543176621198654, 0.1095544770359993]","[-0.17992550134658813, -0.7554280757904053, 0.9981473684310913]",0.200322118124066,0.4507433991381688,0.6009663543721981,0.2072801083257353,0.4656311869621277,0.307139689785584,12.95561660027279,0.0
SAC,2,42,109,0.05,1.0,0.05,0,0a55af0cfeb7047d093c2a093234075b59c40ebc3b8bc1957267fcd6061e9c04,"[0.9988187551498413, 0.9677178263664246, 0.040775928646326065]","[0.3314192593097687, -0.585135817527771, 0.520487904548645]",0.2247017148718801,0.60918667507701,0.6741051446156404,0.1180951795598239,0.0889532528817653,0.439643320002758,16.66205232601476,0.01
SAC,2,42,110,0.05,1.0,0.05,0,0a55af0cfeb7047d093c2a093234075b59c40ebc3b8bc1957267fcd6061e9c04,"[-0.10864169895648956, 0.04931486025452614, -0.4704791009426117]","[-0.871351957321167, 0.2730865180492401, -0.019966647028923035]",0.0718688670153313,0.1223894192555167,0.2156066010459941,0.127475430522068,0.2821136564016342,0.2174672194549864,3.21844231825348,0.0
SAC,2,42,111,0.05,1.0,0.05,0,0a55af0cfeb7047d093c2a093234075b59c40ebc3b8bc1957267fcd6061e9c04,"[-0.6049723625183105, -0.32344892621040344, 0.43083447217941284]","[-0.8419704437255859, -0.16797947883605957, -0.20451059937477112]",0.1381051524411438,0.2491298098927498,0.4143154573234314,0.1355203067607901,0.0664018578827381,0.2998927911915386,7.219359572440808,0.0
SAC,2,42,112,0.05,1.0,0.05,0,0a55af0cfeb7047d093c2a093234075b59c40ebc3b8bc1957267fcd6061e9c04,"[0.4448135197162628, -0.9011456966400146, 0.6439449191093445]","[0.9329946637153625, 0.5882050395011902, 0.9689865112304688]",0.0834528647621757,0.1243428865564477,0.2503585942865273,0.1511251982876364,0.0770207643508911,0.3270477921588165,8.926403460117749,0.0
SAC,2,42,113,0.05,1.0,0.05,0,0a55af0cfeb7047d093c2a093234075b59c40ebc3b8bc1957267fcd6061e9c04,"[0.41863173246383667, -0.023482682183384895, 0.2279641479253769]","[-0.4255177676677704, -0.7030157446861267, -0.44172894954681396]",0.1037269721410747,0.213002630093798,0.3111809164232242,0.1930458580408199,0.1225511282682418,0.2317442281585084,3.784146375290763,0.0
SAC,2,42,114,0.05,1.0,0.05,0,0a55af0cfeb7047d093c2a093234075b59c40ebc3b8bc1957267fcd6061e9c04,"[-0.7814548015594482, -0.6798140406608582, -0.9797838926315308]","[0.11529668420553207, -0.6668115258216858, -0.3657369315624237]",0.0933478380025442,0.1585206767431427,0.2800435140076328,0.1623336324054334,0.2146209180355072,0.2891407256709072,6.214616547144605,0.0
SAC,2,42,115,0.05,1.0,0.05,0,0a55af0cfeb7047d093c2a093234075b59c40ebc3b8bc1957267fcd6061e9c04,"[-0.13505227863788605, -0.6992138028144836, -0.6386840343475342]","[-0.08365152776241302, -0.7399067878723145, -0.1394127458333969]",0.0851399853128044,0.1454538570496715,0.2554199559384135,0.1719576167977518,0.270643949508667,0.2667349930713301,6.715288502415965,0.0
SAC,2,42,116,0.05,1.0,0.05,0,0a55af0cfeb7047d093c2a093234075b59c40ebc3b8bc1957267fcd6061e9c04,"[0.0036390621680766344, -0.36614876985549927, -0.6434957981109619]","[0.9050279259681702, 0.8802486658096313, -0.9539850950241089]",0.1208613932702507,0.2454949400498763,0.3625841798107523,0.2073131743818521,0.0812205998227,0.2659541615226917,9.43045771047153,0.0
SAC,2,42,117,0.05,1.0,0.05,0,0a55af0cfeb7047d093c2a093234075b59c40ebc3b8bc1957267fcd6061e9c04,"[0.11515316367149353, 0.7238221168518066, -0.36945784091949463]","[-0.9954982399940491, 0.7611866593360901, 0.800013542175293]",0.1981433634781716,0.484317279118693,0.5944300904345148,0.1696527584133968,0.1517379954457283,0.3000666881142709,9.183087438065266,0.0
SAC,2,42,118,0.05,1.0,0.05,0,0a55af0cfeb7047d093c2a093234075b59c40ebc3b8bc1957267fcd6061e9c04,"[0.7532855868339539, -0.8538441061973572, 0.6052027344703674]","[0.3583809733390808, -0.14669764041900635, -0.04589289054274559]",0.1056114586177789,0.1864921164528933,0.3168343758533367,0.1587334777642455,0.0646860897541046,0.333330376189843,11.749432066302951,0.0
SAC,2,42,119,0.05,1.0,0.05,0,0a55af0cfeb7047d093c2a093234075b59c40ebc3b8bc1957267fcd6061e9c04,"[0.9546050429344177, -0.7296091914176941, 0.7618905305862427]","[-0.6044704914093018, 0.3422892987728119, 0.2229812741279602]",0.0994851387093108,0.1930730570237724,0.2984554161279325,0.0982789346649323,0.0693275332450866,0.4012366726511434,13.312009579743629,0.0
SAC,2,42,100,0.03,2.0,0.06,0,0a55af0cfeb7047d093c2a093234075b59c40ebc3b8bc1957267fcd6061e9c04,"[-0.6200170516967773, 0.9629579782485962, -0.4305199086666107]","[0.2585463523864746, 0.16207295656204224, 0.19982454180717468]",0.1183702890240182,0.2450592734369795,0.3551108670720547,0.1460026696232366,0.112696923315525,0.3295204241079582,10.389554918888225,0.0
SAC,2,42,101,0.03,2.0,0.06,0,0a55af0cfeb7047d093c2a093234075b59c40ebc3b8bc1957267fcd6061e9c04,"[-0.550951361656189, 0.6109917163848877, 0.3617924749851227]","[-0.05787895619869232, -0.9383890628814697, 0.7895963788032532]",0.3733415063919619,0.8671784083940532,1.1200245191758855,0.3097796663641929,0.1909368634223938,0.3912204768592283,16.61110308184855,0.0025
SAC,2,42,102,0.03,2.0,0.06,0,0a55af0cfeb7047d093c2a093234075b59c40ebc3b8bc1957267fcd6061e9c04,"[-0.5149568915367126, -0.7814074754714966, -0.3089001476764679]","[0.5584290027618408, 0.0793050229549408, 0.8485109210014343]",0.1845909362459123,0.3460429276999633,0.5537728087377369,0.1930531261051878,0.1404072195291519,0.3607699930519237,9.616164762316377,0.0
SAC,2,42,103,0.03,2.0,0.06,0,0a55af0cfeb7047d093c2a093234075b59c40ebc3b8bc1957267fcd6061e9c04,"[-0.12263999134302139, -0.037186793982982635, 0.47996628284454346]","[-0.12207181006669998, 0.919745683670044, -0.3810819089412689]",0.2363763558554462,0.5979974138561241,0.7091290675663386,0.1577801433518345,0.1864908039569854,0.39605126297682,12.849401122869333,0.0
SAC,2,42,104,0.03,2.0,0.06,0,0a55af0cfeb7047d093c2a093234075b59c40ebc3b8bc1957267fcd6061e9c04,"[0.6484106183052063, -0.8674346804618835, 0.07659447193145752]","[0.5117452144622803, 0.6506502032279968, -0.5617742538452148]",0.2589813428934809,0.6295511099004198,0.7769440286804428,0.1188535055973463,0.0500405523926019,0.371411957348374,12.195434886954985,0.005
SAC,2,42,105,0.03,2.0,0.06,0,0a55af0cfeb7047d093c2a093234075b59c40ebc3b8bc1957267fcd6061e9c04,"[-0.42927682399749756, 0.11211804300546646, 0.4673515558242798]","[-0.602249801158905, -0.4704720079898834, -0.3490790128707886]",0.1073067734383374,0.2433476366110745,0.3219203203150124,0.1657867091305462,0.1493436694145202,0.1828166380190195,4.447072583387936,0.0
SAC,2,42,106,0.03,2.0,0.06,0,0a55af0cfeb7047d093c2a093234075b59c40ebc3b8bc1957267fcd6061e9c04,"[-0.8895044922828674, 0.2718296945095062, -0.8628385663032532]","[0.9502007961273193, -0.6974973678588867, -0.4096177816390991]",0.0876293596948039,0.1808337638810984,0.2628880790844118,0.1276485717590944,0.219695009291172,0.3128924268736803,9.487671313787482,0.005
SAC,2,42,107,0.03,2.0,0.06,0,0a55af0cfeb7047d093c2a093234075b59c40ebc3b8bc1957267fcd6061e9c04,"[0.6331554651260376, -0.5412940382957458, -0.558035135269165]","[-0.916957676410675, -0.7854737043380737, 0.4266817569732666]",0.1456030320239904,0.3840163117608872,0.4368090960719713,0.2524619981600546,0.6352474093437195,0.2343844636122782,8.048735409340916,0.0
SAC,2,42,108,0.03,2.0,0.06,0,0a55af0cfeb7047d093c2a093234075b59c40ebc3b8bc1957267fcd6061e9c04,"[0.2364661693572998, 0.06543176621198654, 0.1095544770359993]","[-0.17992550134658813, -0.7554280757904053, 0.9981473684310913]",0.1985057015922261,0.4401654042582493,0.5955171047766783,0.2336251432173827,0.4941369295120239,0.3052830143165113,12.939732798792896,0.0
SAC,2,42,109,0.03,2.0,0.06,0,0a55af0cfeb7047d093c2a093234075b59c40ebc3b8bc1957267fcd6061e9c04,"[0.9988187551498413, 0.9677178263664246, 0.040775928646326065]","[0.3314192593097687, -0.585135817527771, 0.520487904548645]",0.2276447618315158,0.6129355882542223,0.6829342854945477,0.1209076755841113,0.08903818577528,0.4490209600871935,17.093420698841808,0.01
SAC,2,42,110,0.03,2.0,0.06,0,0a55af0cfeb7047d093c2a093234075b59c40ebc3b8bc1957267fcd6061e9c04,"[-0.10864169895648956, 0.04931486025452614, -0.4704791009426117]","[-0.871351957321167, 0.2730865180492401, -0.019966647028923035]",0.0757014272259958,0.1256364311430446,0.2271042816779875,0.1323490663213126,0.2866948693990707,0.2261387374335691,3.317547594057905,0.0
SAC,2,42,111,0.03,2.0,0.06,0,0a55af0cfeb7047d093c2a093234075b59c40ebc3b8bc1957267fcd6061e9c04,"[-0.6049723625183105, -0.32344892621040344, 0.43083447217941284]","[-0.8419704437255859, -0.16797947883605957, -0.20451059937477112]",0.1462848507222454,0.2545236086426654,0.4388545521667362,0.1420551114083256,0.0664314739406108,0.3040692610039081,7.339813659984293,0.0
SAC,2,42,112,0.03,2.0,0.06,0,0a55af0cfeb7047d093c2a093234075b59c40ebc3b8bc1957267fcd6061e9c04,"[0.4448135197162628, -0.9011456966400146, 0.6439449191093445]","[0.9329946637153625, 0.5882050395011902, 0.9689865112304688]",0.0900570100393217,0.1308670911424815,0.2701710301179652,0.161237288105451,0.0780234858393669,0.3289308678776843,8.997757507938758,0.0
SAC,2,42,113,0.03,2.0,0.06,0,0a55af0cfeb7047d093c2a093234075b59c40ebc3b8bc1957267fcd6061e9c04,"[0.41863173246383667, -0.023482682183384895, 0.2279641479253769]","[-0.4255177676677704, -0.7030157446861267, -0.44172894954681396]",0.1091457778345623,0.21652469787113,0.327437333503687,0.1974339520121798,0.1333195567131042,0.2396627614028436,3.803504711695211,0.0
SAC,2,42,114,0.03,2.0,0.06,0,0a55af0cfeb7047d093c2a093234075b59c40ebc3b8bc1957267fcd6061e9c04,"[-0.7814548015594482, -0.6798140406608582, -0.9797838926315308]","[0.11529668420553207, -0.6668115258216858, -0.3657369315624237]",0.105016462655052,0.1689942532970703,0.3150493879651562,0.1711986842852683,0.2382121086120605,0.2974545313533107,6.4556537963004335,0.0
SAC,2,42,115,0.03,2.0,0.06,0,0a55af0cfeb7047d093c2a093234075b59c40ebc3b8bc1957267fcd6061e9c04,"[-0.13505227863788605, -0.6992138028144836, -0.6386840343475342]","[-0.08365152776241302, -0.7399067878723145, -0.1394127458333969]",0.0896578067476247,0.1489929698398909,0.2689734202428742,0.1798373795125955,0.2828686535358429,0.2744520911552067,6.757297011774401,0.0
SAC,2,42,116,0.03,2.0,0.06,0,0a55af0cfeb7047d093c2a093234075b59c40ebc3b8bc1957267fcd6061e9c04,"[0.0036390621680766344, -0.36614876985549927, -0.6434957981109619]","[0.9050279259681702, 0.8802486658096313, -0.9539850950241089]",0.1233942144873984,0.248122015800858,0.3701826434621954,0.2159986012201342,0.0737501406110823,0.2695093059777619,9.404935098018058,0.0
SAC,2,42,117,0.03,2.0,0.06,0,0a55af0cfeb7047d093c2a093234075b59c40ebc3b8bc1957267fcd6061e9c04,"[0.11515316367149353, 0.7238221168518066, -0.36945784091949463]","[-0.9954982399940491, 0.7611866593360901, 0.800013542175293]",0.2035511651046184,0.4830175305233636,0.6106534953138552,0.1818385421884832,0.1523631140589714,0.3044275411049327,9.135923534076088,0.0
SAC,2,42,118,0.03,2.0,0.06,0,0a55af0cfeb7047d093c2a093234075b59c40ebc3b8bc1957267fcd6061e9c04,"[0.7532855868339539, -0.8538441061973572, 0.6052027344703674]","[0.3583809733390808, -0.14669764041900635, -0.04589289054274559]",0.1172524072943644,0.1965813251978156,0.3517572218830931,0.1691631665395825,0.0643364638090133,0.3353219270111616,11.74347407990506,0.0
SAC,2,42,119,0.03,2.0,0.06,0,0a55af0cfeb7047d093c2a093234075b59c40ebc3b8bc1957267fcd6061e9c04,"[0.9546050429344177, -0.7296091914176941, 0.7618905305862427]","[-0.6044704914093018, 0.3422892987728119, 0.2229812741279602]",0.1133514039000885,0.2044988409660264,0.3400542117002654,0.103353209828061,0.076164785772562,0.4150754394673944,13.714971371284898,0.0
SAC,2,42,100,0.05,2.0,0.1,0,0a55af0cfeb7047d093c2a093234075b59c40ebc3b8bc1957267fcd6061e9c04,"[-0.6200170516967773, 0.9629579782485962, -0.4305199086666107]","[0.2585463523864746, 0.16207295656204224, 0.19982454180717468]",0.1319460355322916,0.2566086050775633,0.3958381065968749,0.1701458165261112,0.1226072162389755,0.3612701435041546,10.59659718964232,0.0
SAC,2,42,101,0.05,2.0,0.1,0,0a55af0cfeb7047d093c2a093234075b59c40ebc3b8bc1957267fcd6061e9c04,"[-0.550951361656189, 0.6109917163848877, 0.3617924749851227]","[-0.05787895619869232, -0.9383890628814697, 0.7895963788032532]",0.549057066448324,1.116941427385476,1.6471711993449718,0.4477216357618202,0.2806432843208313,0.4622995906934476,18.59487449506176,0.0025
SAC,2,42,102,0.05,2.0,0.1,0,0a55af0cfeb7047d093c2a093234075b59c40ebc3b8bc1957267fcd6061e9c04,"[-0.5149568915367126, -0.7814074754714966, -0.3089001476764679]","[0.5584290027618408, 0.0793050229549408, 0.8485109210014343]",0.3138150637644225,0.4620145823448757,0.9414451912932674,0.4936481697001942,0.2103335037827491,0.4536057725511584,12.39094491826484,0.0
SAC,2,42,103,0.05,2.0,0.1,0,0a55af0cfeb7047d093c2a093234075b59c40ebc3b8bc1957267fcd6061e9c04,"[-0.12263999134302139, -0.037186793982982635, 0.47996628284454346]","[-0.12207181006669998, 0.919745683670044, -0.3810819089412689]",0.2761883183710698,0.6389288215502813,0.8285649551132095,0.2409668874432459,0.2586609125137329,0.4775735035798793,14.661453965276287,0.0
SAC,2,42,104,0.05,2.0,0.1,0,0a55af0cfeb7047d093c2a093234075b59c40ebc3b8bc1957267fcd6061e9c04,"[0.6484106183052063, -0.8674346804618835, 0.07659447193145752]","[0.5117452144622803, 0.6506502032279968, -0.5617742538452148]",0.3110524626469653,0.6595259653433988,0.933157387940896,0.2314119957628901,0.056761834770441,0.4090098668809543,12.855515828272804,0.005
SAC,2,42,105,0.05,2.0,0.1,0,0a55af0cfeb7047d093c2a093234075b59c40ebc3b8bc1957267fcd6061e9c04,"[-0.42927682399749756, 0.11211804300546646, 0.4673515558242798]","[-0.602249801158905, -0.4704720079898834, -0.3490790128707886]",0.126707853027871,0.2578050784828065,0.380123559083613,0.1820356470567208,0.2952444553375244,0.201625856675412,4.724623309949997,0.0
SAC,2,42,106,0.05,2.0,0.1,0,0a55af0cfeb7047d093c2a093234075b59c40ebc3b8bc1957267fcd6061e9c04,"[-0.8895044922828674, 0.2718296945095062, -0.8628385663032532]","[0.9502007961273193, -0.6974973678588867, -0.4096177816390991]",0.1170453195640521,0.2037850001165568,0.3511359586921564,0.1545456361807423,0.2169412523508072,0.3388970659260737,9.79891859538242,0.005
SAC,2,42,107,0.05,2.0,0.1,0,0a55af0cfeb7047d093c2a093234075b59c40ebc3b8bc1957267fcd6061e9c04,"[0.6331554651260376, -0.5412940382957458, -0.558035135269165]","[-0.916957676410675, -0.7854737043380737, 0.4266817569732666]",0.154845163692176,0.3772687290243333,0.464535491076528,0.3164863788327317,0.7719683945178986,0.2476197026316959,8.106369828096637,0.0
SAC,2,42,108,0.05,2.0,0.1,0,0a55af0cfeb7047d093c2a093234075b59c40ebc3b8bc1957267fcd6061e9c04,"[0.2364661693572998, 0.06543176621198654, 0.1095544770359993]","[-0.17992550134658813, -0.7554280757904053, 0.9981473684310913]",0.197681268392222,0.4094085563322491,0.5930438051766662,0.3459363653336042,0.6219258308410645,0.3039931133203672,12.966964517888687,0.0
SAC,2,42,109,0.05,2.0,0.1,0,0a55af0cfeb7047d093c2a093234075b59c40ebc3b8bc1957267fcd6061e9c04,"[0.9988187551498413, 0.9677178263664246, 0.040775928646326065]","[0.3314192593097687, -0.585135817527771, 0.520487904548645]",0.2517262393920678,0.6324986919409364,0.7551787181762035,0.1661705105381523,0.0892132446169853,0.482815134257747,18.108494787248716,0.01
SAC,2,42,110,0.05,2.0,0.1,0,0a55af0cfeb7047d093c2a093234075b59c40ebc3b8bc1957267fcd6061e9c04,"[-0.10864169895648956, 0.04931486025452614, -0.4704791009426117]","[-0.871351957321167, 0.2730865180492401, -0.019966647028923035]",0.0917157674802843,0.1408433998322028,0.275147302440853,0.1589157919479925,0.3012038022279739,0.2641073456428889,3.7444025237427327,0.0
SAC,2,42,111,0.05,2.0,0.1,0,0a55af0cfeb7047d093c2a093234075b59c40ebc3b8bc1957267fcd6061e9c04,"[-0.6049723625183105, -0.32344892621040344, 0.43083447217941284]","[-0.8419704437255859, -0.16797947883605957, -0.20451059937477112]",0.172259619116554,0.2730099561902872,0.516778857349662,0.1669895848673251,0.0654871314764022,0.3187158327744786,7.743368334797146,0.0
SAC,2,42,112,0.05,2.0,0.1,0,0a55af0cfeb7047d093c2a093234075b59c40ebc3b8bc1957267fcd6061e9c04,"[0.4448135197162628, -0.9011456966400146, 0.6439449191093445]","[0.9329946637153625, 0.5882050395011902, 0.9689865112304688]",0.1205902070810372,0.16388404144649,0.3617706212431118,0.2102618431327519,0.0822562202811241,0.3570459852194845,9.5697655267164,0.0
SAC,2,42,113,0.05,2.0,0.1,0,0a55af0cfeb7047d093c2a093234075b59c40ebc3b8bc1957267fcd6061e9c04,"[0.41863173246383667, -0.023482682183384895, 0.2279641479253769]","[-0.4255177676677704, -0.7030157446861267, -0.44172894954681396]",0.1301950737346251,0.2314644816873281,0.3905852212038755,0.2215753170995064,0.1733940541744232,0.2695512278121605,3.925551929353535,0.0
SAC,2,42,114,0.05,2.0,0.1,0,0a55af0cfeb7047d093c2a093234075b59c40ebc3b8bc1957267fcd6061e9c04,"[-0.7814548015594482, -0.6798140406608582, -0.9797838926315308]","[0.11529668420553207, -0.6668115258216858, -0.3657369315624237]",0.1974384057111434,0.2943355506211801,0.5923152171334303,0.2338185515800881,0.3220601081848144,0.4267772528298775,9.59920411293276,0.0
SAC,2,42,115,0.05,2.0,0.1,0,0a55af0cfeb7047d093c2a093234075b59c40ebc3b8bc1957267fcd6061e9c04,"[-0.13505227863788605, -0.6992138028144836, -0.6386840343475342]","[-0.08365152776241302, -0.7399067878723145, -0.1394127458333969]",0.105675856047097,0.1621933943273876,0.3170275681412911,0.2119646289006427,0.3330164551734924,0.3003310663741723,6.962694816605879,0.0
SAC,2,42,116,0.05,2.0,0.1,0,0a55af0cfeb7047d093c2a093234075b59c40ebc3b8bc1957267fcd6061e9c04,"[0.0036390621680766344, -0.36614876985549927, -0.6434957981109619]","[0.9050279259681702, 0.8802486658096313, -0.9539850950241089]",0.1378415791733548,0.2621074188882827,0.4135247375200644,0.2854222397457946,0.0464688506908714,0.2826098854702309,9.359706080847555,0.0
SAC,2,42,117,0.05,2.0,0.1,0,0a55af0cfeb7047d093c2a093234075b59c40ebc3b8bc1957267fcd6061e9c04,"[0.11515316367149353, 0.7238221168518066, -0.36945784091949463]","[-0.9954982399940491, 0.7611866593360901, 0.800013542175293]",0.2229610708072248,0.4798935068909499,0.6688832124216747,0.216096209074704,0.1557518169283867,0.3177523398934457,9.142823652006166,0.0
SAC,2,42,118,0.05,2.0,0.1,0,0a55af0cfeb7047d093c2a093234075b59c40ebc3b8bc1957267fcd6061e9c04,"[0.7532855868339539, -0.8538441061973572, 0.6052027344703674]","[0.3583809733390808, -0.14669764041900635, -0.04589289054274559]",0.161050997256028,0.2476175751905942,0.4831529917680842,0.2159174515428826,0.0687401182949543,0.3531947421314116,12.016376626189084,0.0
SAC,2,42,119,0.05,2.0,0.1,0,0a55af0cfeb7047d093c2a093234075b59c40ebc3b8bc1957267fcd6061e9c04,"[0.9546050429344177, -0.7296091914176941, 0.7618905305862427]","[-0.6044704914093018, 0.3422892987728119, 0.2229812741279602]",0.2175352931661718,0.3274243420555543,0.6526058794985156,0.3242835121482242,0.1141209751367569,0.5536480722879233,17.039758838234377,0.0
SAC,3,1024,100,0.03,1.0,0.03,0,fc7d65b37e5960def2158b138acbc496172d106b528e7d16853e4f1f0d007a53,"[-0.6200170516967773, 0.9629579782485962, -0.4305199086666107]","[0.2585463523864746, 0.16207295656204224, 0.19982454180717468]",0.0483375555817858,0.0873323976435583,0.1450126667453575,0.0651316767167529,0.0365645606070756,0.1383989433992533,4.874657583298642,0.0
SAC,3,1024,101,0.03,1.0,0.03,0,fc7d65b37e5960def2158b138acbc496172d106b528e7d16853e4f1f0d007a53,"[-0.550951361656189, 0.6109917163848877, 0.3617924749851227]","[-0.05787895619869232, -0.9383890628814697, 0.7895963788032532]",0.0552700877503947,0.1692025482241981,0.1658102632511843,0.0292398414494078,0.0419313013553619,0.1633582549202174,7.826989707872284,0.0
SAC,3,1024,102,0.03,1.0,0.03,0,fc7d65b37e5960def2158b138acbc496172d106b528e7d16853e4f1f0d007a53,"[-0.5149568915367126, -0.7814074754714966, -0.3089001476764679]","[0.5584290027618408, 0.0793050229549408, 0.8485109210014343]",0.0569171972566223,0.1649093547501447,0.1707515917698669,0.0452895466422225,0.0198694914579391,0.1673620341721912,6.218835642035955,0.0
SAC,3,1024,103,0.03,1.0,0.03,0,fc7d65b37e5960def2158b138acbc496172d106b528e7d16853e4f1f0d007a53,"[-0.12263999134302139, -0.037186793982982635, 0.47996628284454346]","[-0.12207181006669998, 0.919745683670044, -0.3810819089412689]",0.0541083518445107,0.1406402786285868,0.1623250555335323,0.0631936354976561,0.0304553210735321,0.1728543396899825,7.409292440780994,0.0
SAC,3,1024,104,0.03,1.0,0.03,0,fc7d65b37e5960def2158b138acbc496172d106b528e7d16853e4f1f0d007a53,"[0.6484106183052063, -0.8674346804618835, 0.07659447193145752]","[0.5117452144622803, 0.6506502032279968, -0.5617742538452148]",0.095126642815572,0.2007068108530897,0.2853799284467162,0.0703811071709626,0.0337610552087426,0.1973325379768809,8.661772095322448,0.0
SAC,3,1024,105,0.03,1.0,0.03,0,fc7d65b37e5960def2158b138acbc496172d106b528e7d16853e4f1f0d007a53,"[-0.42927682399749756, 0.11211804300546646, 0.4673515558242798]","[-0.602249801158905, -0.4704720079898834, -0.3490790128707886]",0.0327207229025847,0.0875718134611885,0.0981621687077543,0.0455593165056205,0.0713953971862793,0.1240376153788959,4.727884069176492,0.0
SAC,3,1024,106,0.03,1.0,0.03,0,fc7d65b37e5960def2158b138acbc496172d106b528e7d16853e4f1f0d007a53,"[-0.8895044922828674, 0.2718296945095062, -0.8628385663032532]","[0.9502007961273193, -0.6974973678588867, -0.4096177816390991]",0.0336390898039631,0.1168164871991224,0.1009172694118893,0.0214997501928865,0.0205524936318397,0.0981385119240777,2.8425828401234186,0.0
SAC,3,1024,107,0.03,1.0,0.03,0,fc7d65b37e5960def2158b138acbc496172d106b528e7d16853e4f1f0d007a53,"[0.6331554651260376, -0.5412940382957458, -0.558035135269165]","[-0.916957676410675, -0.7854737043380737, 0.4266817569732666]",0.0719824692986112,0.1871457680335028,0.2159474078958338,0.1012055085581025,0.1538282036781311,0.1821922209494726,6.167254683387859,0.0
SAC,3,1024,108,0.03,1.0,0.03,0,fc7d65b37e5960def2158b138acbc496172d106b528e7d16853e4f1f0d007a53,"[0.2364661693572998, 0.06543176621198654, 0.1095544770359993]","[-0.17992550134658813, -0.7554280757904053, 0.9981473684310913]",0.0642381699164324,0.1564051866645122,0.1927145097492973,0.0790483782550802,0.0753296017646789,0.2091605651408359,8.834057077389744,0.0
SAC,3,1024,109,0.03,1.0,0.03,0,fc7d65b37e5960def2158b138acbc496172d106b528e7d16853e4f1f0d007a53,"[0.9988187551498413, 0.9677178263664246, 0.040775928646326065]","[0.3314192593097687, -0.585135817527771, 0.520487904548645]",0.0754056570754198,0.2116393261047895,0.2262169712262595,0.0400000648561543,0.0127986632287502,0.1872160957935742,7.810121264455976,0.0
SAC,3,1024,110,0.03,1.0,0.03,0,fc7d65b37e5960def2158b138acbc496172d106b528e7d16853e4f1f0d007a53,"[-0.10864169895648956, 0.04931486025452614, -0.4704791009426117]","[-0.871351957321167, 0.2730865180492401, -0.019966647028923035]",0.0225055467475558,0.0588737692778562,0.0675166402426676,0.0471648454786864,0.0501982644200325,0.0994256000566363,2.3392642905076,0.0
SAC,3,1024,111,0.03,1.0,0.03,0,fc7d65b37e5960def2158b138acbc496172d106b528e7d16853e4f1f0d007a53,"[-0.6049723625183105, -0.32344892621040344, 0.43083447217941284]","[-0.8419704437255859, -0.16797947883605957, -0.20451059937477112]",0.0284870420929032,0.0475035632258941,0.0854611262787096,0.0391624187217036,0.003536014817655,0.1001419194618662,3.879947325939142,0.0
SAC,3,1024,112,0.03,1.0,0.03,0,fc7d65b37e5960def2158b138acbc496172d106b528e7d16853e4f1f0d007a53,"[0.4448135197162628, -0.9011456966400146, 0.6439449191093445]","[0.9329946637153625, 0.5882050395011902, 0.9689865112304688]",0.0602918512018355,0.1788480348796705,0.1808755536055067,0.0255404982175448,0.0066196508705616,0.1188451958416108,2.414325800506825,0.0
SAC,3,1024,113,0.03,1.0,0.03,0,fc7d65b37e5960def2158b138acbc496172d106b528e7d16853e4f1f0d007a53,"[0.41863173246383667, -0.023482682183384895, 0.2279641479253769]","[-0.4255177676677704, -0.7030157446861267, -0.44172894954681396]",0.0510183476904099,0.1287665534708592,0.1530550430712297,0.0515174102095634,0.0316632091999053,0.1518470652382867,2.13579934574658,0.0
SAC,3,1024,114,0.03,1.0,0.03,0,fc7d65b37e5960def2158b138acbc496172d106b528e7d16853e4f1f0d007a53,"[-0.7814548015594482, -0.6798140406608582, -0.9797838926315308]","[0.11529668420553207, -0.6668115258216858, -0.3657369315624237]",0.0200211426641107,0.0621660009583606,0.0600634279923323,0.0066959166002494,0.0121564120054245,0.075726556064482,1.4447108837125455,0.0
SAC,3,1024,115,0.03,1.0,0.03,0,fc7d65b37e5960def2158b138acbc496172d106b528e7d16853e4f1f0d007a53,"[-0.13505227863788605, -0.6992138028144836, -0.6386840343475342]","[-0.08365152776241302, -0.7399067878723145, -0.1394127458333969]",0.0213456366467425,0.0351671358441699,0.0640369099402275,0.0482374667247504,0.0876180529594421,0.0809825168286178,2.7223727697072064,0.0
SAC,3,1024,116,0.03,1.0,0.03,0,fc7d65b37e5960def2158b138acbc496172d106b528e7d16853e4f1f0d007a53,"[0.0036390621680766344, -0.36614876985549927, -0.6434957981109619]","[0.9050279259681702, 0.8802486658096313, -0.9539850950241089]",0.0862351828965057,0.2104399259365917,0.2587055486895172,0.1319961694563612,0.1448891833424568,0.2235870111612905,7.572302695153247,0.0
SAC,3,1024,117,0.03,1.0,0.03,0,fc7d65b37e5960def2158b138acbc496172d106b528e7d16853e4f1f0d007a53,"[0.11515316367149353, 0.7238221168518066, -0.36945784091949463]","[-0.9954982399940491, 0.7611866593360901, 0.800013542175293]",0.03972349949363,0.1646195982273276,0.1191704984808902,0.0139145698214386,0.0085909161716699,0.1187843693759376,5.802452686220232,0.0
SAC,3,1024,118,0.03,1.0,0.03,0,fc7d65b37e5960def2158b138acbc496172d106b528e7d16853e4f1f0d007a53,"[0.7532855868339539, -0.8538441061973572, 0.6052027344703674]","[0.3583809733390808, -0.14669764041900635, -0.04589289054274559]",0.0362129378901269,0.0821543041388967,0.1086388136703809,0.0307645574844453,0.0148339159786701,0.1004568787287001,4.638261446179604,0.0
SAC,3,1024,119,0.03,1.0,0.03,0,fc7d65b37e5960def2158b138acbc496172d106b528e7d16853e4f1f0d007a53,"[0.9546050429344177, -0.7296091914176941, 0.7618905305862427]","[-0.6044704914093018, 0.3422892987728119, 0.2229812741279602]",0.035790746776288,0.1067915121755342,0.107372240328864,0.0367397102929743,0.0060852542519569,0.1193391188719028,3.707291237980178,0.0
SAC,3,1024,100,0.05,1.0,0.05,0,fc7d65b37e5960def2158b138acbc496172d106b528e7d16853e4f1f0d007a53,"[-0.6200170516967773, 0.9629579782485962, -0.4305199086666107]","[0.2585463523864746, 0.16207295656204224, 0.19982454180717468]",0.0681554876888791,0.1058499137541755,0.2044664630666375,0.1055936978003125,0.0493140798062086,0.1735853441338289,5.042438509639405,0.0
SAC,3,1024,101,0.05,1.0,0.05,0,fc7d65b37e5960def2158b138acbc496172d106b528e7d16853e4f1f0d007a53,"[-0.550951361656189, 0.6109917163848877, 0.3617924749851227]","[-0.05787895619869232, -0.9383890628814697, 0.7895963788032532]",0.0606843592376074,0.1712397848387515,0.1820530777128222,0.0442165817927431,0.0581814646720886,0.1688464621356003,7.822803655287743,0.0
SAC,3,1024,102,0.05,1.0,0.05,0,fc7d65b37e5960def2158b138acbc496172d106b528e7d16853e4f1f0d007a53,"[-0.5149568915367126, -0.7814074754714966, -0.3089001476764679]","[0.5584290027618408, 0.0793050229549408, 0.8485109210014343]",0.0657928260333576,0.1659342346630774,0.1973784781000727,0.0721316671826773,0.031256690621376,0.1799062338850444,6.255799596800938,0.0
SAC,3,1024,103,0.05,1.0,0.05,0,fc7d65b37e5960def2158b138acbc496172d106b528e7d16853e4f1f0d007a53,"[-0.12263999134302139, -0.037186793982982635, 0.47996628284454346]","[-0.12207181006669998, 0.919745683670044, -0.3810819089412689]",0.0610679279705501,0.142974468408053,0.1832037839116505,0.1019390401326947,0.0496727526187896,0.2180367074999726,7.626482800844883,0.0
SAC,3,1024,104,0.05,1.0,0.05,0,fc7d65b37e5960def2158b138acbc496172d106b528e7d16853e4f1f0d007a53,"[0.6484106183052063, -0.8674346804618835, 0.07659447193145752]","[0.5117452144622803, 0.6506502032279968, -0.5617742538452148]",0.1193774996227828,0.2175329957415219,0.3581324988683486,0.1120194917958643,0.0524769015610218,0.2277340639261831,8.778013205771186,0.0
SAC,3,1024,105,0.05,1.0,0.05,0,fc7d65b37e5960def2158b138acbc496172d106b528e7d16853e4f1f0d007a53,"[-0.42927682399749756, 0.11211804300546646, 0.4673515558242798]","[-0.602249801158905, -0.4704720079898834, -0.3490790128707886]",0.037981250879981,0.0890437582647349,0.1139437526399432,0.0762632658452163,0.120701253414154,0.1319335523686206,4.766025836674681,0.0
SAC,3,1024,106,0.05,1.0,0.05,0,fc7d65b37e5960def2158b138acbc496172d106b528e7d16853e4f1f0d007a53,"[-0.8895044922828674, 0.2718296945095062, -0.8628385663032532]","[0.9502007961273193, -0.6974973678588867, -0.4096177816390991]",0.042076641476751,0.1181947652234804,0.1262299244302531,0.0346341787515507,0.0314985075965523,0.1184760959368394,2.916291762129549,0.0
SAC,3,1024,107,0.05,1.0,0.05,0,fc7d65b37e5960def2158b138acbc496172d106b528e7d16853e4f1f0d007a53,"[0.6331554651260376, -0.5412940382957458, -0.558035135269165]","[-0.916957676410675, -0.7854737043380737, 0.4266817569732666]",0.0839637684506532,0.1924660040330666,0.2518913053519596,0.1580638646343607,0.2106297612190246,0.2058516024354093,6.270928134305667,0.0
SAC,3,1024,108,0.05,1.0,0.05,0,fc7d65b37e5960def2158b138acbc496172d106b528e7d16853e4f1f0d007a53,"[0.2364661693572998, 0.06543176621198654, 0.1095544770359993]","[-0.17992550134658813, -0.7554280757904053, 0.9981473684310913]",0.0738466674011395,0.1581383031454719,0.2215400022034187,0.1309096077802004,0.1276236176490783,0.2156533410127026,8.893221748060398,0.0
SAC,3,1024,109,0.05,1.0,0.05,0,fc7d65b37e5960def2158b138acbc496172d106b528e7d16853e4f1f0d007a53,"[0.9988187551498413, 0.9677178263664246, 0.040775928646326065]","[0.3314192593097687, -0.585135817527771, 0.520487904548645]",0.0809851090736526,0.2096647099468102,0.2429553272209578,0.0665685663367679,0.021937072277069,0.2051084041595459,7.821412415395136,0.0
SAC,3,1024,110,0.05,1.0,0.05,0,fc7d65b37e5960def2158b138acbc496172d106b528e7d16853e4f1f0d007a53,"[-0.10864169895648956, 0.04931486025452614, -0.4704791009426117]","[-0.871351957321167, 0.2730865180492401, -0.019966647028923035]",0.0288725901849518,0.0631588592812004,0.0866177705548555,0.0729566109711649,0.0680532120168209,0.1398397235204454,2.5090901992573293,0.0
SAC,3,1024,111,0.05,1.0,0.05,0,fc7d65b37e5960def2158b138acbc496172d106b528e7d16853e4f1f0d007a53,"[-0.6049723625183105, -0.32344892621040344, 0.43083447217941284]","[-0.8419704437255859, -0.16797947883605957, -0.20451059937477112]",0.0428633979606463,0.0648630302680672,0.1285901938819389,0.0578086389326433,0.0041196970269083,0.1267380660906099,3.965240618214565,0.0
SAC,3,1024,112,0.05,1.0,0.05,0,fc7d65b37e5960def2158b138acbc496172d106b528e7d16853e4f1f0d007a53,"[0.4448135197162628, -0.9011456966400146, 0.6439449191093445]","[0.9329946637153625, 0.5882050395011902, 0.9689865112304688]",0.0647716019914198,0.1785712186061056,0.1943148059742594,0.0364081184264778,0.0059035196900367,0.1429257779347331,2.531818962839779,0.0
SAC,3,1024,113,0.05,1.0,0.05,0,fc7d65b37e5960def2158b138acbc496172d106b528e7d16853e4f1f0d007a53,"[0.41863173246383667, -0.023482682183384895, 0.2279641479253769]","[-0.4255177676677704, -0.7030157446861267, -0.44172894954681396]",0.0597529211592514,0.1312602161824604,0.1792587634777543,0.079836012703585,0.0434797406196594,0.1756256256912117,2.136308597346644,0.0
SAC,3,1024,114,0.05,1.0,0.05,0,fc7d65b37e5960def2158b138acbc496172d106b528e7d16853e4f1f0d007a53,"[-0.7814548015594482, -0.6798140406608582, -0.9797838926315308]","[0.11529668420553207, -0.6668115258216858, -0.3657369315624237]",0.0217602331416196,0.0621754930418123,0.065280699424859,0.0091859340598737,0.0199173092842102,0.0977281876038434,1.482395696330994,0.0
SAC,3,1024,115,0.05,1.0,0.05,0,fc7d65b37e5960def2158b138acbc496172d106b528e7d16853e4f1f0d007a53,"[-0.13505227863788605, -0.6992138028144836, -0.6386840343475342]","[-0.08365152776241302, -0.7399067878723145, -0.1394127458333969]",0.0322217994895225,0.050209853081617,0.0966653984685677,0.0771626905526643,0.1447602808475494,0.1042561816455717,2.776135470137058,0.0
SAC,3,1024,116,0.05,1.0,0.05,0,fc7d65b37e5960def2158b138acbc496172d106b528e7d16853e4f1f0d007a53,"[0.0036390621680766344, -0.36614876985549927, -0.6434957981109619]","[0.9050279259681702, 0.8802486658096313, -0.9539850950241089]",0.1030334001139939,0.2215908461911391,0.3091002003419819,0.2164062464862694,0.1865475140511989,0.2458567536085323,7.757763312621972,0.0
SAC,3,1024,117,0.05,1.0,0.05,0,fc7d65b37e5960def2158b138acbc496172d106b528e7d16853e4f1f0d007a53,"[0.11515316367149353, 0.7238221168518066, -0.36945784091949463]","[-0.9954982399940491, 0.7611866593360901, 0.800013542175293]",0.0414332507994159,0.1636561295300974,0.1242997523982477,0.020267757092729,0.010585268959403,0.1330760185260725,5.836463668559623,0.0
SAC,3,1024,118,0.05,1.0,0.05,0,fc7d65b37e5960def2158b138acbc496172d106b528e7d16853e4f1f0d007a53,"[0.7532855868339539, -0.8538441061973572, 0.6052027344703674]","[0.3583809733390808, -0.14669764041900635, -0.04589289054274559]",0.0473084278504967,0.0931514187268377,0.1419252835514901,0.0476307549663347,0.0282303765416145,0.1106385625805938,4.673174048145177,0.0
SAC,3,1024,119,0.05,1.0,0.05,0,fc7d65b37e5960def2158b138acbc496172d106b528e7d16853e4f1f0d007a53,"[0.9546050429344177, -0.7296091914176941, 0.7618905305862427]","[-0.6044704914093018, 0.3422892987728119, 0.2229812741279602]",0.0466045420090431,0.1107883951825136,0.1398136260271295,0.0545777965130077,0.0073440298438072,0.1473337236485279,3.703609291602035,0.0
SAC,3,1024,100,0.03,2.0,0.06,0,fc7d65b37e5960def2158b138acbc496172d106b528e7d16853e4f1f0d007a53,"[-0.6200170516967773, 0.9629579782485962, -0.4305199086666107]","[0.2585463523864746, 0.16207295656204224, 0.19982454180717468]",0.0782705635461005,0.1165432408016462,0.2348116906383016,0.1265682300299773,0.0574409645050764,0.1914765103499491,5.156881902559923,0.0
SAC,3,1024,101,0.03,2.0,0.06,0,fc7d65b37e5960def2158b138acbc496172d106b528e7d16853e4f1f0d007a53,"[-0.550951361656189, 0.6109917163848877, 0.3617924749851227]","[-0.05787895619869232, -0.9383890628814697, 0.7895963788032532]",0.0633778164023107,0.172438091456566,0.1901334492069323,0.0516546752165865,0.0653413534164428,0.1725640267208033,7.829368440299217,0.0
SAC,3,1024,102,0.03,2.0,0.06,0,fc7d65b37e5960def2158b138acbc496172d106b528e7d16853e4f1f0d007a53,"[-0.5149568915367126, -0.7814074754714966, -0.3089001476764679]","[0.5584290027618408, 0.0793050229549408, 0.8485109210014343]",0.0704754300180169,0.1670206259745189,0.2114262900540507,0.0839365866426148,0.0367851853370666,0.1873415015879414,6.290859661800713,0.0
SAC,3,1024,103,0.03,2.0,0.06,0,fc7d65b37e5960def2158b138acbc496172d106b528e7d16853e4f1f0d007a53,"[-0.12263999134302139, -0.037186793982982635, 0.47996628284454346]","[-0.12207181006669998, 0.919745683670044, -0.3810819089412689]",0.0655613135165555,0.1448709590182229,0.1966839405496667,0.1221956429014235,0.0584032833576202,0.242408312466971,7.789358175399105,0.0
SAC,3,1024,104,0.03,2.0,0.06,0,fc7d65b37e5960def2158b138acbc496172d106b528e7d16853e4f1f0d007a53,"[0.6484106183052063, -0.8674346804618835, 0.07659447193145752]","[0.5117452144622803, 0.6506502032279968, -0.5617742538452148]",0.1317625690212106,0.2274269756878705,0.3952877070636319,0.1335608901536483,0.0596372177824378,0.2433447778373585,8.857729974999717,0.0
SAC,3,1024,105,0.03,2.0,0.06,0,fc7d65b37e5960def2158b138acbc496172d106b528e7d16853e4f1f0d007a53,"[-0.42927682399749756, 0.11211804300546646, 0.4673515558242798]","[-0.602249801158905, -0.4704720079898834, -0.3490790128707886]",0.0411890108732108,0.0903064675534756,0.1235670326196326,0.0919749160975585,0.1462949514389038,0.136556826922067,4.7869257458248144,0.0
SAC,3,1024,106,0.03,2.0,0.06,0,fc7d65b37e5960def2158b138acbc496172d106b528e7d16853e4f1f0d007a53,"[-0.8895044922828674, 0.2718296945095062, -0.8628385663032532]","[0.9502007961273193, -0.6974973678588867, -0.4096177816390991]",0.0467327797879462,0.1197949502177686,0.1401983393638387,0.0412636954297116,0.0357805453240871,0.1275095154816967,2.955254002222569,0.0
SAC,3,1024,107,0.03,2.0,0.06,0,fc7d65b37e5960def2158b138acbc496172d106b528e7d16853e4f1f0d007a53,"[0.6331554651260376, -0.5412940382957458, -0.558035135269165]","[-0.916957676410675, -0.7854737043380737, 0.4266817569732666]",0.0898719886519132,0.1959385671296712,0.2696159659557398,0.1870845594891795,0.2383235692977905,0.2187736569497353,6.347310245691521,0.0
SAC,3,1024,108,0.03,2.0,0.06,0,fc7d65b37e5960def2158b138acbc496172d106b528e7d16853e4f1f0d007a53,"[0.2364661693572998, 0.06543176621198654, 0.1095544770359993]","[-0.17992550134658813, -0.7554280757904053, 0.9981473684310913]",0.0786773368649661,0.1594723910302895,0.2360320105948984,0.1570677966063405,0.1544906497001648,0.2192893277974497,8.925433086663594,0.0
SAC,3,1024,109,0.03,2.0,0.06,0,fc7d65b37e5960def2158b138acbc496172d106b528e7d16853e4f1f0d007a53,"[0.9988187551498413, 0.9677178263664246, 0.040775928646326065]","[0.3314192593097687, -0.585135817527771, 0.520487904548645]",0.0840008258827321,0.2090824709315621,0.2520024776481965,0.0794398398828451,0.0278046019375324,0.2140662485821883,7.8349821074814034,0.0
SAC,3,1024,110,0.03,2.0,0.06,0,fc7d65b37e5960def2158b138acbc496172d106b528e7d16853e4f1f0d007a53,"[-0.10864169895648956, 0.04931486025452614, -0.4704791009426117]","[-0.871351957321167, 0.2730865180492401, -0.019966647028923035]",0.0322497279014738,0.0660248426092022,0.0967491837044216,0.0863937747745234,0.0786368735134601,0.1602721880201686,2.632281866964678,0.0
SAC,3,1024,111,0.03,2.0,0.06,0,fc7d65b37e5960def2158b138acbc496172d106b528e7d16853e4f1f0d007a53,"[-0.6049723625183105, -0.32344892621040344, 0.43083447217941284]","[-0.8419704437255859, -0.16797947883605957, -0.20451059937477112]",0.0499026701086551,0.0742729577369437,0.1497080103259654,0.0666218844046931,0.0049499003216624,0.1396350307654859,4.033231045512096,0.0
SAC,3,1024,112,0.03,2.0,0.06,0,fc7d65b37e5960def2158b138acbc496172d106b528e7d16853e4f1f0d007a53,"[0.4448135197162628, -0.9011456966400146, 0.6439449191093445]","[0.9329946637153625, 0.5882050395011902, 0.9689865112304688]",0.0673972338595577,0.1788896500460894,0.202191701578673,0.0414691435943507,0.0060008987784385,0.1545971361478962,2.592081603923134,0.0
SAC,3,1024,113,0.03,2.0,0.06,0,fc7d65b37e5960def2158b138acbc496172d106b528e7d16853e4f1f0d007a53,"[0.41863173246383667, -0.023482682183384895, 0.2279641479253769]","[-0.4255177676677704, -0.7030157446861267, -0.44172894954681396]",0.0643066687908887,0.1337487715291546,0.1929200063726662,0.09433107494871,0.0521232038736343,0.1883561373351518,2.179806639319472,0.0
SAC,3,1024,114,0.03,2.0,0.06,0,fc7d65b37e5960def2158b138acbc496172d106b528e7d16853e4f1f0d007a53,"[-0.7814548015594482, -0.6798140406608582, -0.9797838926315308]","[0.11529668420553207, -0.6668115258216858, -0.3657369315624237]",0.0227400391580922,0.0622803715750514,0.0682201174742767,0.0105327428519771,0.0238702148199081,0.1090466119999302,1.514414872425803,0.0
SAC,3,1024,115,0.03,2.0,0.06,0,fc7d65b37e5960def2158b138acbc496172d106b528e7d16853e4f1f0d007a53,"[-0.13505227863788605, -0.6992138028144836, -0.6386840343475342]","[-0.08365152776241302, -0.7399067878723145, -0.1394127458333969]",0.0377566733324771,0.0583292191902712,0.1132700199974315,0.0918101921367148,0.1744177937507629,0.1162002764437858,2.8139945426081425,0.0
SAC,3,1024,116,0.03,2.0,0.06,0,fc7d65b37e5960def2158b138acbc496172d106b528e7d16853e4f1f0d007a53,"[0.0036390621680766344, -0.36614876985549927, -0.6434957981109619]","[0.9050279259681702, 0.8802486658096313, -0.9539850950241089]",0.1115192121081751,0.2279182626084303,0.3345576363245253,0.2587065713273154,0.2232249416410923,0.2581937200113425,7.86040160291364,0.0
SAC,3,1024,117,0.03,2.0,0.06,0,fc7d65b37e5960def2158b138acbc496172d106b528e7d16853e4f1f0d007a53,"[0.11515316367149353, 0.7238221168518066, -0.36945784091949463]","[-0.9954982399940491, 0.7611866593360901, 0.800013542175293]",0.0425321734659389,0.1632739845859297,0.1275965203978167,0.023761520176597,0.0115498304367065,0.1412489503399095,5.862406174141871,0.0
SAC,3,1024,118,0.03,2.0,0.06,0,fc7d65b37e5960def2158b138acbc496172d106b528e7d16853e4f1f0d007a53,"[0.7532855868339539, -0.8538441061973572, 0.6052027344703674]","[0.3583809733390808, -0.14669764041900635, -0.04589289054274559]",0.0530264974192035,0.099607214457967,0.1590794922576107,0.0557851633603144,0.0309481434524059,0.1153363224276877,4.691415015621877,0.0
SAC,3,1024,119,0.03,2.0,0.06,0,fc7d65b37e5960def2158b138acbc496172d106b528e7d16853e4f1f0d007a53,"[0.9546050429344177, -0.7296091914176941, 0.7618905305862427]","[-0.6044704914093018, 0.3422892987728119, 0.2229812741279602]",0.0518473156146064,0.1135855942949378,0.1555419468438192,0.0630547180771827,0.0081551410257816,0.1622179018291749,3.7298457064721138,0.0
SAC,3,1024,100,0.05,2.0,0.1,0,fc7d65b37e5960def2158b138acbc496172d106b528e7d16853e4f1f0d007a53,"[-0.6200170516967773, 0.9629579782485962, -0.4305199086666107]","[0.2585463523864746, 0.16207295656204224, 0.19982454180717468]",0.1194716420013795,0.1643213431177669,0.3584149260041385,0.2109722927281702,0.09525135345757,0.2637403825869286,5.796008848539379,0.0
SAC,3,1024,101,0.05,2.0,0.1,0,fc7d65b37e5960def2158b138acbc496172d106b528e7d16853e4f1f0d007a53,"[-0.550951361656189, 0.6109917163848877, 0.3617924749851227]","[-0.05787895619869232, -0.9383890628814697, 0.7895963788032532]",0.0749811090820051,0.1783926226793163,0.2249433272460155,0.0874435444488937,0.0967976748943328,0.1907351623449539,7.909508816393404,0.0
SAC,3,1024,102,0.05,2.0,0.1,0,fc7d65b37e5960def2158b138acbc496172d106b528e7d16853e4f1f0d007a53,"[-0.5149568915367126, -0.7814074754714966, -0.3089001476764679]","[0.5584290027618408, 0.0793050229549408, 0.8485109210014343]",0.0898861210500621,0.1746207039246159,0.2696583631501865,0.128510685591602,0.0584380701184272,0.2158638004055641,6.4350935344149525,0.0
SAC,3,1024,103,0.05,2.0,0.1,0,fc7d65b37e5960def2158b138acbc496172d106b528e7d16853e4f1f0d007a53,"[-0.12263999134302139, -0.037186793982982635, 0.47996628284454346]","[-0.12207181006669998, 0.919745683670044, -0.3810819089412689]",0.0841194949331921,0.1564564880162096,0.2523584847995765,0.1998062887585457,0.0847393274307251,0.3388502288637613,8.762701728610685,0.0
SAC,3,1024,104,0.05,2.0,0.1,0,fc7d65b37e5960def2158b138acbc496172d106b528e7d16853e4f1f0d007a53,"[0.6484106183052063, -0.8674346804618835, 0.07659447193145752]","[0.5117452144622803, 0.6506502032279968, -0.5617742538452148]",0.1829770850689256,0.2747337648116998,0.548931255206777,0.2244170937244493,0.1056196761783212,0.3010624602548499,9.298492385288467,0.0
SAC,3,1024,105,0.05,2.0,0.1,0,fc7d65b37e5960def2158b138acbc496172d106b528e7d16853e4f1f0d007a53,"[-0.42927682399749756, 0.11211804300546646, 0.4673515558242798]","[-0.602249801158905, -0.4704720079898834, -0.3490790128707886]",0.0561786658151488,0.0995943169687139,0.1685359974454466,0.1573298577173256,0.2556150555610657,0.1584969393332997,4.943720566947687,0.0
SAC,3,1024,106,0.05,2.0,0.1,0,fc7d65b37e5960def2158b138acbc496172d106b528e7d16853e4f1f0d007a53,"[-0.8895044922828674, 0.2718296945095062, -0.8628385663032532]","[0.9502007961273193, -0.6974973678588867, -0.4096177816390991]",0.0675009114267916,0.1327476404894949,0.2025027342803748,0.0671298110420689,0.0559357702732086,0.1641614686818491,3.160784259347693,0.0
SAC,3,1024,107,0.05,2.0,0.1,0,fc7d65b37e5960def2158b138acbc496172d106b528e7d16853e4f1f0d007a53,"[0.6331554651260376, -0.5412940382957458, -0.558035135269165]","[-0.916957676410675, -0.7854737043380737, 0.4266817569732666]",0.1135659257951792,0.2144678566409243,0.3406977773855377,0.303086722706571,0.3585546612739563,0.2776007866324332,6.8365201324255,0.0
SAC,3,1024,108,0.05,2.0,0.1,0,fc7d65b37e5960def2158b138acbc496172d106b528e7d16853e4f1f0d007a53,"[0.2364661693572998, 0.06543176621198654, 0.1095544770359993]","[-0.17992550134658813, -0.7554280757904053, 0.9981473684310913]",0.0990638737164202,0.1684992022821733,0.2971916211492607,0.271314930860643,0.2553305029869079,0.2357074590097936,9.079599488018028,0.0
SAC,3,1024,109,0.05,2.0,0.1,0,fc7d65b37e5960def2158b138acbc496172d106b528e7d16853e4f1f0d007a53,"[0.9988187551498413, 0.9677178263664246, 0.040775928646326065]","[0.3314192593097687, -0.585135817527771, 0.520487904548645]",0.0980007650302792,0.2095101634735396,0.2940022950908378,0.1288545617580781,0.0465849749743938,0.2532105487481019,7.973210691656735,0.0
SAC,3,1024,110,0.05,2.0,0.1,0,fc7d65b37e5960def2158b138acbc496172d106b528e7d16853e4f1f0d007a53,"[-0.10864169895648956, 0.04931486025452614, -0.4704791009426117]","[-0.871351957321167, 0.2730865180492401, -0.019966647028923035]",0.0464940344506808,0.081006713596791,0.1394821033520424,0.1438033905593149,0.1265579983592033,0.2443551416706266,3.378484399303207,0.0
SAC,3,1024,111,0.05,2.0,0.1,0,fc7d65b37e5960def2158b138acbc496172d106b528e7d16853e4f1f0d007a53,"[-0.6049723625183105, -0.32344892621040344, 0.43083447217941284]","[-0.8419704437255859, -0.16797947883605957, -0.20451059937477112]",0.0773401938747314,0.1135089742241669,0.2320205816241942,0.1004498111842959,0.0076719960197806,0.1922782097671394,4.440236970061668,0.0
SAC,3,1024,112,0.05,2.0,0.1,0,fc7d65b37e5960def2158b138acbc496172d106b528e7d16853e4f1f0d007a53,"[0.4448135197162628, -0.9011456966400146, 0.6439449191093445]","[0.9329946637153625, 0.5882050395011902, 0.9689865112304688]",0.0789912776597284,0.1824610169175592,0.2369738329791851,0.0626435610063282,0.0115071907639503,0.202300401102575,2.903012958803868,0.0
SAC,3,1024,113,0.05,2.0,0.1,0,fc7d65b37e5960def2158b138acbc496172d106b528e7d16853e4f1f0d007a53,"[0.41863173246383667, -0.023482682183384895, 0.2279641479253769]","[-0.4255177676677704, -0.7030157446861267, -0.44172894954681396]",0.0835706698537919,0.151618693469847,0.2507120095613758,0.1534075535730355,0.093269407749176,0.2434934701705514,2.631286471039175,0.0
SAC,3,1024,114,0.05,2.0,0.1,0,fc7d65b37e5960def2158b138acbc496172d106b528e7d16853e4f1f0d007a53,"[-0.7814548015594482, -0.6798140406608582, -0.9797838926315308]","[0.11529668420553207, -0.6668115258216858, -0.3657369315624237]",0.0269783739736404,0.0632702653071652,0.0809351219209213,0.0167957966181415,0.0423381328582763,0.1551480988909181,1.7335003383914824,0.0
SAC,3,1024,115,0.05,2.0,0.1,0,fc7d65b37e5960def2158b138acbc496172d106b528e7d16853e4f1f0d007a53,"[-0.13505227863788605, -0.6992138028144836, -0.6386840343475342]","[-0.08365152776241302, -0.7399067878723145, -0.1394127458333969]",0.0592963151124337,0.09236078847663,0.1778889453373013,0.1528960447068567,0.2930613905191421,0.1653105653729522,3.070930062404469,0.0
SAC,3,1024,116,0.05,2.0,0.1,0,fc7d65b37e5960def2158b138acbc496172d106b528e7d16853e4f1f0d007a53,"[0.0036390621680766344, -0.36614876985549927, -0.6434957981109619]","[0.9050279259681702, 0.8802486658096313, -0.9539850950241089]",0.1462408914161088,0.2574441089906746,0.4387226742483266,0.4266754534141517,0.3625747188925743,0.3161168217361716,8.422579316811186,0.0
SAC,3,1024,117,0.05,2.0,0.1,0,fc7d65b37e5960def2158b138acbc496172d106b528e7d16853e4f1f0d007a53,"[0.11515316367149353, 0.7238221168518066, -0.36945784091949463]","[-0.9954982399940491, 0.7611866593360901, 0.800013542175293]",0.0485419119839461,0.1624866811376553,0.1456257359518384,0.0395377779057548,0.0172022320330142,0.1789960397449217,6.030934488614486,0.0
SAC,3,1024,118,0.05,2.0,0.1,0,fc7d65b37e5960def2158b138acbc496172d106b528e7d16853e4f1f0d007a53,"[0.7532855868339539, -0.8538441061973572, 0.6052027344703674]","[0.3583809733390808, -0.14669764041900635, -0.04589289054274559]",0.076849324692773,0.1298292549640134,0.2305479740783191,0.0887344787242235,0.0412226133048534,0.1369277152634618,4.784210553528055,0.0
SAC,3,1024,119,0.05,2.0,0.1,0,fc7d65b37e5960def2158b138acbc496172d106b528e7d16853e4f1f0d007a53,"[0.9546050429344177, -0.7296091914176941, 0.7618905305862427]","[-0.6044704914093018, 0.3422892987728119, 0.2229812741279602]",0.0733942209858314,0.1289786641546526,0.2201826629574942,0.0950890344820548,0.0118119344115257,0.2196905880497578,3.992583535609987,0.0
SAC,3,123,100,0.03,1.0,0.03,0,64c674e453505f1d11a5d9c5bf19036d489468f97de388844d3b4c4cd5f9d803,"[-0.6200170516967773, 0.9629579782485962, -0.4305199086666107]","[0.2585463523864746, 0.16207295656204224, 0.19982454180717468]",0.0478266640167593,0.0882532639541823,0.143479992050278,0.0632034042666171,0.0268604382872581,0.1322002363323868,4.911092529406301,0.0
SAC,3,123,101,0.03,1.0,0.03,0,64c674e453505f1d11a5d9c5bf19036d489468f97de388844d3b4c4cd5f9d803,"[-0.550951361656189, 0.6109917163848877, 0.3617924749851227]","[-0.05787895619869232, -0.9383890628814697, 0.7895963788032532]",0.0538026859487561,0.1660714446959633,0.1614080578462683,0.0343953942259152,0.034445583820343,0.1617901295497827,7.570096825623063,0.0
SAC,3,123,102,0.03,1.0,0.03,0,64c674e453505f1d11a5d9c5bf19036d489468f97de388844d3b4c4cd5f9d803,"[-0.5149568915367126, -0.7814074754714966, -0.3089001476764679]","[0.5584290027618408, 0.0793050229549408, 0.8485109210014343]",0.0569003475975115,0.1673356083719493,0.1707010427925345,0.0383978616561234,0.012861430644989,0.1512676926325087,5.105241931305784,0.0
SAC,3,123,103,0.03,1.0,0.03,0,64c674e453505f1d11a5d9c5bf19036d489468f97de388844d3b4c4cd5f9d803,"[-0.12263999134302139, -0.037186793982982635, 0.47996628284454346]","[-0.12207181006669998, 0.919745683670044, -0.3810819089412689]",0.0533056942550953,0.1418598416735299,0.1599170827652859,0.0613289281817866,0.0299915373325347,0.1745639382455117,7.755929567068768,0.0
SAC,3,123,104,0.03,1.0,0.03,0,64c674e453505f1d11a5d9c5bf19036d489468f97de388844d3b4c4cd5f9d803,"[0.6484106183052063, -0.8674346804618835, 0.07659447193145752]","[0.5117452144622803, 0.6506502032279968, -0.5617742538452148]",0.0964190407090217,0.2016272514134695,0.2892571221270651,0.0697010629522947,0.0373121169395744,0.1966910017398824,8.83693629248686,0.0
SAC,3,123,105,0.03,1.0,0.03,0,64c674e453505f1d11a5d9c5bf19036d489468f97de388844d3b4c4cd5f9d803,"[-0.42927682399749756, 0.11211804300546646, 0.4673515558242798]","[-0.602249801158905, -0.4704720079898834, -0.3490790128707886]",0.0305582856858522,0.0858588428342434,0.0916748570575567,0.0423157421159155,0.0708474516868591,0.1151439156615526,3.92672698806999,0.0
SAC,3,123,106,0.03,1.0,0.03,0,64c674e453505f1d11a5d9c5bf19036d489468f97de388844d3b4c4cd5f9d803,"[-0.8895044922828674, 0.2718296945095062, -0.8628385663032532]","[0.9502007961273193, -0.6974973678588867, -0.4096177816390991]",0.0338241986108592,0.1185081453337797,0.1014725958325777,0.0194167297615175,0.0166552485898137,0.0917005479484425,2.86582447043931,0.0
SAC,3,123,107,0.03,1.0,0.03,0,64c674e453505f1d11a5d9c5bf19036d489468f97de388844d3b4c4cd5f9d803,"[0.6331554651260376, -0.5412940382957458, -0.558035135269165]","[-0.916957676410675, -0.7854737043380737, 0.4266817569732666]",0.0707634975402116,0.1863234546462552,0.2122904926206349,0.0938167347584241,0.0931881666183471,0.1716819178136507,6.015472490156828,0.0
SAC,3,123,108,0.03,1.0,0.03,0,64c674e453505f1d11a5d9c5bf19036d489468f97de388844d3b4c4cd5f9d803,"[0.2364661693572998, 0.06543176621198654, 0.1095544770359993]","[-0.17992550134658813, -0.7554280757904053, 0.9981473684310913]",0.0642247260087545,0.157295145484876,0.1926741780262635,0.0775456385985936,0.0733460187911987,0.2012689523863376,8.250774568107227,0.0
SAC,3,123,109,0.03,1.0,0.03,0,64c674e453505f1d11a5d9c5bf19036d489468f97de388844d3b4c4cd5f9d803,"[0.9988187551498413, 0.9677178263664246, 0.040775928646326065]","[0.3314192593097687, -0.585135817527771, 0.520487904548645]",0.0743684120958551,0.2113545723235749,0.2231052362875655,0.0387975602284257,0.0143309794366359,0.1765435687324352,8.051230329087867,0.0
SAC,3,123,110,0.03,1.0,0.03,0,64c674e453505f1d11a5d9c5bf19036d489468f97de388844d3b4c4cd5f9d803,"[-0.10864169895648956, 0.04931486025452614, -0.4704791009426117]","[-0.871351957321167, 0.2730865180492401, -0.019966647028923035]",0.0209990442043026,0.0581847775768924,0.0629971326129079,0.0425706739353452,0.0352285914123058,0.1037857663304431,2.5058546551916407,0.0
SAC,3,123,111,0.03,1.0,0.03,0,64c674e453505f1d11a5d9c5bf19036d489468f97de388844d3b4c4cd5f9d803,"[-0.6049723625183105, -0.32344892621040344, 0.43083447217941284]","[-0.8419704437255859, -0.16797947883605957, -0.20451059937477112]",0.0257569868945929,0.0448611917116041,0.0772709606837787,0.0302500528639849,0.0052570533007383,0.0877992773888414,3.2416501656388306,0.0
SAC,3,123,112,0.03,1.0,0.03,0,64c674e453505f1d11a5d9c5bf19036d489468f97de388844d3b4c4cd5f9d803,"[0.4448135197162628, -0.9011456966400146, 0.6439449191093445]","[0.9329946637153625, 0.5882050395011902, 0.9689865112304688]",0.0599831005367539,0.1795576728350243,0.1799493016102618,0.0180277087708452,0.003082275390625,0.1211279116366569,2.719481381842942,0.0
SAC,3,123,113,0.03,1.0,0.03,0,64c674e453505f1d11a5d9c5bf19036d489468f97de388844d3b4c4cd5f9d803,"[0.41863173246383667, -0.023482682183384895, 0.2279641479253769]","[-0.4255177676677704, -0.7030157446861267, -0.44172894954681396]",0.051421266700995,0.1248428311757019,0.1542638001029851,0.0499067794083169,0.0335480868816375,0.1459539471719033,2.117220336282585,0.0
SAC,3,123,114,0.03,1.0,0.03,0,64c674e453505f1d11a5d9c5bf19036d489468f97de388844d3b4c4cd5f9d803,"[-0.7814548015594482, -0.6798140406608582, -0.9797838926315308]","[0.11529668420553207, -0.6668115258216858, -0.3657369315624237]",0.0200032001374411,0.0624881417687346,0.0600096004123235,0.0103579088930546,0.022467702627182,0.0708471795269973,1.647828670012922,0.0
SAC,3,123,115,0.03,1.0,0.03,0,64c674e453505f1d11a5d9c5bf19036d489468f97de388844d3b4c4cd5f9d803,"[-0.13505227863788605, -0.6992138028144836, -0.6386840343475342]","[-0.08365152776241302, -0.7399067878723145, -0.1394127458333969]",0.018993805916647,0.0332185488132647,0.056981417749941,0.0494269375332895,0.0885740518569946,0.0715753068947732,2.3094929273288445,0.0
SAC,3,123,116,0.03,1.0,0.03,0,64c674e453505f1d11a5d9c5bf19036d489468f97de388844d3b4c4cd5f9d803,"[0.0036390621680766344, -0.36614876985549927, -0.6434957981109619]","[0.9050279259681702, 0.8802486658096313, -0.9539850950241089]",0.0868030276580335,0.202131993374578,0.2604090829741005,0.1355916721815312,0.1100428830832243,0.2011898128766371,6.163118837539748,0.0
SAC,3,123,117,0.03,1.0,0.03,0,64c674e453505f1d11a5d9c5bf19036d489468f97de388844d3b4c4cd5f9d803,"[0.11515316367149353, 0.7238221168518066, -0.36945784091949463]","[-0.9954982399940491, 0.7611866593360901, 0.800013542175293]",0.0378069636322548,0.165249337284411,0.1134208908967645,0.0113917378260305,0.0079068802297115,0.118673338854402,6.152069551642632,0.0
SAC,3,123,118,0.03,1.0,0.03,0,64c674e453505f1d11a5d9c5bf19036d489468f97de388844d3b4c4cd5f9d803,"[0.7532855868339539, -0.8538441061973572, 0.6052027344703674]","[0.3583809733390808, -0.14669764041900635, -0.04589289054274559]",0.0347754480779799,0.0791244919521395,0.1043263442339398,0.0294318944675686,0.0168019570410251,0.0963469818048643,4.424745020432638,0.0
SAC,3,123,119,0.03,1.0,0.03,0,64c674e453505f1d11a5d9c5bf19036d489468f97de388844d3b4c4cd5f9d803,"[0.9546050429344177, -0.7296091914176941, 0.7618905305862427]","[-0.6044704914093018, 0.3422892987728119, 0.2229812741279602]",0.0348249248417476,0.1075257466141726,0.104474774525243,0.0243407860455781,0.003294687718153,0.1154606913093319,4.246564783711782,0.0
SAC,3,123,100,0.05,1.0,0.05,0,64c674e453505f1d11a5d9c5bf19036d489468f97de388844d3b4c4cd5f9d803,"[-0.6200170516967773, 0.9629579782485962, -0.4305199086666107]","[0.2585463523864746, 0.16207295656204224, 0.19982454180717468]",0.0682182051852989,0.1076894159106085,0.2046546155558968,0.108507274604046,0.0446612518280744,0.1650133977209838,5.048169691014471,0.0
SAC,3,123,101,0.05,1.0,0.05,0,64c674e453505f1d11a5d9c5bf19036d489468f97de388844d3b4c4cd5f9d803,"[-0.550951361656189, 0.6109917163848877, 0.3617924749851227]","[-0.05787895619869232, -0.9383890628814697, 0.7895963788032532]",0.0583092038208465,0.1681420001176332,0.1749276114625396,0.0519089044796095,0.0590542256832122,0.1672046606677428,7.579659256333162,0.0
SAC,3,123,102,0.05,1.0,0.05,0,64c674e453505f1d11a5d9c5bf19036d489468f97de388844d3b4c4cd5f9d803,"[-0.5149568915367126, -0.7814074754714966, -0.3089001476764679]","[0.5584290027618408, 0.0793050229549408, 0.8485109210014343]",0.0654446997444423,0.1683729874976427,0.1963340992333269,0.0624682236186884,0.0201637521386146,0.1637086767210924,5.0928261327248805,0.0
SAC,3,123,103,0.05,1.0,0.05,0,64c674e453505f1d11a5d9c5bf19036d489468f97de388844d3b4c4cd5f9d803,"[-0.12263999134302139, -0.037186793982982635, 0.47996628284454346]","[-0.12207181006669998, 0.919745683670044, -0.3810819089412689]",0.0607863929094042,0.1438907013948408,0.1823591787282126,0.1026514482534961,0.0494180619716644,0.2204126295008861,7.97729536054417,0.0
SAC,3,123,104,0.05,1.0,0.05,0,64c674e453505f1d11a5d9c5bf19036d489468f97de388844d3b4c4cd5f9d803,"[0.6484106183052063, -0.8674346804618835, 0.07659447193145752]","[0.5117452144622803, 0.6506502032279968, -0.5617742538452148]",0.1220045807366495,0.2189049989300407,0.3660137422099486,0.1166306211279682,0.0599425202235579,0.2288909868111931,8.984227335655474,0.0
SAC,3,123,105,0.05,1.0,0.05,0,64c674e453505f1d11a5d9c5bf19036d489468f97de388844d3b4c4cd5f9d803,"[-0.42927682399749756, 0.11211804300546646, 0.4673515558242798]","[-0.602249801158905, -0.4704720079898834, -0.3490790128707886]",0.0365911090815422,0.0878945810085136,0.1097733272446268,0.0735174870049512,0.1227678060531616,0.1244300921956202,3.96485234036812,0.0
SAC,3,123,106,0.05,1.0,0.05,0,64c674e453505f1d11a5d9c5bf19036d489468f97de388844d3b4c4cd5f9d803,"[-0.8895044922828674, 0.2718296945095062, -0.8628385663032532]","[0.9502007961273193, -0.6974973678588867, -0.4096177816390991]",0.04295658661867,0.1207229029943466,0.1288697598560102,0.0318556359256215,0.0238812807947397,0.1086806644525314,2.926613926758023,0.0
SAC,3,123,107,0.05,1.0,0.05,0,64c674e453505f1d11a5d9c5bf19036d489468f97de388844d3b4c4cd5f9d803,"[0.6331554651260376, -0.5412940382957458, -0.558035135269165]","[-0.916957676410675, -0.7854737043380737, 0.4266817569732666]",0.0834864217289417,0.1911004040202558,0.2504592651868253,0.1551663788196481,0.1580492854118347,0.1922607891577437,6.038472934092446,0.0
SAC,3,123,108,0.05,1.0,0.05,0,64c674e453505f1d11a5d9c5bf19036d489468f97de388844d3b4c4cd5f9d803,"[0.2364661693572998, 0.06543176621198654, 0.1095544770359993]","[-0.17992550134658813, -0.7554280757904053, 0.9981473684310913]",0.0740625531387887,0.1593964394518115,0.2221876594163663,0.1357689882042231,0.136975347995758,0.2096262572709461,8.313769993954645,0.0
SAC,3,123,109,0.05,1.0,0.05,0,64c674e453505f1d11a5d9c5bf19036d489468f97de388844d3b4c4cd5f9d803,"[0.9988187551498413, 0.9677178263664246, 0.040775928646326065]","[0.3314192593097687, -0.585135817527771, 0.520487904548645]",0.0795030580300927,0.2094204882055434,0.2385091740902782,0.0632289159801547,0.0213013850152492,0.1926028490661088,8.047289890224844,0.0
SAC,3,123,110,0.05,1.0,0.05,0,64c674e453505f1d11a5d9c5bf19036d489468f97de388844d3b4c4cd5f9d803,"[-0.10864169895648956, 0.04931486025452614, -0.4704791009426117]","[-0.871351957321167, 0.2730865180492401, -0.019966647028923035]",0.0274295324048589,0.0626275038485173,0.0822885972145768,0.0700178475889526,0.0574529320001602,0.1452224224880152,2.673983223267959,0.0
SAC,3,123,111,0.05,1.0,0.05,0,64c674e453505f1d11a5d9c5bf19036d489468f97de388844d3b4c4cd5f9d803,"[-0.6049723625183105, -0.32344892621040344, 0.43083447217941284]","[-0.8419704437255859, -0.16797947883605957, -0.20451059937477112]",0.0397898625762063,0.0613856790987106,0.1193695877286189,0.047291349493151,0.0077359145507216,0.1146997543344473,3.3399940849743275,0.0
SAC,3,123,112,0.05,1.0,0.05,0,64c674e453505f1d11a5d9c5bf19036d489468f97de388844d3b4c4cd5f9d803,"[0.4448135197162628, -0.9011456966400146, 0.6439449191093445]","[0.9329946637153625, 0.5882050395011902, 0.9689865112304688]",0.0642996684393395,0.1791482868611793,0.1928990053180187,0.0291052009438934,0.0053227469325065,0.1449410689441937,2.8175591158490167,0.0
SAC,3,123,113,0.05,1.0,0.05,0,64c674e453505f1d11a5d9c5bf19036d489468f97de388844d3b4c4cd5f9d803,"[0.41863173246383667, -0.023482682183384895, 0.2279641479253769]","[-0.4255177676677704, -0.7030157446861267, -0.44172894954681396]",0.0602782129159883,0.1275103303868404,0.1808346387479649,0.0826887082435006,0.0466377586126327,0.1703898074323697,2.123882407454025,0.0
SAC,3,123,114,0.05,1.0,0.05,0,64c674e453505f1d11a5d9c5bf19036d489468f97de388844d3b4c4cd5f9d803,"[-0.7814548015594482, -0.6798140406608582, -0.9797838926315308]","[0.11529668420553207, -0.6668115258216858, -0.3657369315624237]",0.0217640136087163,0.0624268464965145,0.0652920408261489,0.0119443229503101,0.0262826383113861,0.0923196829465262,1.6917359856161938,0.0
SAC,3,123,115,0.05,1.0,0.05,0,64c674e453505f1d11a5d9c5bf19036d489468f97de388844d3b4c4cd5f9d803,"[-0.13505227863788605, -0.6992138028144836, -0.6386840343475342]","[-0.08365152776241302, -0.7399067878723145, -0.1394127458333969]",0.0298342356126962,0.0480322534938788,0.0895027068380888,0.0814038778735715,0.1516493856906891,0.0941454329692812,2.382363838970613,0.0
SAC,3,123,116,0.05,1.0,0.05,0,64c674e453505f1d11a5d9c5bf19036d489468f97de388844d3b4c4cd5f9d803,"[0.0036390621680766344, -0.36614876985549927, -0.6434957981109619]","[0.9050279259681702, 0.8802486658096313, -0.9539850950241089]",0.104436048830055,0.2134395530569622,0.313308146490165,0.2267249090895976,0.1752981506288051,0.2217012123574045,6.340856957087337,0.0
SAC,3,123,117,0.05,1.0,0.05,0,64c674e453505f1d11a5d9c5bf19036d489468f97de388844d3b4c4cd5f9d803,"[0.11515316367149353, 0.7238221168518066, -0.36945784091949463]","[-0.9954982399940491, 0.7611866593360901, 0.800013542175293]",0.039738505249781,0.164180481912141,0.1192155157493432,0.0173774385554601,0.0090589169412851,0.1375020424326756,6.177191527680765,0.0
SAC,3,123,118,0.05,1.0,0.05,0,64c674e453505f1d11a5d9c5bf19036d489468f97de388844d3b4c4cd5f9d803,"[0.7532855868339539, -0.8538441061973572, 0.6052027344703674]","[0.3583809733390808, -0.14669764041900635, -0.04589289054274559]",0.0455977191900058,0.0893812814590195,0.1367931575700176,0.048067676719784,0.0256189741194248,0.1084176298983376,4.442187370059503,0.0
SAC,3,123,119,0.05,1.0,0.05,0,64c674e453505f1d11a5d9c5bf19036d489468f97de388844d3b4c4cd5f9d803,"[0.9546050429344177, -0.7296091914176941, 0.7618905305862427]","[-0.6044704914093018, 0.3422892987728119, 0.2229812741279602]",0.0451182407938201,0.1111454479791918,0.1353547223814603,0.0395447195645559,0.0051119923591613,0.1414483348627637,4.257796694019788,0.0
SAC,3,123,100,0.03,2.0,0.06,0,64c674e453505f1d11a5d9c5bf19036d489468f97de388844d3b4c4cd5f9d803,"[-0.6200170516967773, 0.9629579782485962, -0.4305199086666107]","[0.2585463523864746, 0.16207295656204224, 0.19982454180717468]",0.0784777458354595,0.118736481022996,0.2354332375063786,0.13167418833868,0.0540834236890077,0.1816140095194676,5.144577601664205,0.0
SAC,3,123,101,0.03,2.0,0.06,0,64c674e453505f1d11a5d9c5bf19036d489468f97de388844d3b4c4cd5f9d803,"[-0.550951361656189, 0.6109917163848877, 0.3617924749851227]","[-0.05787895619869232, -0.9383890628814697, 0.7895963788032532]",0.0607810214661984,0.1694116340431438,0.1823430643985953,0.0612745760583583,0.0715546309947967,0.1700638214548924,7.590872706528495,0.0
SAC,3,123,102,0.03,2.0,0.06,0,64c674e453505f1d11a5d9c5bf19036d489468f97de388844d3b4c4cd5f9d803,"[-0.5149568915367126, -0.7814074754714966, -0.3089001476764679]","[0.5584290027618408, 0.0793050229549408, 0.8485109210014343]",0.0702303133754745,0.1695558791240202,0.2106909401264236,0.0744344885173587,0.0238375663757324,0.1706632235995551,5.112078862942468,0.0
SAC,3,123,103,0.03,2.0,0.06,0,64c674e453505f1d11a5d9c5bf19036d489468f97de388844d3b4c4cd5f9d803,"[-0.12263999134302139, -0.037186793982982635, 0.47996628284454346]","[-0.12207181006669998, 0.919745683670044, -0.3810819089412689]",0.0649395964409558,0.1455869748341512,0.1948187893228675,0.1226362901751274,0.058232694864273,0.2438309382916686,8.136186124093829,0.0
SAC,3,123,104,0.03,2.0,0.06,0,64c674e453505f1d11a5d9c5bf19036d489468f97de388844d3b4c4cd5f9d803,"[0.6484106183052063, -0.8674346804618835, 0.07659447193145752]","[0.5117452144622803, 0.6506502032279968, -0.5617742538452148]",0.1349582718352377,0.2291065589859656,0.4048748155057133,0.1403640857725231,0.0721843903884291,0.2451141647567178,9.072967389930591,0.0
SAC,3,123,105,0.03,2.0,0.06,0,64c674e453505f1d11a5d9c5bf19036d489468f97de388844d3b4c4cd5f9d803,"[-0.42927682399749756, 0.11211804300546646, 0.4673515558242798]","[-0.602249801158905, -0.4704720079898834, -0.3490790128707886]",0.0400527659168812,0.0895187655088071,0.1201582977506436,0.0895426920902581,0.1486263275146484,0.12950199857317,3.987202343649776,0.0
SAC,3,123,106,0.03,2.0,0.06,0,64c674e453505f1d11a5d9c5bf19036d489468f97de388844d3b4c4cd5f9d803,"[-0.8895044922828674, 0.2718296945095062, -0.8628385663032532]","[0.9502007961273193, -0.6974973678588867, -0.4096177816390991]",0.0480385179554382,0.1229543549323324,0.1441155538663147,0.0384621145404921,0.029220076277852,0.1174948144137413,2.9661336613877127,0.0
SAC,3,123,107,0.03,2.0,0.06,0,64c674e453505f1d11a5d9c5bf19036d489468f97de388844d3b4c4cd5f9d803,"[0.6331554651260376, -0.5412940382957458, -0.558035135269165]","[-0.916957676410675, -0.7854737043380737, 0.4266817569732666]",0.0899142921148975,0.1942846495648371,0.2697428763446925,0.1858737331665592,0.1910931468009948,0.2034045466758366,6.065626650327824,0.0
SAC,3,123,108,0.03,2.0,0.06,0,64c674e453505f1d11a5d9c5bf19036d489468f97de388844d3b4c4cd5f9d803,"[0.2364661693572998, 0.06543176621198654, 0.1095544770359993]","[-0.17992550134658813, -0.7554280757904053, 0.9981473684310913]",0.0792283079596987,0.1611971903052931,0.2376849238790961,0.1660498515875251,0.1725087165832519,0.2134970245218633,8.35456296180179,0.0
SAC,3,123,109,0.03,2.0,0.06,0,64c674e453505f1d11a5d9c5bf19036d489468f97de388844d3b4c4cd5f9d803,"[0.9988187551498413, 0.9677178263664246, 0.040775928646326065]","[0.3314192593097687, -0.585135817527771, 0.520487904548645]",0.0825758725555702,0.2089322965886585,0.2477276176667105,0.0754258731081162,0.025145549327135,0.2011997354892721,8.056063495069182,0.0
SAC,3,123,110,0.03,2.0,0.06,0,64c674e453505f1d11a5d9c5bf19036d489468f97de388844d3b4c4cd5f9d803,"[-0.10864169895648956, 0.04931486025452614, -0.4704791009426117]","[-0.871351957321167, 0.2730865180492401, -0.019966647028923035]",0.0308113731722582,0.0655165287150374,0.0924341195167746,0.0848856778631423,0.0692600682377815,0.1662444461908126,2.795251290169836,0.0
SAC,3,123,111,0.03,2.0,0.06,0,64c674e453505f1d11a5d9c5bf19036d489468f97de388844d3b4c4cd5f9d803,"[-0.6049723625183105, -0.32344892621040344, 0.43083447217941284]","[-0.8419704437255859, -0.16797947883605957, -0.20451059937477112]",0.0468736444820564,0.0706722904011348,0.1406209334461692,0.0557181354911055,0.008946836926043,0.1284980060453724,3.4089010313830954,0.0
SAC,3,123,112,0.03,2.0,0.06,0,64c674e453505f1d11a5d9c5bf19036d489468f97de388844d3b4c4cd5f9d803,"[0.4448135197162628, -0.9011456966400146, 0.6439449191093445]","[0.9329946637153625, 0.5882050395011902, 0.9689865112304688]",0.0667410760921296,0.1793357603097701,0.200223228276389,0.0346625356785493,0.006493579596281,0.1569880594933716,2.876362362889074,0.0
SAC,3,123,113,0.03,2.0,0.06,0,64c674e453505f1d11a5d9c5bf19036d489468f97de388844d3b4c4cd5f9d803,"[0.41863173246383667, -0.023482682183384895, 0.2279641479253769]","[-0.4255177676677704, -0.7030157446861267, -0.44172894954681396]",0.0649830708458264,0.1301069824279947,0.1949492125374792,0.0992714308121782,0.0531597137451171,0.1830796374941704,2.169206207394143,0.0
SAC,3,123,114,0.03,2.0,0.06,0,64c674e453505f1d11a5d9c5bf19036d489468f97de388844d3b4c4cd5f9d803,"[-0.7814548015594482, -0.6798140406608582, -0.9797838926315308]","[0.11529668420553207, -0.6668115258216858, -0.3657369315624237]",0.022663539396684,0.0624777215775145,0.0679906181900522,0.0128774256215511,0.0282566249370574,0.1036143356427884,1.7268547103193528,0.0
SAC,3,123,115,0.03,2.0,0.06,0,64c674e453505f1d11a5d9c5bf19036d489468f97de388844d3b4c4cd5f9d803,"[-0.13505227863788605, -0.6992138028144836, -0.6386840343475342]","[-0.08365152776241302, -0.7399067878723145, -0.1394127458333969]",0.0353161848954552,0.0560467838741361,0.1059485546863658,0.097549040686845,0.1819689571857452,0.1056663764087933,2.4292349914900715,0.0
SAC,3,123,116,0.03,2.0,0.06,0,64c674e453505f1d11a5d9c5bf19036d489468f97de388844d3b4c4cd5f9d803,"[0.0036390621680766344, -0.36614876985549927, -0.6434957981109619]","[0.9050279259681702, 0.8802486658096313, -0.9539850950241089]",0.1135941113808663,0.2198883908683328,0.3407823341425991,0.2716592727343977,0.2087285369634628,0.2328101078471043,6.442512311549539,0.0
SAC,3,123,117,0.03,2.0,0.06,0,64c674e453505f1d11a5d9c5bf19036d489468f97de388844d3b4c4cd5f9d803,"[0.11515316367149353, 0.7238221168518066, -0.36945784091949463]","[-0.9954982399940491, 0.7611866593360901, 0.800013542175293]",0.0408799698069639,0.1637516737455305,0.1226399094208917,0.02039900935186,0.0096398256719112,0.1469693047150115,6.198295645450262,0.0
SAC,3,123,118,0.03,2.0,0.06,0,64c674e453505f1d11a5d9c5bf19036d489468f97de388844d3b4c4cd5f9d803,"[0.7532855868339539, -0.8538441061973572, 0.6052027344703674]","[0.3583809733390808, -0.14669764041900635, -0.04589289054274559]",0.0514910513641976,0.0957171533725868,0.154473154092593,0.0573236637541817,0.029919434338808,0.1144283454019827,4.456910485584638,0.0
SAC,3,123,119,0.03,2.0,0.06,0,64c674e453505f1d11a5d9c5bf19036d489468f97de388844d3b4c4cd5f9d803,"[0.9546050429344177, -0.7296091914176941, 0.7618905305862427]","[-0.6044704914093018, 0.3422892987728119, 0.2229812741279602]",0.0503540816335572,0.1137645457054561,0.1510622449006718,0.0471667546468476,0.0060207433998584,0.1554902997100145,4.28834794987547,0.0
SAC,3,123,100,0.05,2.0,0.1,0,64c674e453505f1d11a5d9c5bf19036d489468f97de388844d3b4c4cd5f9d803,"[-0.6200170516967773, 0.9629579782485962, -0.4305199086666107]","[0.2585463523864746, 0.16207295656204224, 0.19982454180717468]",0.1194846374048531,0.1673663851138779,0.3584539122145595,0.2251374947574035,0.0928021688014268,0.2480372556129893,5.628243334827946,0.0
SAC,3,123,101,0.05,2.0,0.1,0,64c674e453505f1d11a5d9c5bf19036d489468f97de388844d3b4c4cd5f9d803,"[-0.550951361656189, 0.6109917163848877, 0.3617924749851227]","[-0.05787895619869232, -0.9383890628814697, 0.7895963788032532]",0.0729527281661512,0.1758393105841806,0.2188581844984537,0.1003158814561219,0.1218990087509155,0.1885627719232269,7.676279450564991,0.0
SAC,3,123,102,0.05,2.0,0.1,0,64c674e453505f1d11a5d9c5bf19036d489468f97de388844d3b4c4cd5f9d803,"[-0.5149568915367126, -0.7814074754714966, -0.3089001476764679]","[0.5584290027618408, 0.0793050229549408, 0.8485109210014343]",0.0919234100361497,0.1788853887701993,0.2757702301084493,0.1230220618186357,0.0376381203532218,0.2047509927107509,5.336124504858512,0.0
SAC,3,123,103,0.05,2.0,0.1,0,64c674e453505f1d11a5d9c5bf19036d489468f97de388844d3b4c4cd5f9d803,"[-0.12263999134302139, -0.037186793982982635, 0.47996628284454346]","[-0.12207181006669998, 0.919745683670044, -0.3810819089412689]",0.0827210837501354,0.1566831244346733,0.2481632512504063,0.2007333940515915,0.0908155143260955,0.3426440499369937,9.12919650096441,0.0
SAC,3,123,104,0.05,2.0,0.1,0,64c674e453505f1d11a5d9c5bf19036d489468f97de388844d3b4c4cd5f9d803,"[0.6484106183052063, -0.8674346804618835, 0.07659447193145752]","[0.5117452144622803, 0.6506502032279968, -0.5617742538452148]",0.188015481507435,0.2785448187926247,0.5640464445223051,0.2367028200217051,0.1160149108618497,0.3033605709932094,9.585780819913694,0.0
SAC,3,123,105,0.05,2.0,0.1,0,64c674e453505f1d11a5d9c5bf19036d489468f97de388844d3b4c4cd5f9d803,"[-0.42927682399749756, 0.11211804300546646, 0.4673515558242798]","[-0.602249801158905, -0.4704720079898834, -0.3490790128707886]",0.0562852656376623,0.0996601597510245,0.1688557969129869,0.1565753491940321,0.2590559124946594,0.1515930786988979,4.093221552460228,0.0
SAC,3,123,106,0.05,2.0,0.1,0,64c674e453505f1d11a5d9c5bf19036d489468f97de388844d3b4c4cd5f9d803,"[-0.8895044922828674, 0.2718296945095062, -0.8628385663032532]","[0.9502007961273193, -0.6974973678588867, -0.4096177816390991]",0.0702196989784827,0.1389379446215882,0.2106590969354481,0.0654406565396736,0.0500779412686824,0.1556028445759913,3.2003147697656207,0.0
SAC,3,123,107,0.05,2.0,0.1,0,64c674e453505f1d11a5d9c5bf19036d489468f97de388844d3b4c4cd5f9d803,"[0.6331554651260376, -0.5412940382957458, -0.558035135269165]","[-0.916957676410675, -0.7854737043380737, 0.4266817569732666]",0.1161173098671837,0.2114763326474777,0.3483519296015513,0.3125395973523457,0.3251799941062927,0.2564667299798599,6.434318035634544,0.0
SAC,3,123,108,0.05,2.0,0.1,0,64c674e453505f1d11a5d9c5bf19036d489468f97de388844d3b4c4cd5f9d803,"[0.2364661693572998, 0.06543176621198654, 0.1095544770359993]","[-0.17992550134658813, -0.7554280757904053, 0.9981473684310913]",0.1007712450949126,0.174189509010701,0.302313735284738,0.2914347066371529,0.3295981287956238,0.2291717826576899,8.53024893149236,0.0
SAC,3,123,109,0.05,2.0,0.1,0,64c674e453505f1d11a5d9c5bf19036d489468f97de388844d3b4c4cd5f9d803,"[0.9988187551498413, 0.9677178263664246, 0.040775928646326065]","[0.3314192593097687, -0.585135817527771, 0.520487904548645]",0.0969948555797289,0.2098923508295814,0.2909845667391866,0.1224599797968511,0.0392332337796688,0.2381522560357453,8.159931259948989,0.0
SAC,3,123,110,0.05,2.0,0.1,0,64c674e453505f1d11a5d9c5bf19036d489468f97de388844d3b4c4cd5f9d803,"[-0.10864169895648956, 0.04931486025452614, -0.4704791009426117]","[-0.871351957321167, 0.2730865180492401, -0.019966647028923035]",0.0446915570820712,0.0803572253112227,0.1340746712462135,0.1462402782506413,0.1153668649494648,0.2510204059524726,3.531149791647638,0.0
SAC,3,123,111,0.05,2.0,0.1,0,64c674e453505f1d11a5d9c5bf19036d489468f97de388844d3b4c4cd5f9d803,"[-0.6049723625183105, -0.32344892621040344, 0.43083447217941284]","[-0.8419704437255859, -0.16797947883605957, -0.20451059937477112]",0.0752005661510284,0.1090894125582567,0.2256016984530852,0.0885538372360629,0.014083101414144,0.179006078296766,3.778820731232162,0.0
SAC,3,123,112,0.05,2.0,0.1,0,64c674e453505f1d11a5d9c5bf19036d489468f97de388844d3b4c4cd5f9d803,"[0.4448135197162628, -0.9011456966400146, 0.6439449191093445]","[0.9329946637153625, 0.5882050395011902, 0.9689865112304688]",0.0784277368347754,0.1829456050354947,0.2352832105043263,0.0570531872641525,0.0114868246018886,0.2037884778809963,3.1636937797110365,0.0
SAC,3,123,113,0.05,2.0,0.1,0,64c674e453505f1d11a5d9c5bf19036d489468f97de388844d3b4c4cd5f9d803,"[0.41863173246383667, -0.023482682183384895, 0.2279641479253769]","[-0.4255177676677704, -0.7030157446861267, -0.44172894954681396]",0.0851274940509624,0.1485066019178426,0.2553824821528874,0.1645164425185893,0.0865275412797927,0.2394860611294867,2.6202925458522746,0.0
SAC,3,123,114,0.05,2.0,0.1,0,64c674e453505f1d11a5d9c5bf19036d489468f97de388844d3b4c4cd5f9d803,"[-0.7814548015594482, -0.6798140406608582, -0.9797838926315308]","[0.11529668420553207, -0.6668115258216858, -0.3657369315624237]",0.026454703078945,0.063235903311811,0.0793641092368352,0.0173700705636292,0.0391032546758651,0.1506729137867763,1.959494528961926,0.0
SAC,3,123,115,0.05,2.0,0.1,0,64c674e453505f1d11a5d9c5bf19036d489468f97de388844d3b4c4cd5f9d803,"[-0.13505227863788605, -0.6992138028144836, -0.6386840343475342]","[-0.08365152776241302, -0.7399067878723145, -0.1394127458333969]",0.0572947808909086,0.0899626768581763,0.171884342672726,0.1619877388217935,0.3050052225589752,0.1540670947838305,2.712540692553896,0.0
SAC,3,123,116,0.05,2.0,0.1,0,64c674e453505f1d11a5d9c5bf19036d489468f97de388844d3b4c4cd5f9d803,"[0.0036390621680766344, -0.36614876985549927, -0.6434957981109619]","[0.9050279259681702, 0.8802486658096313, -0.9539850950241089]",0.1508592238457345,0.2499866117087381,0.4525776715372036,0.4472515239943693,0.3439909815788269,0.2861034846365303,6.957714304400324,0.0
SAC,3,123,117,0.05,2.0,0.1,0,64c674e453505f1d11a5d9c5bf19036d489468f97de388844d3b4c4cd5f9d803,"[0.11515316367149353, 0.7238221168518066, -0.36945784091949463]","[-0.9954982399940491, 0.7611866593360901, 0.800013542175293]",0.0462367036861792,0.1627049624204982,0.1387101110585377,0.0324137945642211,0.0123737752437591,0.1854834978717223,6.339635481535808,0.0
SAC,3,123,118,0.05,2.0,0.1,0,64c674e453505f1d11a5d9c5bf19036d489468f97de388844d3b4c4cd5f9d803,"[0.7532855868339539, -0.8538441061973572, 0.6052027344703674]","[0.3583809733390808, -0.14669764041900635, -0.04589289054274559]",0.0760581767138524,0.1258348072471819,0.2281745301415572,0.0938417588901004,0.0463884063065052,0.1380526644927902,4.537916211348033,0.0
SAC,3,123,119,0.05,2.0,0.1,0,64c674e453505f1d11a5d9c5bf19036d489468f97de388844d3b4c4cd5f9d803,"[0.9546050429344177, -0.7296091914176941, 0.7618905305862427]","[-0.6044704914093018, 0.3422892987728119, 0.2229812741279602]",0.0718055516373016,0.1287563725352828,0.2154166549119048,0.0781078512010015,0.0095585063099861,0.2120576208071815,4.554529524921239,0.0
SAC,3,42,100,0.03,1.0,0.03,0,ffe8be3169c0f36fdbb027c8e099afa0df7742411c9e66aea31327b3f4e66a73,"[-0.6200170516967773, 0.9629579782485962, -0.4305199086666107]","[0.2585463523864746, 0.16207295656204224, 0.19982454180717468]",0.0500546220495696,0.0880660583291565,0.1501638661487088,0.0685311784381391,0.0277908965945243,0.1374696852857632,5.5393950271013415,0.0
SAC,3,42,101,0.03,1.0,0.03,0,ffe8be3169c0f36fdbb027c8e099afa0df7742411c9e66aea31327b3f4e66a73,"[-0.550951361656189, 0.6109917163848877, 0.3617924749851227]","[-0.05787895619869232, -0.9383890628814697, 0.7895963788032532]",0.0561820581947869,0.1638474343227493,0.1685461745843607,0.0409603717702406,0.0415563285350799,0.1646174807798238,7.364704075080013,0.0
SAC,3,42,102,0.03,1.0,0.03,0,ffe8be3169c0f36fdbb027c8e099afa0df7742411c9e66aea31327b3f4e66a73,"[-0.5149568915367126, -0.7814074754714966, -0.3089001476764679]","[0.5584290027618408, 0.0793050229549408, 0.8485109210014343]",0.0587101227728493,0.1695840105226514,0.1761303683185481,0.0451471255172366,0.0143226683139801,0.1573394658856855,5.272221559677615,0.0
SAC,3,42,103,0.03,1.0,0.03,0,ffe8be3169c0f36fdbb027c8e099afa0df7742411c9e66aea31327b3f4e66a73,"[-0.12263999134302139, -0.037186793982982635, 0.47996628284454346]","[-0.12207181006669998, 0.919745683670044, -0.3810819089412689]",0.0557171377656843,0.1392379342129404,0.167151413297053,0.0696917574760722,0.0248201489448547,0.166451621233971,7.437473063357842,0.0
SAC,3,42,104,0.03,1.0,0.03,0,ffe8be3169c0f36fdbb027c8e099afa0df7742411c9e66aea31327b3f4e66a73,"[0.6484106183052063, -0.8674346804618835, 0.07659447193145752]","[0.5117452144622803, 0.6506502032279968, -0.5617742538452148]",0.0949133072677049,0.2001582379286023,0.2847399218031147,0.079956651987209,0.065593441016972,0.1922767370419014,8.210542316384055,0.0
SAC,3,42,105,0.03,1.0,0.03,0,ffe8be3169c0f36fdbb027c8e099afa0df7742411c9e66aea31327b3f4e66a73,"[-0.42927682399749756, 0.11211804300546646, 0.4673515558242798]","[-0.602249801158905, -0.4704720079898834, -0.3490790128707886]",0.031939488976144,0.0862918319140234,0.0958184669284321,0.0425375091072953,0.0719121694564819,0.1120063111074547,3.7485234791854456,0.0
SAC,3,42,106,0.03,1.0,0.03,0,ffe8be3169c0f36fdbb027c8e099afa0df7742411c9e66aea31327b3f4e66a73,"[-0.8895044922828674, 0.2718296945095062, -0.8628385663032532]","[0.9502007961273193, -0.6974973678588867, -0.4096177816390991]",0.0352313997965625,0.1172737544053232,0.1056941993896875,0.0281972583889225,0.0224270727485418,0.0971000164821558,2.825142590588314,0.0
SAC,3,42,107,0.03,1.0,0.03,0,ffe8be3169c0f36fdbb027c8e099afa0df7742411c9e66aea31327b3f4e66a73,"[0.6331554651260376, -0.5412940382957458, -0.558035135269165]","[-0.916957676410675, -0.7854737043380737, 0.4266817569732666]",0.0718768584140958,0.1854603955065505,0.2156305752422874,0.0991166968036581,0.1145479083061218,0.16954767614826,6.066744357521211,0.0
SAC,3,42,108,0.03,1.0,0.03,0,ffe8be3169c0f36fdbb027c8e099afa0df7742411c9e66aea31327b3f4e66a73,"[0.2364661693572998, 0.06543176621198654, 0.1095544770359993]","[-0.17992550134658813, -0.7554280757904053, 0.9981473684310913]",0.0651227686777153,0.1569324442818712,0.195368306033146,0.0747494242717454,0.0666379332542419,0.1899707091419477,7.956366102868762,0.0
SAC,3,42,109,0.03,1.0,0.03,0,ffe8be3169c0f36fdbb027c8e099afa0df7742411c9e66aea31327b3f4e66a73,"[0.9988187551498413, 0.9677178263664246, 0.040775928646326065]","[0.3314192593097687, -0.585135817527771, 0.520487904548645]",0.0766577124003404,0.2119943484218268,0.2299731372010213,0.0484696980795742,0.0467107482254505,0.1822908870002575,8.05638217468233,0.0
SAC,3,42,110,0.03,1.0,0.03,0,ffe8be3169c0f36fdbb027c8e099afa0df7742411c9e66aea31327b3f4e66a73,"[-0.10864169895648956, 0.04931486025452614, -0.4704791009426117]","[-0.871351957321167, 0.2730865180492401, -0.019966647028923035]",0.022819778259537,0.0584560122265409,0.068459334778611,0.0481499020573625,0.0299141928553581,0.1083494820202378,2.5357100753491157,0.0
SAC,3,42,111,0.03,1.0,0.03,0,ffe8be3169c0f36fdbb027c8e099afa0df7742411c9e66aea31327b3f4e66a73,"[-0.6049723625183105, -0.32344892621040344, 0.43083447217941284]","[-0.8419704437255859, -0.16797947883605957, -0.20451059937477112]",0.0269505954982367,0.045596006621231,0.0808517864947102,0.0342856505023384,0.0193842584267258,0.10137964484103,3.7279977656258128,0.0
SAC,3,42,112,0.03,1.0,0.03,0,ffe8be3169c0f36fdbb027c8e099afa0df7742411c9e66aea31327b3f4e66a73,"[0.4448135197162628, -0.9011456966400146, 0.6439449191093445]","[0.9329946637153625, 0.5882050395011902, 0.9689865112304688]",0.0594026755509822,0.1767245036335978,0.1782080266529466,0.0288795582363726,0.0193840321153402,0.115220246469588,1.3649685955319768,0.0
SAC,3,42,113,0.03,1.0,0.03,0,ffe8be3169c0f36fdbb027c8e099afa0df7742411c9e66aea31327b3f4e66a73,"[0.41863173246383667, -0.023482682183384895, 0.2279641479253769]","[-0.4255177676677704, -0.7030157446861267, -0.44172894954681396]",0.0519259850949773,0.1262435241633781,0.155777955284932,0.0565770404171888,0.0332414954900741,0.1397521686078307,1.9293144036804424,0.0
SAC,3,42,114,0.03,1.0,0.03,0,ffe8be3169c0f36fdbb027c8e099afa0df7742411c9e66aea31327b3f4e66a73,"[-0.7814548015594482, -0.6798140406608582, -0.9797838926315308]","[0.11529668420553207, -0.6668115258216858, -0.3657369315624237]",0.0217069605758672,0.0631701236886866,0.0651208817276016,0.0180292938502482,0.025426298379898,0.0813730827293491,1.9189931571460364,0.0
SAC,3,42,115,0.03,1.0,0.03,0,ffe8be3169c0f36fdbb027c8e099afa0df7742411c9e66aea31327b3f4e66a73,"[-0.13505227863788605, -0.6992138028144836, -0.6386840343475342]","[-0.08365152776241302, -0.7399067878723145, -0.1394127458333969]",0.0229017203131803,0.0344814514811386,0.0687051609395411,0.0637474579414651,0.099860280752182,0.0791699910104423,2.749198621564031,0.0
SAC,3,42,116,0.03,1.0,0.03,0,ffe8be3169c0f36fdbb027c8e099afa0df7742411c9e66aea31327b3f4e66a73,"[0.0036390621680766344, -0.36614876985549927, -0.6434957981109619]","[0.9050279259681702, 0.8802486658096313, -0.9539850950241089]",0.0895710029714397,0.2041419794129892,0.2687130089143194,0.1431185689375356,0.1093224827200174,0.2012410687092236,6.09464982825661,0.0
SAC,3,42,117,0.03,1.0,0.03,0,ffe8be3169c0f36fdbb027c8e099afa0df7742411c9e66aea31327b3f4e66a73,"[0.11515316367149353, 0.7238221168518066, -0.36945784091949463]","[-0.9954982399940491, 0.7611866593360901, 0.800013542175293]",0.0416038480977483,0.1643326337889331,0.1248115442932451,0.0238447825389879,0.0106519889086484,0.1101886613707887,5.469298055262101,0.0
SAC,3,42,118,0.03,1.0,0.03,0,ffe8be3169c0f36fdbb027c8e099afa0df7742411c9e66aea31327b3f4e66a73,"[0.7532855868339539, -0.8538441061973572, 0.6052027344703674]","[0.3583809733390808, -0.14669764041900635, -0.04589289054274559]",0.0377142973229093,0.0826252439739658,0.1131428919687281,0.0331911874682079,0.0391157865524292,0.1048104709520601,4.015332998215468,0.0
SAC,3,42,119,0.03,1.0,0.03,0,ffe8be3169c0f36fdbb027c8e099afa0df7742411c9e66aea31327b3f4e66a73,"[0.9546050429344177, -0.7296091914176941, 0.7618905305862427]","[-0.6044704914093018, 0.3422892987728119, 0.2229812741279602]",0.0372392374182976,0.1083044997824861,0.1117177122548928,0.0360631460243445,0.0237811915576457,0.1233446883441801,3.4862554067594744,0.0
SAC,3,42,100,0.05,1.0,0.05,0,ffe8be3169c0f36fdbb027c8e099afa0df7742411c9e66aea31327b3f4e66a73,"[-0.6200170516967773, 0.9629579782485962, -0.4305199086666107]","[0.2585463523864746, 0.16207295656204224, 0.19982454180717468]",0.0700941005038873,0.1055878522665901,0.2102823015116619,0.1114844463213726,0.0552786644548177,0.1708571328189307,5.659396129227051,0.0
SAC,3,42,101,0.05,1.0,0.05,0,ffe8be3169c0f36fdbb027c8e099afa0df7742411c9e66aea31327b3f4e66a73,"[-0.550951361656189, 0.6109917163848877, 0.3617924749851227]","[-0.05787895619869232, -0.9383890628814697, 0.7895963788032532]",0.0623581578795575,0.1657506342714574,0.1870744736386727,0.0716086135786256,0.0797444880008697,0.1703134914883354,7.37505183846697,0.0
SAC,3,42,102,0.05,1.0,0.05,0,ffe8be3169c0f36fdbb027c8e099afa0df7742411c9e66aea31327b3f4e66a73,"[-0.5149568915367126, -0.7814074754714966, -0.3089001476764679]","[0.5584290027618408, 0.0793050229549408, 0.8485109210014343]",0.0677468381366899,0.1719763834530856,0.2032405144100697,0.071925771008763,0.0201067328453063,0.1702111784062183,5.328046268834289,0.0
SAC,3,42,103,0.05,1.0,0.05,0,ffe8be3169c0f36fdbb027c8e099afa0df7742411c9e66aea31327b3f4e66a73,"[-0.12263999134302139, -0.037186793982982635, 0.47996628284454346]","[-0.12207181006669998, 0.919745683670044, -0.3810819089412689]",0.0635102098232486,0.1415161396347185,0.190530629469746,0.1132508478253895,0.0369239449501037,0.2093126981930245,7.658940941631733,0.0
SAC,3,42,104,0.05,1.0,0.05,0,ffe8be3169c0f36fdbb027c8e099afa0df7742411c9e66aea31327b3f4e66a73,"[0.6484106183052063, -0.8674346804618835, 0.07659447193145752]","[0.5117452144622803, 0.6506502032279968, -0.5617742538452148]",0.1194082391227681,0.2160120815911352,0.3582247173683044,0.1235893292950443,0.0898069776594638,0.2185053938344827,8.294442039699382,0.0
SAC,3,42,105,0.05,1.0,0.05,0,ffe8be3169c0f36fdbb027c8e099afa0df7742411c9e66aea31327b3f4e66a73,"[-0.42927682399749756, 0.11211804300546646, 0.4673515558242798]","[-0.602249801158905, -0.4704720079898834, -0.3490790128707886]",0.0375579111591594,0.0883627073852366,0.1126737334774783,0.0733229900583808,0.1241104006767273,0.1211666519802407,3.791354338002319,0.0
SAC,3,42,106,0.05,1.0,0.05,0,ffe8be3169c0f36fdbb027c8e099afa0df7742411c9e66aea31327b3f4e66a73,"[-0.8895044922828674, 0.2718296945095062, -0.8628385663032532]","[0.9502007961273193, -0.6974973678588867, -0.4096177816390991]",0.0437422917916958,0.1190204678627279,0.1312268753750876,0.0408208685219977,0.0325760757550597,0.1161100014189532,2.880983085058375,0.0
SAC,3,42,107,0.05,1.0,0.05,0,ffe8be3169c0f36fdbb027c8e099afa0df7742411c9e66aea31327b3f4e66a73,"[0.6331554651260376, -0.5412940382957458, -0.558035135269165]","[-0.916957676410675, -0.7854737043380737, 0.4266817569732666]",0.0843482202914538,0.189875236940333,0.2530446608743614,0.1570994994706577,0.1803525686264038,0.1876021394705831,6.159702760397835,0.0
SAC,3,42,108,0.05,1.0,0.05,0,ffe8be3169c0f36fdbb027c8e099afa0df7742411c9e66aea31327b3f4e66a73,"[0.2364661693572998, 0.06543176621198654, 0.1095544770359993]","[-0.17992550134658813, -0.7554280757904053, 0.9981473684310913]",0.0746632065470713,0.1587211300458832,0.223989619641214,0.1255041618406036,0.1115995645523071,0.1972652355631688,8.034400635206968,0.0
SAC,3,42,109,0.05,1.0,0.05,0,ffe8be3169c0f36fdbb027c8e099afa0df7742411c9e66aea31327b3f4e66a73,"[0.9988187551498413, 0.9677178263664246, 0.040775928646326065]","[0.3314192593097687, -0.585135817527771, 0.520487904548645]",0.0818234946716542,0.2102393929051179,0.2454704840149628,0.0740518394029802,0.0604704655706882,0.1968005785621015,8.023578952511063,0.0
SAC,3,42,110,0.05,1.0,0.05,0,ffe8be3169c0f36fdbb027c8e099afa0df7742411c9e66aea31327b3f4e66a73,"[-0.10864169895648956, 0.04931486025452614, -0.4704791009426117]","[-0.871351957321167, 0.2730865180492401, -0.019966647028923035]",0.0300129933758071,0.06290579916483,0.0900389801274214,0.077044561240868,0.0580047778785228,0.1485273368340775,2.7067163442219626,0.0
SAC,3,42,111,0.05,1.0,0.05,0,ffe8be3169c0f36fdbb027c8e099afa0df7742411c9e66aea31327b3f4e66a73,"[-0.6049723625183105, -0.32344892621040344, 0.43083447217941284]","[-0.8419704437255859, -0.16797947883605957, -0.20451059937477112]",0.0408449817084221,0.0611405413813861,0.1225349451252665,0.0531196266148285,0.0211046515032649,0.122963822690626,3.808239692402495,0.0
SAC,3,42,112,0.05,1.0,0.05,0,ffe8be3169c0f36fdbb027c8e099afa0df7742411c9e66aea31327b3f4e66a73,"[0.4448135197162628, -0.9011456966400146, 0.6439449191093445]","[0.9329946637153625, 0.5882050395011902, 0.9689865112304688]",0.0642504055368081,0.1761182028485053,0.1927512166104244,0.042768158196805,0.0199325140565633,0.1371724005054654,1.4595137598448844,0.0
SAC,3,42,113,0.05,1.0,0.05,0,ffe8be3169c0f36fdbb027c8e099afa0df7742411c9e66aea31327b3f4e66a73,"[0.41863173246383667, -0.023482682183384895, 0.2279641479253769]","[-0.4255177676677704, -0.7030157446861267, -0.44172894954681396]",0.0602985258118953,0.1281621130432541,0.1808955774356859,0.086892831346227,0.0511379390954971,0.1631636572003067,1.9334566941970992,0.0
SAC,3,42,114,0.05,1.0,0.05,0,ffe8be3169c0f36fdbb027c8e099afa0df7742411c9e66aea31327b3f4e66a73,"[-0.7814548015594482, -0.6798140406608582, -0.9797838926315308]","[0.11529668420553207, -0.6668115258216858, -0.3657369315624237]",0.0233786010927755,0.063041571098421,0.0701358032783265,0.0193219778191206,0.0355424433946609,0.1018459559081498,1.9541052341430856,0.0
SAC,3,42,115,0.05,1.0,0.05,0,ffe8be3169c0f36fdbb027c8e099afa0df7742411c9e66aea31327b3f4e66a73,"[-0.13505227863788605, -0.6992138028144836, -0.6386840343475342]","[-0.08365152776241302, -0.7399067878723145, -0.1394127458333969]",0.0339660426924595,0.0489357891552216,0.1018981280773785,0.0976703079118404,0.1662439107894897,0.0993050666818595,2.797747990158715,0.0
SAC,3,42,116,0.05,1.0,0.05,0,ffe8be3169c0f36fdbb027c8e099afa0df7742411c9e66aea31327b3f4e66a73,"[0.0036390621680766344, -0.36614876985549927, -0.6434957981109619]","[0.9050279259681702, 0.8802486658096313, -0.9539850950241089]",0.1077490326594669,0.2161931368540389,0.3232470979784009,0.2356626069012247,0.1847904920578003,0.2193087187788433,6.267899472661407,0.0
SAC,3,42,117,0.05,1.0,0.05,0,ffe8be3169c0f36fdbb027c8e099afa0df7742411c9e66aea31327b3f4e66a73,"[0.11515316367149353, 0.7238221168518066, -0.36945784091949463]","[-0.9954982399940491, 0.7611866593360901, 0.800013542175293]",0.0431003078856255,0.1634179544146869,0.1293009236568766,0.0310106733813881,0.0135476551949977,0.1273669560353952,5.516104392484877,0.0
SAC,3,42,118,0.05,1.0,0.05,0,ffe8be3169c0f36fdbb027c8e099afa0df7742411c9e66aea31327b3f4e66a73,"[0.7532855868339539, -0.8538441061973572, 0.6052027344703674]","[0.3583809733390808, -0.14669764041900635, -0.04589289054274559]",0.0473263055751532,0.0916569766719234,0.1419789167254596,0.0518486928884629,0.0479194540530443,0.1130758057211402,4.074881404485274,0.0
SAC,3,42,119,0.05,1.0,0.05,0,ffe8be3169c0f36fdbb027c8e099afa0df7742411c9e66aea31327b3f4e66a73,"[0.9546050429344177, -0.7296091914176941, 0.7618905305862427]","[-0.6044704914093018, 0.3422892987728119, 0.2229812741279602]",0.0472117655543596,0.1121080222051776,0.1416352966630789,0.054070559123324,0.0236376449465751,0.1471278447462733,3.5223643904514974,0.0
SAC,3,42,100,0.03,2.0,0.06,0,ffe8be3169c0f36fdbb027c8e099afa0df7742411c9e66aea31327b3f4e66a73,"[-0.6200170516967773, 0.9629579782485962, -0.4305199086666107]","[0.2585463523864746, 0.16207295656204224, 0.19982454180717468]",0.0800773217106673,0.1156957710781447,0.2402319651320019,0.1322216185062756,0.0641805604100227,0.1871623523217484,5.737352818005573,0.0
SAC,3,42,101,0.03,2.0,0.06,0,ffe8be3169c0f36fdbb027c8e099afa0df7742411c9e66aea31327b3f4e66a73,"[-0.550951361656189, 0.6109917163848877, 0.3617924749851227]","[-0.05787895619869232, -0.9383890628814697, 0.7895963788032532]",0.0656992328962495,0.1670436590133209,0.1970976986887486,0.0856891687453529,0.0916803777217865,0.1734360346473066,7.383566060200528,0.0
SAC,3,42,102,0.03,2.0,0.06,0,ffe8be3169c0f36fdbb027c8e099afa0df7742411c9e66aea31327b3f4e66a73,"[-0.5149568915367126, -0.7814074754714966, -0.3089001476764679]","[0.5584290027618408, 0.0793050229549408, 0.8485109210014343]",0.073511019148589,0.1740410546596237,0.220533057445767,0.0860890786473949,0.0245047584176063,0.1778337093362784,5.373449363491289,0.0
SAC,3,42,103,0.03,2.0,0.06,0,ffe8be3169c0f36fdbb027c8e099afa0df7742411c9e66aea31327b3f4e66a73,"[-0.12263999134302139, -0.037186793982982635, 0.47996628284454346]","[-0.12207181006669998, 0.919745683670044, -0.3810819089412689]",0.0681032219825038,0.1433556751765534,0.2043096659475115,0.1352445459407237,0.0437959134578704,0.2327744407844068,7.821453561004171,0.0
SAC,3,42,104,0.03,2.0,0.06,0,ffe8be3169c0f36fdbb027c8e099afa0df7742411c9e66aea31327b3f4e66a73,"[0.6484106183052063, -0.8674346804618835, 0.07659447193145752]","[0.5117452144622803, 0.6506502032279968, -0.5617742538452148]",0.1319789445075707,0.225406206118375,0.3959368335227122,0.1452339741366881,0.1007197592407465,0.2316258375781432,8.359182924203436,0.0
SAC,3,42,105,0.03,2.0,0.06,0,ffe8be3169c0f36fdbb027c8e099afa0df7742411c9e66aea31327b3f4e66a73,"[-0.42927682399749756, 0.11211804300546646, 0.4673515558242798]","[-0.602249801158905, -0.4704720079898834, -0.3490790128707886]",0.0408883686328395,0.0901750353252274,0.1226651058985185,0.0892617755833967,0.1513706445693969,0.1264803201480399,3.815888988454663,0.0
SAC,3,42,106,0.03,2.0,0.06,0,ffe8be3169c0f36fdbb027c8e099afa0df7742411c9e66aea31327b3f4e66a73,"[-0.8895044922828674, 0.2718296945095062, -0.8628385663032532]","[0.9502007961273193, -0.6974973678588867, -0.4096177816390991]",0.0485311204065117,0.1208633857519527,0.1455933612195352,0.0474034648124174,0.0370672736316919,0.1248434749327395,2.917648161437564,0.0
SAC,3,42,107,0.03,2.0,0.06,0,ffe8be3169c0f36fdbb027c8e099afa0df7742411c9e66aea31327b3f4e66a73,"[0.6331554651260376, -0.5412940382957458, -0.558035135269165]","[-0.916957676410675, -0.7854737043380737, 0.4266817569732666]",0.091004473236192,0.1928428587303313,0.2730134197085761,0.1876992421385682,0.2119953632354736,0.1967937268521125,6.221080665138263,0.0
SAC,3,42,108,0.03,2.0,0.06,0,ffe8be3169c0f36fdbb027c8e099afa0df7742411c9e66aea31327b3f4e66a73,"[0.2364661693572998, 0.06543176621198654, 0.1095544770359993]","[-0.17992550134658813, -0.7554280757904053, 0.9981473684310913]",0.0796913763876704,0.1601815519505006,0.2390741291630112,0.1533358803961748,0.1355293989181518,0.2009806341661182,8.075881100903965,0.0
SAC,3,42,109,0.03,2.0,0.06,0,ffe8be3169c0f36fdbb027c8e099afa0df7742411c9e66aea31327b3f4e66a73,"[0.9988187551498413, 0.9677178263664246, 0.040775928646326065]","[0.3314192593097687, -0.585135817527771, 0.520487904548645]",0.0849423711507481,0.2098267163351315,0.2548271134522444,0.086842621665126,0.0686912275850772,0.2049383653369627,8.016440188728433,0.0
SAC,3,42,110,0.03,2.0,0.06,0,ffe8be3169c0f36fdbb027c8e099afa0df7742411c9e66aea31327b3f4e66a73,"[-0.10864169895648956, 0.04931486025452614, -0.4704791009426117]","[-0.871351957321167, 0.2730865180492401, -0.019966647028923035]",0.0336486966099902,0.0657915470096453,0.1009460898299708,0.0939228159754916,0.0723631493747234,0.1691238927722274,2.8289688777871023,0.0
SAC,3,42,111,0.03,2.0,0.06,0,ffe8be3169c0f36fdbb027c8e099afa0df7742411c9e66aea31327b3f4e66a73,"[-0.6049723625183105, -0.32344892621040344, 0.43083447217941284]","[-0.8419704437255859, -0.16797947883605957, -0.20451059937477112]",0.0481776955559948,0.0700761313304859,0.1445330866679846,0.062429570041045,0.0217828480526804,0.1329688211331641,3.863374158029584,0.0
SAC,3,42,112,0.03,2.0,0.06,0,ffe8be3169c0f36fdbb027c8e099afa0df7742411c9e66aea31327b3f4e66a73,"[0.4448135197162628, -0.9011456966400146, 0.6439449191093445]","[0.9329946637153625, 0.5882050395011902, 0.9689865112304688]",0.0670206206796515,0.176302874254212,0.2010618620389547,0.0496862622460833,0.0202979315072298,0.1476400528762703,1.5178762273286026,0.0
SAC,3,42,113,0.03,2.0,0.06,0,ffe8be3169c0f36fdbb027c8e099afa0df7742411c9e66aea31327b3f4e66a73,"[0.41863173246383667, -0.023482682183384895, 0.2279641479253769]","[-0.4255177676677704, -0.7030157446861267, -0.44172894954681396]",0.0647353826823055,0.1303300407118437,0.1942061480469165,0.1013562237544928,0.0578680485486984,0.1761247844172832,1.9765665391162657,0.0
SAC,3,42,114,0.03,2.0,0.06,0,ffe8be3169c0f36fdbb027c8e099afa0df7742411c9e66aea31327b3f4e66a73,"[-0.7814548015594482, -0.6798140406608582, -0.9797838926315308]","[0.11529668420553207, -0.6668115258216858, -0.3657369315624237]",0.024271764544575,0.063056380278025,0.072815293633725,0.0204180565369487,0.0414239466190338,0.112896778934317,1.985101716305644,0.0
SAC,3,42,115,0.03,2.0,0.06,0,ffe8be3169c0f36fdbb027c8e099afa0df7742411c9e66aea31327b3f4e66a73,"[-0.13505227863788605, -0.6992138028144836, -0.6386840343475342]","[-0.08365152776241302, -0.7399067878723145, -0.1394127458333969]",0.0394841686250364,0.0567079513797866,0.1184525058751094,0.1136714738770675,0.1963080167770385,0.1102968487061764,2.8337910804289552,0.0
SAC,3,42,116,0.03,2.0,0.06,0,ffe8be3169c0f36fdbb027c8e099afa0df7742411c9e66aea31327b3f4e66a73,"[0.0036390621680766344, -0.36614876985549927, -0.6434957981109619]","[0.9050279259681702, 0.8802486658096313, -0.9539850950241089]",0.1172523331493201,0.223241570883809,0.3517569994479603,0.2817107433062277,0.2199106886982917,0.2283004620426016,6.3586324474495886,0.0
SAC,3,42,117,0.03,2.0,0.06,0,ffe8be3169c0f36fdbb027c8e099afa0df7742411c9e66aea31327b3f4e66a73,"[0.11515316367149353, 0.7238221168518066, -0.36945784091949463]","[-0.9954982399940491, 0.7611866593360901, 0.800013542175293]",0.0441978437613528,0.1630574198995825,0.1325935312840586,0.0345651584125503,0.0150054711848497,0.1364300803947924,5.547444370138817,0.0
SAC,3,42,118,0.03,2.0,0.06,0,ffe8be3169c0f36fdbb027c8e099afa0df7742411c9e66aea31327b3f4e66a73,"[0.7532855868339539, -0.8538441061973572, 0.6052027344703674]","[0.3583809733390808, -0.14669764041900635, -0.04589289054274559]",0.0527947558423369,0.0971312060182208,0.1583842675270108,0.0612075371713733,0.0516527853906154,0.1177069962470608,4.104382341599646,0.0
SAC,3,42,119,0.03,2.0,0.06,0,ffe8be3169c0f36fdbb027c8e099afa0df7742411c9e66aea31327b3f4e66a73,"[0.9546050429344177, -0.7296091914176941, 0.7618905305862427]","[-0.6044704914093018, 0.3422892987728119, 0.2229812741279602]",0.0527004137285307,0.1149165005593368,0.1581012411855923,0.0627826842318438,0.0237453170120716,0.1583726542846223,3.552157551217181,0.0
SAC,3,42,100,0.05,2.0,0.1,0,ffe8be3169c0f36fdbb027c8e099afa0df7742411c9e66aea31327b3f4e66a73,"[-0.6200170516967773, 0.9629579782485962, -0.4305199086666107]","[0.2585463523864746, 0.16207295656204224, 0.19982454180717468]",0.1208363074309201,0.1607213674447356,0.3625089222927603,0.2187653744915201,0.1114936806261539,0.2574226719482878,6.233644098284429,0.0
SAC,3,42,101,0.05,2.0,0.1,0,ffe8be3169c0f36fdbb027c8e099afa0df7742411c9e66aea31327b3f4e66a73,"[-0.550951361656189, 0.6109917163848877, 0.3617924749851227]","[-0.05787895619869232, -0.9383890628814697, 0.7895963788032532]",0.0792195262110243,0.1739097060357163,0.2376585786330729,0.1421008491773664,0.1458755135536193,0.1898325399270378,7.44702626856693,0.0
SAC,3,42,102,0.05,2.0,0.1,0,ffe8be3169c0f36fdbb027c8e099afa0df7742411c9e66aea31327b3f4e66a73,"[-0.5149568915367126, -0.7814074754714966, -0.3089001476764679]","[0.5584290027618408, 0.0793050229549408, 0.8485109210014343]",0.0975644807358359,0.187820559642983,0.292693442207508,0.1429529420019668,0.0416838899254798,0.2168066911863864,5.6438202025312085,0.0
SAC,3,42,103,0.05,2.0,0.1,0,ffe8be3169c0f36fdbb027c8e099afa0df7742411c9e66aea31327b3f4e66a73,"[-0.12263999134302139, -0.037186793982982635, 0.47996628284454346]","[-0.12207181006669998, 0.919745683670044, -0.3810819089412689]",0.0865734833805935,0.1545824312002802,0.2597204501417807,0.2196747088735854,0.0934105515480041,0.3297819163733884,8.819489383328454,0.0
SAC,3,42,104,0.05,2.0,0.1,0,ffe8be3169c0f36fdbb027c8e099afa0df7742411c9e66aea31327b3f4e66a73,"[0.6484106183052063, -0.8674346804618835, 0.07659447193145752]","[0.5117452144622803, 0.6506502032279968, -0.5617742538452148]",0.1834047652904102,0.2715944347557839,0.5502142958712306,0.2315006556138856,0.1309634428471326,0.2862126476449562,8.770861311282397,0.0
SAC,3,42,105,0.05,2.0,0.1,0,ffe8be3169c0f36fdbb027c8e099afa0df7742411c9e66aea31327b3f4e66a73,"[-0.42927682399749756, 0.11211804300546646, 0.4673515558242798]","[-0.602249801158905, -0.4704720079898834, -0.3490790128707886]",0.057686346381785,0.102155577892114,0.173059039145355,0.1552623832299385,0.2574765682220459,0.1503781041599568,3.945629335800047,0.0
SAC,3,42,106,0.05,2.0,0.1,0,ffe8be3169c0f36fdbb027c8e099afa0df7742411c9e66aea31327b3f4e66a73,"[-0.8895044922828674, 0.2718296945095062, -0.8628385663032532]","[0.9502007961273193, -0.6974973678588867, -0.4096177816390991]",0.0695389361855831,0.1345968613517255,0.2086168085567495,0.0753026589848974,0.0532062891870737,0.1595193584660936,3.104284320378884,0.0
SAC,3,42,107,0.05,2.0,0.1,0,ffe8be3169c0f36fdbb027c8e099afa0df7742411c9e66aea31327b3f4e66a73,"[0.6331554651260376, -0.5412940382957458, -0.558035135269165]","[-0.916957676410675, -0.7854737043380737, 0.4266817569732666]",0.1181493517644672,0.2093330381562975,0.3544480552934017,0.3192570912249294,0.3549447059631347,0.2420651264618757,6.582495235524124,0.0
SAC,3,42,108,0.05,2.0,0.1,0,ffe8be3169c0f36fdbb027c8e099afa0df7742411c9e66aea31327b3f4e66a73,"[0.2364661693572998, 0.06543176621198654, 0.1095544770359993]","[-0.17992550134658813, -0.7554280757904053, 0.9981473684310913]",0.100551650504073,0.1699603475978148,0.301654951512219,0.2723606416932594,0.2641978859901428,0.2152134706254612,8.256146123231323,0.0
SAC,3,42,109,0.05,2.0,0.1,0,ffe8be3169c0f36fdbb027c8e099afa0df7742411c9e66aea31327b3f4e66a73,"[0.9988187551498413, 0.9677178263664246, 0.040775928646326065]","[0.3314192593097687, -0.585135817527771, 0.520487904548645]",0.0993065000356872,0.2113417265395658,0.2979195001070617,0.1373397639297225,0.0861628614366054,0.2398711677798606,8.054957456707644,0.0
SAC,3,42,110,0.05,2.0,0.1,0,ffe8be3169c0f36fdbb027c8e099afa0df7742411c9e66aea31327b3f4e66a73,"[-0.10864169895648956, 0.04931486025452614, -0.4704791009426117]","[-0.871351957321167, 0.2730865180492401, -0.019966647028923035]",0.0470073338925485,0.0802983682310976,0.1410220016776456,0.1524030064451105,0.1149401739239692,0.2525902834913677,3.5534001185187694,0.0
SAC,3,42,111,0.05,2.0,0.1,0,ffe8be3169c0f36fdbb027c8e099afa0df7742411c9e66aea31327b3f4e66a73,"[-0.6049723625183105, -0.32344892621040344, 0.43083447217941284]","[-0.8419704437255859, -0.16797947883605957, -0.20451059937477112]",0.0772949985316733,0.1084894935413901,0.2318849955950201,0.099712229569523,0.0250942027196288,0.180628940054306,4.195211457142759,0.0
SAC,3,42,112,0.05,2.0,0.1,0,ffe8be3169c0f36fdbb027c8e099afa0df7742411c9e66aea31327b3f4e66a73,"[0.4448135197162628, -0.9011456966400146, 0.6439449191093445]","[0.9329946637153625, 0.5882050395011902, 0.9689865112304688]",0.0799897905324561,0.1801170107115693,0.2399693715973685,0.0776029403585894,0.022406168282032,0.1937722975476424,1.8346920326479816,0.0
SAC,3,42,113,0.05,2.0,0.1,0,ffe8be3169c0f36fdbb027c8e099afa0df7742411c9e66aea31327b3f4e66a73,"[0.41863173246383667, -0.023482682183384895, 0.2279641479253769]","[-0.4255177676677704, -0.7030157446861267, -0.44172894954681396]",0.0833653220829437,0.1461143706464148,0.2500959662488311,0.1580804909154037,0.0772187560796737,0.231745658669983,2.4051164246670087,0.0
SAC,3,42,114,0.05,2.0,0.1,0,ffe8be3169c0f36fdbb027c8e099afa0df7742411c9e66aea31327b3f4e66a73,"[-0.7814548015594482, -0.6798140406608582, -0.9797838926315308]","[0.11529668420553207, -0.6668115258216858, -0.3657369315624237]",0.0281022668211137,0.0636451208658008,0.0843068004633413,0.0259679479518744,0.0654168874025344,0.1591299222294529,2.201244766757631,0.0
SAC,3,42,115,0.05,2.0,0.1,0,ffe8be3169c0f36fdbb027c8e099afa0df7742411c9e66aea31327b3f4e66a73,"[-0.13505227863788605, -0.6992138028144836, -0.6386840343475342]","[-0.08365152776241302, -0.7399067878723145, -0.1394127458333969]",0.0604670492596212,0.0887231352688203,0.1814011477788636,0.1689141449621982,0.3131775856018066,0.1575616440570859,3.0686499717398164,0.0
SAC,3,42,116,0.05,2.0,0.1,0,ffe8be3169c0f36fdbb027c8e099afa0df7742411c9e66aea31327b3f4e66a73,"[0.0036390621680766344, -0.36614876985549927, -0.6434957981109619]","[0.9050279259681702, 0.8802486658096313, -0.9539850950241089]",0.1558028704131444,0.2557034539118541,0.4674086112394334,0.4621609566204341,0.3655846789479255,0.2742855055373803,6.827234386970912,0.0
SAC,3,42,117,0.05,2.0,0.1,0,ffe8be3169c0f36fdbb027c8e099afa0df7742411c9e66aea31327b3f4e66a73,"[0.11515316367149353, 0.7238221168518066, -0.36945784091949463]","[-0.9954982399940491, 0.7611866593360901, 0.800013542175293]",0.0496718376876472,0.1622740627766558,0.1490155130629416,0.0487107957115419,0.020596882328391,0.1751276858132379,5.728204143411034,0.0
SAC,3,42,118,0.05,2.0,0.1,0,ffe8be3169c0f36fdbb027c8e099afa0df7742411c9e66aea31327b3f4e66a73,"[0.7532855868339539, -0.8538441061973572, 0.6052027344703674]","[0.3583809733390808, -0.14669764041900635, -0.04589289054274559]",0.0766973453151961,0.1237570034263275,0.2300920359455885,0.0956336781267582,0.0711215566843748,0.1375307210365733,4.230155631764975,0.0
SAC,3,42,119,0.05,2.0,0.1,0,ffe8be3169c0f36fdbb027c8e099afa0df7742411c9e66aea31327b3f4e66a73,"[0.9546050429344177, -0.7296091914176941, 0.7618905305862427]","[-0.6044704914093018, 0.3422892987728119, 0.2229812741279602]",0.0754169057586314,0.1312750757857009,0.2262507172758944,0.099345698458269,0.0247984305024147,0.210898744792415,3.832191536202092,0.0
SMC,2,-1,100,0.03,1.0,0.03,0,deterministic,"[-0.6200170516967773, 0.9629579782485962, -0.4305199086666107]","[0.2585463523864746, 0.16207295656204224, 0.19982454180717468]",0.1039257441776636,0.2379392375774965,0.311777232532991,0.1143659099269612,0.0198951326310634,0.1813983560126522,8.90261829814901,0.0225
SMC,2,-1,101,0.03,1.0,0.03,0,deterministic,"[-0.550951361656189, 0.6109917163848877, 0.3617924749851227]","[-0.05787895619869232, -0.9383890628814697, 0.7895963788032532]",0.327516355722096,0.7616225692999823,0.982549067166288,0.2617558949155572,0.5566377937793732,0.2196830276685373,11.404867331042968,0.0325
SMC,2,-1,102,0.03,1.0,0.03,0,deterministic,"[-0.5149568915367126, -0.7814074754714966, -0.3089001476764679]","[0.5584290027618408, 0.0793050229549408, 0.8485109210014343]",0.2091090931326417,0.3591111536319557,0.6273272793979252,0.4253637060339068,0.1020989865064621,0.1641361877301367,4.938536594991605,0.0075
SMC,2,-1,103,0.03,1.0,0.03,0,deterministic,"[-0.12263999134302139, -0.037186793982982635, 0.47996628284454346]","[-0.12207181006669998, 0.919745683670044, -0.3810819089412689]",0.2423890787087758,0.6128244001134692,0.7271672361263276,0.1805814818283658,0.1024576425552368,0.2432603114397797,11.15946988257215,0.03
SMC,2,-1,104,0.03,1.0,0.03,0,deterministic,"[0.6484106183052063, -0.8674346804618835, 0.07659447193145752]","[0.5117452144622803, 0.6506502032279968, -0.5617742538452148]",0.2352850713479895,0.6312871088177915,0.7058552140439687,0.0826649586267677,0.0184060130268335,0.2637779880757792,14.991788403245357,0.0375
SMC,2,-1,105,0.03,1.0,0.03,0,deterministic,"[-0.42927682399749756, 0.11211804300546646, 0.4673515558242798]","[-0.602249801158905, -0.4704720079898834, -0.3490790128707886]",0.1206033120863913,0.2973333605019069,0.3618099362591741,0.0605453026515466,0.103179395198822,0.1052745029540657,3.507337573322309,0.0075
SMC,2,-1,106,0.03,1.0,0.03,0,deterministic,"[-0.8895044922828674, 0.2718296945095062, -0.8628385663032532]","[0.9502007961273193, -0.6974973678588867, -0.4096177816390991]",0.0676872931639118,0.1629655318606162,0.2030618794917354,0.0636153996887582,0.010402575135231,0.1551523312811873,7.828442502897548,0.02
SMC,2,-1,107,0.03,1.0,0.03,0,deterministic,"[0.6331554651260376, -0.5412940382957458, -0.558035135269165]","[-0.916957676410675, -0.7854737043380737, 0.4266817569732666]",0.1960741044604703,0.4248972390845888,0.588222313381411,0.2630612429599335,0.5151998400688171,0.1594972012856594,7.013185779532492,0.02
SMC,2,-1,108,0.03,1.0,0.03,0,deterministic,"[0.2364661693572998, 0.06543176621198654, 0.1095544770359993]","[-0.17992550134658813, -0.7554280757904053, 0.9981473684310913]",0.2141418783567034,0.4856701202232072,0.6424256350701103,0.1705749436845014,0.4428858757019043,0.1664866097752363,8.677979715609712,0.025
SMC,2,-1,109,0.03,1.0,0.03,0,deterministic,"[0.9988187551498413, 0.9677178263664246, 0.040775928646326065]","[0.3314192593097687, -0.585135817527771, 0.520487904548645]",0.2201243612362909,0.6098151211153844,0.6603730837088728,0.1742765072181269,0.0837462320923805,0.27690333570292,16.047090446637483,0.0425
SMC,2,-1,110,0.03,1.0,0.03,0,deterministic,"[-0.10864169895648956, 0.04931486025452614, -0.4704791009426117]","[-0.871351957321167, 0.2730865180492401, -0.019966647028923035]",0.1074048555134822,0.1578872859745652,0.3222145665404468,0.2653511880126632,0.100187674164772,0.0794075845846409,1.859726356136116,0.005
SMC,2,-1,111,0.03,1.0,0.03,0,deterministic,"[-0.6049723625183105, -0.32344892621040344, 0.43083447217941284]","[-0.8419704437255859, -0.16797947883605957, -0.20451059937477112]",0.1850501893402533,0.2988191300882901,0.55515056802076,0.2385736267875742,0.068935764953494,0.1570763430970516,6.3394779682522655,0.0125
SMC,2,-1,112,0.03,1.0,0.03,0,deterministic,"[0.4448135197162628, -0.9011456966400146, 0.6439449191093445]","[0.9329946637153625, 0.5882050395011902, 0.9689865112304688]",0.0565504812475228,0.101569074692313,0.1696514437425686,0.1609969449080067,0.0693940967321395,0.1190909163357499,5.754959555902468,0.0175
SMC,2,-1,113,0.03,1.0,0.03,0,deterministic,"[0.41863173246383667, -0.023482682183384895, 0.2279641479253769]","[-0.4255177676677704, -0.7030157446861267, -0.44172894954681396]",0.1400414880160753,0.266654080086793,0.4201244640482259,0.2437438074223421,0.0334383398294448,0.1094045586940052,1.826677663080578,0.0025
SMC,2,-1,114,0.03,1.0,0.03,0,deterministic,"[-0.7814548015594482, -0.6798140406608582, -0.9797838926315308]","[0.11529668420553207, -0.6668115258216858, -0.3657369315624237]",0.16759821805671,0.2724234484501712,0.5027946541701301,0.1264246491439364,0.1017636656761169,0.1158745436465537,3.671783743638176,0.01
SMC,2,-1,115,0.03,1.0,0.03,0,deterministic,"[-0.13505227863788605, -0.6992138028144836, -0.6386840343475342]","[-0.08365152776241302, -0.7399067878723145, -0.1394127458333969]",0.1028949173642686,0.1938505971528486,0.3086847520928059,0.1237955451425578,0.2286315560340881,0.1029791954838095,3.708467617007396,0.01
SMC,2,-1,116,0.03,1.0,0.03,0,deterministic,"[0.0036390621680766344, -0.36614876985549927, -0.6434957981109619]","[0.9050279259681702, 0.8802486658096313, -0.9539850950241089]",0.1316336040491128,0.2928988357087899,0.3949008121473384,0.1044328728299817,0.1424505636096,0.136124664262498,7.302169882508306,0.0225
SMC,2,-1,117,0.03,1.0,0.03,0,deterministic,"[0.11515316367149353, 0.7238221168518066, -0.36945784091949463]","[-0.9954982399940491, 0.7611866593360901, 0.800013542175293]",0.2324911761751781,0.5110070443669527,0.6974735285255342,0.2664481670262269,0.050302043557167,0.1910546576775386,9.839761855944245,0.025
SMC,2,-1,118,0.03,1.0,0.03,0,deterministic,"[0.7532855868339539, -0.8538441061973572, 0.6052027344703674]","[0.3583809733390808, -0.14669764041900635, -0.04589289054274559]",0.1315314083724768,0.2119742918890092,0.3945942251174304,0.2653756578809317,0.041091438382864,0.1450956839985689,7.85775118467064,0.02
SMC,2,-1,119,0.03,1.0,0.03,0,deterministic,"[0.9546050429344177, -0.7296091914176941, 0.7618905305862427]","[-0.6044704914093018, 0.3422892987728119, 0.2229812741279602]",0.106371272972716,0.195046569787692,0.3191138189181481,0.264156807374991,0.038602989166975,0.2110839021594514,9.403587156449232,0.025
SMC,2,-1,100,0.05,1.0,0.05,0,deterministic,"[-0.6200170516967773, 0.9629579782485962, -0.4305199086666107]","[0.2585463523864746, 0.16207295656204224, 0.19982454180717468]",0.1264366612019495,0.2519869845931484,0.3793099836058487,0.1841811769423477,0.0313505548983812,0.2060952762473251,8.952815248411598,0.0225
SMC,2,-1,101,0.05,1.0,0.05,0,deterministic,"[-0.550951361656189, 0.6109917163848877, 0.3617924749851227]","[-0.05787895619869232, -0.9383890628814697, 0.7895963788032532]",0.4121794557649447,0.8538602458500466,1.2365383672948342,0.4490884317568055,0.9962770640850068,0.2469681131986911,11.706524041714507,0.0325
SMC,2,-1,102,0.05,1.0,0.05,0,deterministic,"[-0.5149568915367126, -0.7814074754714966, -0.3089001476764679]","[0.5584290027618408, 0.0793050229549408, 0.8485109210014343]",0.3041423815043205,0.456517882349398,0.9124271445129616,0.7861232964069019,0.1995105817914009,0.2078324608477773,5.317569011323643,0.0075
SMC,2,-1,103,0.05,1.0,0.05,0,deterministic,"[-0.12263999134302139, -0.037186793982982635, 0.47996628284454346]","[-0.12207181006669998, 0.919745683670044, -0.3810819089412689]",0.2678481594667904,0.6287318417925786,0.8035444784003711,0.3079225502816247,0.177515834569931,0.2838843234087035,11.89578385353377,0.03
SMC,2,-1,104,0.05,1.0,0.05,0,deterministic,"[0.6484106183052063, -0.8674346804618835, 0.07659447193145752]","[0.5117452144622803, 0.6506502032279968, -0.5617742538452148]",0.2503948237023882,0.6390733871063032,0.7511844711071647,0.1449997113488706,0.0306007722392678,0.2826251960495961,14.97606325775198,0.0375
SMC,2,-1,105,0.05,1.0,0.05,0,deterministic,"[-0.42927682399749756, 0.11211804300546646, 0.4673515558242798]","[-0.602249801158905, -0.4704720079898834, -0.3490790128707886]",0.1310414816463847,0.305622377528309,0.3931244449391543,0.1015930803101739,0.1718475818634033,0.1130084062826059,3.494084919971195,0.0075
SMC,2,-1,106,0.05,1.0,0.05,0,deterministic,"[-0.8895044922828674, 0.2718296945095062, -0.8628385663032532]","[0.9502007961273193, -0.6974973678588867, -0.4096177816390991]",0.0852744454391771,0.1752939962602138,0.2558233363175314,0.1070305078554852,0.0146016664803028,0.1758415726838477,7.8488279276730655,0.02
SMC,2,-1,107,0.05,1.0,0.05,0,deterministic,"[0.6331554651260376, -0.5412940382957458, -0.558035135269165]","[-0.916957676410675, -0.7854737043380737, 0.4266817569732666]",0.2332483206953813,0.4358117894886172,0.6997449620861439,0.38938446952329,0.8248549103736877,0.1790129886510096,7.076771688637172,0.02
SMC,2,-1,108,0.05,1.0,0.05,0,deterministic,"[0.2364661693572998, 0.06543176621198654, 0.1095544770359993]","[-0.17992550134658813, -0.7554280757904053, 0.9981473684310913]",0.2284269421961366,0.4687175375520733,0.6852808265884098,0.2795176365309291,0.7247159481048584,0.1718948660034452,8.76079960893329,0.025
SMC,2,-1,109,0.05,1.0,0.05,0,deterministic,"[0.9988187551498413, 0.9677178263664246, 0.040775928646326065]","[0.3314192593097687, -0.585135817527771, 0.520487904548645]",0.2438560527198152,0.6197906942104172,0.7315681581594459,0.2983192970723282,0.1474966183304786,0.3060780279783989,16.369706246922345,0.0425
SMC,2,-1,110,0.05,1.0,0.05,0,deterministic,"[-0.10864169895648956, 0.04931486025452614, -0.4704791009426117]","[-0.871351957321167, 0.2730865180492401, -0.019966647028923035]",0.1486605927882311,0.2027666281732923,0.4459817783646936,0.4080924149602651,0.1388590261340141,0.1042609887602309,1.9297451439716835,0.005
SMC,2,-1,111,0.05,1.0,0.05,0,deterministic,"[-0.6049723625183105, -0.32344892621040344, 0.43083447217941284]","[-0.8419704437255859, -0.16797947883605957, -0.20451059937477112]",0.2381534483647616,0.3493735423888979,0.7144603450942849,0.344613122144415,0.0987663883715868,0.1777801542791672,6.309722549899995,0.0125
SMC,2,-1,112,0.05,1.0,0.05,0,deterministic,"[0.4448135197162628, -0.9011456966400146, 0.6439449191093445]","[0.9329946637153625, 0.5882050395011902, 0.9689865112304688]",0.0864866699826774,0.127428058382866,0.2594600099480323,0.2655468253809728,0.1051936745643615,0.1478283847995715,5.900921534824965,0.0175
SMC,2,-1,113,0.05,1.0,0.05,0,deterministic,"[0.41863173246383667, -0.023482682183384895, 0.2279641479253769]","[-0.4255177676677704, -0.7030157446861267, -0.44172894954681396]",0.177858419873514,0.2922802424843091,0.5335752596205421,0.3804786610014645,0.062952384352684,0.1340080251190064,1.913347643749646,0.0025
SMC,2,-1,114,0.05,1.0,0.05,0,deterministic,"[-0.7814548015594482, -0.6798140406608582, -0.9797838926315308]","[0.11529668420553207, -0.6668115258216858, -0.3657369315624237]",0.2243464634301263,0.3205412704344503,0.673039390290379,0.2173642094770193,0.1663758754730224,0.1460882023657222,3.843028821358564,0.01
SMC,2,-1,115,0.05,1.0,0.05,0,deterministic,"[-0.13505227863788605, -0.6992138028144836, -0.6386840343475342]","[-0.08365152776241302, -0.7399067878723145, -0.1394127458333969]",0.1345676975077016,0.215702382967864,0.403703092523105,0.2008907930856501,0.3708242774009704,0.1266213244199114,3.7764890461365943,0.01
SMC,2,-1,116,0.05,1.0,0.05,0,deterministic,"[0.0036390621680766344, -0.36614876985549927, -0.6434957981109619]","[0.9050279259681702, 0.8802486658096313, -0.9539850950241089]",0.1402775429534483,0.2931959027451657,0.420832628860345,0.1690938675109251,0.2209906168282032,0.1482658815836029,7.330626145460347,0.0225
SMC,2,-1,117,0.05,1.0,0.05,0,deterministic,"[0.11515316367149353, 0.7238221168518066, -0.36945784091949463]","[-0.9954982399940491, 0.7611866593360901, 0.800013542175293]",0.2752324421232038,0.5262829698106504,0.8256973263696115,0.414846267229245,0.0749319307506084,0.2067600957905601,9.850306124750205,0.025
SMC,2,-1,118,0.05,1.0,0.05,0,deterministic,"[0.7532855868339539, -0.8538441061973572, 0.6052027344703674]","[0.3583809733390808, -0.14669764041900635, -0.04589289054274559]",0.1817004052412728,0.2703204327468165,0.5451012157238184,0.4036208350947242,0.0593582950532436,0.1559644734639061,8.094237879964437,0.02
SMC,2,-1,119,0.05,1.0,0.05,0,deterministic,"[0.9546050429344177, -0.7296091914176941, 0.7618905305862427]","[-0.6044704914093018, 0.3422892987728119, 0.2229812741279602]",0.1682763719433455,0.2678567963768036,0.5048291158300366,0.4833075789113839,0.0694298222661018,0.2657658061036722,9.776775094309643,0.025
SMC,2,-1,100,0.03,2.0,0.06,0,deterministic,"[-0.6200170516967773, 0.9629579782485962, -0.4305199086666107]","[0.2585463523864746, 0.16207295656204224, 0.19982454180717468]",0.1373566811600838,0.2605569607172159,0.4120700434802513,0.217209032472269,0.0365804675966501,0.2184893839894312,9.002263142290781,0.0225
SMC,2,-1,101,0.03,2.0,0.06,0,deterministic,"[-0.550951361656189, 0.6109917163848877, 0.3617924749851227]","[-0.05787895619869232, -0.9383890628814697, 0.7895963788032532]",0.4624441296654945,0.9108517423816792,1.3873323889964837,0.5432904904455315,1.229690045118332,0.2612395841611293,11.904153365604774,0.0325
SMC,2,-1,102,0.03,2.0,0.06,0,deterministic,"[-0.5149568915367126, -0.7814074754714966, -0.3089001476764679]","[0.5584290027618408, 0.0793050229549408, 0.8485109210014343]",0.3562834263753675,0.5194038405440506,1.0688502791261023,0.9941111711992158,0.2980956323444843,0.232355346464833,5.590814927319914,0.0075
SMC,2,-1,103,0.03,2.0,0.06,0,deterministic,"[-0.12263999134302139, -0.037186793982982635, 0.47996628284454346]","[-0.12207181006669998, 0.919745683670044, -0.3810819089412689]",0.2814808780836841,0.6381353630011363,0.8444426342510523,0.3739035926115365,0.2169430255889892,0.3009693716361508,11.998695317510924,0.0325
SMC,2,-1,104,0.03,2.0,0.06,0,deterministic,"[0.6484106183052063, -0.8674346804618835, 0.07659447193145752]","[0.5117452144622803, 0.6506502032279968, -0.5617742538452148]",0.2586451861577717,0.6436011333484873,0.7759355584733151,0.1785656816992954,0.0373751013539731,0.2933088456643565,14.982740644243732,0.0375
SMC,2,-1,105,0.03,2.0,0.06,0,deterministic,"[-0.42927682399749756, 0.11211804300546646, 0.4673515558242798]","[-0.602249801158905, -0.4704720079898834, -0.3490790128707886]",0.1362851352544295,0.310156006430425,0.4088554057632886,0.1223635910837738,0.2062177658081054,0.1170589336808072,3.490152018876815,0.0075
SMC,2,-1,106,0.03,2.0,0.06,0,deterministic,"[-0.8895044922828674, 0.2718296945095062, -0.8628385663032532]","[0.9502007961273193, -0.6974973678588867, -0.4096177816390991]",0.0943143219878263,0.1830630230912776,0.2829429659634791,0.12910285131017,0.0158209148794412,0.1862598580511187,7.869309282506028,0.02
SMC,2,-1,107,0.03,2.0,0.06,0,deterministic,"[0.6331554651260376, -0.5412940382957458, -0.558035135269165]","[-0.916957676410675, -0.7854737043380737, 0.4266817569732666]",0.2493137919087758,0.442396838447936,0.7479413757263277,0.4453374539260511,0.9700578451156616,0.1882070630940926,7.113598014924978,0.02
SMC,2,-1,108,0.03,2.0,0.06,0,deterministic,"[0.2364661693572998, 0.06543176621198654, 0.1095544770359993]","[-0.17992550134658813, -0.7554280757904053, 0.9981473684310913]",0.2353810271115064,0.4628184528288369,0.7061430813345194,0.3328129041618035,0.8607471287250519,0.1744775423511762,8.806453829748142,0.025
SMC,2,-1,109,0.03,2.0,0.06,0,deterministic,"[0.9988187551498413, 0.9677178263664246, 0.040775928646326065]","[0.3314192593097687, -0.585135817527771, 0.520487904548645]",0.2578368380871707,0.626245314767184,0.7735105142615123,0.36276882512058,0.1816166210919618,0.3215302595670714,16.586660014490903,0.0425
SMC,2,-1,110,0.03,2.0,0.06,0,deterministic,"[-0.10864169895648956, 0.04931486025452614, -0.4704791009426117]","[-0.871351957321167, 0.2730865180492401, -0.019966647028923035]",0.1669971619926993,0.2241305511946375,0.5009914859780982,0.4711085103314232,0.1524323374032974,0.1153664014074589,1.973540762075897,0.005
SMC,2,-1,111,0.03,2.0,0.06,0,deterministic,"[-0.6049723625183105, -0.32344892621040344, 0.43083447217941284]","[-0.8419704437255859, -0.16797947883605957, -0.20451059937477112]",0.2611238872744638,0.3737911059165025,0.7833716618233916,0.3868809703415559,0.1093310452997684,0.1873979299039489,6.303747532815452,0.0125
SMC,2,-1,112,0.03,2.0,0.06,0,deterministic,"[0.4448135197162628, -0.9011456966400146, 0.6439449191093445]","[0.9329946637153625, 0.5882050395011902, 0.9689865112304688]",0.1014665633506596,0.1425075605404151,0.3043996900519788,0.317034659470305,0.1198549047112464,0.1619957395245151,5.9939933174937625,0.0175
SMC,2,-1,113,0.03,2.0,0.06,0,deterministic,"[0.41863173246383667, -0.023482682183384895, 0.2279641479253769]","[-0.4255177676677704, -0.7030157446861267, -0.44172894954681396]",0.1956696094730629,0.3068677250150252,0.5870088284191887,0.4421720109236093,0.0790696740150451,0.1457956037537091,1.9701231969980408,0.0025
SMC,2,-1,114,0.03,2.0,0.06,0,deterministic,"[-0.7814548015594482, -0.6798140406608582, -0.9797838926315308]","[0.11529668420553207, -0.6668115258216858, -0.3657369315624237]",0.2562081632339833,0.3599088094245625,0.7686244897019499,0.2640346446660934,0.1977865695953369,0.1629557856991469,3.965848363875249,0.01
SMC,2,-1,115,0.03,2.0,0.06,0,deterministic,"[-0.13505227863788605, -0.6992138028144836, -0.6386840343475342]","[-0.08365152776241302, -0.7399067878723145, -0.1394127458333969]",0.149610385897934,0.228393595546745,0.448831157693802,0.2377686941145378,0.4387945234775543,0.1380954043600915,3.8198509175983326,0.01
SMC,2,-1,116,0.03,2.0,0.06,0,deterministic,"[0.0036390621680766344, -0.36614876985549927, -0.6434957981109619]","[0.9050279259681702, 0.8802486658096313, -0.9539850950241089]",0.1446433024889699,0.2942724896851834,0.4339299074669097,0.2000589967233899,0.255920447409153,0.1549390751452141,7.356315561291729,0.0225
SMC,2,-1,117,0.03,2.0,0.06,0,deterministic,"[0.11515316367149353, 0.7238221168518066, -0.36945784091949463]","[-0.9954982399940491, 0.7611866593360901, 0.800013542175293]",0.2952093066893834,0.535741187625934,0.8856279200681502,0.4813243456092881,0.0848249346017837,0.2144757797556901,9.879995764051458,0.025
SMC,2,-1,118,0.03,2.0,0.06,0,deterministic,"[0.7532855868339539, -0.8538441061973572, 0.6052027344703674]","[0.3583809733390808, -0.14669764041900635, -0.04589289054274559]",0.204547069288623,0.2993592130020958,0.6136412078658691,0.4630239289943819,0.0665042027831077,0.1606196084065145,8.22786743754447,0.02
SMC,2,-1,119,0.03,2.0,0.06,0,deterministic,"[0.9546050429344177, -0.7296091914176941, 0.7618905305862427]","[-0.6044704914093018, 0.3422892987728119, 0.2229812741279602]",0.2021639397625632,0.31478326582895,0.6064918192876898,0.608542591471363,0.085886962711811,0.2946660348226982,10.046455254176095,0.025
SMC,2,-1,100,0.05,2.0,0.1,0,deterministic,"[-0.6200170516967773, 0.9629579782485962, -0.4305199086666107]","[0.2585463523864746, 0.16207295656204224, 0.19982454180717468]",0.1788253580047404,0.3014698741183745,0.5364760740142214,0.3373690822886096,0.0545523967593908,0.2677060844888504,9.357136469576874,0.0225
SMC,2,-1,101,0.05,2.0,0.1,0,deterministic,"[-0.550951361656189, 0.6109917163848877, 0.3617924749851227]","[-0.05787895619869232, -0.9383890628814697, 0.7895963788032532]",0.7214264403285454,1.2407026766438398,2.1642793209856364,0.8242791892937672,2.0882949233055115,0.3244501098754126,12.93684800104426,0.0325
SMC,2,-1,102,0.05,2.0,0.1,0,deterministic,"[-0.5149568915367126, -0.7814074754714966, -0.3089001476764679]","[0.5584290027618408, 0.0793050229549408, 0.8485109210014343]",0.5984357597394626,0.8580238946183909,1.7953072792183875,2.056579907735189,0.9435974806547164,0.3368255540887079,7.099069515714675,0.0075
SMC,2,-1,103,0.05,2.0,0.1,0,deterministic,"[-0.12263999134302139, -0.037186793982982635, 0.47996628284454346]","[-0.12207181006669998, 0.919745683670044, -0.3810819089412689]",0.3415666996115851,0.686069762607094,1.0247000988347554,0.655865028316592,0.3857470154762268,0.3699140763858843,12.35785946001386,0.0325
SMC,2,-1,104,0.05,2.0,0.1,0,deterministic,"[0.6484106183052063, -0.8674346804618835, 0.07659447193145752]","[0.5117452144622803, 0.6506502032279968, -0.5617742538452148]",0.3004099673963928,0.6665283719684348,0.9012299021891784,0.3312783977476718,0.0884443754330277,0.3386744987724716,15.107750389250512,0.0375
SMC,2,-1,105,0.05,2.0,0.1,0,deterministic,"[-0.42927682399749756, 0.11211804300546646, 0.4673515558242798]","[-0.602249801158905, -0.4704720079898834, -0.3490790128707886]",0.1575862937564291,0.3304132554984141,0.4727588812692876,0.2074975643628909,0.3445549011230469,0.1342765019752304,3.4930615554973223,0.0075
SMC,2,-1,106,0.05,2.0,0.1,0,deterministic,"[-0.8895044922828674, 0.2718296945095062, -0.8628385663032532]","[0.9502007961273193, -0.6974973678588867, -0.4096177816390991]",0.1318483476295559,0.2218629493602463,0.3955450428886678,0.2201271181075293,0.0144347818568348,0.2277688841751202,8.017930069130214,0.02
SMC,2,-1,107,0.05,2.0,0.1,0,deterministic,"[0.6331554651260376, -0.5412940382957458, -0.558035135269165]","[-0.916957676410675, -0.7854737043380737, 0.4266817569732666]",0.3016063335598605,0.4708164432637663,0.9048190006795817,0.641581195878026,1.487142592668533,0.2223745884538971,7.286676812441724,0.02
SMC,2,-1,108,0.05,2.0,0.1,0,deterministic,"[0.2364661693572998, 0.06543176621198654, 0.1095544770359993]","[-0.17992550134658813, -0.7554280757904053, 0.9981473684310913]",0.261665450030584,0.4532825702835397,0.784996350091752,0.5385422297281983,1.3662343621253967,0.1839767038722234,9.016817060497432,0.025
SMC,2,-1,109,0.05,2.0,0.1,0,deterministic,"[0.9988187551498413, 0.9677178263664246, 0.040775928646326065]","[0.3314192593097687, -0.585135817527771, 0.520487904548645]",0.319802286731217,0.6624197532516802,0.9594068601936512,0.6379189545081722,0.3308662250638008,0.3817877242197352,17.59456538708479,0.045
SMC,2,-1,110,0.05,2.0,0.1,0,deterministic,"[-0.10864169895648956, 0.04931486025452614, -0.4704791009426117]","[-0.871351957321167, 0.2730865180492401, -0.019966647028923035]",0.2282069318262815,0.2985418764214807,0.6846207954788446,0.6792575864029335,0.1826390996575355,0.1529096438551781,2.1744891537954563,0.005
SMC,2,-1,111,0.05,2.0,0.1,0,deterministic,"[-0.6049723625183105, -0.32344892621040344, 0.43083447217941284]","[-0.8419704437255859, -0.16797947883605957, -0.20451059937477112]",0.3346614809803578,0.4579872905278002,1.0039844429410734,0.5076155307944175,0.1312400065362453,0.2213975234213227,6.315081685336095,0.0125
SMC,2,-1,112,0.05,2.0,0.1,0,deterministic,"[0.4448135197162628, -0.9011456966400146, 0.6439449191093445]","[0.9329946637153625, 0.5882050395011902, 0.9689865112304688]",0.16073839331134,0.208556492099302,0.4822151799340201,0.517864318817486,0.1566578149795532,0.2172515052341695,6.495370231574558,0.0175
SMC,2,-1,113,0.05,2.0,0.1,0,deterministic,"[0.41863173246383667, -0.023482682183384895, 0.2279641479253769]","[-0.4255177676677704, -0.7030157446861267, -0.44172894954681396]",0.2600833475566527,0.369048335201075,0.7802500426699581,0.6505211046724407,0.1483178660273552,0.1887673043364024,2.2564072405775444,0.0025
SMC,2,-1,114,0.05,2.0,0.1,0,deterministic,"[-0.7814548015594482, -0.6798140406608582, -0.9797838926315308]","[0.11529668420553207, -0.6668115258216858, -0.3657369315624237]",0.4194005022974296,0.6247375263719602,1.258201506892289,0.4925772311441876,0.3370543718338012,0.2402186060631752,4.706531595619167,0.01
SMC,2,-1,115,0.05,2.0,0.1,0,deterministic,"[-0.13505227863788605, -0.6992138028144836, -0.6386840343475342]","[-0.08365152776241302, -0.7399067878723145, -0.1394127458333969]",0.2048290059805003,0.283154106356078,0.614487017941501,0.3745392589013517,0.6902101933956146,0.1816444885057682,4.044454463826146,0.01
SMC,2,-1,116,0.05,2.0,0.1,0,deterministic,"[0.0036390621680766344, -0.36614876985549927, -0.6434957981109619]","[0.9050279259681702, 0.8802486658096313, -0.9539850950241089]",0.1630149075725825,0.3036127105720256,0.4890447227177477,0.3157649796318125,0.3707056865096092,0.1846480579754137,7.53383497271366,0.0225
SMC,2,-1,117,0.05,2.0,0.1,0,deterministic,"[0.11515316367149353, 0.7238221168518066, -0.36945784091949463]","[-0.9954982399940491, 0.7611866593360901, 0.800013542175293]",0.3669261904777874,0.5800744042366847,1.1007785714333622,0.7020297718728766,0.1113121733069419,0.2409870446565418,10.135296545442529,0.025
SMC,2,-1,118,0.05,2.0,0.1,0,deterministic,"[0.7532855868339539, -0.8538441061973572, 0.6052027344703674]","[0.3583809733390808, -0.14669764041900635, -0.04589289054274559]",0.2833652180803015,0.4052605854832192,0.8500956542409046,0.6493682934914107,0.1083490550518035,0.1752676668590273,8.357216944273967,0.0225
SMC,2,-1,119,0.05,2.0,0.1,0,deterministic,"[0.9546050429344177, -0.7296091914176941, 0.7618905305862427]","[-0.6044704914093018, 0.3422892987728119, 0.2229812741279602]",0.357693409237543,0.5584045327002937,1.0730802277126292,1.2469901301564623,0.1982975900173187,0.4139676795380557,11.637552235448505,0.025
SMC,3,-1,100,0.03,1.0,0.03,0,deterministic,"[-0.6200170516967773, 0.9629579782485962, -0.4305199086666107]","[0.2585463523864746, 0.16207295656204224, 0.19982454180717468]",0.0698442332251485,0.1005422114118813,0.2095326996754455,0.1904207832053487,0.0932503007352352,0.1432962139996995,5.862378997754032,0.0175
SMC,3,-1,101,0.03,1.0,0.03,0,deterministic,"[-0.550951361656189, 0.6109917163848877, 0.3617924749851227]","[-0.05787895619869232, -0.9383890628814697, 0.7895963788032532]",0.1420891393457577,0.2525361168585058,0.4262674180372732,0.1346807757645477,0.2769699990749359,0.1744599337848343,8.517847810120193,0.025
SMC,3,-1,102,0.03,1.0,0.03,0,deterministic,"[-0.5149568915367126, -0.7814074754714966, -0.3089001476764679]","[0.5584290027618408, 0.0793050229549408, 0.8485109210014343]",0.1130506212854833,0.243637108624968,0.3391518638564501,0.057468318886319,0.0268797874450683,0.1529864051106079,4.741088716615904,0.0075
SMC,3,-1,103,0.03,1.0,0.03,0,deterministic,"[-0.12263999134302139, -0.037186793982982635, 0.47996628284454346]","[-0.12207181006669998, 0.919745683670044, -0.3810819089412689]",0.0954964897144006,0.1578731550765519,0.286489469143202,0.2704817246139785,0.07215416431427,0.1869475896382574,8.095443464600129,0.0225
SMC,3,-1,104,0.03,1.0,0.03,0,deterministic,"[0.6484106183052063, -0.8674346804618835, 0.07659447193145752]","[0.5117452144622803, 0.6506502032279968, -0.5617742538452148]",0.1294906943934293,0.2167327655323752,0.3884720831802881,0.2270831046970906,0.1029991433024406,0.2007455209284562,10.05059101915029,0.03
SMC,3,-1,105,0.03,1.0,0.03,0,deterministic,"[-0.42927682399749756, 0.11211804300546646, 0.4673515558242798]","[-0.602249801158905, -0.4704720079898834, -0.3490790128707886]",0.1118226038641973,0.2171218753291428,0.3354678115925921,0.0702808589479069,0.1447724103927612,0.1384172306390152,3.591610799483116,0.005
SMC,3,-1,106,0.03,1.0,0.03,0,deterministic,"[-0.8895044922828674, 0.2718296945095062, -0.8628385663032532]","[0.9502007961273193, -0.6974973678588867, -0.4096177816390991]",0.0550620062760575,0.1325875716541939,0.1651860188281725,0.0526705548615643,0.0148150557652115,0.0975861005879012,4.923019300206046,0.015
SMC,3,-1,107,0.03,1.0,0.03,0,deterministic,"[0.6331554651260376, -0.5412940382957458, -0.558035135269165]","[-0.916957676410675, -0.7854737043380737, 0.4266817569732666]",0.1553315779911114,0.2360000677591184,0.4659947339733342,0.3811094093101996,0.4381145238876343,0.184636219363994,6.2499551575717165,0.0175
SMC,3,-1,108,0.03,1.0,0.03,0,deterministic,"[0.2364661693572998, 0.06543176621198654, 0.1095544770359993]","[-0.17992550134658813, -0.7554280757904053, 0.9981473684310913]",0.1015116651825055,0.1970040502544281,0.3045349955475167,0.135666501627844,0.2643584012985229,0.1583056804588987,7.723584785450417,0.0225
SMC,3,-1,109,0.03,1.0,0.03,0,deterministic,"[0.9988187551498413, 0.9677178263664246, 0.040775928646326065]","[0.3314192593097687, -0.585135817527771, 0.520487904548645]",0.0911179041197323,0.2201231112681644,0.2733537123591971,0.09158472844434,0.0459731258451938,0.1976126374479701,9.97251568442588,0.0275
SMC,3,-1,110,0.03,1.0,0.03,0,deterministic,"[-0.10864169895648956, 0.04931486025452614, -0.4704791009426117]","[-0.871351957321167, 0.2730865180492401, -0.019966647028923035]",0.0491248427616186,0.0798175872889914,0.1473745282848558,0.1765893078236668,0.1483680680394172,0.1021830954094302,2.041290705609577,0.005
SMC,3,-1,111,0.03,1.0,0.03,0,deterministic,"[-0.6049723625183105, -0.32344892621040344, 0.43083447217941284]","[-0.8419704437255859, -0.16797947883605957, -0.20451059937477112]",0.0550720687082357,0.074687134564542,0.1652162061247073,0.1189957801482559,0.0139324599876999,0.0895945776413501,3.317429477049284,0.01
SMC,3,-1,112,0.03,1.0,0.03,0,deterministic,"[0.4448135197162628, -0.9011456966400146, 0.6439449191093445]","[0.9329946637153625, 0.5882050395011902, 0.9689865112304688]",0.0924993764825091,0.2035383339112352,0.2774981294475273,0.0839139050804078,0.0088437311351299,0.144297246095153,4.949176536341832,0.01
SMC,3,-1,113,0.03,1.0,0.03,0,deterministic,"[0.41863173246383667, -0.023482682183384895, 0.2279641479253769]","[-0.4255177676677704, -0.7030157446861267, -0.44172894954681396]",0.1406240995028091,0.2598441741405446,0.4218722985084273,0.1809321589032073,0.0186519026756286,0.1729007815132414,2.544422449613817,0.0025
SMC,3,-1,114,0.03,1.0,0.03,0,deterministic,"[-0.7814548015594482, -0.6798140406608582, -0.9797838926315308]","[0.11529668420553207, -0.6668115258216858, -0.3657369315624237]",0.0341659229504624,0.0750856897117314,0.1024977688513872,0.0059830632871361,0.012373998761177,0.0712036491129135,2.4540623004771587,0.0075
SMC,3,-1,115,0.03,1.0,0.03,0,deterministic,"[-0.13505227863788605, -0.6992138028144836, -0.6386840343475342]","[-0.08365152776241302, -0.7399067878723145, -0.1394127458333969]",0.0569174071829626,0.0773178160811396,0.170752221548888,0.1236468327726111,0.320645660161972,0.0809800853069344,2.6097377449781374,0.0075
SMC,3,-1,116,0.03,1.0,0.03,0,deterministic,"[0.0036390621680766344, -0.36614876985549927, -0.6434957981109619]","[0.9050279259681702, 0.8802486658096313, -0.9539850950241089]",0.176591441073979,0.3631425622397507,0.5297743232219371,0.1791798933236687,0.3604873269796371,0.2209440656727762,7.552591382459507,0.0175
SMC,3,-1,117,0.03,1.0,0.03,0,deterministic,"[0.11515316367149353, 0.7238221168518066, -0.36945784091949463]","[-0.9954982399940491, 0.7611866593360901, 0.800013542175293]",0.0452257904685888,0.1666826567296068,0.1356773714057664,0.0485691777832898,0.0106015298515558,0.1181107242041536,6.237558799564193,0.0175
SMC,3,-1,118,0.03,1.0,0.03,0,deterministic,"[0.7532855868339539, -0.8538441061973572, 0.6052027344703674]","[0.3583809733390808, -0.14669764041900635, -0.04589289054274559]",0.0574594540296994,0.0940292338740715,0.1723783620890982,0.1025067191272054,0.0368216857314109,0.1032994181336053,5.614851439587646,0.015
SMC,3,-1,119,0.03,1.0,0.03,0,deterministic,"[0.9546050429344177, -0.7296091914176941, 0.7618905305862427]","[-0.6044704914093018, 0.3422892987728119, 0.2229812741279602]",0.0507689832693472,0.1163084469935903,0.1523069498080416,0.0908754721720829,0.0125991031527519,0.1335881893416202,6.187514398422756,0.0175
SMC,3,-1,100,0.05,1.0,0.05,0,deterministic,"[-0.6200170516967773, 0.9629579782485962, -0.4305199086666107]","[0.2585463523864746, 0.16207295656204224, 0.19982454180717468]",0.1026032559003863,0.1310408345989487,0.3078097677011591,0.3168756817869934,0.1470943503081798,0.1804931304383293,6.040223206297981,0.0175
SMC,3,-1,101,0.05,1.0,0.05,0,deterministic,"[-0.550951361656189, 0.6109917163848877, 0.3617924749851227]","[-0.05787895619869232, -0.9383890628814697, 0.7895963788032532]",0.1705696275457739,0.2754543807112657,0.511708882637322,0.228236486054497,0.4728013277053833,0.185829652104307,8.52624321226553,0.025
SMC,3,-1,102,0.05,1.0,0.05,0,deterministic,"[-0.5149568915367126, -0.7814074754714966, -0.3089001476764679]","[0.5584290027618408, 0.0793050229549408, 0.8485109210014343]",0.1280909899609815,0.2548164114369785,0.3842729698829445,0.0952711552266537,0.0440778508782386,0.171634411749934,4.841230732338473,0.0075
SMC,3,-1,103,0.05,1.0,0.05,0,deterministic,"[-0.12263999134302139, -0.037186793982982635, 0.47996628284454346]","[-0.12207181006669998, 0.919745683670044, -0.3810819089412689]",0.1189492580222301,0.1801961682714391,0.3568477740666905,0.4375870563549759,0.1026305258274078,0.2315986747310573,8.373523229084425,0.0225
SMC,3,-1,104,0.05,1.0,0.05,0,deterministic,"[0.6484106183052063, -0.8674346804618835, 0.07659447193145752]","[0.5117452144622803, 0.6506502032279968, -0.5617742538452148]",0.1703806675859074,0.2460181033718169,0.5111420027577223,0.3808206183214982,0.1674522422254085,0.2304863914916468,10.212815235902468,0.03
SMC,3,-1,105,0.05,1.0,0.05,0,deterministic,"[-0.42927682399749756, 0.11211804300546646, 0.4673515558242798]","[-0.602249801158905, -0.4704720079898834, -0.3490790128707886]",0.1252331628486613,0.2299589482113946,0.3756994885459839,0.1151041704931376,0.2360689640045166,0.1485321259353164,3.667597281318594,0.005
SMC,3,-1,106,0.05,1.0,0.05,0,deterministic,"[-0.8895044922828674, 0.2718296945095062, -0.8628385663032532]","[0.9502007961273193, -0.6974973678588867, -0.4096177816390991]",0.0744232957095375,0.1451314667222538,0.2232698871286126,0.0857661781849822,0.0236959774047136,0.114393634805029,4.938171869005491,0.015
SMC,3,-1,107,0.05,1.0,0.05,0,deterministic,"[0.6331554651260376, -0.5412940382957458, -0.558035135269165]","[-0.916957676410675, -0.7854737043380737, 0.4266817569732666]",0.1983821297556793,0.2665709201410374,0.5951463892670381,0.5802209506064285,0.7047449350357056,0.2225480027425107,6.364784006928918,0.0175
SMC,3,-1,108,0.05,1.0,0.05,0,deterministic,"[0.2364661693572998, 0.06543176621198654, 0.1095544770359993]","[-0.17992550134658813, -0.7554280757904053, 0.9981473684310913]",0.1195111399154927,0.2053227576213009,0.3585334197464782,0.2239888794490216,0.434991717338562,0.1669631422239224,7.853379777223032,0.0225
SMC,3,-1,109,0.05,1.0,0.05,0,deterministic,"[0.9988187551498413, 0.9677178263664246, 0.040775928646326065]","[0.3314192593097687, -0.585135817527771, 0.520487904548645]",0.0984109510076932,0.2195700686928962,0.2952328530230799,0.1508614152301976,0.0762680731713771,0.2140252824219964,9.938923158003035,0.0275
SMC,3,-1,110,0.05,1.0,0.05,0,deterministic,"[-0.10864169895648956, 0.04931486025452614, -0.4704791009426117]","[-0.871351957321167, 0.2730865180492401, -0.019966647028923035]",0.0756095349935757,0.105617901854106,0.2268286049807272,0.3006842182834207,0.2637563496828079,0.1509738743383119,2.2541769611287483,0.005
SMC,3,-1,111,0.05,1.0,0.05,0,deterministic,"[-0.6049723625183105, -0.32344892621040344, 0.43083447217941284]","[-0.8419704437255859, -0.16797947883605957, -0.20451059937477112]",0.0874773551534214,0.1150090380949053,0.2624320654602642,0.1903093036172198,0.0187028991058468,0.1189093968638927,3.444381425358835,0.01
SMC,3,-1,112,0.05,1.0,0.05,0,deterministic,"[0.4448135197162628, -0.9011456966400146, 0.6439449191093445]","[0.9329946637153625, 0.5882050395011902, 0.9689865112304688]",0.1105248298196405,0.2138400710611552,0.3315744894589216,0.1427139457499171,0.0158795546740293,0.1719045700689579,5.098946441757508,0.01
SMC,3,-1,113,0.05,1.0,0.05,0,deterministic,"[0.41863173246383667, -0.023482682183384895, 0.2279641479253769]","[-0.4255177676677704, -0.7030157446861267, -0.44172894954681396]",0.1644661572164951,0.2687992859935732,0.4933984716494853,0.3085794630287974,0.029631957411766,0.2062853707165801,2.6272490546902336,0.0025
SMC,3,-1,114,0.05,1.0,0.05,0,deterministic,"[-0.7814548015594482, -0.6798140406608582, -0.9797838926315308]","[0.11529668420553207, -0.6668115258216858, -0.3657369315624237]",0.0368141050532565,0.0748364698939514,0.1104423151597696,0.0100990162851909,0.0206815749406814,0.0939720347898192,2.5113908837237706,0.0075
SMC,3,-1,115,0.05,1.0,0.05,0,deterministic,"[-0.13505227863788605, -0.6992138028144836, -0.6386840343475342]","[-0.08365152776241302, -0.7399067878723145, -0.1394127458333969]",0.0915259722727083,0.1231812128642124,0.2745779168181251,0.2053604219338776,0.5284550786018372,0.1096147931210796,2.7226123125006843,0.0075
SMC,3,-1,116,0.05,1.0,0.05,0,deterministic,"[0.0036390621680766344, -0.36614876985549927, -0.6434957981109619]","[0.9050279259681702, 0.8802486658096313, -0.9539850950241089]",0.2029076353759069,0.3771610227510626,0.6087229061277207,0.3044973736008008,0.6062038391828537,0.247577346742044,7.716105717504694,0.0175
SMC,3,-1,117,0.05,1.0,0.05,0,deterministic,"[0.11515316367149353, 0.7238221168518066, -0.36945784091949463]","[-0.9954982399940491, 0.7611866593360901, 0.800013542175293]",0.0531053390858674,0.1672426800864043,0.1593160172576024,0.0803103782351554,0.0175298191606998,0.1377880969160643,6.245683351878275,0.015
SMC,3,-1,118,0.05,1.0,0.05,0,deterministic,"[0.7532855868339539, -0.8538441061973572, 0.6052027344703674]","[0.3583809733390808, -0.14669764041900635, -0.04589289054274559]",0.0826650971917595,0.1228902023323837,0.2479952915752785,0.1658695662382668,0.0599329695105552,0.1115827353721925,5.575704409447047,0.015
SMC,3,-1,119,0.05,1.0,0.05,0,deterministic,"[0.9546050429344177, -0.7296091914176941, 0.7618905305862427]","[-0.6044704914093018, 0.3422892987728119, 0.2229812741279602]",0.067502061472176,0.1249765324860528,0.2025061844165281,0.1485996290949391,0.0210805982351303,0.1603967788324097,6.135978195408965,0.0175
SMC,3,-1,100,0.03,2.0,0.06,0,deterministic,"[-0.6200170516967773, 0.9629579782485962, -0.4305199086666107]","[0.2585463523864746, 0.16207295656204224, 0.19982454180717468]",0.1190325902002311,0.1479458127353394,0.3570977706006935,0.3797936770651076,0.1709956265985965,0.1992040815123907,6.158977331286407,0.0175
SMC,3,-1,101,0.03,2.0,0.06,0,deterministic,"[-0.550951361656189, 0.6109917163848877, 0.3617924749851227]","[-0.05787895619869232, -0.9383890628814697, 0.7895963788032532]",0.1854563666347349,0.2885928097419439,0.5563690999042048,0.2761001720288653,0.5738300979137421,0.1922482818969237,8.543339945073823,0.025
SMC,3,-1,102,0.03,2.0,0.06,0,deterministic,"[-0.5149568915367126, -0.7814074754714966, -0.3089001476764679]","[0.5584290027618408, 0.0793050229549408, 0.8485109210014343]",0.1357515714675534,0.2614749137526544,0.4072547144026605,0.1140341083921584,0.0524297580122947,0.1815641096720827,4.912866205092191,0.0075
SMC,3,-1,103,0.03,2.0,0.06,0,deterministic,"[-0.12263999134302139, -0.037186793982982635, 0.47996628284454346]","[-0.12207181006669998, 0.919745683670044, -0.3810819089412689]",0.1346391367777123,0.1948188877550644,0.4039174103331369,0.5174740453561147,0.1129695773124694,0.2554926081236708,8.566541231452893,0.0225
SMC,3,-1,104,0.03,2.0,0.06,0,deterministic,"[0.6484106183052063, -0.8674346804618835, 0.07659447193145752]","[0.5117452144622803, 0.6506502032279968, -0.5617742538452148]",0.1910631394482907,0.2632204464085649,0.5731894183448722,0.4580028888619976,0.1969755925238132,0.2448500627137957,10.319810607685026,0.03
SMC,3,-1,105,0.03,2.0,0.06,0,deterministic,"[-0.42927682399749756, 0.11211804300546646, 0.4673515558242798]","[-0.602249801158905, -0.4704720079898834, -0.3490790128707886]",0.1317607281243402,0.2368889268020271,0.3952821843730207,0.136929295865106,0.2801936268806457,0.1535859939702236,3.7078769679423615,0.005
SMC,3,-1,106,0.03,2.0,0.06,0,deterministic,"[-0.8895044922828674, 0.2718296945095062, -0.8628385663032532]","[0.9502007961273193, -0.6974973678588867, -0.4096177816390991]",0.0847512489869487,0.1543886868394665,0.2542537469608463,0.1017572577830036,0.0278402455151081,0.1229565536169749,4.954117199235789,0.015
SMC,3,-1,107,0.03,2.0,0.06,0,deterministic,"[0.6331554651260376, -0.5412940382957458, -0.558035135269165]","[-0.916957676410675, -0.7854737043380737, 0.4266817569732666]",0.2182746330842821,0.2838105468759804,0.6548238992528465,0.6658314609969104,0.8312979936599731,0.2418667663321621,6.471994781399622,0.0175
SMC,3,-1,108,0.03,2.0,0.06,0,deterministic,"[0.2364661693572998, 0.06543176621198654, 0.1095544770359993]","[-0.17992550134658813, -0.7554280757904053, 0.9981473684310913]",0.1282915285221786,0.2111784050452889,0.3848745855665359,0.2675843654361404,0.5185356140136719,0.171259187450856,7.931438292419007,0.0225
SMC,3,-1,109,0.03,2.0,0.06,0,deterministic,"[0.9988187551498413, 0.9677178263664246, 0.040775928646326065]","[0.3314192593097687, -0.585135817527771, 0.520487904548645]",0.1034336810589381,0.2200577499256697,0.3103010431768145,0.1799667327446334,0.0912705995142459,0.2229318336091303,9.934096482894605,0.0275
SMC,3,-1,110,0.03,2.0,0.06,0,deterministic,"[-0.10864169895648956, 0.04931486025452614, -0.4704791009426117]","[-0.871351957321167, 0.2730865180492401, -0.019966647028923035]",0.0892889949490013,0.1207276225046537,0.267866984847004,0.3647267322665379,0.3268857970833778,0.1760513662108617,2.411536875902508,0.005
SMC,3,-1,111,0.03,2.0,0.06,0,deterministic,"[-0.6049723625183105, -0.32344892621040344, 0.43083447217941284]","[-0.8419704437255859, -0.16797947883605957, -0.20451059937477112]",0.1034400889403028,0.1354334162933141,0.3103202668209084,0.2235962010080707,0.0196417681872844,0.1339104951398814,3.5313992014506197,0.01
SMC,3,-1,112,0.03,2.0,0.06,0,deterministic,"[0.4448135197162628, -0.9011456966400146, 0.6439449191093445]","[0.9329946637153625, 0.5882050395011902, 0.9689865112304688]",0.1200005370534798,0.2206433785024054,0.3600016111604395,0.1729630741555197,0.0197224542498588,0.1857819088833102,5.187514274199067,0.01
SMC,3,-1,113,0.03,2.0,0.06,0,deterministic,"[0.41863173246383667, -0.023482682183384895, 0.2279641479253769]","[-0.4255177676677704, -0.7030157446861267, -0.44172894954681396]",0.1766590454746486,0.2753848930566868,0.5299771364239461,0.3745674616599708,0.0346902012825012,0.223136877750457,2.70757443091728,0.0025
SMC,3,-1,114,0.03,2.0,0.06,0,deterministic,"[-0.7814548015594482, -0.6798140406608582, -0.9797838926315308]","[0.11529668420553207, -0.6668115258216858, -0.3657369315624237]",0.0381673129679169,0.0748605500637007,0.1145019389037507,0.0121967738241325,0.0248535126447677,0.1058251673933856,2.554554351834952,0.0075
SMC,3,-1,115,0.03,2.0,0.06,0,deterministic,"[-0.13505227863788605, -0.6992138028144836, -0.6386840343475342]","[-0.08365152776241302, -0.7399067878723145, -0.1394127458333969]",0.1084160975874219,0.1458017463774513,0.3252482927622659,0.2460778491732514,0.6302361786365509,0.1240913307104498,2.8002997133980454,0.0075
SMC,3,-1,116,0.03,2.0,0.06,0,deterministic,"[0.0036390621680766344, -0.36614876985549927, -0.6434957981109619]","[0.9050279259681702, 0.8802486658096313, -0.9539850950241089]",0.2163480403163437,0.385265203026481,0.6490441209490311,0.3690117248046545,0.7289120554924011,0.2616378300758822,7.818246036929636,0.0175
SMC,3,-1,117,0.03,2.0,0.06,0,deterministic,"[0.11515316367149353, 0.7238221168518066, -0.36945784091949463]","[-0.9954982399940491, 0.7611866593360901, 0.800013542175293]",0.0571999320209162,0.1678887089689734,0.1715997960627487,0.0959892677327181,0.0209455769509077,0.1474392028110905,6.250496601232616,0.015
SMC,3,-1,118,0.03,2.0,0.06,0,deterministic,"[0.7532855868339539, -0.8538441061973572, 0.6052027344703674]","[0.3583809733390808, -0.14669764041900635, -0.04589289054274559]",0.0952822791192996,0.1390780938142142,0.2858468373578989,0.1961083367530164,0.0710185132920742,0.1154343233370275,5.557767027786053,0.015
SMC,3,-1,119,0.03,2.0,0.06,0,deterministic,"[0.9546050429344177, -0.7296091914176941, 0.7618905305862427]","[-0.6044704914093018, 0.3422892987728119, 0.2229812741279602]",0.0761684889112408,0.1308423020612285,0.2285054667337223,0.176615889540609,0.0253107510507106,0.1740270202997299,6.14068950243079,0.0175
SMC,3,-1,100,0.05,2.0,0.1,0,deterministic,"[-0.6200170516967773, 0.9629579782485962, -0.4305199086666107]","[0.2585463523864746, 0.16207295656204224, 0.19982454180717468]",0.1848067894658493,0.2204149304777243,0.554420368397548,0.6286037022960774,0.2423853501677513,0.2742769291410757,6.835094864141587,0.0175
SMC,3,-1,101,0.05,2.0,0.1,0,deterministic,"[-0.550951361656189, 0.6109917163848877, 0.3617924749851227]","[-0.05787895619869232, -0.9383890628814697, 0.7895963788032532]",0.2479526073345179,0.3506871689318822,0.7438578220035537,0.474527803560098,0.99647656083107,0.2221073836690288,8.705839797310913,0.025
SMC,3,-1,102,0.05,2.0,0.1,0,deterministic,"[-0.5149568915367126, -0.7814074754714966, -0.3089001476764679]","[0.5584290027618408, 0.0793050229549408, 0.8485109210014343]",0.167044135748857,0.2942912510418411,0.5011324072465709,0.1889986792970218,0.0839955955743789,0.2199079054056497,4.936435663544952,0.01
SMC,3,-1,103,0.05,2.0,0.1,0,deterministic,"[-0.12263999134302139, -0.037186793982982635, 0.47996628284454346]","[-0.12207181006669998, 0.919745683670044, -0.3810819089412689]",0.1976753908704195,0.2632358701489813,0.5930261726112586,0.8142901107116982,0.1245546340942382,0.3535708206051965,9.6813032644636,0.0225
SMC,3,-1,104,0.05,2.0,0.1,0,deterministic,"[0.6484106183052063, -0.8674346804618835, 0.07659447193145752]","[0.5117452144622803, 0.6506502032279968, -0.5617742538452148]",0.2744072397469433,0.3428933381736556,0.8232217192408301,0.7658043544693494,0.2840183414518833,0.2982635910608006,10.892903967733403,0.03
SMC,3,-1,105,0.05,2.0,0.1,0,deterministic,"[-0.42927682399749756, 0.11211804300546646, 0.4673515558242798]","[-0.602249801158905, -0.4704720079898834, -0.3490790128707886]",0.1574094248947192,0.266769268907737,0.4722282746841578,0.2204257384126569,0.446821928024292,0.1738193379964754,3.884159951249133,0.005
SMC,3,-1,106,0.05,2.0,0.1,0,deterministic,"[-0.8895044922828674, 0.2718296945095062, -0.8628385663032532]","[0.9502007961273193, -0.6974973678588867, -0.4096177816390991]",0.1272370281477527,0.2031545423993214,0.3817110844432583,0.1621412388279022,0.0424696318805217,0.1574497557781692,5.06981322256332,0.015
SMC,3,-1,107,0.05,2.0,0.1,0,deterministic,"[0.6331554651260376, -0.5412940382957458, -0.558035135269165]","[-0.916957676410675, -0.7854737043380737, 0.4266817569732666]",0.2884869495885181,0.3551394370620067,0.8654608487655546,0.9403596110182044,1.3045211732387545,0.3205077671804442,7.216444667686513,0.0175
SMC,3,-1,108,0.05,2.0,0.1,0,deterministic,"[0.2364661693572998, 0.06543176621198654, 0.1095544770359993]","[-0.17992550134658813, -0.7554280757904053, 0.9981473684310913]",0.1618577842558064,0.242587295169616,0.4855733527674193,0.4383946751462824,0.8399190306663513,0.1885309898436362,8.334221688815438,0.0225
SMC,3,-1,109,0.05,2.0,0.1,0,deterministic,"[0.9988187551498413, 0.9677178263664246, 0.040775928646326065]","[0.3314192593097687, -0.585135817527771, 0.520487904548645]",0.1265669915738421,0.2267590551180095,0.3797009747215266,0.2928804296678231,0.150061871856451,0.260828626694412,9.993591176937828,0.0275
SMC,3,-1,110,0.05,2.0,0.1,0,deterministic,"[-0.10864169895648956, 0.04931486025452614, -0.4704791009426117]","[-0.871351957321167, 0.2730865180492401, -0.019966647028923035]",0.1468279656573994,0.1895546359405421,0.4404838969721981,0.6348534140873838,0.6197735965251923,0.2815454151409392,3.40841851691454,0.005
SMC,3,-1,111,0.05,2.0,0.1,0,deterministic,"[-0.6049723625183105, -0.32344892621040344, 0.43083447217941284]","[-0.8419704437255859, -0.16797947883605957, -0.20451059937477112]",0.1652013164494381,0.2156640389411665,0.4956039493483145,0.3425674968583072,0.0235784985125064,0.1936146984843891,4.032660198662046,0.01
SMC,3,-1,112,0.05,2.0,0.1,0,deterministic,"[0.4448135197162628, -0.9011456966400146, 0.6439449191093445]","[0.9329946637153625, 0.5882050395011902, 0.9689865112304688]",0.1601465305436173,0.2571428032290959,0.480439591630852,0.2994417788138912,0.0370938424021005,0.241439664210126,5.6326938668256,0.01
SMC,3,-1,113,0.05,2.0,0.1,0,deterministic,"[0.41863173246383667, -0.023482682183384895, 0.2279641479253769]","[-0.4255177676677704, -0.7030157446861267, -0.44172894954681396]",0.2272624992390015,0.3147638982391708,0.6817874977170046,0.6531984615772043,0.0523143112659454,0.292161179245438,3.289503108852278,0.0025
SMC,3,-1,114,0.05,2.0,0.1,0,deterministic,"[-0.7814548015594482, -0.6798140406608582, -0.9797838926315308]","[0.11529668420553207, -0.6668115258216858, -0.3657369315624237]",0.0437241450168118,0.0759905968011217,0.1311724350504354,0.0209081726447667,0.0422009229660034,0.1562989041977242,2.826490497669333,0.0075
SMC,3,-1,115,0.05,2.0,0.1,0,deterministic,"[-0.13505227863788605, -0.6992138028144836, -0.6386840343475342]","[-0.08365152776241302, -0.7399067878723145, -0.1394127458333969]",0.1732452753613875,0.2329502990650883,0.5197358260841627,0.4076993000452165,1.0200411677360537,0.1823434206222223,3.2421758856295244,0.0075
SMC,3,-1,116,0.05,2.0,0.1,0,deterministic,"[0.0036390621680766344, -0.36614876985549927, -0.6434957981109619]","[0.9050279259681702, 0.8802486658096313, -0.9539850950241089]",0.2710176941444006,0.424264548695054,0.8130530824332017,0.6396976497806148,1.2015456706285477,0.3207839672253966,8.373049216877469,0.0175
SMC,3,-1,117,0.05,2.0,0.1,0,deterministic,"[0.11515316367149353, 0.7238221168518066, -0.36945784091949463]","[-0.9954982399940491, 0.7611866593360901, 0.800013542175293]",0.0740447831028532,0.1727800817528286,0.2221343493085596,0.1574477193716131,0.0342413540929555,0.1853653257476185,6.324678129051175,0.015
SMC,3,-1,118,0.05,2.0,0.1,0,deterministic,"[0.7532855868339539, -0.8538441061973572, 0.6052027344703674]","[0.3583809733390808, -0.14669764041900635, -0.04589289054274559]",0.1447392332941256,0.2070896485998448,0.4342176998823769,0.3079341538767848,0.1120403334498405,0.1281133578026188,5.493083326651107,0.015
SMC,3,-1,119,0.05,2.0,0.1,0,deterministic,"[0.9546050429344177, -0.7296091914176941, 0.7618905305862427]","[-0.6044704914093018, 0.3422892987728119, 0.2229812741279602]",0.111313434364158,0.1611268365489428,0.3339403030924741,0.2831190920170442,0.0419263914227485,0.2282215829753866,6.348391040086536,0.0175
