model_name,train_seed,step,error_l1,action
ppo_obs2_continuous_hopfield_node3_final_seed_1024,1024,0,1.5996227264404297,0.0
ppo_obs2_continuous_hopfield_node3_final_seed_1024,1024,1,1.1664071083068848,-4.0
ppo_obs2_continuous_hopfield_node3_final_seed_1024,1024,2,0.9506634473800659,-4.0
ppo_obs2_continuous_hopfield_node3_final_seed_1024,1024,3,0.9298999309539795,-4.0
ppo_obs2_continuous_hopfield_node3_final_seed_1024,1024,4,0.8470178842544556,-4.0
ppo_obs2_continuous_hopfield_node3_final_seed_1024,1024,5,0.6979888677597046,-4.0
ppo_obs2_continuous_hopfield_node3_final_seed_1024,1024,6,0.6367291212081909,-3.3291213512420654
ppo_obs2_continuous_hopfield_node3_final_seed_1024,1024,7,0.5893561840057373,1.5632307529449463
ppo_obs2_continuous_hopfield_node3_final_seed_1024,1024,8,0.5586509704589844,-1.173228144645691
ppo_obs2_continuous_hopfield_node3_final_seed_1024,1024,9,0.533822774887085,0.31182336807250977
ppo_obs2_continuous_hopfield_node3_final_seed_1024,1024,10,0.5130410194396973,-0.5536034107208252
ppo_obs2_continuous_hopfield_node3_final_seed_1024,1024,11,0.49680233001708984,-0.10097130388021469
ppo_obs2_continuous_hopfield_node3_final_seed_1024,1024,12,0.4801233410835266,-0.37926027178764343
ppo_obs2_continuous_hopfield_node3_final_seed_1024,1024,13,0.4668917655944824,-0.23949265480041504
ppo_obs2_continuous_hopfield_node3_final_seed_1024,1024,14,0.4528270661830902,-0.32724976539611816
ppo_obs2_continuous_hopfield_node3_final_seed_1024,1024,15,0.44001176953315735,-0.2803204655647278
ppo_obs2_continuous_hopfield_node3_final_seed_1024,1024,16,0.42827603220939636,-0.30389267206192017
ppo_obs2_continuous_hopfield_node3_final_seed_1024,1024,17,0.4164023697376251,-0.2833157777786255
ppo_obs2_continuous_hopfield_node3_final_seed_1024,1024,18,0.40519973635673523,-0.2843484580516815
ppo_obs2_continuous_hopfield_node3_final_seed_1024,1024,19,0.39395660161972046,-0.27067023515701294
ppo_obs2_continuous_hopfield_node3_final_seed_1024,1024,20,0.3830239474773407,-0.2635464370250702
ppo_obs2_continuous_hopfield_node3_final_seed_1024,1024,21,0.3721684217453003,-0.2515110671520233
ppo_obs2_continuous_hopfield_node3_final_seed_1024,1024,22,0.3615022897720337,-0.2415337860584259
ppo_obs2_continuous_hopfield_node3_final_seed_1024,1024,23,0.3509509563446045,-0.23002442717552185
ppo_obs2_continuous_hopfield_node3_final_seed_1024,1024,24,0.34055352210998535,-0.21931305527687073
ppo_obs2_continuous_hopfield_node3_final_seed_1024,1024,25,0.3302900791168213,-0.20829539000988007
ppo_obs2_continuous_hopfield_node3_final_seed_1024,1024,26,0.3201785087585449,-0.1977761834859848
ppo_obs2_continuous_hopfield_node3_final_seed_1024,1024,27,0.3102167248725891,-0.18741475045681
ppo_obs2_continuous_hopfield_node3_final_seed_1024,1024,28,0.30041617155075073,-0.17750795185565948
ppo_obs2_continuous_hopfield_node3_final_seed_1024,1024,29,0.29078078269958496,-0.16794100403785706
ppo_obs2_continuous_hopfield_node3_final_seed_1024,1024,30,0.28131943941116333,-0.15882408618927002
ppo_obs2_continuous_hopfield_node3_final_seed_1024,1024,31,0.27203649282455444,-0.1501139998435974
ppo_obs2_continuous_hopfield_node3_final_seed_1024,1024,32,0.26293957233428955,-0.14185766875743866
ppo_obs2_continuous_hopfield_node3_final_seed_1024,1024,33,0.25403326749801636,-0.13401414453983307
ppo_obs2_continuous_hopfield_node3_final_seed_1024,1024,34,0.24532294273376465,-0.1266043782234192
ppo_obs2_continuous_hopfield_node3_final_seed_1024,1024,35,0.23681163787841797,-0.11959943920373917
ppo_obs2_continuous_hopfield_node3_final_seed_1024,1024,36,0.22850334644317627,-0.11299639195203781
ppo_obs2_continuous_hopfield_node3_final_seed_1024,1024,37,0.2203993797302246,-0.10677480697631836
ppo_obs2_continuous_hopfield_node3_final_seed_1024,1024,38,0.21250230073928833,-0.10091117024421692
ppo_obs2_continuous_hopfield_node3_final_seed_1024,1024,39,0.20481252670288086,-0.09540816396474838
ppo_obs2_continuous_hopfield_node3_final_seed_1024,1024,40,0.19733059406280518,-0.0902298241853714
ppo_obs2_continuous_hopfield_node3_final_seed_1024,1024,41,0.19005638360977173,-0.0853675901889801
ppo_obs2_continuous_hopfield_node3_final_seed_1024,1024,42,0.1829891800880432,-0.08080160617828369
ppo_obs2_continuous_hopfield_node3_final_seed_1024,1024,43,0.17612707614898682,-0.0765141099691391
ppo_obs2_continuous_hopfield_node3_final_seed_1024,1024,44,0.1694684624671936,-0.07249826192855835
ppo_obs2_continuous_hopfield_node3_final_seed_1024,1024,45,0.1630113124847412,-0.06872367858886719
ppo_obs2_continuous_hopfield_node3_final_seed_1024,1024,46,0.15675288438796997,-0.06519700586795807
ppo_obs2_continuous_hopfield_node3_final_seed_1024,1024,47,0.15069031715393066,-0.06187858432531357
ppo_obs2_continuous_hopfield_node3_final_seed_1024,1024,48,0.14482063055038452,-0.05878250300884247
ppo_obs2_continuous_hopfield_node3_final_seed_1024,1024,49,0.13914042711257935,-0.05587839335203171
ppo_obs2_continuous_hopfield_node3_final_seed_1024,1024,50,0.13364553451538086,-0.053159669041633606
ppo_obs2_continuous_hopfield_node3_final_seed_1024,1024,51,0.12833338975906372,-0.050627708435058594
ppo_obs2_continuous_hopfield_node3_final_seed_1024,1024,52,0.12319988012313843,-0.0482567697763443
ppo_obs2_continuous_hopfield_node3_final_seed_1024,1024,53,0.11824077367782593,-0.04604804515838623
ppo_obs2_continuous_hopfield_node3_final_seed_1024,1024,54,0.11345261335372925,-0.04399572312831879
ppo_obs2_continuous_hopfield_node3_final_seed_1024,1024,55,0.10883218050003052,-0.04209062457084656
ppo_obs2_continuous_hopfield_node3_final_seed_1024,1024,56,0.10437577962875366,-0.04032839089632034
ppo_obs2_continuous_hopfield_node3_final_seed_1024,1024,57,0.10007864236831665,-0.03870077431201935
ppo_obs2_continuous_hopfield_node3_final_seed_1024,1024,58,0.09593856334686279,-0.037213027477264404
ppo_obs2_continuous_hopfield_node3_final_seed_1024,1024,59,0.09195077419281006,-0.035850055515766144
ppo_obs2_continuous_hopfield_node3_final_seed_1024,1024,60,0.08811354637145996,-0.034625306725502014
ppo_obs2_continuous_hopfield_node3_final_seed_1024,1024,61,0.08442318439483643,-0.03352021425962448
ppo_obs2_continuous_hopfield_node3_final_seed_1024,1024,62,0.08087730407714844,-0.03255940228700638
ppo_obs2_continuous_hopfield_node3_final_seed_1024,1024,63,0.0774737000465393,-0.031707748770713806
ppo_obs2_continuous_hopfield_node3_final_seed_1024,1024,64,0.07420966029167175,-0.03099946677684784
ppo_obs2_continuous_hopfield_node3_final_seed_1024,1024,65,0.07108405232429504,-0.030415847897529602
ppo_obs2_continuous_hopfield_node3_final_seed_1024,1024,66,0.06809574365615845,-0.029969841241836548
ppo_obs2_continuous_hopfield_node3_final_seed_1024,1024,67,0.06524336338043213,-0.029652781784534454
ppo_obs2_continuous_hopfield_node3_final_seed_1024,1024,68,0.06252646446228027,-0.029469385743141174
ppo_obs2_continuous_hopfield_node3_final_seed_1024,1024,69,0.05994543433189392,-0.029417112469673157
ppo_obs2_continuous_hopfield_node3_final_seed_1024,1024,70,0.05749979615211487,-0.029487736523151398
ppo_obs2_continuous_hopfield_node3_final_seed_1024,1024,71,0.055189937353134155,-0.02966669201850891
ppo_obs2_continuous_hopfield_node3_final_seed_1024,1024,72,0.05301627516746521,-0.029947377741336823
ppo_obs2_continuous_hopfield_node3_final_seed_1024,1024,73,0.05097869038581848,-0.030287042260169983
ppo_obs2_continuous_hopfield_node3_final_seed_1024,1024,74,0.049076780676841736,-0.030664123594760895
ppo_obs2_continuous_hopfield_node3_final_seed_1024,1024,75,0.04730897396802902,-0.031017594039440155
ppo_obs2_continuous_hopfield_node3_final_seed_1024,1024,76,0.0456717312335968,-0.03129534423351288
ppo_obs2_continuous_hopfield_node3_final_seed_1024,1024,77,0.04416052624583244,-0.03143222630023956
ppo_obs2_continuous_hopfield_node3_final_seed_1024,1024,78,0.04276816174387932,-0.03136938065290451
ppo_obs2_continuous_hopfield_node3_final_seed_1024,1024,79,0.04191024601459503,-0.031067192554473877
ppo_obs2_continuous_hopfield_node3_final_seed_1024,1024,80,0.04164406657218933,-0.030521944165229797
ppo_obs2_continuous_hopfield_node3_final_seed_1024,1024,81,0.0414172038435936,-0.02977868914604187
ppo_obs2_continuous_hopfield_node3_final_seed_1024,1024,82,0.04121190309524536,-0.02893352508544922
ppo_obs2_continuous_hopfield_node3_final_seed_1024,1024,83,0.04101456701755524,-0.028109610080718994
ppo_obs2_continuous_hopfield_node3_final_seed_1024,1024,84,0.040815502405166626,-0.027423739433288574
ppo_obs2_continuous_hopfield_node3_final_seed_1024,1024,85,0.04060716927051544,-0.02695576101541519
ppo_obs2_continuous_hopfield_node3_final_seed_1024,1024,86,0.04038384556770325,-0.026717983186244965
ppo_obs2_continuous_hopfield_node3_final_seed_1024,1024,87,0.04014083743095398,-0.026677951216697693
ppo_obs2_continuous_hopfield_node3_final_seed_1024,1024,88,0.03987438976764679,-0.0267694890499115
ppo_obs2_continuous_hopfield_node3_final_seed_1024,1024,89,0.03958159685134888,-0.026919305324554443
ppo_obs2_continuous_hopfield_node3_final_seed_1024,1024,90,0.039260923862457275,-0.027066580951213837
ppo_obs2_continuous_hopfield_node3_final_seed_1024,1024,91,0.03891065716743469,-0.027178116142749786
ppo_obs2_continuous_hopfield_node3_final_seed_1024,1024,92,0.038530439138412476,-0.027218811213970184
ppo_obs2_continuous_hopfield_node3_final_seed_1024,1024,93,0.038119763135910034,-0.02718542516231537
ppo_obs2_continuous_hopfield_node3_final_seed_1024,1024,94,0.03767874836921692,-0.027072876691818237
ppo_obs2_continuous_hopfield_node3_final_seed_1024,1024,95,0.037207573652267456,-0.02688416838645935
ppo_obs2_continuous_hopfield_node3_final_seed_1024,1024,96,0.036706358194351196,-0.02663028985261917
ppo_obs2_continuous_hopfield_node3_final_seed_1024,1024,97,0.03617551922798157,-0.026312798261642456
ppo_obs2_continuous_hopfield_node3_final_seed_1024,1024,98,0.03561502695083618,-0.025946691632270813
ppo_obs2_continuous_hopfield_node3_final_seed_1024,1024,99,0.03502550721168518,-0.025530487298965454
ppo_obs2_continuous_hopfield_node3_final_seed_1024,1024,100,0.0344068706035614,-0.025082223117351532
ppo_obs2_continuous_hopfield_node3_final_seed_1024,1024,101,0.03375959396362305,-0.02459517866373062
ppo_obs2_continuous_hopfield_node3_final_seed_1024,1024,102,0.03308361768722534,-0.024083323776721954
ppo_obs2_continuous_hopfield_node3_final_seed_1024,1024,103,0.03237918019294739,-0.023548118770122528
ppo_obs2_continuous_hopfield_node3_final_seed_1024,1024,104,0.03164660930633545,-0.022990234196186066
ppo_obs2_continuous_hopfield_node3_final_seed_1024,1024,105,0.03088584542274475,-0.022421114146709442
ppo_obs2_continuous_hopfield_node3_final_seed_1024,1024,106,0.030097633600234985,-0.021832391619682312
ppo_obs2_continuous_hopfield_node3_final_seed_1024,1024,107,0.029282331466674805,-0.02123759686946869
ppo_obs2_continuous_hopfield_node3_final_seed_1024,1024,108,0.028440773487091064,-0.020634405314922333
ppo_obs2_continuous_hopfield_node3_final_seed_1024,1024,109,0.027574002742767334,-0.020027101039886475
ppo_obs2_continuous_hopfield_node3_final_seed_1024,1024,110,0.026683181524276733,-0.019424058496952057
ppo_obs2_continuous_hopfield_node3_final_seed_1024,1024,111,0.0257703959941864,-0.018823102116584778
ppo_obs2_continuous_hopfield_node3_final_seed_1024,1024,112,0.024837717413902283,-0.01823548972606659
ppo_obs2_continuous_hopfield_node3_final_seed_1024,1024,113,0.023887813091278076,-0.017664827406406403
ppo_obs2_continuous_hopfield_node3_final_seed_1024,1024,114,0.022924065589904785,-0.017116256058216095
ppo_obs2_continuous_hopfield_node3_final_seed_1024,1024,115,0.022455140948295593,-0.016598708927631378
ppo_obs2_continuous_hopfield_node3_final_seed_1024,1024,116,0.02198229730129242,-0.016116760671138763
ppo_obs2_continuous_hopfield_node3_final_seed_1024,1024,117,0.021498795598745346,-0.01567547768354416
ppo_obs2_continuous_hopfield_node3_final_seed_1024,1024,118,0.021005533635616302,-0.015279695391654968
ppo_obs2_continuous_hopfield_node3_final_seed_1024,1024,119,0.020503457635641098,-0.014929637312889099
ppo_obs2_continuous_hopfield_node3_final_seed_1024,1024,120,0.019993800669908524,-0.014626353979110718
ppo_obs2_continuous_hopfield_node3_final_seed_1024,1024,121,0.019477790221571922,-0.01436535269021988
ppo_obs2_continuous_hopfield_node3_final_seed_1024,1024,122,0.01895671896636486,-0.014142237603664398
ppo_obs2_continuous_hopfield_node3_final_seed_1024,1024,123,0.018431905657052994,-0.013948775827884674
ppo_obs2_continuous_hopfield_node3_final_seed_1024,1024,124,0.01790473982691765,-0.013776853680610657
ppo_obs2_continuous_hopfield_node3_final_seed_1024,1024,125,0.017376266419887543,-0.013616740703582764
ppo_obs2_continuous_hopfield_node3_final_seed_1024,1024,126,0.0168476402759552,-0.013461649417877197
ppo_obs2_continuous_hopfield_node3_final_seed_1024,1024,127,0.016319874674081802,-0.01330229640007019
ppo_obs2_continuous_hopfield_node3_final_seed_1024,1024,128,0.015793880447745323,-0.013134591281414032
ppo_obs2_continuous_hopfield_node3_final_seed_1024,1024,129,0.015270523726940155,-0.012954510748386383
ppo_obs2_continuous_hopfield_node3_final_seed_1024,1024,130,0.014750577509403229,-0.012760266661643982
ppo_obs2_continuous_hopfield_node3_final_seed_1024,1024,131,0.014234974980354309,-0.012552566826343536
ppo_obs2_continuous_hopfield_node3_final_seed_1024,1024,132,0.013724401593208313,-0.01233101636171341
ppo_obs2_continuous_hopfield_node3_final_seed_1024,1024,133,0.013666138052940369,-0.012099653482437134
ppo_obs2_continuous_hopfield_node3_final_seed_1024,1024,134,0.01400919258594513,-0.011859387159347534
ppo_obs2_continuous_hopfield_node3_final_seed_1024,1024,135,0.014295265078544617,-0.011614546179771423
ppo_obs2_continuous_hopfield_node3_final_seed_1024,1024,136,0.014527097344398499,-0.01136646419763565
ppo_obs2_continuous_hopfield_node3_final_seed_1024,1024,137,0.014707505702972412,-0.011121608316898346
ppo_obs2_continuous_hopfield_node3_final_seed_1024,1024,138,0.014838993549346924,-0.010876975953578949
ppo_obs2_continuous_hopfield_node3_final_seed_1024,1024,139,0.014924019575119019,-0.010637395083904266
ppo_obs2_continuous_hopfield_node3_final_seed_1024,1024,140,0.01496480405330658,-0.010404862463474274
ppo_obs2_continuous_hopfield_node3_final_seed_1024,1024,141,0.014963582158088684,-0.010179080069065094
ppo_obs2_continuous_hopfield_node3_final_seed_1024,1024,142,0.014922454953193665,-0.009960882365703583
ppo_obs2_continuous_hopfield_node3_final_seed_1024,1024,143,0.014843761920928955,-0.009752556681632996
ppo_obs2_continuous_hopfield_node3_final_seed_1024,1024,144,0.014729514718055725,-0.009550303220748901
ppo_obs2_continuous_hopfield_node3_final_seed_1024,1024,145,0.014581918716430664,-0.0093560591340065
ppo_obs2_continuous_hopfield_node3_final_seed_1024,1024,146,0.01440342515707016,-0.00916995108127594
ppo_obs2_continuous_hopfield_node3_final_seed_1024,1024,147,0.01419626921415329,-0.008989393711090088
ppo_obs2_continuous_hopfield_node3_final_seed_1024,1024,148,0.013963066041469574,-0.008814878761768341
ppo_obs2_continuous_hopfield_node3_final_seed_1024,1024,149,0.013706408441066742,-0.008643262088298798
ppo_obs2_continuous_hopfield_node3_final_seed_1024,1024,150,0.013428941369056702,-0.008476242423057556
ppo_obs2_continuous_hopfield_node3_final_seed_1024,1024,151,0.013133563101291656,-0.008312106132507324
ppo_obs2_continuous_hopfield_node3_final_seed_1024,1024,152,0.012823104858398438,-0.008148089051246643
ppo_obs2_continuous_hopfield_node3_final_seed_1024,1024,153,0.012500613927841187,-0.007986471056938171
ppo_obs2_continuous_hopfield_node3_final_seed_1024,1024,154,0.012168943881988525,-0.007823154330253601
ppo_obs2_continuous_hopfield_node3_final_seed_1024,1024,155,0.011831119656562805,-0.007660925388336182
ppo_obs2_continuous_hopfield_node3_final_seed_1024,1024,156,0.011490058153867722,-0.007497355341911316
ppo_obs2_continuous_hopfield_node3_final_seed_1024,1024,157,0.011148596182465553,-0.007332533597946167
ppo_obs2_continuous_hopfield_node3_final_seed_1024,1024,158,0.01080947183072567,-0.007166944444179535
ppo_obs2_continuous_hopfield_node3_final_seed_1024,1024,159,0.0104752816259861,-0.007000662386417389
ppo_obs2_continuous_hopfield_node3_final_seed_1024,1024,160,0.010148470290005207,-0.006833262741565704
ppo_obs2_continuous_hopfield_node3_final_seed_1024,1024,161,0.009831290692090988,-0.00666547566652298
ppo_obs2_continuous_hopfield_node3_final_seed_1024,1024,162,0.009525815024971962,-0.006497666239738464
ppo_obs2_continuous_hopfield_node3_final_seed_1024,1024,163,0.009233902208507061,-0.00632987916469574
ppo_obs2_continuous_hopfield_node3_final_seed_1024,1024,164,0.00895715318620205,-0.006162822246551514
ppo_obs2_continuous_hopfield_node3_final_seed_1024,1024,165,0.008697014302015305,-0.005996741354465485
ppo_obs2_continuous_hopfield_node3_final_seed_1024,1024,166,0.008454677648842335,-0.005832023918628693
ppo_obs2_continuous_hopfield_node3_final_seed_1024,1024,167,0.008231107145547867,-0.005669035017490387
ppo_obs2_continuous_hopfield_node3_final_seed_1024,1024,168,0.008027095347642899,-0.005508057773113251
ppo_obs2_continuous_hopfield_node3_final_seed_1024,1024,169,0.007843203842639923,-0.005349166691303253
ppo_obs2_continuous_hopfield_node3_final_seed_1024,1024,170,0.0076798442751169205,-0.005192980170249939
ppo_obs2_continuous_hopfield_node3_final_seed_1024,1024,171,0.007537250407040119,-0.005039244890213013
ppo_obs2_continuous_hopfield_node3_final_seed_1024,1024,172,0.007415476720780134,-0.004888072609901428
ppo_obs2_continuous_hopfield_node3_final_seed_1024,1024,173,0.007314440328627825,-0.0047397613525390625
ppo_obs2_continuous_hopfield_node3_final_seed_1024,1024,174,0.007233927026391029,-0.004594385623931885
ppo_obs2_continuous_hopfield_node3_final_seed_1024,1024,175,0.007173608522862196,-0.00445171445608139
ppo_obs2_continuous_hopfield_node3_final_seed_1024,1024,176,0.0071330321952700615,-0.004311762750148773
ppo_obs2_continuous_hopfield_node3_final_seed_1024,1024,177,0.007111642509698868,-0.004174590110778809
ppo_obs2_continuous_hopfield_node3_final_seed_1024,1024,178,0.007108822464942932,-0.004040256142616272
ppo_obs2_continuous_hopfield_node3_final_seed_1024,1024,179,0.007123854942619801,-0.003908328711986542
ppo_obs2_continuous_hopfield_node3_final_seed_1024,1024,180,0.007155952043831348,-0.003778897225856781
ppo_obs2_continuous_hopfield_node3_final_seed_1024,1024,181,0.007204293739050627,-0.003652147948741913
ppo_obs2_continuous_hopfield_node3_final_seed_1024,1024,182,0.007267996668815613,-0.0035276561975479126
ppo_obs2_continuous_hopfield_node3_final_seed_1024,1024,183,0.0073461453430354595,-0.0034054964780807495
ppo_obs2_continuous_hopfield_node3_final_seed_1024,1024,184,0.007437795400619507,-0.0032855570316314697
ppo_obs2_continuous_hopfield_node3_final_seed_1024,1024,185,0.00754199456423521,-0.003167763352394104
ppo_obs2_continuous_hopfield_node3_final_seed_1024,1024,186,0.007657777518033981,-0.003051973879337311
ppo_obs2_continuous_hopfield_node3_final_seed_1024,1024,187,0.00778418593108654,-0.0029381364583969116
ppo_obs2_continuous_hopfield_node3_final_seed_1024,1024,188,0.007920267060399055,-0.0028261616826057434
ppo_obs2_continuous_hopfield_node3_final_seed_1024,1024,189,0.008065096102654934,-0.0027160197496414185
ppo_obs2_continuous_hopfield_node3_final_seed_1024,1024,190,0.008217762224376202,-0.0026076361536979675
ppo_obs2_continuous_hopfield_node3_final_seed_1024,1024,191,0.00837741419672966,-0.002500779926776886
ppo_obs2_continuous_hopfield_node3_final_seed_1024,1024,192,0.008543191477656364,-0.0023955032229423523
ppo_obs2_continuous_hopfield_node3_final_seed_1024,1024,193,0.008714360184967518,-0.0022920221090316772
ppo_obs2_continuous_hopfield_node3_final_seed_1024,1024,194,0.008890165947377682,-0.0021896585822105408
ppo_obs2_continuous_hopfield_node3_final_seed_1024,1024,195,0.009069940075278282,-0.002088971436023712
ppo_obs2_continuous_hopfield_node3_final_seed_1024,1024,196,0.009253065101802349,-0.0019895583391189575
ppo_obs2_continuous_hopfield_node3_final_seed_1024,1024,197,0.009438990615308285,-0.0018915608525276184
ppo_obs2_continuous_hopfield_node3_final_seed_1024,1024,198,0.009627263993024826,-0.001795262098312378
ppo_obs2_continuous_hopfield_node3_final_seed_1024,1024,199,0.009817434474825859,-0.0016999542713165283
ppo_obs2_continuous_hopfield_node3_final_seed_1024,1024,200,0.01000913418829441,-0.0016062483191490173
ppo_obs2_continuous_hopfield_node3_final_seed_1024,1024,201,0.010202096775174141,-0.001514136791229248
ppo_obs2_continuous_hopfield_node3_final_seed_1024,1024,202,0.010396096855401993,-0.0014233365654945374
ppo_obs2_continuous_hopfield_node3_final_seed_1024,1024,203,0.010590996593236923,-0.001334354281425476
ppo_obs2_continuous_hopfield_node3_final_seed_1024,1024,204,0.010786660015583038,-0.001246824860572815
ppo_obs2_continuous_hopfield_node3_final_seed_1024,1024,205,0.010983087122440338,-0.0011610835790634155
ppo_obs2_continuous_hopfield_node3_final_seed_1024,1024,206,0.011180255562067032,-0.0010762512683868408
ppo_obs2_continuous_hopfield_node3_final_seed_1024,1024,207,0.011378280818462372,-0.000994563102722168
ppo_obs2_continuous_hopfield_node3_final_seed_1024,1024,208,0.011577334254980087,-0.0009141340851783752
ppo_obs2_continuous_hopfield_node3_final_seed_1024,1024,209,0.01177753135561943,-0.000835321843624115
ppo_obs2_continuous_hopfield_node3_final_seed_1024,1024,210,0.011979173868894577,-0.0007596462965011597
ppo_obs2_continuous_hopfield_node3_final_seed_1024,1024,211,0.012182511389255524,-0.0006841346621513367
ppo_obs2_continuous_hopfield_node3_final_seed_1024,1024,212,0.012387894093990326,-0.0006131976842880249
ppo_obs2_continuous_hopfield_node3_final_seed_1024,1024,213,0.01259571686387062,-0.0005429238080978394
ppo_obs2_continuous_hopfield_node3_final_seed_1024,1024,214,0.01280636340379715,-0.0004757493734359741
ppo_obs2_continuous_hopfield_node3_final_seed_1024,1024,215,0.013020332902669907,-0.00041034817695617676
ppo_obs2_continuous_hopfield_node3_final_seed_1024,1024,216,0.013238053768873215,-0.0003472566604614258
ppo_obs2_continuous_hopfield_node3_final_seed_1024,1024,217,0.013460192829370499,-0.00028821080923080444
ppo_obs2_continuous_hopfield_node3_final_seed_1024,1024,218,0.013687212020158768,-0.00022990256547927856
ppo_obs2_continuous_hopfield_node3_final_seed_1024,1024,219,0.013919740915298462,-0.0001751333475112915
ppo_obs2_continuous_hopfield_node3_final_seed_1024,1024,220,0.014158405363559723,-0.00012359768152236938
ppo_obs2_continuous_hopfield_node3_final_seed_1024,1024,221,0.014403916895389557,-7.401406764984131e-05
ppo_obs2_continuous_hopfield_node3_final_seed_1024,1024,222,0.01465681940317154,-2.7023255825042725e-05
ppo_obs2_continuous_hopfield_node3_final_seed_1024,1024,223,0.014917895197868347,1.6219913959503174e-05
ppo_obs2_continuous_hopfield_node3_final_seed_1024,1024,224,0.01518791913986206,5.648285150527954e-05
ppo_obs2_continuous_hopfield_node3_final_seed_1024,1024,225,0.01546749472618103,9.378045797348022e-05
ppo_obs2_continuous_hopfield_node3_final_seed_1024,1024,226,0.015757478773593903,0.0001265108585357666
ppo_obs2_continuous_hopfield_node3_final_seed_1024,1024,227,0.016058623790740967,0.0001571252942085266
ppo_obs2_continuous_hopfield_node3_final_seed_1024,1024,228,0.016371622681617737,0.0001844167709350586
ppo_obs2_continuous_hopfield_node3_final_seed_1024,1024,229,0.016697458922863007,0.00020582228899002075
ppo_obs2_continuous_hopfield_node3_final_seed_1024,1024,230,0.01703657954931259,0.000225163996219635
ppo_obs2_continuous_hopfield_node3_final_seed_1024,1024,231,0.017389938235282898,0.00023923814296722412
ppo_obs2_continuous_hopfield_node3_final_seed_1024,1024,232,0.017758354544639587,0.0002480149269104004
ppo_obs2_continuous_hopfield_node3_final_seed_1024,1024,233,0.018142446875572205,0.0002525597810745239
ppo_obs2_continuous_hopfield_node3_final_seed_1024,1024,234,0.0185430645942688,0.000252358615398407
ppo_obs2_continuous_hopfield_node3_final_seed_1024,1024,235,0.018960699439048767,0.00024577975273132324
ppo_obs2_continuous_hopfield_node3_final_seed_1024,1024,236,0.01939612627029419,0.00023476779460906982
ppo_obs2_continuous_hopfield_node3_final_seed_1024,1024,237,0.019849993288517,0.00021603703498840332
ppo_obs2_continuous_hopfield_node3_final_seed_1024,1024,238,0.020322710275650024,0.0001913905143737793
ppo_obs2_continuous_hopfield_node3_final_seed_1024,1024,239,0.0208146870136261,0.00015741586685180664
ppo_obs2_continuous_hopfield_node3_final_seed_1024,1024,240,0.021326452493667603,0.00011676549911499023
ppo_obs2_continuous_hopfield_node3_final_seed_1024,1024,241,0.021858088672161102,6.896257400512695e-05
ppo_obs2_continuous_hopfield_node3_final_seed_1024,1024,242,0.02240981161594391,8.48621129989624e-06
ppo_obs2_continuous_hopfield_node3_final_seed_1024,1024,243,0.022981762886047363,-5.9373676776885986e-05
ppo_obs2_continuous_hopfield_node3_final_seed_1024,1024,244,0.023573651909828186,-0.00013693422079086304
ppo_obs2_continuous_hopfield_node3_final_seed_1024,1024,245,0.024185284972190857,-0.00022876262664794922
ppo_obs2_continuous_hopfield_node3_final_seed_1024,1024,246,0.02481602132320404,-0.0003308504819869995
ppo_obs2_continuous_hopfield_node3_final_seed_1024,1024,247,0.025465339422225952,-0.0004452019929885864
ppo_obs2_continuous_hopfield_node3_final_seed_1024,1024,248,0.026132360100746155,-0.0005700886249542236
ppo_obs2_continuous_hopfield_node3_final_seed_1024,1024,249,0.02681611478328705,-0.0007119402289390564
ppo_obs2_continuous_hopfield_node3_final_seed_1024,1024,250,0.027515128254890442,-0.000864371657371521
ppo_obs2_continuous_hopfield_node3_final_seed_1024,1024,251,0.02822810411453247,-0.0010309889912605286
ppo_obs2_continuous_hopfield_node3_final_seed_1024,1024,252,0.02895335853099823,-0.001210622489452362
ppo_obs2_continuous_hopfield_node3_final_seed_1024,1024,253,0.02968902885913849,-0.0014021247625350952
ppo_obs2_continuous_hopfield_node3_final_seed_1024,1024,254,0.030433103442192078,-0.0016090795397758484
ppo_obs2_continuous_hopfield_node3_final_seed_1024,1024,255,0.031183436512947083,-0.0018241703510284424
ppo_obs2_continuous_hopfield_node3_final_seed_1024,1024,256,0.03193749487400055,-0.002049058675765991
ppo_obs2_continuous_hopfield_node3_final_seed_1024,1024,257,0.03269323706626892,-0.00228910893201828
ppo_obs2_continuous_hopfield_node3_final_seed_1024,1024,258,0.033447831869125366,-0.002529911696910858
ppo_obs2_continuous_hopfield_node3_final_seed_1024,1024,259,0.034199148416519165,-0.002784736454486847
ppo_obs2_continuous_hopfield_node3_final_seed_1024,1024,260,0.03494492173194885,-0.003034345805644989
ppo_obs2_continuous_hopfield_node3_final_seed_1024,1024,261,0.035682231187820435,-0.003285035490989685
ppo_obs2_continuous_hopfield_node3_final_seed_1024,1024,262,0.03640925884246826,-0.0035418346524238586
ppo_obs2_continuous_hopfield_node3_final_seed_1024,1024,263,0.03712362051010132,-0.00378631055355072
ppo_obs2_continuous_hopfield_node3_final_seed_1024,1024,264,0.03782370686531067,-0.004036165773868561
ppo_obs2_continuous_hopfield_node3_final_seed_1024,1024,265,0.038507044315338135,-0.004260644316673279
ppo_obs2_continuous_hopfield_node3_final_seed_1024,1024,266,0.03917282819747925,-0.004489272832870483
ppo_obs2_continuous_hopfield_node3_final_seed_1024,1024,267,0.03981894254684448,-0.0046921297907829285
ppo_obs2_continuous_hopfield_node3_final_seed_1024,1024,268,0.04044508934020996,-0.00489102303981781
ppo_obs2_continuous_hopfield_node3_final_seed_1024,1024,269,0.04104948043823242,-0.005059383809566498
ppo_obs2_continuous_hopfield_node3_final_seed_1024,1024,270,0.041632115840911865,-0.005220718681812286
ppo_obs2_continuous_hopfield_node3_final_seed_1024,1024,271,0.04219239950180054,-0.00535447895526886
ppo_obs2_continuous_hopfield_node3_final_seed_1024,1024,272,0.04272961616516113,-0.005469165742397308
ppo_obs2_continuous_hopfield_node3_final_seed_1024,1024,273,0.04324382543563843,-0.005561426281929016
ppo_obs2_continuous_hopfield_node3_final_seed_1024,1024,274,0.04373592138290405,-0.005634956061840057
ppo_obs2_continuous_hopfield_node3_final_seed_1024,1024,275,0.04420500993728638,-0.005677148699760437
ppo_obs2_continuous_hopfield_node3_final_seed_1024,1024,276,0.04465216398239136,-0.0057071298360824585
ppo_obs2_continuous_hopfield_node3_final_seed_1024,1024,277,0.045076966285705566,-0.00570523738861084
ppo_obs2_continuous_hopfield_node3_final_seed_1024,1024,278,0.045481741428375244,-0.0056923627853393555
ppo_obs2_continuous_hopfield_node3_final_seed_1024,1024,279,0.045864999294281006,-0.005643397569656372
ppo_obs2_continuous_hopfield_node3_final_seed_1024,1024,280,0.046229422092437744,-0.005598321557044983
ppo_obs2_continuous_hopfield_node3_final_seed_1024,1024,281,0.04657465219497681,-0.005512602627277374
ppo_obs2_continuous_hopfield_node3_final_seed_1024,1024,282,0.04690152406692505,-0.00542575865983963
ppo_obs2_continuous_hopfield_node3_final_seed_1024,1024,283,0.04721081256866455,-0.005309790372848511
ppo_obs2_continuous_hopfield_node3_final_seed_1024,1024,284,0.04750347137451172,-0.005190163850784302
ppo_obs2_continuous_hopfield_node3_final_seed_1024,1024,285,0.04778021574020386,-0.0050511434674263
ppo_obs2_continuous_hopfield_node3_final_seed_1024,1024,286,0.04804164171218872,-0.004903785884380341
ppo_obs2_continuous_hopfield_node3_final_seed_1024,1024,287,0.04828840494155884,-0.004745990037918091
ppo_obs2_continuous_hopfield_node3_final_seed_1024,1024,288,0.048520565032958984,-0.004575915634632111
ppo_obs2_continuous_hopfield_node3_final_seed_1024,1024,289,0.04873937368392944,-0.0044013261795043945
ppo_obs2_continuous_hopfield_node3_final_seed_1024,1024,290,0.048944950103759766,-0.004216909408569336
ppo_obs2_continuous_hopfield_node3_final_seed_1024,1024,291,0.04913759231567383,-0.004033595323562622
ppo_obs2_continuous_hopfield_node3_final_seed_1024,1024,292,0.04931783676147461,-0.003839924931526184
ppo_obs2_continuous_hopfield_node3_final_seed_1024,1024,293,0.049485206604003906,-0.003649204969406128
ppo_obs2_continuous_hopfield_node3_final_seed_1024,1024,294,0.0496407151222229,-0.003452897071838379
ppo_obs2_continuous_hopfield_node3_final_seed_1024,1024,295,0.04978358745574951,-0.003263607621192932
ppo_obs2_continuous_hopfield_node3_final_seed_1024,1024,296,0.049913644790649414,-0.0030682310461997986
ppo_obs2_continuous_hopfield_node3_final_seed_1024,1024,297,0.05003070831298828,-0.0028785765171051025
ppo_obs2_continuous_hopfield_node3_final_seed_1024,1024,298,0.05013394355773926,-0.002692088484764099
ppo_obs2_continuous_hopfield_node3_final_seed_1024,1024,299,0.05022400617599487,-0.002515852451324463
ppo_obs2_continuous_hopfield_node3_final_seed_1024,1024,300,0.05029851198196411,-0.002338618040084839
ppo_obs2_continuous_hopfield_node3_final_seed_1024,1024,301,0.050357818603515625,-0.0021773725748062134
ppo_obs2_continuous_hopfield_node3_final_seed_1024,1024,302,0.050399839878082275,-0.0020219087600708008
ppo_obs2_continuous_hopfield_node3_final_seed_1024,1024,303,0.050423264503479004,-0.0018802434206008911
ppo_obs2_continuous_hopfield_node3_final_seed_1024,1024,304,0.05042695999145508,-0.0017499104142189026
ppo_obs2_continuous_hopfield_node3_final_seed_1024,1024,305,0.050408899784088135,-0.0016373321413993835
ppo_obs2_continuous_hopfield_node3_final_seed_1024,1024,306,0.050366878509521484,-0.0015406832098960876
ppo_obs2_continuous_hopfield_node3_final_seed_1024,1024,307,0.05029839277267456,-0.0014627501368522644
ppo_obs2_continuous_hopfield_node3_final_seed_1024,1024,308,0.05020034313201904,-0.001411139965057373
ppo_obs2_continuous_hopfield_node3_final_seed_1024,1024,309,0.05006963014602661,-0.0013795346021652222
ppo_obs2_continuous_hopfield_node3_final_seed_1024,1024,310,0.04990285634994507,-0.0013831853866577148
ppo_obs2_continuous_hopfield_node3_final_seed_1024,1024,311,0.049695491790771484,-0.001413784921169281
ppo_obs2_continuous_hopfield_node3_final_seed_1024,1024,312,0.04944324493408203,-0.0014848113059997559
ppo_obs2_continuous_hopfield_node3_final_seed_1024,1024,313,0.049140334129333496,-0.0015842467546463013
ppo_obs2_continuous_hopfield_node3_final_seed_1024,1024,314,0.04878103733062744,-0.0017393678426742554
ppo_obs2_continuous_hopfield_node3_final_seed_1024,1024,315,0.04835870862007141,-0.0019346848130226135
ppo_obs2_continuous_hopfield_node3_final_seed_1024,1024,316,0.04786580801010132,-0.0021896734833717346
ppo_obs2_continuous_hopfield_node3_final_seed_1024,1024,317,0.04729396104812622,-0.0024953335523605347
ppo_obs2_continuous_hopfield_node3_final_seed_1024,1024,318,0.04663503170013428,-0.0028691068291664124
ppo_obs2_continuous_hopfield_node3_final_seed_1024,1024,319,0.04587873816490173,-0.0033068805932998657
ppo_obs2_continuous_hopfield_node3_final_seed_1024,1024,320,0.045014262199401855,-0.0038144662976264954
ppo_obs2_continuous_hopfield_node3_final_seed_1024,1024,321,0.04403144121170044,-0.004400178790092468
ppo_obs2_continuous_hopfield_node3_final_seed_1024,1024,322,0.04291832447052002,-0.005055412650108337
ppo_obs2_continuous_hopfield_node3_final_seed_1024,1024,323,0.04166439175605774,-0.005788058042526245
ppo_obs2_continuous_hopfield_node3_final_seed_1024,1024,324,0.040259137749671936,-0.006588675081729889
ppo_obs2_continuous_hopfield_node3_final_seed_1024,1024,325,0.03869335353374481,-0.007451161742210388
ppo_obs2_continuous_hopfield_node3_final_seed_1024,1024,326,0.036960214376449585,-0.008359163999557495
ppo_obs2_continuous_hopfield_node3_final_seed_1024,1024,327,0.03505675494670868,-0.00929703563451767
ppo_obs2_continuous_hopfield_node3_final_seed_1024,1024,328,0.032984957098960876,-0.010234251618385315
ppo_obs2_continuous_hopfield_node3_final_seed_1024,1024,329,0.03075382113456726,-0.011137835681438446
ppo_obs2_continuous_hopfield_node3_final_seed_1024,1024,330,0.02838047221302986,-0.011965714395046234
ppo_obs2_continuous_hopfield_node3_final_seed_1024,1024,331,0.02589169144630432,-0.01267317682504654
ppo_obs2_continuous_hopfield_node3_final_seed_1024,1024,332,0.023324323818087578,-0.013210445642471313
ppo_obs2_continuous_hopfield_node3_final_seed_1024,1024,333,0.020724181085824966,-0.013535819947719574
ppo_obs2_continuous_hopfield_node3_final_seed_1024,1024,334,0.018143154680728912,-0.013617061078548431
ppo_obs2_continuous_hopfield_node3_final_seed_1024,1024,335,0.015896692872047424,-0.013442829251289368
ppo_obs2_continuous_hopfield_node3_final_seed_1024,1024,336,0.014020130038261414,-0.013028427958488464
ppo_obs2_continuous_hopfield_node3_final_seed_1024,1024,337,0.012228846549987793,-0.01241377741098404
ppo_obs2_continuous_hopfield_node3_final_seed_1024,1024,338,0.010552123188972473,-0.011661455035209656
ppo_obs2_continuous_hopfield_node3_final_seed_1024,1024,339,0.009008675813674927,-0.010838769376277924
ppo_obs2_continuous_hopfield_node3_final_seed_1024,1024,340,0.00760674849152565,-0.010011158883571625
ppo_obs2_continuous_hopfield_node3_final_seed_1024,1024,341,0.006346508860588074,-0.009226605296134949
ppo_obs2_continuous_hopfield_node3_final_seed_1024,1024,342,0.005222290754318237,-0.008519500494003296
ppo_obs2_continuous_hopfield_node3_final_seed_1024,1024,343,0.004225313663482666,-0.007902085781097412
ppo_obs2_continuous_hopfield_node3_final_seed_1024,1024,344,0.003346055746078491,-0.007370784878730774
ppo_obs2_continuous_hopfield_node3_final_seed_1024,1024,345,0.002574905753135681,-0.006925158202648163
ppo_obs2_continuous_hopfield_node3_final_seed_1024,1024,346,0.0023202449083328247,-0.006547950208187103
ppo_obs2_continuous_hopfield_node3_final_seed_1024,1024,347,0.0023818016052246094,-0.006223402917385101
ppo_obs2_continuous_hopfield_node3_final_seed_1024,1024,348,0.0023796409368515015,-0.005943134427070618
ppo_obs2_continuous_hopfield_node3_final_seed_1024,1024,349,0.002315342426300049,-0.005691833794116974
ppo_obs2_continuous_hopfield_node3_final_seed_1024,1024,350,0.002190321683883667,-0.005460008978843689
ppo_obs2_continuous_hopfield_node3_final_seed_1024,1024,351,0.0020056813955307007,-0.005243018269538879
ppo_obs2_continuous_hopfield_node3_final_seed_1024,1024,352,0.0017627626657485962,-0.005034536123275757
ppo_obs2_continuous_hopfield_node3_final_seed_1024,1024,353,0.001841232180595398,-0.004831582307815552
ppo_obs2_continuous_hopfield_node3_final_seed_1024,1024,354,0.001967310905456543,-0.004635728895664215
ppo_obs2_continuous_hopfield_node3_final_seed_1024,1024,355,0.0020688772201538086,-0.004444114863872528
ppo_obs2_continuous_hopfield_node3_final_seed_1024,1024,356,0.0021453946828842163,-0.00426192581653595
ppo_obs2_continuous_hopfield_node3_final_seed_1024,1024,357,0.0023241527378559113,-0.004089765250682831
ppo_obs2_continuous_hopfield_node3_final_seed_1024,1024,358,0.0031283479183912277,-0.0039328113198280334
ppo_obs2_continuous_hopfield_node3_final_seed_1024,1024,359,0.003999728709459305,-0.0037926509976387024
ppo_obs2_continuous_hopfield_node3_final_seed_1024,1024,360,0.004928290843963623,-0.0036727115511894226
ppo_obs2_continuous_hopfield_node3_final_seed_1024,1024,361,0.005903467535972595,-0.0035732612013816833
ppo_obs2_continuous_hopfield_node3_final_seed_1024,1024,362,0.0069149211049079895,-0.0034945160150527954
ppo_obs2_continuous_hopfield_node3_final_seed_1024,1024,363,0.00795259140431881,-0.0034325644373893738
ppo_obs2_continuous_hopfield_node3_final_seed_1024,1024,364,0.009007643908262253,-0.0033855214715003967
ppo_obs2_continuous_hopfield_node3_final_seed_1024,1024,365,0.010072387754917145,-0.003345206379890442
ppo_obs2_continuous_hopfield_node3_final_seed_1024,1024,366,0.011140936985611916,-0.0033093243837356567
ppo_obs2_continuous_hopfield_node3_final_seed_1024,1024,367,0.012208901345729828,-0.003268107771873474
ppo_obs2_continuous_hopfield_node3_final_seed_1024,1024,368,0.013273553922772408,-0.003220885992050171
ppo_obs2_continuous_hopfield_node3_final_seed_1024,1024,369,0.014333385974168777,-0.0031614601612091064
ppo_obs2_continuous_hopfield_node3_final_seed_1024,1024,370,0.015388138592243195,-0.0030943751335144043
ppo_obs2_continuous_hopfield_node3_final_seed_1024,1024,371,0.016438141465187073,-0.0030158311128616333
ppo_obs2_continuous_hopfield_node3_final_seed_1024,1024,372,0.017484165728092194,-0.0029302984476089478
ppo_obs2_continuous_hopfield_node3_final_seed_1024,1024,373,0.018527276813983917,-0.002844586968421936
ppo_obs2_continuous_hopfield_node3_final_seed_1024,1024,374,0.019567877054214478,-0.002755686640739441
ppo_obs2_continuous_hopfield_node3_final_seed_1024,1024,375,0.020606741309165955,-0.0026795193552970886
ppo_obs2_continuous_hopfield_node3_final_seed_1024,1024,376,0.021643877029418945,-0.0026094019412994385
ppo_obs2_continuous_hopfield_node3_final_seed_1024,1024,377,0.022679045796394348,-0.0025593936443328857
ppo_obs2_continuous_hopfield_node3_final_seed_1024,1024,378,0.023711204528808594,-0.002521924674510956
ppo_obs2_continuous_hopfield_node3_final_seed_1024,1024,379,0.024739369750022888,-0.0025109946727752686
ppo_obs2_continuous_hopfield_node3_final_seed_1024,1024,380,0.02576221525669098,-0.0025232061743736267
ppo_obs2_continuous_hopfield_node3_final_seed_1024,1024,381,0.02677735686302185,-0.002550855278968811
ppo_obs2_continuous_hopfield_node3_final_seed_1024,1024,382,0.027783572673797607,-0.0026105791330337524
ppo_obs2_continuous_hopfield_node3_final_seed_1024,1024,383,0.028777986764907837,-0.002678006887435913
ppo_obs2_continuous_hopfield_node3_final_seed_1024,1024,384,0.029758602380752563,-0.002776138484477997
ppo_obs2_continuous_hopfield_node3_final_seed_1024,1024,385,0.030722856521606445,-0.002883702516555786
ppo_obs2_continuous_hopfield_node3_final_seed_1024,1024,386,0.03166946768760681,-0.003013625741004944
ppo_obs2_continuous_hopfield_node3_final_seed_1024,1024,387,0.03259524703025818,-0.003143593668937683
ppo_obs2_continuous_hopfield_node3_final_seed_1024,1024,388,0.03349900245666504,-0.003290526568889618
ppo_obs2_continuous_hopfield_node3_final_seed_1024,1024,389,0.03437873721122742,-0.003434322774410248
ppo_obs2_continuous_hopfield_node3_final_seed_1024,1024,390,0.03523328900337219,-0.003582604229450226
ppo_obs2_continuous_hopfield_node3_final_seed_1024,1024,391,0.03606134653091431,-0.0037279799580574036
ppo_obs2_continuous_hopfield_node3_final_seed_1024,1024,392,0.036861687898635864,-0.0038680806756019592
ppo_obs2_continuous_hopfield_node3_final_seed_1024,1024,393,0.037633657455444336,-0.003998793661594391
ppo_obs2_continuous_hopfield_node3_final_seed_1024,1024,394,0.038376301527023315,-0.004120156168937683
ppo_obs2_continuous_hopfield_node3_final_seed_1024,1024,395,0.03908988833427429,-0.00423017144203186
ppo_obs2_continuous_hopfield_node3_final_seed_1024,1024,396,0.039774149656295776,-0.004323527216911316
ppo_obs2_continuous_hopfield_node3_final_seed_1024,1024,397,0.04042917490005493,-0.004403047263622284
ppo_obs2_continuous_hopfield_node3_final_seed_1024,1024,398,0.04105523228645325,-0.00446821004152298
ppo_obs2_continuous_hopfield_node3_final_seed_1024,1024,399,0.04165291786193848,-0.00451679527759552
ppo_obs2_continuous_hopfield_node3_final_seed_1024,1024,400,0.04222249984741211,-0.004543952643871307
ppo_obs2_continuous_hopfield_node3_final_seed_123,123,0,1.5996227264404297,0.0
ppo_obs2_continuous_hopfield_node3_final_seed_123,123,1,1.1664071083068848,-4.0
ppo_obs2_continuous_hopfield_node3_final_seed_123,123,2,0.9506634473800659,-4.0
ppo_obs2_continuous_hopfield_node3_final_seed_123,123,3,0.9298999309539795,-4.0
ppo_obs2_continuous_hopfield_node3_final_seed_123,123,4,0.8470178842544556,-4.0
ppo_obs2_continuous_hopfield_node3_final_seed_123,123,5,0.6979888677597046,-4.0
ppo_obs2_continuous_hopfield_node3_final_seed_123,123,6,0.6647359132766724,-3.9070849418640137
ppo_obs2_continuous_hopfield_node3_final_seed_123,123,7,0.6705307960510254,3.700895309448242
ppo_obs2_continuous_hopfield_node3_final_seed_123,123,8,0.6231493949890137,-4.0
ppo_obs2_continuous_hopfield_node3_final_seed_123,123,9,0.6315035820007324,3.3504092693328857
ppo_obs2_continuous_hopfield_node3_final_seed_123,123,10,0.599297046661377,-4.0
ppo_obs2_continuous_hopfield_node3_final_seed_123,123,11,0.6106321215629578,3.6073057651519775
ppo_obs2_continuous_hopfield_node3_final_seed_123,123,12,0.5636897683143616,-4.0
ppo_obs2_continuous_hopfield_node3_final_seed_123,123,13,0.5754595994949341,3.196712017059326
ppo_obs2_continuous_hopfield_node3_final_seed_123,123,14,0.54692542552948,-3.95473313331604
ppo_obs2_continuous_hopfield_node3_final_seed_123,123,15,0.5593883991241455,3.532640218734741
ppo_obs2_continuous_hopfield_node3_final_seed_123,123,16,0.5177676677703857,-4.0
ppo_obs2_continuous_hopfield_node3_final_seed_123,123,17,0.5291439294815063,3.2626147270202637
ppo_obs2_continuous_hopfield_node3_final_seed_123,123,18,0.5033961534500122,-3.9917638301849365
ppo_obs2_continuous_hopfield_node3_final_seed_123,123,19,0.51432204246521,3.608645439147949
ppo_obs2_continuous_hopfield_node3_final_seed_123,123,20,0.47503724694252014,-4.0
ppo_obs2_continuous_hopfield_node3_final_seed_123,123,21,0.4843466281890869,3.317659378051758
ppo_obs2_continuous_hopfield_node3_final_seed_123,123,22,0.461631178855896,-3.965315580368042
ppo_obs2_continuous_hopfield_node3_final_seed_123,123,23,0.4703177809715271,3.661062240600586
ppo_obs2_continuous_hopfield_node3_final_seed_123,123,24,0.4358707070350647,-4.0
ppo_obs2_continuous_hopfield_node3_final_seed_123,123,25,0.4431777000427246,3.445103645324707
ppo_obs2_continuous_hopfield_node3_final_seed_123,123,26,0.4231777787208557,-4.0
ppo_obs2_continuous_hopfield_node3_final_seed_123,123,27,0.4300583004951477,3.7752678394317627
ppo_obs2_continuous_hopfield_node3_final_seed_123,123,28,0.39703190326690674,-4.0
ppo_obs2_continuous_hopfield_node3_final_seed_123,123,29,0.40276235342025757,3.496081590652466
ppo_obs2_continuous_hopfield_node3_final_seed_123,123,30,0.3857484459877014,-3.976522207260132
ppo_obs2_continuous_hopfield_node3_final_seed_123,123,31,0.3913882374763489,3.833662986755371
ppo_obs2_continuous_hopfield_node3_final_seed_123,123,32,0.361611008644104,-4.0
ppo_obs2_continuous_hopfield_node3_final_seed_123,123,33,0.3664788007736206,3.582069158554077
ppo_obs2_continuous_hopfield_node3_final_seed_123,123,34,0.3518483638763428,-3.99845290184021
ppo_obs2_continuous_hopfield_node3_final_seed_123,123,35,0.35693109035491943,3.9195544719696045
ppo_obs2_continuous_hopfield_node3_final_seed_123,123,36,0.32793277502059937,-4.0
ppo_obs2_continuous_hopfield_node3_final_seed_123,123,37,0.33244532346725464,3.607996702194214
ppo_obs2_continuous_hopfield_node3_final_seed_123,123,38,0.3197953701019287,-3.97265887260437
ppo_obs2_continuous_hopfield_node3_final_seed_123,123,39,0.32477855682373047,3.944213390350342
ppo_obs2_continuous_hopfield_node3_final_seed_123,123,40,0.29857295751571655,-4.0
ppo_obs2_continuous_hopfield_node3_final_seed_123,123,41,0.30326664447784424,3.6744940280914307
ppo_obs2_continuous_hopfield_node3_final_seed_123,123,42,0.2921813130378723,-4.0
ppo_obs2_continuous_hopfield_node3_final_seed_123,123,43,0.29694122076034546,4.0
ppo_obs2_continuous_hopfield_node3_final_seed_123,123,44,0.27162671089172363,-4.0
ppo_obs2_continuous_hopfield_node3_final_seed_123,123,45,0.27680540084838867,3.696742296218872
ppo_obs2_continuous_hopfield_node3_final_seed_123,123,46,0.26711785793304443,-3.995765447616577
ppo_obs2_continuous_hopfield_node3_final_seed_123,123,47,0.2708525061607361,4.0
ppo_obs2_continuous_hopfield_node3_final_seed_123,123,48,0.24943238496780396,-4.0
ppo_obs2_continuous_hopfield_node3_final_seed_123,123,49,0.25548774003982544,3.7853121757507324
ppo_obs2_continuous_hopfield_node3_final_seed_123,123,50,0.24358302354812622,-4.0
ppo_obs2_continuous_hopfield_node3_final_seed_123,123,51,0.2503775358200073,4.0
ppo_obs2_continuous_hopfield_node3_final_seed_123,123,52,0.22855126857757568,-4.0
ppo_obs2_continuous_hopfield_node3_final_seed_123,123,53,0.235526442527771,3.779592514038086
ppo_obs2_continuous_hopfield_node3_final_seed_123,123,54,0.22531890869140625,-4.0
ppo_obs2_continuous_hopfield_node3_final_seed_123,123,55,0.23072606325149536,4.0
ppo_obs2_continuous_hopfield_node3_final_seed_123,123,56,0.21234112977981567,-4.0
ppo_obs2_continuous_hopfield_node3_final_seed_123,123,57,0.2205878496170044,3.862572193145752
ppo_obs2_continuous_hopfield_node3_final_seed_123,123,58,0.20711874961853027,-4.0
ppo_obs2_continuous_hopfield_node3_final_seed_123,123,59,0.21616679430007935,3.979548215866089
ppo_obs2_continuous_hopfield_node3_final_seed_123,123,60,0.19713181257247925,-4.0
ppo_obs2_continuous_hopfield_node3_final_seed_123,123,61,0.20663252472877502,3.857081651687622
ppo_obs2_continuous_hopfield_node3_final_seed_123,123,62,0.19389981031417847,-4.0
ppo_obs2_continuous_hopfield_node3_final_seed_123,123,63,0.20377665758132935,4.0
ppo_obs2_continuous_hopfield_node3_final_seed_123,123,64,0.1845088005065918,-4.0
ppo_obs2_continuous_hopfield_node3_final_seed_123,123,65,0.19544550776481628,3.8654987812042236
ppo_obs2_continuous_hopfield_node3_final_seed_123,123,66,0.18238261342048645,-4.0
ppo_obs2_continuous_hopfield_node3_final_seed_123,123,67,0.19309043884277344,4.0
ppo_obs2_continuous_hopfield_node3_final_seed_123,123,68,0.17439252138137817,-4.0
ppo_obs2_continuous_hopfield_node3_final_seed_123,123,69,0.1869470328092575,3.8996729850769043
ppo_obs2_continuous_hopfield_node3_final_seed_123,123,70,0.17199158668518066,-4.0
ppo_obs2_continuous_hopfield_node3_final_seed_123,123,71,0.18527545034885406,4.0
ppo_obs2_continuous_hopfield_node3_final_seed_123,123,72,0.1653967797756195,-4.0
ppo_obs2_continuous_hopfield_node3_final_seed_123,123,73,0.17953145503997803,3.9029433727264404
ppo_obs2_continuous_hopfield_node3_final_seed_123,123,74,0.16417257487773895,-4.0
ppo_obs2_continuous_hopfield_node3_final_seed_123,123,75,0.17727865278720856,4.0
ppo_obs2_continuous_hopfield_node3_final_seed_123,123,76,0.1588505506515503,-4.0
ppo_obs2_continuous_hopfield_node3_final_seed_123,123,77,0.1746779978275299,3.9827942848205566
ppo_obs2_continuous_hopfield_node3_final_seed_123,123,78,0.155195415019989,-4.0
ppo_obs2_continuous_hopfield_node3_final_seed_123,123,79,0.1717497706413269,3.984591245651245
ppo_obs2_continuous_hopfield_node3_final_seed_123,123,80,0.15215694904327393,-4.0
ppo_obs2_continuous_hopfield_node3_final_seed_123,123,81,0.16900509595870972,4.0
ppo_obs2_continuous_hopfield_node3_final_seed_123,123,82,0.14893370866775513,-4.0
ppo_obs2_continuous_hopfield_node3_final_seed_123,123,83,0.1661463975906372,4.0
ppo_obs2_continuous_hopfield_node3_final_seed_123,123,84,0.14604337513446808,-4.0
ppo_obs2_continuous_hopfield_node3_final_seed_123,123,85,0.16363848745822906,4.0
ppo_obs2_continuous_hopfield_node3_final_seed_123,123,86,0.1432354599237442,-4.0
ppo_obs2_continuous_hopfield_node3_final_seed_123,123,87,0.16203142702579498,4.0
ppo_obs2_continuous_hopfield_node3_final_seed_123,123,88,0.1404063105583191,-4.0
ppo_obs2_continuous_hopfield_node3_final_seed_123,123,89,0.16167619824409485,4.0
ppo_obs2_continuous_hopfield_node3_final_seed_123,123,90,0.13759702444076538,-4.0
ppo_obs2_continuous_hopfield_node3_final_seed_123,123,91,0.1594293713569641,3.9426093101501465
ppo_obs2_continuous_hopfield_node3_final_seed_123,123,92,0.13750961422920227,-4.0
ppo_obs2_continuous_hopfield_node3_final_seed_123,123,93,0.15972724556922913,3.991325616836548
ppo_obs2_continuous_hopfield_node3_final_seed_123,123,94,0.1350342035293579,-4.0
ppo_obs2_continuous_hopfield_node3_final_seed_123,123,95,0.1572856903076172,3.9226222038269043
ppo_obs2_continuous_hopfield_node3_final_seed_123,123,96,0.13589298725128174,-4.0
ppo_obs2_continuous_hopfield_node3_final_seed_123,123,97,0.1582368016242981,3.9968080520629883
ppo_obs2_continuous_hopfield_node3_final_seed_123,123,98,0.13320079445838928,-4.0
ppo_obs2_continuous_hopfield_node3_final_seed_123,123,99,0.15529081225395203,3.9060027599334717
ppo_obs2_continuous_hopfield_node3_final_seed_123,123,100,0.13496828079223633,-4.0
ppo_obs2_continuous_hopfield_node3_final_seed_123,123,101,0.15627405047416687,4.0
ppo_obs2_continuous_hopfield_node3_final_seed_123,123,102,0.1322343349456787,-4.0
ppo_obs2_continuous_hopfield_node3_final_seed_123,123,103,0.15384778380393982,3.9175045490264893
ppo_obs2_continuous_hopfield_node3_final_seed_123,123,104,0.13363471627235413,-4.0
ppo_obs2_continuous_hopfield_node3_final_seed_123,123,105,0.1548926830291748,4.0
ppo_obs2_continuous_hopfield_node3_final_seed_123,123,106,0.13115370273590088,-4.0
ppo_obs2_continuous_hopfield_node3_final_seed_123,123,107,0.15197202563285828,3.909688711166382
ppo_obs2_continuous_hopfield_node3_final_seed_123,123,108,0.13317172229290009,-4.0
ppo_obs2_continuous_hopfield_node3_final_seed_123,123,109,0.15251941978931427,4.0
ppo_obs2_continuous_hopfield_node3_final_seed_123,123,110,0.13089141249656677,-4.0
ppo_obs2_continuous_hopfield_node3_final_seed_123,123,111,0.1508147269487381,3.9419314861297607
ppo_obs2_continuous_hopfield_node3_final_seed_123,123,112,0.13162362575531006,-4.0
ppo_obs2_continuous_hopfield_node3_final_seed_123,123,113,0.15108869969844818,3.991530179977417
ppo_obs2_continuous_hopfield_node3_final_seed_123,123,114,0.13009467720985413,-4.0
ppo_obs2_continuous_hopfield_node3_final_seed_123,123,115,0.14892029762268066,3.937688112258911
ppo_obs2_continuous_hopfield_node3_final_seed_123,123,116,0.13129650056362152,-4.0
ppo_obs2_continuous_hopfield_node3_final_seed_123,123,117,0.14915187656879425,4.0
ppo_obs2_continuous_hopfield_node3_final_seed_123,123,118,0.12956593930721283,-4.0
ppo_obs2_continuous_hopfield_node3_final_seed_123,123,119,0.1474137306213379,3.950913429260254
ppo_obs2_continuous_hopfield_node3_final_seed_123,123,120,0.13032935559749603,-4.0
ppo_obs2_continuous_hopfield_node3_final_seed_123,123,121,0.14772941172122955,4.0
ppo_obs2_continuous_hopfield_node3_final_seed_123,123,122,0.12877033650875092,-4.0
ppo_obs2_continuous_hopfield_node3_final_seed_123,123,123,0.1458226442337036,3.9460654258728027
ppo_obs2_continuous_hopfield_node3_final_seed_123,123,124,0.1298496425151825,-4.0
ppo_obs2_continuous_hopfield_node3_final_seed_123,123,125,0.14617641270160675,4.0
ppo_obs2_continuous_hopfield_node3_final_seed_123,123,126,0.12828224897384644,-4.0
ppo_obs2_continuous_hopfield_node3_final_seed_123,123,127,0.14489330351352692,3.953932523727417
ppo_obs2_continuous_hopfield_node3_final_seed_123,123,128,0.1289510428905487,-4.0
ppo_obs2_continuous_hopfield_node3_final_seed_123,123,129,0.14550483226776123,3.9944801330566406
ppo_obs2_continuous_hopfield_node3_final_seed_123,123,130,0.12762321531772614,-4.0
ppo_obs2_continuous_hopfield_node3_final_seed_123,123,131,0.1439865529537201,3.941474437713623
ppo_obs2_continuous_hopfield_node3_final_seed_123,123,132,0.12881924211978912,-4.0
ppo_obs2_continuous_hopfield_node3_final_seed_123,123,133,0.1450756937265396,4.0
ppo_obs2_continuous_hopfield_node3_final_seed_123,123,134,0.12713855504989624,-4.0
ppo_obs2_continuous_hopfield_node3_final_seed_123,123,135,0.14346152544021606,3.9330193996429443
ppo_obs2_continuous_hopfield_node3_final_seed_123,123,136,0.12868107855319977,-4.0
ppo_obs2_continuous_hopfield_node3_final_seed_123,123,137,0.14468733966350555,4.0
ppo_obs2_continuous_hopfield_node3_final_seed_123,123,138,0.12693816423416138,-4.0
ppo_obs2_continuous_hopfield_node3_final_seed_123,123,139,0.14338646829128265,3.9359326362609863
ppo_obs2_continuous_hopfield_node3_final_seed_123,123,140,0.12831616401672363,-4.0
ppo_obs2_continuous_hopfield_node3_final_seed_123,123,141,0.14484098553657532,4.0
ppo_obs2_continuous_hopfield_node3_final_seed_123,123,142,0.12659187614917755,-4.0
ppo_obs2_continuous_hopfield_node3_final_seed_123,123,143,0.14322073757648468,3.9270334243774414
ppo_obs2_continuous_hopfield_node3_final_seed_123,123,144,0.1284150630235672,-4.0
ppo_obs2_continuous_hopfield_node3_final_seed_123,123,145,0.1445225030183792,4.0
ppo_obs2_continuous_hopfield_node3_final_seed_123,123,146,0.1266798973083496,-4.0
ppo_obs2_continuous_hopfield_node3_final_seed_123,123,147,0.1436346173286438,3.9427030086517334
ppo_obs2_continuous_hopfield_node3_final_seed_123,123,148,0.12778563797473907,-4.0
ppo_obs2_continuous_hopfield_node3_final_seed_123,123,149,0.14498943090438843,3.9954707622528076
ppo_obs2_continuous_hopfield_node3_final_seed_123,123,150,0.1263657808303833,-4.0
ppo_obs2_continuous_hopfield_node3_final_seed_123,123,151,0.14359495043754578,3.93196439743042
ppo_obs2_continuous_hopfield_node3_final_seed_123,123,152,0.12804120779037476,-4.0
ppo_obs2_continuous_hopfield_node3_final_seed_123,123,153,0.1449194699525833,4.0
ppo_obs2_continuous_hopfield_node3_final_seed_123,123,154,0.12641116976737976,-4.0
ppo_obs2_continuous_hopfield_node3_final_seed_123,123,155,0.1440005898475647,3.942697763442993
ppo_obs2_continuous_hopfield_node3_final_seed_123,123,156,0.1276116669178009,-4.0
ppo_obs2_continuous_hopfield_node3_final_seed_123,123,157,0.14545845985412598,3.9986541271209717
ppo_obs2_continuous_hopfield_node3_final_seed_123,123,158,0.12612412869930267,-4.0
ppo_obs2_continuous_hopfield_node3_final_seed_123,123,159,0.14397567510604858,3.930345296859741
ppo_obs2_continuous_hopfield_node3_final_seed_123,123,160,0.12795157730579376,-4.0
ppo_obs2_continuous_hopfield_node3_final_seed_123,123,161,0.14523647725582123,4.0
ppo_obs2_continuous_hopfield_node3_final_seed_123,123,162,0.12636663019657135,-4.0
ppo_obs2_continuous_hopfield_node3_final_seed_123,123,163,0.1445261836051941,3.947039842605591
ppo_obs2_continuous_hopfield_node3_final_seed_123,123,164,0.12739697098731995,-4.0
ppo_obs2_continuous_hopfield_node3_final_seed_123,123,165,0.14573262631893158,3.9920825958251953
ppo_obs2_continuous_hopfield_node3_final_seed_123,123,166,0.12624946236610413,-4.0
ppo_obs2_continuous_hopfield_node3_final_seed_123,123,167,0.1445467174053192,3.9363579750061035
ppo_obs2_continuous_hopfield_node3_final_seed_123,123,168,0.12779277563095093,-4.0
ppo_obs2_continuous_hopfield_node3_final_seed_123,123,169,0.146015465259552,4.0
ppo_obs2_continuous_hopfield_node3_final_seed_123,123,170,0.12623660266399384,-4.0
ppo_obs2_continuous_hopfield_node3_final_seed_123,123,171,0.14461541175842285,3.930903434753418
ppo_obs2_continuous_hopfield_node3_final_seed_123,123,172,0.12802858650684357,-4.0
ppo_obs2_continuous_hopfield_node3_final_seed_123,123,173,0.14602318406105042,4.0
ppo_obs2_continuous_hopfield_node3_final_seed_123,123,174,0.1264369785785675,-4.0
ppo_obs2_continuous_hopfield_node3_final_seed_123,123,175,0.14484164118766785,3.935203790664673
ppo_obs2_continuous_hopfield_node3_final_seed_123,123,176,0.12800079584121704,-4.0
ppo_obs2_continuous_hopfield_node3_final_seed_123,123,177,0.14639365673065186,4.0
ppo_obs2_continuous_hopfield_node3_final_seed_123,123,178,0.12641459703445435,-4.0
ppo_obs2_continuous_hopfield_node3_final_seed_123,123,179,0.1447184532880783,3.9240214824676514
ppo_obs2_continuous_hopfield_node3_final_seed_123,123,180,0.12849768996238708,-4.0
ppo_obs2_continuous_hopfield_node3_final_seed_123,123,181,0.14605224132537842,4.0
ppo_obs2_continuous_hopfield_node3_final_seed_123,123,182,0.1268433928489685,-4.0
ppo_obs2_continuous_hopfield_node3_final_seed_123,123,183,0.145071879029274,3.9392082691192627
ppo_obs2_continuous_hopfield_node3_final_seed_123,123,184,0.12816858291625977,-4.0
ppo_obs2_continuous_hopfield_node3_final_seed_123,123,185,0.14641302824020386,3.99394154548645
ppo_obs2_continuous_hopfield_node3_final_seed_123,123,186,0.12683622539043427,-4.0
ppo_obs2_continuous_hopfield_node3_final_seed_123,123,187,0.14485128223896027,3.9266037940979004
ppo_obs2_continuous_hopfield_node3_final_seed_123,123,188,0.12874770164489746,-4.0
ppo_obs2_continuous_hopfield_node3_final_seed_123,123,189,0.14627152681350708,4.0
ppo_obs2_continuous_hopfield_node3_final_seed_123,123,190,0.12706387042999268,-4.0
ppo_obs2_continuous_hopfield_node3_final_seed_123,123,191,0.14490506052970886,3.9307188987731934
ppo_obs2_continuous_hopfield_node3_final_seed_123,123,192,0.12874948978424072,-4.0
ppo_obs2_continuous_hopfield_node3_final_seed_123,123,193,0.14644262194633484,4.0
ppo_obs2_continuous_hopfield_node3_final_seed_123,123,194,0.12706074118614197,-4.0
ppo_obs2_continuous_hopfield_node3_final_seed_123,123,195,0.1446729302406311,3.921685218811035
ppo_obs2_continuous_hopfield_node3_final_seed_123,123,196,0.12915515899658203,-4.0
ppo_obs2_continuous_hopfield_node3_final_seed_123,123,197,0.1460302770137787,4.0
ppo_obs2_continuous_hopfield_node3_final_seed_123,123,198,0.12739931046962738,-4.0
ppo_obs2_continuous_hopfield_node3_final_seed_123,123,199,0.14485204219818115,3.9345831871032715
ppo_obs2_continuous_hopfield_node3_final_seed_123,123,200,0.1288401186466217,-4.0
ppo_obs2_continuous_hopfield_node3_final_seed_123,123,201,0.14630453288555145,3.996381998062134
ppo_obs2_continuous_hopfield_node3_final_seed_123,123,202,0.12727907299995422,-4.0
ppo_obs2_continuous_hopfield_node3_final_seed_123,123,203,0.14448121190071106,3.9204928874969482
ppo_obs2_continuous_hopfield_node3_final_seed_123,123,204,0.12937282025814056,-4.0
ppo_obs2_continuous_hopfield_node3_final_seed_123,123,205,0.1458381712436676,4.0
ppo_obs2_continuous_hopfield_node3_final_seed_123,123,206,0.1275591254234314,-4.0
ppo_obs2_continuous_hopfield_node3_final_seed_123,123,207,0.14460580050945282,3.93350887298584
ppo_obs2_continuous_hopfield_node3_final_seed_123,123,208,0.12899529933929443,-4.0
ppo_obs2_continuous_hopfield_node3_final_seed_123,123,209,0.1460568755865097,3.9965715408325195
ppo_obs2_continuous_hopfield_node3_final_seed_123,123,210,0.12737038731575012,-4.0
ppo_obs2_continuous_hopfield_node3_final_seed_123,123,211,0.14416413009166718,3.9193832874298096
ppo_obs2_continuous_hopfield_node3_final_seed_123,123,212,0.1294652819633484,-4.0
ppo_obs2_continuous_hopfield_node3_final_seed_123,123,213,0.1454891562461853,4.0
ppo_obs2_continuous_hopfield_node3_final_seed_123,123,214,0.1276005059480667,-4.0
ppo_obs2_continuous_hopfield_node3_final_seed_123,123,215,0.1442277431488037,3.9337310791015625
ppo_obs2_continuous_hopfield_node3_final_seed_123,123,216,0.12897953391075134,-4.0
ppo_obs2_continuous_hopfield_node3_final_seed_123,123,217,0.1456066519021988,3.9959447383880615
ppo_obs2_continuous_hopfield_node3_final_seed_123,123,218,0.12734171748161316,-4.0
ppo_obs2_continuous_hopfield_node3_final_seed_123,123,219,0.14368602633476257,3.920210123062134
ppo_obs2_continuous_hopfield_node3_final_seed_123,123,220,0.12935644388198853,-4.0
ppo_obs2_continuous_hopfield_node3_final_seed_123,123,221,0.1449577361345291,4.0
ppo_obs2_continuous_hopfield_node3_final_seed_123,123,222,0.12745821475982666,-4.0
ppo_obs2_continuous_hopfield_node3_final_seed_123,123,223,0.1435793936252594,3.933234214782715
ppo_obs2_continuous_hopfield_node3_final_seed_123,123,224,0.12882697582244873,-4.0
ppo_obs2_continuous_hopfield_node3_final_seed_123,123,225,0.14491873979568481,3.997396945953369
ppo_obs2_continuous_hopfield_node3_final_seed_123,123,226,0.12708696722984314,-4.0
ppo_obs2_continuous_hopfield_node3_final_seed_123,123,227,0.14285388588905334,3.9197945594787598
ppo_obs2_continuous_hopfield_node3_final_seed_123,123,228,0.12909168004989624,-4.0
ppo_obs2_continuous_hopfield_node3_final_seed_123,123,229,0.1439683437347412,4.0
ppo_obs2_continuous_hopfield_node3_final_seed_123,123,230,0.12715977430343628,-4.0
ppo_obs2_continuous_hopfield_node3_final_seed_123,123,231,0.14262008666992188,3.9375393390655518
ppo_obs2_continuous_hopfield_node3_final_seed_123,123,232,0.12829405069351196,-4.0
ppo_obs2_continuous_hopfield_node3_final_seed_123,123,233,0.1436515897512436,3.994166374206543
ppo_obs2_continuous_hopfield_node3_final_seed_123,123,234,0.12668529152870178,-4.0
ppo_obs2_continuous_hopfield_node3_final_seed_123,123,235,0.1416778862476349,3.9266271591186523
ppo_obs2_continuous_hopfield_node3_final_seed_123,123,236,0.12833687663078308,-4.0
ppo_obs2_continuous_hopfield_node3_final_seed_123,123,237,0.14266523718833923,4.0
ppo_obs2_continuous_hopfield_node3_final_seed_123,123,238,0.1264038383960724,-4.0
ppo_obs2_continuous_hopfield_node3_final_seed_123,123,239,0.1409185826778412,3.934877872467041
ppo_obs2_continuous_hopfield_node3_final_seed_123,123,240,0.12765049934387207,-4.0
ppo_obs2_continuous_hopfield_node3_final_seed_123,123,241,0.14188027381896973,4.0
ppo_obs2_continuous_hopfield_node3_final_seed_123,123,242,0.12574051320552826,-4.0
ppo_obs2_continuous_hopfield_node3_final_seed_123,123,243,0.13965001702308655,3.928452253341675
ppo_obs2_continuous_hopfield_node3_final_seed_123,123,244,0.12729914486408234,-4.0
ppo_obs2_continuous_hopfield_node3_final_seed_123,123,245,0.14024470746517181,4.0
ppo_obs2_continuous_hopfield_node3_final_seed_123,123,246,0.12535983324050903,-4.0
ppo_obs2_continuous_hopfield_node3_final_seed_123,123,247,0.13865357637405396,3.9475765228271484
ppo_obs2_continuous_hopfield_node3_final_seed_123,123,248,0.12601126730442047,-4.0
ppo_obs2_continuous_hopfield_node3_final_seed_123,123,249,0.13902471959590912,3.9953293800354004
ppo_obs2_continuous_hopfield_node3_final_seed_123,123,250,0.12436838448047638,-4.0
ppo_obs2_continuous_hopfield_node3_final_seed_123,123,251,0.13689838349819183,3.9420692920684814
ppo_obs2_continuous_hopfield_node3_final_seed_123,123,252,0.12532314658164978,-4.0
ppo_obs2_continuous_hopfield_node3_final_seed_123,123,253,0.13707587122917175,4.0
ppo_obs2_continuous_hopfield_node3_final_seed_123,123,254,0.12347781658172607,-4.0
ppo_obs2_continuous_hopfield_node3_final_seed_123,123,255,0.13524240255355835,3.955174207687378
ppo_obs2_continuous_hopfield_node3_final_seed_123,123,256,0.12439927458763123,-4.0
ppo_obs2_continuous_hopfield_node3_final_seed_123,123,257,0.1363210678100586,4.0
ppo_obs2_continuous_hopfield_node3_final_seed_123,123,258,0.12404713034629822,-4.0
ppo_obs2_continuous_hopfield_node3_final_seed_123,123,259,0.13551342487335205,3.9549124240875244
ppo_obs2_continuous_hopfield_node3_final_seed_123,123,260,0.125632643699646,-4.0
ppo_obs2_continuous_hopfield_node3_final_seed_123,123,261,0.13614973425865173,4.0
ppo_obs2_continuous_hopfield_node3_final_seed_123,123,262,0.1251733899116516,-4.0
ppo_obs2_continuous_hopfield_node3_final_seed_123,123,263,0.13587424159049988,3.9758193492889404
ppo_obs2_continuous_hopfield_node3_final_seed_123,123,264,0.12589144706726074,-4.0
ppo_obs2_continuous_hopfield_node3_final_seed_123,123,265,0.13623592257499695,3.99565052986145
ppo_obs2_continuous_hopfield_node3_final_seed_123,123,266,0.1257479190826416,-4.0
ppo_obs2_continuous_hopfield_node3_final_seed_123,123,267,0.13568148016929626,3.977738380432129
ppo_obs2_continuous_hopfield_node3_final_seed_123,123,268,0.12636804580688477,-4.0
ppo_obs2_continuous_hopfield_node3_final_seed_123,123,269,0.1358547806739807,4.0
ppo_obs2_continuous_hopfield_node3_final_seed_123,123,270,0.12598738074302673,-4.0
ppo_obs2_continuous_hopfield_node3_final_seed_123,123,271,0.13528594374656677,3.984358549118042
ppo_obs2_continuous_hopfield_node3_final_seed_123,123,272,0.12631335854530334,-4.0
ppo_obs2_continuous_hopfield_node3_final_seed_123,123,273,0.13521459698677063,4.0
ppo_obs2_continuous_hopfield_node3_final_seed_123,123,274,0.12592768669128418,-4.0
ppo_obs2_continuous_hopfield_node3_final_seed_123,123,275,0.13474568724632263,3.991563320159912
ppo_obs2_continuous_hopfield_node3_final_seed_123,123,276,0.12594860792160034,-4.0
ppo_obs2_continuous_hopfield_node3_final_seed_123,123,277,0.13455510139465332,4.0
ppo_obs2_continuous_hopfield_node3_final_seed_123,123,278,0.12560367584228516,-4.0
ppo_obs2_continuous_hopfield_node3_final_seed_123,123,279,0.13410216569900513,3.9946177005767822
ppo_obs2_continuous_hopfield_node3_final_seed_123,123,280,0.12552177906036377,-4.0
ppo_obs2_continuous_hopfield_node3_final_seed_123,123,281,0.13382720947265625,4.0
ppo_obs2_continuous_hopfield_node3_final_seed_123,123,282,0.12520968914031982,-4.0
ppo_obs2_continuous_hopfield_node3_final_seed_123,123,283,0.13356733322143555,3.9996089935302734
ppo_obs2_continuous_hopfield_node3_final_seed_123,123,284,0.12496757507324219,-4.0
ppo_obs2_continuous_hopfield_node3_final_seed_123,123,285,0.13331127166748047,3.9993278980255127
ppo_obs2_continuous_hopfield_node3_final_seed_123,123,286,0.12477576732635498,-4.0
ppo_obs2_continuous_hopfield_node3_final_seed_123,123,287,0.13310623168945312,4.0
ppo_obs2_continuous_hopfield_node3_final_seed_123,123,288,0.124592125415802,-4.0
ppo_obs2_continuous_hopfield_node3_final_seed_123,123,289,0.13293695449829102,4.0
ppo_obs2_continuous_hopfield_node3_final_seed_123,123,290,0.12444967031478882,-4.0
ppo_obs2_continuous_hopfield_node3_final_seed_123,123,291,0.1328049898147583,4.0
ppo_obs2_continuous_hopfield_node3_final_seed_123,123,292,0.1243484616279602,-4.0
ppo_obs2_continuous_hopfield_node3_final_seed_123,123,293,0.13271522521972656,4.0
ppo_obs2_continuous_hopfield_node3_final_seed_123,123,294,0.12428802251815796,-4.0
ppo_obs2_continuous_hopfield_node3_final_seed_123,123,295,0.1326695680618286,4.0
ppo_obs2_continuous_hopfield_node3_final_seed_123,123,296,0.12426882982254028,-4.0
ppo_obs2_continuous_hopfield_node3_final_seed_123,123,297,0.13267230987548828,4.0
ppo_obs2_continuous_hopfield_node3_final_seed_123,123,298,0.1242939829826355,-4.0
ppo_obs2_continuous_hopfield_node3_final_seed_123,123,299,0.13272607326507568,4.0
ppo_obs2_continuous_hopfield_node3_final_seed_123,123,300,0.12436437606811523,-4.0
ppo_obs2_continuous_hopfield_node3_final_seed_123,123,301,0.1328296661376953,4.0
ppo_obs2_continuous_hopfield_node3_final_seed_123,123,302,0.12448066473007202,-4.0
ppo_obs2_continuous_hopfield_node3_final_seed_123,123,303,0.1329798698425293,4.0
ppo_obs2_continuous_hopfield_node3_final_seed_123,123,304,0.12464356422424316,-4.0
ppo_obs2_continuous_hopfield_node3_final_seed_123,123,305,0.1331712007522583,4.0
ppo_obs2_continuous_hopfield_node3_final_seed_123,123,306,0.12485277652740479,-4.0
ppo_obs2_continuous_hopfield_node3_final_seed_123,123,307,0.13339054584503174,4.0
ppo_obs2_continuous_hopfield_node3_final_seed_123,123,308,0.12510472536087036,-4.0
ppo_obs2_continuous_hopfield_node3_final_seed_123,123,309,0.1336187720298767,4.0
ppo_obs2_continuous_hopfield_node3_final_seed_123,123,310,0.12539184093475342,-4.0
ppo_obs2_continuous_hopfield_node3_final_seed_123,123,311,0.13382306694984436,4.0
ppo_obs2_continuous_hopfield_node3_final_seed_123,123,312,0.1257002353668213,-4.0
ppo_obs2_continuous_hopfield_node3_final_seed_123,123,313,0.13395270705223083,4.0
ppo_obs2_continuous_hopfield_node3_final_seed_123,123,314,0.12600558996200562,-4.0
ppo_obs2_continuous_hopfield_node3_final_seed_123,123,315,0.13393405079841614,4.0
ppo_obs2_continuous_hopfield_node3_final_seed_123,123,316,0.12626969814300537,-4.0
ppo_obs2_continuous_hopfield_node3_final_seed_123,123,317,0.13365823030471802,4.0
ppo_obs2_continuous_hopfield_node3_final_seed_123,123,318,0.12643295526504517,-4.0
ppo_obs2_continuous_hopfield_node3_final_seed_123,123,319,0.1329689621925354,4.0
ppo_obs2_continuous_hopfield_node3_final_seed_123,123,320,0.1264066994190216,-4.0
ppo_obs2_continuous_hopfield_node3_final_seed_123,123,321,0.1316518485546112,4.0
ppo_obs2_continuous_hopfield_node3_final_seed_123,123,322,0.1260615587234497,-4.0
ppo_obs2_continuous_hopfield_node3_final_seed_123,123,323,0.12942318618297577,4.0
ppo_obs2_continuous_hopfield_node3_final_seed_123,123,324,0.12443071603775024,-3.9810688495635986
ppo_obs2_continuous_hopfield_node3_final_seed_123,123,325,0.1277715265750885,4.0
ppo_obs2_continuous_hopfield_node3_final_seed_123,123,326,0.12223498523235321,-3.9680750370025635
ppo_obs2_continuous_hopfield_node3_final_seed_123,123,327,0.1271142065525055,4.0
ppo_obs2_continuous_hopfield_node3_final_seed_123,123,328,0.12095057219266891,-3.9822452068328857
ppo_obs2_continuous_hopfield_node3_final_seed_123,123,329,0.12550407648086548,4.0
ppo_obs2_continuous_hopfield_node3_final_seed_123,123,330,0.11859794706106186,-3.9632532596588135
ppo_obs2_continuous_hopfield_node3_final_seed_123,123,331,0.12512555718421936,4.0
ppo_obs2_continuous_hopfield_node3_final_seed_123,123,332,0.11742745339870453,-3.985018014907837
ppo_obs2_continuous_hopfield_node3_final_seed_123,123,333,0.12315745651721954,4.0
ppo_obs2_continuous_hopfield_node3_final_seed_123,123,334,0.11464723944664001,-3.958449602127075
ppo_obs2_continuous_hopfield_node3_final_seed_123,123,335,0.12300428003072739,4.0
ppo_obs2_continuous_hopfield_node3_final_seed_123,123,336,0.11379002034664154,-3.993457555770874
ppo_obs2_continuous_hopfield_node3_final_seed_123,123,337,0.12061144411563873,4.0
ppo_obs2_continuous_hopfield_node3_final_seed_123,123,338,0.11085093021392822,-3.9564082622528076
ppo_obs2_continuous_hopfield_node3_final_seed_123,123,339,0.12112685292959213,4.0
ppo_obs2_continuous_hopfield_node3_final_seed_123,123,340,0.11061672866344452,-4.0
ppo_obs2_continuous_hopfield_node3_final_seed_123,123,341,0.11941942572593689,4.0
ppo_obs2_continuous_hopfield_node3_final_seed_123,123,342,0.1091495081782341,-3.978959321975708
ppo_obs2_continuous_hopfield_node3_final_seed_123,123,343,0.11933840811252594,4.0
ppo_obs2_continuous_hopfield_node3_final_seed_123,123,344,0.10902591049671173,-4.0
ppo_obs2_continuous_hopfield_node3_final_seed_123,123,345,0.11833828687667847,4.0
ppo_obs2_continuous_hopfield_node3_final_seed_123,123,346,0.10818468034267426,-3.9857089519500732
ppo_obs2_continuous_hopfield_node3_final_seed_123,123,347,0.1186593770980835,4.0
ppo_obs2_continuous_hopfield_node3_final_seed_123,123,348,0.10834336280822754,-4.0
ppo_obs2_continuous_hopfield_node3_final_seed_123,123,349,0.11851370334625244,4.0
ppo_obs2_continuous_hopfield_node3_final_seed_123,123,350,0.10848288238048553,-4.0
ppo_obs2_continuous_hopfield_node3_final_seed_123,123,351,0.11846145987510681,4.0
ppo_obs2_continuous_hopfield_node3_final_seed_123,123,352,0.10862693935632706,-4.0
ppo_obs2_continuous_hopfield_node3_final_seed_123,123,353,0.118536576628685,4.0
ppo_obs2_continuous_hopfield_node3_final_seed_123,123,354,0.10879015177488327,-4.0
ppo_obs2_continuous_hopfield_node3_final_seed_123,123,355,0.11875996738672256,4.0
ppo_obs2_continuous_hopfield_node3_final_seed_123,123,356,0.10898096859455109,-4.0
ppo_obs2_continuous_hopfield_node3_final_seed_123,123,357,0.11914374679327011,4.0
ppo_obs2_continuous_hopfield_node3_final_seed_123,123,358,0.10920413583517075,-4.0
ppo_obs2_continuous_hopfield_node3_final_seed_123,123,359,0.11969468742609024,4.0
ppo_obs2_continuous_hopfield_node3_final_seed_123,123,360,0.10946384072303772,-4.0
ppo_obs2_continuous_hopfield_node3_final_seed_123,123,361,0.12042013555765152,4.0
ppo_obs2_continuous_hopfield_node3_final_seed_123,123,362,0.10976900160312653,-4.0
ppo_obs2_continuous_hopfield_node3_final_seed_123,123,363,0.1213357150554657,4.0
ppo_obs2_continuous_hopfield_node3_final_seed_123,123,364,0.11013782024383545,-4.0
ppo_obs2_continuous_hopfield_node3_final_seed_123,123,365,0.12247306108474731,4.0
ppo_obs2_continuous_hopfield_node3_final_seed_123,123,366,0.11060132831335068,-4.0
ppo_obs2_continuous_hopfield_node3_final_seed_123,123,367,0.1238807812333107,4.0
ppo_obs2_continuous_hopfield_node3_final_seed_123,123,368,0.11120156943798065,-4.0
ppo_obs2_continuous_hopfield_node3_final_seed_123,123,369,0.12561699748039246,4.0
ppo_obs2_continuous_hopfield_node3_final_seed_123,123,370,0.11198559403419495,-4.0
ppo_obs2_continuous_hopfield_node3_final_seed_123,123,371,0.12693536281585693,3.987596273422241
ppo_obs2_continuous_hopfield_node3_final_seed_123,123,372,0.1133289709687233,-4.0
ppo_obs2_continuous_hopfield_node3_final_seed_123,123,373,0.12747976183891296,3.979341983795166
ppo_obs2_continuous_hopfield_node3_final_seed_123,123,374,0.11479367315769196,-4.0
ppo_obs2_continuous_hopfield_node3_final_seed_123,123,375,0.12833735346794128,3.9935145378112793
ppo_obs2_continuous_hopfield_node3_final_seed_123,123,376,0.11556145548820496,-4.0
ppo_obs2_continuous_hopfield_node3_final_seed_123,123,377,0.12850575149059296,3.979266405105591
ppo_obs2_continuous_hopfield_node3_final_seed_123,123,378,0.11686334013938904,-4.0
ppo_obs2_continuous_hopfield_node3_final_seed_123,123,379,0.12934820353984833,3.998096466064453
ppo_obs2_continuous_hopfield_node3_final_seed_123,123,380,0.11734893918037415,-4.0
ppo_obs2_continuous_hopfield_node3_final_seed_123,123,381,0.12931254506111145,3.977771520614624
ppo_obs2_continuous_hopfield_node3_final_seed_123,123,382,0.11866757273674011,-4.0
ppo_obs2_continuous_hopfield_node3_final_seed_123,123,383,0.13003000617027283,4.0
ppo_obs2_continuous_hopfield_node3_final_seed_123,123,384,0.11898183822631836,-4.0
ppo_obs2_continuous_hopfield_node3_final_seed_123,123,385,0.1301022171974182,3.98403000831604
ppo_obs2_continuous_hopfield_node3_final_seed_123,123,386,0.11999782919883728,-4.0
ppo_obs2_continuous_hopfield_node3_final_seed_123,123,387,0.1307140290737152,4.0
ppo_obs2_continuous_hopfield_node3_final_seed_123,123,388,0.1202903687953949,-4.0
ppo_obs2_continuous_hopfield_node3_final_seed_123,123,389,0.1306438148021698,3.9857585430145264
ppo_obs2_continuous_hopfield_node3_final_seed_123,123,390,0.12116721272468567,-4.0
ppo_obs2_continuous_hopfield_node3_final_seed_123,123,391,0.1309792697429657,4.0
ppo_obs2_continuous_hopfield_node3_final_seed_123,123,392,0.12134850025177002,-4.0
ppo_obs2_continuous_hopfield_node3_final_seed_123,123,393,0.13107416033744812,3.994800090789795
ppo_obs2_continuous_hopfield_node3_final_seed_123,123,394,0.121768057346344,-4.0
ppo_obs2_continuous_hopfield_node3_final_seed_123,123,395,0.13122770190238953,3.9985883235931396
ppo_obs2_continuous_hopfield_node3_final_seed_123,123,396,0.12198957800865173,-4.0
ppo_obs2_continuous_hopfield_node3_final_seed_123,123,397,0.13121110200881958,3.996617078781128
ppo_obs2_continuous_hopfield_node3_final_seed_123,123,398,0.12226882576942444,-4.0
ppo_obs2_continuous_hopfield_node3_final_seed_123,123,399,0.131253182888031,4.0
ppo_obs2_continuous_hopfield_node3_final_seed_123,123,400,0.12237018346786499,-4.0
ppo_obs2_continuous_hopfield_node3_final_seed_42,42,0,1.5996227264404297,0.0
ppo_obs2_continuous_hopfield_node3_final_seed_42,42,1,1.1664071083068848,-4.0
ppo_obs2_continuous_hopfield_node3_final_seed_42,42,2,0.9506634473800659,-4.0
ppo_obs2_continuous_hopfield_node3_final_seed_42,42,3,0.9298999309539795,-4.0
ppo_obs2_continuous_hopfield_node3_final_seed_42,42,4,0.8470178842544556,-4.0
ppo_obs2_continuous_hopfield_node3_final_seed_42,42,5,0.6979888677597046,-4.0
ppo_obs2_continuous_hopfield_node3_final_seed_42,42,6,0.6313036680221558,-3.2171530723571777
ppo_obs2_continuous_hopfield_node3_final_seed_42,42,7,0.5965378284454346,1.548662543296814
ppo_obs2_continuous_hopfield_node3_final_seed_42,42,8,0.5568362474441528,-1.2177331447601318
ppo_obs2_continuous_hopfield_node3_final_seed_42,42,9,0.5423154830932617,0.3472592830657959
ppo_obs2_continuous_hopfield_node3_final_seed_42,42,10,0.5120977759361267,-0.5943506956100464
ppo_obs2_continuous_hopfield_node3_final_seed_42,42,11,0.5056660175323486,-0.07673424482345581
ppo_obs2_continuous_hopfield_node3_final_seed_42,42,12,0.4862182140350342,-0.4014594256877899
ppo_obs2_continuous_hopfield_node3_final_seed_42,42,13,0.4760758876800537,-0.22765710949897766
ppo_obs2_continuous_hopfield_node3_final_seed_42,42,14,0.4611491858959198,-0.33771824836730957
ppo_obs2_continuous_hopfield_node3_final_seed_42,42,15,0.44954225420951843,-0.2753596305847168
ppo_obs2_continuous_hopfield_node3_final_seed_42,42,16,0.43639829754829407,-0.3085912764072418
ppo_obs2_continuous_hopfield_node3_final_seed_42,42,17,0.4244926869869232,-0.2814793288707733
ppo_obs2_continuous_hopfield_node3_final_seed_42,42,18,0.4121455252170563,-0.2864445447921753
ppo_obs2_continuous_hopfield_node3_final_seed_42,42,19,0.4003140330314636,-0.27007782459259033
ppo_obs2_continuous_hopfield_node3_final_seed_42,42,20,0.38841918110847473,-0.26446858048439026
ppo_obs2_continuous_hopfield_node3_final_seed_42,42,21,0.37679630517959595,-0.2513309121131897
ppo_obs2_continuous_hopfield_node3_final_seed_42,42,22,0.3652501106262207,-0.2418922632932663
ppo_obs2_continuous_hopfield_node3_final_seed_42,42,23,0.3539031147956848,-0.22991040349006653
ppo_obs2_continuous_hopfield_node3_final_seed_42,42,24,0.3426942229270935,-0.21935626864433289
ppo_obs2_continuous_hopfield_node3_final_seed_42,42,25,0.3316730856895447,-0.208118736743927
ppo_obs2_continuous_hopfield_node3_final_seed_42,42,26,0.32155781984329224,-0.1976146101951599
ppo_obs2_continuous_hopfield_node3_final_seed_42,42,27,0.311648964881897,-0.18713822960853577
ppo_obs2_continuous_hopfield_node3_final_seed_42,42,28,0.3018960952758789,-0.17720648646354675
ppo_obs2_continuous_hopfield_node3_final_seed_42,42,29,0.29230165481567383,-0.1675654798746109
ppo_obs2_continuous_hopfield_node3_final_seed_42,42,30,0.2828764319419861,-0.15841872990131378
ppo_obs2_continuous_hopfield_node3_final_seed_42,42,31,0.27362531423568726,-0.1496637463569641
ppo_obs2_continuous_hopfield_node3_final_seed_42,42,32,0.26455700397491455,-0.14138048887252808
ppo_obs2_continuous_hopfield_node3_final_seed_42,42,33,0.2556766867637634,-0.1335160732269287
ppo_obs2_continuous_hopfield_node3_final_seed_42,42,34,0.246989905834198,-0.12608622014522552
ppo_obs2_continuous_hopfield_node3_final_seed_42,42,35,0.23850131034851074,-0.11907315254211426
ppo_obs2_continuous_hopfield_node3_final_seed_42,42,36,0.2302141785621643,-0.11246248334646225
ppo_obs2_continuous_hopfield_node3_final_seed_42,42,37,0.22213149070739746,-0.10625071823596954
ppo_obs2_continuous_hopfield_node3_final_seed_42,42,38,0.2142554521560669,-0.10039500892162323
ppo_obs2_continuous_hopfield_node3_final_seed_42,42,39,0.20658743381500244,-0.09491145610809326
ppo_obs2_continuous_hopfield_node3_final_seed_42,42,40,0.19912797212600708,-0.08975419402122498
ppo_obs2_continuous_hopfield_node3_final_seed_42,42,41,0.1918783187866211,-0.08491876721382141
ppo_obs2_continuous_hopfield_node3_final_seed_42,42,42,0.18483662605285645,-0.08038036525249481
ppo_obs2_continuous_hopfield_node3_final_seed_42,42,43,0.1780022382736206,-0.07613302767276764
ppo_obs2_continuous_hopfield_node3_final_seed_42,42,44,0.1713731288909912,-0.07215285301208496
ppo_obs2_continuous_hopfield_node3_final_seed_42,42,45,0.16494864225387573,-0.06842753291130066
ppo_obs2_continuous_hopfield_node3_final_seed_42,42,46,0.1587253212928772,-0.06493951380252838
ppo_obs2_continuous_hopfield_node3_final_seed_42,42,47,0.15270113945007324,-0.06167656183242798
ppo_obs2_continuous_hopfield_node3_final_seed_42,42,48,0.1468726396560669,-0.05862860381603241
ppo_obs2_continuous_hopfield_node3_final_seed_42,42,49,0.14123749732971191,-0.05577799677848816
ppo_obs2_continuous_hopfield_node3_final_seed_42,42,50,0.1357911229133606,-0.05311417579650879
ppo_obs2_continuous_hopfield_node3_final_seed_42,42,51,0.1305309534072876,-0.050636693835258484
ppo_obs2_continuous_hopfield_node3_final_seed_42,42,52,0.12545329332351685,-0.048321083188056946
ppo_obs2_continuous_hopfield_node3_final_seed_42,42,53,0.12055426836013794,-0.046166494488716125
ppo_obs2_continuous_hopfield_node3_final_seed_42,42,54,0.11583006381988525,-0.04416510462760925
ppo_obs2_continuous_hopfield_node3_final_seed_42,42,55,0.11127740144729614,-0.04230746626853943
ppo_obs2_continuous_hopfield_node3_final_seed_42,42,56,0.10689270496368408,-0.040592700242996216
ppo_obs2_continuous_hopfield_node3_final_seed_42,42,57,0.10267150402069092,-0.039004623889923096
ppo_obs2_continuous_hopfield_node3_final_seed_42,42,58,0.09861135482788086,-0.03755234181880951
ppo_obs2_continuous_hopfield_node3_final_seed_42,42,59,0.09470754861831665,-0.0362088680267334
ppo_obs2_continuous_hopfield_node3_final_seed_42,42,60,0.09095871448516846,-0.03500857949256897
ppo_obs2_continuous_hopfield_node3_final_seed_42,42,61,0.08736002445220947,-0.03389592468738556
ppo_obs2_continuous_hopfield_node3_final_seed_42,42,62,0.08390951156616211,-0.032920703291893005
ppo_obs2_continuous_hopfield_node3_final_seed_42,42,63,0.08060383796691895,-0.03203725814819336
ppo_obs2_continuous_hopfield_node3_final_seed_42,42,64,0.07744154334068298,-0.031268730759620667
ppo_obs2_continuous_hopfield_node3_final_seed_42,42,65,0.07441988587379456,-0.03059762716293335
ppo_obs2_continuous_hopfield_node3_final_seed_42,42,66,0.07153668999671936,-0.03002724051475525
ppo_obs2_continuous_hopfield_node3_final_seed_42,42,67,0.06879004836082458,-0.029545798897743225
ppo_obs2_continuous_hopfield_node3_final_seed_42,42,68,0.0662708580493927,-0.029146268963813782
ppo_obs2_continuous_hopfield_node3_final_seed_42,42,69,0.06452381610870361,-0.0288211852312088
ppo_obs2_continuous_hopfield_node3_final_seed_42,42,70,0.06294921040534973,-0.028546839952468872
ppo_obs2_continuous_hopfield_node3_final_seed_42,42,71,0.0615447461605072,-0.028305694460868835
ppo_obs2_continuous_hopfield_node3_final_seed_42,42,72,0.06030547618865967,-0.02807234227657318
ppo_obs2_continuous_hopfield_node3_final_seed_42,42,73,0.059225186705589294,-0.027801841497421265
ppo_obs2_continuous_hopfield_node3_final_seed_42,42,74,0.05829443037509918,-0.02745659649372101
ppo_obs2_continuous_hopfield_node3_final_seed_42,42,75,0.05750091373920441,-0.026982203125953674
ppo_obs2_continuous_hopfield_node3_final_seed_42,42,76,0.05682894214987755,-0.0263252854347229
ppo_obs2_continuous_hopfield_node3_final_seed_42,42,77,0.05626038834452629,-0.025440722703933716
ppo_obs2_continuous_hopfield_node3_final_seed_42,42,78,0.05577554181218147,-0.02430415153503418
ppo_obs2_continuous_hopfield_node3_final_seed_42,42,79,0.055355560034513474,-0.022932976484298706
ppo_obs2_continuous_hopfield_node3_final_seed_42,42,80,0.05498408153653145,-0.021402031183242798
ppo_obs2_continuous_hopfield_node3_final_seed_42,42,81,0.05464954301714897,-0.019855141639709473
ppo_obs2_continuous_hopfield_node3_final_seed_42,42,82,0.05434504896402359,-0.01848752796649933
ppo_obs2_continuous_hopfield_node3_final_seed_42,42,83,0.05406710505485535,-0.017501920461654663
ppo_obs2_continuous_hopfield_node3_final_seed_42,42,84,0.05381372570991516,-0.017046138644218445
ppo_obs2_continuous_hopfield_node3_final_seed_42,42,85,0.0535813570022583,-0.017177388072013855
ppo_obs2_continuous_hopfield_node3_final_seed_42,42,86,0.05336516350507736,-0.017823979258537292
ppo_obs2_continuous_hopfield_node3_final_seed_42,42,87,0.05315852165222168,-0.01885131001472473
ppo_obs2_continuous_hopfield_node3_final_seed_42,42,88,0.05295430123806,-0.02008497714996338
ppo_obs2_continuous_hopfield_node3_final_seed_42,42,89,0.05274561047554016,-0.021370887756347656
ppo_obs2_continuous_hopfield_node3_final_seed_42,42,90,0.052526772022247314,-0.022588789463043213
ppo_obs2_continuous_hopfield_node3_final_seed_42,42,91,0.0522923469543457,-0.023672163486480713
ppo_obs2_continuous_hopfield_node3_final_seed_42,42,92,0.052038729190826416,-0.024572163820266724
ppo_obs2_continuous_hopfield_node3_final_seed_42,42,93,0.05176258087158203,-0.02528376877307892
ppo_obs2_continuous_hopfield_node3_final_seed_42,42,94,0.051461994647979736,-0.025804683566093445
ppo_obs2_continuous_hopfield_node3_final_seed_42,42,95,0.05113464593887329,-0.02615584433078766
ppo_obs2_continuous_hopfield_node3_final_seed_42,42,96,0.050779759883880615,-0.026343077421188354
ppo_obs2_continuous_hopfield_node3_final_seed_42,42,97,0.0503959059715271,-0.026397481560707092
ppo_obs2_continuous_hopfield_node3_final_seed_42,42,98,0.0499822199344635,-0.02632330358028412
ppo_obs2_continuous_hopfield_node3_final_seed_42,42,99,0.04953852295875549,-0.0261400043964386
ppo_obs2_continuous_hopfield_node3_final_seed_42,42,100,0.04906383156776428,-0.02587062120437622
ppo_obs2_continuous_hopfield_node3_final_seed_42,42,101,0.04855787754058838,-0.025510936975479126
ppo_obs2_continuous_hopfield_node3_final_seed_42,42,102,0.048020362854003906,-0.02508111298084259
ppo_obs2_continuous_hopfield_node3_final_seed_42,42,103,0.047450482845306396,-0.024588361382484436
ppo_obs2_continuous_hopfield_node3_final_seed_42,42,104,0.04684847593307495,-0.024030432105064392
ppo_obs2_continuous_hopfield_node3_final_seed_42,42,105,0.046213895082473755,-0.023425713181495667
ppo_obs2_continuous_hopfield_node3_final_seed_42,42,106,0.04554685950279236,-0.022771313786506653
ppo_obs2_continuous_hopfield_node3_final_seed_42,42,107,0.04484754800796509,-0.022076338529586792
ppo_obs2_continuous_hopfield_node3_final_seed_42,42,108,0.04411616921424866,-0.021344080567359924
ppo_obs2_continuous_hopfield_node3_final_seed_42,42,109,0.043353840708732605,-0.02057996392250061
ppo_obs2_continuous_hopfield_node3_final_seed_42,42,110,0.04256139695644379,-0.019796520471572876
ppo_obs2_continuous_hopfield_node3_final_seed_42,42,111,0.04174087941646576,-0.018994227051734924
ppo_obs2_continuous_hopfield_node3_final_seed_42,42,112,0.04089435935020447,-0.01818925142288208
ppo_obs2_continuous_hopfield_node3_final_seed_42,42,113,0.040024951100349426,-0.017389506101608276
ppo_obs2_continuous_hopfield_node3_final_seed_42,42,114,0.039136193692684174,-0.016610637307167053
ppo_obs2_continuous_hopfield_node3_final_seed_42,42,115,0.03823230415582657,-0.01586507260799408
ppo_obs2_continuous_hopfield_node3_final_seed_42,42,116,0.037318386137485504,-0.015170052647590637
ppo_obs2_continuous_hopfield_node3_final_seed_42,42,117,0.03639981895685196,-0.014537274837493896
ppo_obs2_continuous_hopfield_node3_final_seed_42,42,118,0.03548238426446915,-0.013985127210617065
ppo_obs2_continuous_hopfield_node3_final_seed_42,42,119,0.03457210585474968,-0.013519391417503357
ppo_obs2_continuous_hopfield_node3_final_seed_42,42,120,0.033674754202365875,-0.013152718544006348
ppo_obs2_continuous_hopfield_node3_final_seed_42,42,121,0.032796092331409454,-0.012884601950645447
ppo_obs2_continuous_hopfield_node3_final_seed_42,42,122,0.031941067427396774,-0.012715190649032593
ppo_obs2_continuous_hopfield_node3_final_seed_42,42,123,0.031114080920815468,-0.012636184692382812
ppo_obs2_continuous_hopfield_node3_final_seed_42,42,124,0.030318796634674072,-0.012636825442314148
ppo_obs2_continuous_hopfield_node3_final_seed_42,42,125,0.029557958245277405,-0.012702256441116333
ppo_obs2_continuous_hopfield_node3_final_seed_42,42,126,0.028833545744419098,-0.012815609574317932
ppo_obs2_continuous_hopfield_node3_final_seed_42,42,127,0.02814676985144615,-0.012961864471435547
ppo_obs2_continuous_hopfield_node3_final_seed_42,42,128,0.027498234063386917,-0.013123050332069397
ppo_obs2_continuous_hopfield_node3_final_seed_42,42,129,0.026888031512498856,-0.013286933302879333
ppo_obs2_continuous_hopfield_node3_final_seed_42,42,130,0.02631578966975212,-0.013442367315292358
ppo_obs2_continuous_hopfield_node3_final_seed_42,42,131,0.02578093111515045,-0.013580277562141418
ppo_obs2_continuous_hopfield_node3_final_seed_42,42,132,0.025282539427280426,-0.01369592547416687
ppo_obs2_continuous_hopfield_node3_final_seed_42,42,133,0.02481970191001892,-0.01378507912158966
ppo_obs2_continuous_hopfield_node3_final_seed_42,42,134,0.02439132332801819,-0.013847827911376953
ppo_obs2_continuous_hopfield_node3_final_seed_42,42,135,0.023996293544769287,-0.013883054256439209
ppo_obs2_continuous_hopfield_node3_final_seed_42,42,136,0.02363353967666626,-0.01389235258102417
ppo_obs2_continuous_hopfield_node3_final_seed_42,42,137,0.0233018696308136,-0.013879656791687012
ppo_obs2_continuous_hopfield_node3_final_seed_42,42,138,0.023000076413154602,-0.013845086097717285
ppo_obs2_continuous_hopfield_node3_final_seed_42,42,139,0.022727221250534058,-0.013790011405944824
ppo_obs2_continuous_hopfield_node3_final_seed_42,42,140,0.022481977939605713,-0.013721510767936707
ppo_obs2_continuous_hopfield_node3_final_seed_42,42,141,0.022263303399086,-0.013638168573379517
ppo_obs2_continuous_hopfield_node3_final_seed_42,42,142,0.02207005023956299,-0.013543441891670227
ppo_obs2_continuous_hopfield_node3_final_seed_42,42,143,0.021901071071624756,-0.013440907001495361
ppo_obs2_continuous_hopfield_node3_final_seed_42,42,144,0.021754994988441467,-0.013330429792404175
ppo_obs2_continuous_hopfield_node3_final_seed_42,42,145,0.02163073420524597,-0.01321321725845337
ppo_obs2_continuous_hopfield_node3_final_seed_42,42,146,0.021526865661144257,-0.013093516230583191
ppo_obs2_continuous_hopfield_node3_final_seed_42,42,147,0.021442227065563202,-0.012970447540283203
ppo_obs2_continuous_hopfield_node3_final_seed_42,42,148,0.021375447511672974,-0.012845665216445923
ppo_obs2_continuous_hopfield_node3_final_seed_42,42,149,0.02132512629032135,-0.012720450758934021
ppo_obs2_continuous_hopfield_node3_final_seed_42,42,150,0.021289832890033722,-0.012596219778060913
ppo_obs2_continuous_hopfield_node3_final_seed_42,42,151,0.021268203854560852,-0.012472197413444519
ppo_obs2_continuous_hopfield_node3_final_seed_42,42,152,0.021258793771266937,-0.012350872159004211
ppo_obs2_continuous_hopfield_node3_final_seed_42,42,153,0.021260082721710205,-0.01223289966583252
ppo_obs2_continuous_hopfield_node3_final_seed_42,42,154,0.02127070352435112,-0.01211671531200409
ppo_obs2_continuous_hopfield_node3_final_seed_42,42,155,0.021289147436618805,-0.012006163597106934
ppo_obs2_continuous_hopfield_node3_final_seed_42,42,156,0.021314069628715515,-0.011899292469024658
ppo_obs2_continuous_hopfield_node3_final_seed_42,42,157,0.021344058215618134,-0.011797338724136353
ppo_obs2_continuous_hopfield_node3_final_seed_42,42,158,0.021377837285399437,-0.0117005854845047
ppo_obs2_continuous_hopfield_node3_final_seed_42,42,159,0.021414022892713547,-0.011609554290771484
ppo_obs2_continuous_hopfield_node3_final_seed_42,42,160,0.021451465785503387,-0.01152348518371582
ppo_obs2_continuous_hopfield_node3_final_seed_42,42,161,0.02148892916738987,-0.011443227529525757
ppo_obs2_continuous_hopfield_node3_final_seed_42,42,162,0.02152535878121853,-0.011367827653884888
ppo_obs2_continuous_hopfield_node3_final_seed_42,42,163,0.021559663116931915,-0.011297672986984253
ppo_obs2_continuous_hopfield_node3_final_seed_42,42,164,0.021590931341052055,-0.01123182475566864
ppo_obs2_continuous_hopfield_node3_final_seed_42,42,165,0.021618226543068886,-0.011170446872711182
ppo_obs2_continuous_hopfield_node3_final_seed_42,42,166,0.02164074406027794,-0.01111234724521637
ppo_obs2_continuous_hopfield_node3_final_seed_42,42,167,0.021657759323716164,-0.011057674884796143
ppo_obs2_continuous_hopfield_node3_final_seed_42,42,168,0.021668625995516777,-0.011005416512489319
ppo_obs2_continuous_hopfield_node3_final_seed_42,42,169,0.021672766655683517,-0.01095511019229889
ppo_obs2_continuous_hopfield_node3_final_seed_42,42,170,0.021669695153832436,-0.010906532406806946
ppo_obs2_continuous_hopfield_node3_final_seed_42,42,171,0.021658984944224358,-0.010858848690986633
ppo_obs2_continuous_hopfield_node3_final_seed_42,42,172,0.02164030261337757,-0.010811597108840942
ppo_obs2_continuous_hopfield_node3_final_seed_42,42,173,0.021613366901874542,-0.010764822363853455
ppo_obs2_continuous_hopfield_node3_final_seed_42,42,174,0.021577993407845497,-0.010717824101448059
ppo_obs2_continuous_hopfield_node3_final_seed_42,42,175,0.021534042432904243,-0.010670632123947144
ppo_obs2_continuous_hopfield_node3_final_seed_42,42,176,0.021481454372406006,-0.010622784495353699
ppo_obs2_continuous_hopfield_node3_final_seed_42,42,177,0.02142021618783474,-0.010574504733085632
ppo_obs2_continuous_hopfield_node3_final_seed_42,42,178,0.021350406110286713,-0.010525509715080261
ppo_obs2_continuous_hopfield_node3_final_seed_42,42,179,0.02127210795879364,-0.010476171970367432
ppo_obs2_continuous_hopfield_node3_final_seed_42,42,180,0.021185502409934998,-0.01042589545249939
ppo_obs2_continuous_hopfield_node3_final_seed_42,42,181,0.021090783178806305,-0.010375678539276123
ppo_obs2_continuous_hopfield_node3_final_seed_42,42,182,0.020988211035728455,-0.010324925184249878
ppo_obs2_continuous_hopfield_node3_final_seed_42,42,183,0.020878052338957787,-0.010274365544319153
ppo_obs2_continuous_hopfield_node3_final_seed_42,42,184,0.02076062560081482,-0.01022370159626007
ppo_obs2_continuous_hopfield_node3_final_seed_42,42,185,0.020636271685361862,-0.010173395276069641
ppo_obs2_continuous_hopfield_node3_final_seed_42,42,186,0.02050534263253212,-0.010123580694198608
ppo_obs2_continuous_hopfield_node3_final_seed_42,42,187,0.020368218421936035,-0.010074377059936523
ppo_obs2_continuous_hopfield_node3_final_seed_42,42,188,0.020225277170538902,-0.01002591848373413
ppo_obs2_continuous_hopfield_node3_final_seed_42,42,189,0.02007691189646721,-0.009978234767913818
ppo_obs2_continuous_hopfield_node3_final_seed_42,42,190,0.019923508167266846,-0.009931668639183044
ppo_obs2_continuous_hopfield_node3_final_seed_42,42,191,0.019765447825193405,-0.009885922074317932
ppo_obs2_continuous_hopfield_node3_final_seed_42,42,192,0.019603122025728226,-0.00984121859073639
ppo_obs2_continuous_hopfield_node3_final_seed_42,42,193,0.019436877220869064,-0.009797677397727966
ppo_obs2_continuous_hopfield_node3_final_seed_42,42,194,0.01926705613732338,-0.009754970669746399
ppo_obs2_continuous_hopfield_node3_final_seed_42,42,195,0.019094007089734077,-0.009713247418403625
ppo_obs2_continuous_hopfield_node3_final_seed_42,42,196,0.018918007612228394,-0.009672373533248901
ppo_obs2_continuous_hopfield_node3_final_seed_42,42,197,0.01873936504125595,-0.009631931781768799
ppo_obs2_continuous_hopfield_node3_final_seed_42,42,198,0.01855829730629921,-0.009592577815055847
ppo_obs2_continuous_hopfield_node3_final_seed_42,42,199,0.018375033512711525,-0.009553343057632446
ppo_obs2_continuous_hopfield_node3_final_seed_42,42,200,0.01818978600203991,-0.009514287114143372
ppo_obs2_continuous_hopfield_node3_final_seed_42,42,201,0.01800268329679966,-0.009475558996200562
ppo_obs2_continuous_hopfield_node3_final_seed_42,42,202,0.017813848331570625,-0.00943686068058014
ppo_obs2_continuous_hopfield_node3_final_seed_42,42,203,0.017623398452997208,-0.009397566318511963
ppo_obs2_continuous_hopfield_node3_final_seed_42,42,204,0.017431341111660004,-0.009359419345855713
ppo_obs2_continuous_hopfield_node3_final_seed_42,42,205,0.017237767577171326,-0.009319126605987549
ppo_obs2_continuous_hopfield_node3_final_seed_42,42,206,0.01704264059662819,-0.009279057383537292
ppo_obs2_continuous_hopfield_node3_final_seed_42,42,207,0.016845963895320892,-0.009238272905349731
ppo_obs2_continuous_hopfield_node3_final_seed_42,42,208,0.0166475772857666,-0.009197548031806946
ppo_obs2_continuous_hopfield_node3_final_seed_42,42,209,0.01644749566912651,-0.009154662489891052
ppo_obs2_continuous_hopfield_node3_final_seed_42,42,210,0.016245510429143906,-0.009112551808357239
ppo_obs2_continuous_hopfield_node3_final_seed_42,42,211,0.016041502356529236,-0.00906786322593689
ppo_obs2_continuous_hopfield_node3_final_seed_42,42,212,0.015835266560316086,-0.009024128317832947
ppo_obs2_continuous_hopfield_node3_final_seed_42,42,213,0.015626609325408936,-0.008978039026260376
ppo_obs2_continuous_hopfield_node3_final_seed_42,42,214,0.015415389090776443,-0.00893104076385498
ppo_obs2_continuous_hopfield_node3_final_seed_42,42,215,0.01520126685500145,-0.00888417661190033
ppo_obs2_continuous_hopfield_node3_final_seed_42,42,216,0.014984041452407837,-0.008834674954414368
ppo_obs2_continuous_hopfield_node3_final_seed_42,42,217,0.014763329178094864,-0.008786365389823914
ppo_obs2_continuous_hopfield_node3_final_seed_42,42,218,0.014538943767547607,-0.008735328912734985
ppo_obs2_continuous_hopfield_node3_final_seed_42,42,219,0.014310434460639954,-0.008683547377586365
ppo_obs2_continuous_hopfield_node3_final_seed_42,42,220,0.01407766342163086,-0.008630320429801941
ppo_obs2_continuous_hopfield_node3_final_seed_42,42,221,0.013840153813362122,-0.00857679545879364
ppo_obs2_continuous_hopfield_node3_final_seed_42,42,222,0.013597533106803894,-0.008522778749465942
ppo_obs2_continuous_hopfield_node3_final_seed_42,42,223,0.013349637389183044,-0.008465036749839783
ppo_obs2_continuous_hopfield_node3_final_seed_42,42,224,0.013095900416374207,-0.008410587906837463
ppo_obs2_continuous_hopfield_node3_final_seed_42,42,225,0.012836016714572906,-0.008352935314178467
ppo_obs2_continuous_hopfield_node3_final_seed_42,42,226,0.012569606304168701,-0.008294433355331421
ppo_obs2_continuous_hopfield_node3_final_seed_42,42,227,0.012296311557292938,-0.008233785629272461
ppo_obs2_continuous_hopfield_node3_final_seed_42,42,228,0.012015797197818756,-0.008173257112503052
ppo_obs2_continuous_hopfield_node3_final_seed_42,42,229,0.011727578938007355,-0.00811205804347992
ppo_obs2_continuous_hopfield_node3_final_seed_42,42,230,0.011431671679019928,-0.008048757910728455
ppo_obs2_continuous_hopfield_node3_final_seed_42,42,231,0.011127308011054993,-0.007985293865203857
ppo_obs2_continuous_hopfield_node3_final_seed_42,42,232,0.010814368724822998,-0.007919356226921082
ppo_obs2_continuous_hopfield_node3_final_seed_42,42,233,0.010492585599422455,-0.007854625582695007
ppo_obs2_continuous_hopfield_node3_final_seed_42,42,234,0.010161608457565308,-0.0077874064445495605
ppo_obs2_continuous_hopfield_node3_final_seed_42,42,235,0.009821273386478424,-0.007718414068222046
ppo_obs2_continuous_hopfield_node3_final_seed_42,42,236,0.009471423923969269,-0.007646650075912476
ppo_obs2_continuous_hopfield_node3_final_seed_42,42,237,0.009111613035202026,-0.007577434182167053
ppo_obs2_continuous_hopfield_node3_final_seed_42,42,238,0.008845731616020203,-0.007501348853111267
ppo_obs2_continuous_hopfield_node3_final_seed_42,42,239,0.008696570992469788,-0.0074303895235061646
ppo_obs2_continuous_hopfield_node3_final_seed_42,42,240,0.00854499638080597,-0.007354244589805603
ppo_obs2_continuous_hopfield_node3_final_seed_42,42,241,0.008390642702579498,-0.007275298237800598
ppo_obs2_continuous_hopfield_node3_final_seed_42,42,242,0.008234068751335144,-0.007201209664344788
ppo_obs2_continuous_hopfield_node3_final_seed_42,42,243,0.008075103163719177,-0.007119730114936829
ppo_obs2_continuous_hopfield_node3_final_seed_42,42,244,0.007913738489151001,-0.007039979100227356
ppo_obs2_continuous_hopfield_node3_final_seed_42,42,245,0.007750272750854492,-0.006959736347198486
ppo_obs2_continuous_hopfield_node3_final_seed_42,42,246,0.007584601640701294,-0.006877049803733826
ppo_obs2_continuous_hopfield_node3_final_seed_42,42,247,0.007417052984237671,-0.006797492504119873
ppo_obs2_continuous_hopfield_node3_final_seed_42,42,248,0.007247745990753174,-0.006713539361953735
ppo_obs2_continuous_hopfield_node3_final_seed_42,42,249,0.007076889276504517,-0.006632775068283081
ppo_obs2_continuous_hopfield_node3_final_seed_42,42,250,0.006904527544975281,-0.006549373269081116
ppo_obs2_continuous_hopfield_node3_final_seed_42,42,251,0.006731405854225159,-0.006468862295150757
ppo_obs2_continuous_hopfield_node3_final_seed_42,42,252,0.00655721127986908,-0.006387010216712952
ppo_obs2_continuous_hopfield_node3_final_seed_42,42,253,0.006382420659065247,-0.006307557225227356
ppo_obs2_continuous_hopfield_node3_final_seed_42,42,254,0.006537184119224548,-0.006229788064956665
ppo_obs2_continuous_hopfield_node3_final_seed_42,42,255,0.007124677300453186,-0.006147414445877075
ppo_obs2_continuous_hopfield_node3_final_seed_42,42,256,0.007723122835159302,-0.006075158715248108
ppo_obs2_continuous_hopfield_node3_final_seed_42,42,257,0.008331298828125,-0.006003081798553467
ppo_obs2_continuous_hopfield_node3_final_seed_42,42,258,0.008947402238845825,-0.00592571496963501
ppo_obs2_continuous_hopfield_node3_final_seed_42,42,259,0.009570211172103882,-0.005860283970832825
ppo_obs2_continuous_hopfield_node3_final_seed_42,42,260,0.010197490453720093,-0.005785316228866577
ppo_obs2_continuous_hopfield_node3_final_seed_42,42,261,0.010827630758285522,-0.005718499422073364
ppo_obs2_continuous_hopfield_node3_final_seed_42,42,262,0.01145908236503601,-0.005649060010910034
ppo_obs2_continuous_hopfield_node3_final_seed_42,42,263,0.012089669704437256,-0.005577504634857178
ppo_obs2_continuous_hopfield_node3_final_seed_42,42,264,0.012717992067337036,-0.00551210343837738
ppo_obs2_continuous_hopfield_node3_final_seed_42,42,265,0.013341546058654785,-0.00543639063835144
ppo_obs2_continuous_hopfield_node3_final_seed_42,42,266,0.013958871364593506,-0.0053673237562179565
ppo_obs2_continuous_hopfield_node3_final_seed_42,42,267,0.014568299055099487,-0.00529131293296814
ppo_obs2_continuous_hopfield_node3_final_seed_42,42,268,0.015168219804763794,-0.005212962627410889
ppo_obs2_continuous_hopfield_node3_final_seed_42,42,269,0.015756994485855103,-0.005128324031829834
ppo_obs2_continuous_hopfield_node3_final_seed_42,42,270,0.016333281993865967,-0.005045875906944275
ppo_obs2_continuous_hopfield_node3_final_seed_42,42,271,0.01689612865447998,-0.004951998591423035
ppo_obs2_continuous_hopfield_node3_final_seed_42,42,272,0.017444252967834473,-0.004859521985054016
ppo_obs2_continuous_hopfield_node3_final_seed_42,42,273,0.01797616481781006,-0.00475311279296875
ppo_obs2_continuous_hopfield_node3_final_seed_42,42,274,0.018492043018341064,-0.0046519935131073
ppo_obs2_continuous_hopfield_node3_final_seed_42,42,275,0.018990159034729004,-0.004531770944595337
ppo_obs2_continuous_hopfield_node3_final_seed_42,42,276,0.0194704532623291,-0.0044213831424713135
ppo_obs2_continuous_hopfield_node3_final_seed_42,42,277,0.0199316143989563,-0.004291132092475891
ppo_obs2_continuous_hopfield_node3_final_seed_42,42,278,0.02037513256072998,-0.00416642427444458
ppo_obs2_continuous_hopfield_node3_final_seed_42,42,279,0.020798146724700928,-0.004019454121589661
ppo_obs2_continuous_hopfield_node3_final_seed_42,42,280,0.02120286226272583,-0.0038909912109375
ppo_obs2_continuous_hopfield_node3_final_seed_42,42,281,0.0215875506401062,-0.003735870122909546
ppo_obs2_continuous_hopfield_node3_final_seed_42,42,282,0.02195221185684204,-0.0035941898822784424
ppo_obs2_continuous_hopfield_node3_final_seed_42,42,283,0.022297143936157227,-0.003437548875808716
ppo_obs2_continuous_hopfield_node3_final_seed_42,42,284,0.022622525691986084,-0.003282025456428528
ppo_obs2_continuous_hopfield_node3_final_seed_42,42,285,0.02292776107788086,-0.0031252503395080566
ppo_obs2_continuous_hopfield_node3_final_seed_42,42,286,0.023212850093841553,-0.0029633939266204834
ppo_obs2_continuous_hopfield_node3_final_seed_42,42,287,0.023478269577026367,-0.0028015822172164917
ppo_obs2_continuous_hopfield_node3_final_seed_42,42,288,0.023723363876342773,-0.002638518810272217
ppo_obs2_continuous_hopfield_node3_final_seed_42,42,289,0.0239485502243042,-0.0024719685316085815
ppo_obs2_continuous_hopfield_node3_final_seed_42,42,290,0.024153411388397217,-0.0023100078105926514
ppo_obs2_continuous_hopfield_node3_final_seed_42,42,291,0.024337828159332275,-0.0021468400955200195
ppo_obs2_continuous_hopfield_node3_final_seed_42,42,292,0.024501562118530273,-0.00198422372341156
ppo_obs2_continuous_hopfield_node3_final_seed_42,42,293,0.02464425563812256,-0.0018312782049179077
ppo_obs2_continuous_hopfield_node3_final_seed_42,42,294,0.024766147136688232,-0.0016721785068511963
ppo_obs2_continuous_hopfield_node3_final_seed_42,42,295,0.024866163730621338,-0.001525282859802246
ppo_obs2_continuous_hopfield_node3_final_seed_42,42,296,0.024943411350250244,-0.001371636986732483
ppo_obs2_continuous_hopfield_node3_final_seed_42,42,297,0.024998247623443604,-0.001234591007232666
ppo_obs2_continuous_hopfield_node3_final_seed_42,42,298,0.025028884410858154,-0.0010906904935836792
ppo_obs2_continuous_hopfield_node3_final_seed_42,42,299,0.02503591775894165,-0.0009715110063552856
ppo_obs2_continuous_hopfield_node3_final_seed_42,42,300,0.02501624822616577,-0.0008374005556106567
ppo_obs2_continuous_hopfield_node3_final_seed_42,42,301,0.02497076988220215,-0.0007320642471313477
ppo_obs2_continuous_hopfield_node3_final_seed_42,42,302,0.024896442890167236,-0.0006181895732879639
ppo_obs2_continuous_hopfield_node3_final_seed_42,42,303,0.024792969226837158,-0.0005306750535964966
ppo_obs2_continuous_hopfield_node3_final_seed_42,42,304,0.024657368659973145,-0.00043824315071105957
ppo_obs2_continuous_hopfield_node3_final_seed_42,42,305,0.024489283561706543,-0.00037436187267303467
ppo_obs2_continuous_hopfield_node3_final_seed_42,42,306,0.02428513765335083,-0.0003100782632827759
ppo_obs2_continuous_hopfield_node3_final_seed_42,42,307,0.02404344081878662,-0.00026917457580566406
ppo_obs2_continuous_hopfield_node3_final_seed_42,42,308,0.023761093616485596,-0.0002400726079940796
ppo_obs2_continuous_hopfield_node3_final_seed_42,42,309,0.02343440055847168,-0.00022967159748077393
ppo_obs2_continuous_hopfield_node3_final_seed_42,42,310,0.023060977458953857,-0.0002437382936477661
ppo_obs2_continuous_hopfield_node3_final_seed_42,42,311,0.02263641357421875,-0.0002697855234146118
ppo_obs2_continuous_hopfield_node3_final_seed_42,42,312,0.02215719223022461,-0.00032901763916015625
ppo_obs2_continuous_hopfield_node3_final_seed_42,42,313,0.021618783473968506,-0.00040172040462493896
ppo_obs2_continuous_hopfield_node3_final_seed_42,42,314,0.021015942096710205,-0.000509113073348999
ppo_obs2_continuous_hopfield_node3_final_seed_42,42,315,0.020343661308288574,-0.000639691948890686
ppo_obs2_continuous_hopfield_node3_final_seed_42,42,316,0.01959627866744995,-0.0008041709661483765
ppo_obs2_continuous_hopfield_node3_final_seed_42,42,317,0.018767833709716797,-0.000997990369796753
ppo_obs2_continuous_hopfield_node3_final_seed_42,42,318,0.01785263419151306,-0.0012226104736328125
ppo_obs2_continuous_hopfield_node3_final_seed_42,42,319,0.016844451427459717,-0.0014794915914535522
ppo_obs2_continuous_hopfield_node3_final_seed_42,42,320,0.015736281871795654,-0.0017647743225097656
ppo_obs2_continuous_hopfield_node3_final_seed_42,42,321,0.014523088932037354,-0.002084195613861084
ppo_obs2_continuous_hopfield_node3_final_seed_42,42,322,0.013199865818023682,-0.002424269914627075
ppo_obs2_continuous_hopfield_node3_final_seed_42,42,323,0.012364864349365234,-0.002786487340927124
ppo_obs2_continuous_hopfield_node3_final_seed_42,42,324,0.011551067233085632,-0.0031578093767166138
ppo_obs2_continuous_hopfield_node3_final_seed_42,42,325,0.010644987225532532,-0.003530561923980713
ppo_obs2_continuous_hopfield_node3_final_seed_42,42,326,0.009647682309150696,-0.0038870424032211304
ppo_obs2_continuous_hopfield_node3_final_seed_42,42,327,0.008562743663787842,-0.004212662577629089
ppo_obs2_continuous_hopfield_node3_final_seed_42,42,328,0.007398352026939392,-0.004484310746192932
ppo_obs2_continuous_hopfield_node3_final_seed_42,42,329,0.00616731122136116,-0.004683837294578552
ppo_obs2_continuous_hopfield_node3_final_seed_42,42,330,0.004887441173195839,-0.004787459969520569
ppo_obs2_continuous_hopfield_node3_final_seed_42,42,331,0.00571904331445694,-0.004781007766723633
ppo_obs2_continuous_hopfield_node3_final_seed_42,42,332,0.006755288690328598,-0.0046548992395401
ppo_obs2_continuous_hopfield_node3_final_seed_42,42,333,0.007768068462610245,-0.004413574934005737
ppo_obs2_continuous_hopfield_node3_final_seed_42,42,334,0.009122051298618317,-0.00407758355140686
ppo_obs2_continuous_hopfield_node3_final_seed_42,42,335,0.010855533182621002,-0.003684327006340027
ppo_obs2_continuous_hopfield_node3_final_seed_42,42,336,0.012435540556907654,-0.0032824724912643433
ppo_obs2_continuous_hopfield_node3_final_seed_42,42,337,0.013853132724761963,-0.0029255449771881104
ppo_obs2_continuous_hopfield_node3_final_seed_42,42,338,0.01510930061340332,-0.002660498023033142
ppo_obs2_continuous_hopfield_node3_final_seed_42,42,339,0.01621231436729431,-0.0025190114974975586
ppo_obs2_continuous_hopfield_node3_final_seed_42,42,340,0.01717502996325493,-0.002509698271751404
ppo_obs2_continuous_hopfield_node3_final_seed_42,42,341,0.018011469393968582,-0.0026244521141052246
ppo_obs2_continuous_hopfield_node3_final_seed_42,42,342,0.018734917044639587,-0.0028402358293533325
ppo_obs2_continuous_hopfield_node3_final_seed_42,42,343,0.01935596764087677,-0.0031290650367736816
ppo_obs2_continuous_hopfield_node3_final_seed_42,42,344,0.019882842898368835,-0.0034556835889816284
ppo_obs2_continuous_hopfield_node3_final_seed_42,42,345,0.020320355892181396,-0.0037989169359207153
ppo_obs2_continuous_hopfield_node3_final_seed_42,42,346,0.020670905709266663,-0.004129484295845032
ppo_obs2_continuous_hopfield_node3_final_seed_42,42,347,0.020934373140335083,-0.004431992769241333
ppo_obs2_continuous_hopfield_node3_final_seed_42,42,348,0.021109208464622498,-0.004691809415817261
ppo_obs2_continuous_hopfield_node3_final_seed_42,42,349,0.021192386746406555,-0.004901960492134094
ppo_obs2_continuous_hopfield_node3_final_seed_42,42,350,0.02118021249771118,-0.005056008696556091
ppo_obs2_continuous_hopfield_node3_final_seed_42,42,351,0.021068602800369263,-0.005152523517608643
ppo_obs2_continuous_hopfield_node3_final_seed_42,42,352,0.02085377275943756,-0.005192503333091736
ppo_obs2_continuous_hopfield_node3_final_seed_42,42,353,0.020532384514808655,-0.005179598927497864
ppo_obs2_continuous_hopfield_node3_final_seed_42,42,354,0.020102404057979584,-0.005115896463394165
ppo_obs2_continuous_hopfield_node3_final_seed_42,42,355,0.019562870264053345,-0.005013853311538696
ppo_obs2_continuous_hopfield_node3_final_seed_42,42,356,0.018914952874183655,-0.0048791468143463135
ppo_obs2_continuous_hopfield_node3_final_seed_42,42,357,0.018162086606025696,-0.004723608493804932
ppo_obs2_continuous_hopfield_node3_final_seed_42,42,358,0.017310041934251785,-0.004561364650726318
ppo_obs2_continuous_hopfield_node3_final_seed_42,42,359,0.016367167234420776,-0.00440293550491333
ppo_obs2_continuous_hopfield_node3_final_seed_42,42,360,0.015344180166721344,-0.0042639970779418945
ppo_obs2_continuous_hopfield_node3_final_seed_42,42,361,0.014254115521907806,-0.004154697060585022
ppo_obs2_continuous_hopfield_node3_final_seed_42,42,362,0.013241901993751526,-0.004085808992385864
ppo_obs2_continuous_hopfield_node3_final_seed_42,42,363,0.012656601145863533,-0.0040616244077682495
ppo_obs2_continuous_hopfield_node3_final_seed_42,42,364,0.012047410011291504,-0.004087969660758972
ppo_obs2_continuous_hopfield_node3_final_seed_42,42,365,0.011419437825679779,-0.004158005118370056
ppo_obs2_continuous_hopfield_node3_final_seed_42,42,366,0.010777181014418602,-0.004270046949386597
ppo_obs2_continuous_hopfield_node3_final_seed_42,42,367,0.010124694555997849,-0.004412904381752014
ppo_obs2_continuous_hopfield_node3_final_seed_42,42,368,0.009465385228395462,-0.004575818777084351
ppo_obs2_continuous_hopfield_node3_final_seed_42,42,369,0.008802410215139389,-0.004744619131088257
ppo_obs2_continuous_hopfield_node3_final_seed_42,42,370,0.008484691381454468,-0.00491739809513092
ppo_obs2_continuous_hopfield_node3_final_seed_42,42,371,0.008347228169441223,-0.0050711482763290405
ppo_obs2_continuous_hopfield_node3_final_seed_42,42,372,0.008196622133255005,-0.005212336778640747
ppo_obs2_continuous_hopfield_node3_final_seed_42,42,373,0.008034363389015198,-0.005327329039573669
ppo_obs2_continuous_hopfield_node3_final_seed_42,42,374,0.00786176323890686,-0.005414128303527832
ppo_obs2_continuous_hopfield_node3_final_seed_42,42,375,0.007680237293243408,-0.005478233098983765
ppo_obs2_continuous_hopfield_node3_final_seed_42,42,376,0.0074908435344696045,-0.005513995885848999
ppo_obs2_continuous_hopfield_node3_final_seed_42,42,377,0.007295012474060059,-0.00552782416343689
ppo_obs2_continuous_hopfield_node3_final_seed_42,42,378,0.0070936232805252075,-0.0055179595947265625
ppo_obs2_continuous_hopfield_node3_final_seed_42,42,379,0.006887882947921753,-0.005491986870765686
ppo_obs2_continuous_hopfield_node3_final_seed_42,42,380,0.006678968667984009,-0.005453348159790039
ppo_obs2_continuous_hopfield_node3_final_seed_42,42,381,0.0064675211906433105,-0.005396902561187744
ppo_obs2_continuous_hopfield_node3_final_seed_42,42,382,0.0070269107818603516,-0.005335912108421326
ppo_obs2_continuous_hopfield_node3_final_seed_42,42,383,0.007798612117767334,-0.005264699459075928
ppo_obs2_continuous_hopfield_node3_final_seed_42,42,384,0.008558094501495361,-0.0051878392696380615
ppo_obs2_continuous_hopfield_node3_final_seed_42,42,385,0.009305119514465332,-0.005108103156089783
ppo_obs2_continuous_hopfield_node3_final_seed_42,42,386,0.010040104389190674,-0.005033120512962341
ppo_obs2_continuous_hopfield_node3_final_seed_42,42,387,0.01076209545135498,-0.004944443702697754
ppo_obs2_continuous_hopfield_node3_final_seed_42,42,388,0.01147124171257019,-0.004864290356636047
ppo_obs2_continuous_hopfield_node3_final_seed_42,42,389,0.01216629147529602,-0.0047766417264938354
ppo_obs2_continuous_hopfield_node3_final_seed_42,42,390,0.012846708297729492,-0.004692733287811279
ppo_obs2_continuous_hopfield_node3_final_seed_42,42,391,0.013511985540390015,-0.004605084657669067
ppo_obs2_continuous_hopfield_node3_final_seed_42,42,392,0.014161020517349243,-0.004515200853347778
ppo_obs2_continuous_hopfield_node3_final_seed_42,42,393,0.014792919158935547,-0.004424571990966797
ppo_obs2_continuous_hopfield_node3_final_seed_42,42,394,0.015407174825668335,-0.004337087273597717
ppo_obs2_continuous_hopfield_node3_final_seed_42,42,395,0.016002804040908813,-0.004236996173858643
ppo_obs2_continuous_hopfield_node3_final_seed_42,42,396,0.016579896211624146,-0.004144340753555298
ppo_obs2_continuous_hopfield_node3_final_seed_42,42,397,0.01713702082633972,-0.004034772515296936
ppo_obs2_continuous_hopfield_node3_final_seed_42,42,398,0.01767432689666748,-0.0039364248514175415
ppo_obs2_continuous_hopfield_node3_final_seed_42,42,399,0.018190979957580566,-0.003826528787612915
ppo_obs2_continuous_hopfield_node3_final_seed_42,42,400,0.018687129020690918,-0.003714829683303833
