model_name,train_seed,step,error_l1,action
ppo_obs4_continuous_hopfield_node3_final_seed_1024,1024,0,1.5996227264404297,0.0
ppo_obs4_continuous_hopfield_node3_final_seed_1024,1024,1,1.1664071083068848,-4.0
ppo_obs4_continuous_hopfield_node3_final_seed_1024,1024,2,0.9506634473800659,-4.0
ppo_obs4_continuous_hopfield_node3_final_seed_1024,1024,3,0.9298999309539795,-4.0
ppo_obs4_continuous_hopfield_node3_final_seed_1024,1024,4,0.8470178842544556,-4.0
ppo_obs4_continuous_hopfield_node3_final_seed_1024,1024,5,0.6979888677597046,-4.0
ppo_obs4_continuous_hopfield_node3_final_seed_1024,1024,6,0.6692385673522949,-4.0
ppo_obs4_continuous_hopfield_node3_final_seed_1024,1024,7,0.8286523222923279,-4.0
ppo_obs4_continuous_hopfield_node3_final_seed_1024,1024,8,0.587451696395874,4.0
ppo_obs4_continuous_hopfield_node3_final_seed_1024,1024,9,0.6112886071205139,-1.214228630065918
ppo_obs4_continuous_hopfield_node3_final_seed_1024,1024,10,0.5021576285362244,1.468082308769226
ppo_obs4_continuous_hopfield_node3_final_seed_1024,1024,11,0.5105423927307129,-0.838604748249054
ppo_obs4_continuous_hopfield_node3_final_seed_1024,1024,12,0.4514707922935486,0.5310577750205994
ppo_obs4_continuous_hopfield_node3_final_seed_1024,1024,13,0.4507520794868469,-0.6051502227783203
ppo_obs4_continuous_hopfield_node3_final_seed_1024,1024,14,0.4160723388195038,0.09355628490447998
ppo_obs4_continuous_hopfield_node3_final_seed_1024,1024,15,0.41035494208335876,-0.4612903594970703
ppo_obs4_continuous_hopfield_node3_final_seed_1024,1024,16,0.3877018988132477,-0.10389421880245209
ppo_obs4_continuous_hopfield_node3_final_seed_1024,1024,17,0.3794500529766083,-0.371010422706604
ppo_obs4_continuous_hopfield_node3_final_seed_1024,1024,18,0.36284133791923523,-0.1859445422887802
ppo_obs4_continuous_hopfield_node3_final_seed_1024,1024,19,0.3534247875213623,-0.31094932556152344
ppo_obs4_continuous_hopfield_node3_final_seed_1024,1024,20,0.3399471938610077,-0.21254028379917145
ppo_obs4_continuous_hopfield_node3_final_seed_1024,1024,21,0.3300970196723938,-0.2676652669906616
ppo_obs4_continuous_hopfield_node3_final_seed_1024,1024,22,0.3183278441429138,-0.2128707319498062
ppo_obs4_continuous_hopfield_node3_final_seed_1024,1024,23,0.30842989683151245,-0.23395781219005585
ppo_obs4_continuous_hopfield_node3_final_seed_1024,1024,24,0.29768019914627075,-0.20130573213100433
ppo_obs4_continuous_hopfield_node3_final_seed_1024,1024,25,0.2879420518875122,-0.20616288483142853
ppo_obs4_continuous_hopfield_node3_final_seed_1024,1024,26,0.2778856158256531,-0.18498946726322174
ppo_obs4_continuous_hopfield_node3_final_seed_1024,1024,27,0.2684243321418762,-0.18243004381656647
ppo_obs4_continuous_hopfield_node3_final_seed_1024,1024,28,0.2589130997657776,-0.1674526482820511
ppo_obs4_continuous_hopfield_node3_final_seed_1024,1024,29,0.2497997283935547,-0.16181506216526031
ppo_obs4_continuous_hopfield_node3_final_seed_1024,1024,30,0.24077320098876953,-0.15041379630565643
ppo_obs4_continuous_hopfield_node3_final_seed_1024,1024,31,0.23205208778381348,-0.1437915712594986
ppo_obs4_continuous_hopfield_node3_final_seed_1024,1024,32,0.22348833084106445,-0.13464368879795074
ppo_obs4_continuous_hopfield_node3_final_seed_1024,1024,33,0.21518903970718384,-0.12803710997104645
ppo_obs4_continuous_hopfield_node3_final_seed_1024,1024,34,0.20708423852920532,-0.12044750154018402
ppo_obs4_continuous_hopfield_node3_final_seed_1024,1024,35,0.19922590255737305,-0.11431439220905304
ppo_obs4_continuous_hopfield_node3_final_seed_1024,1024,36,0.1915794014930725,-0.1078757494688034
ppo_obs4_continuous_hopfield_node3_final_seed_1024,1024,37,0.1841719150543213,-0.10239113867282867
ppo_obs4_continuous_hopfield_node3_final_seed_1024,1024,38,0.17698460817337036,-0.09688843786716461
ppo_obs4_continuous_hopfield_node3_final_seed_1024,1024,39,0.17003148794174194,-0.09208346903324127
ppo_obs4_continuous_hopfield_node3_final_seed_1024,1024,40,0.16329985857009888,-0.08736802637577057
ppo_obs4_continuous_hopfield_node3_final_seed_1024,1024,41,0.15679889917373657,-0.08319549262523651
ppo_obs4_continuous_hopfield_node3_final_seed_1024,1024,42,0.15051883459091187,-0.0792018324136734
ppo_obs4_continuous_hopfield_node3_final_seed_1024,1024,43,0.1444607973098755,-0.0755673199892044
ppo_obs4_continuous_hopfield_node3_final_seed_1024,1024,44,0.1386207938194275,-0.07219298183917999
ppo_obs4_continuous_hopfield_node3_final_seed_1024,1024,45,0.1329967975616455,-0.06908605992794037
ppo_obs4_continuous_hopfield_node3_final_seed_1024,1024,46,0.12758523225784302,-0.06624807417392731
ppo_obs4_continuous_hopfield_node3_final_seed_1024,1024,47,0.12238174676895142,-0.06360717117786407
ppo_obs4_continuous_hopfield_node3_final_seed_1024,1024,48,0.11738318204879761,-0.061227455735206604
ppo_obs4_continuous_hopfield_node3_final_seed_1024,1024,49,0.11258387565612793,-0.059005752205848694
ppo_obs4_continuous_hopfield_node3_final_seed_1024,1024,50,0.10798054933547974,-0.057017818093299866
ppo_obs4_continuous_hopfield_node3_final_seed_1024,1024,51,0.10356718301773071,-0.05518235266208649
ppo_obs4_continuous_hopfield_node3_final_seed_1024,1024,52,0.09934103488922119,-0.053541794419288635
ppo_obs4_continuous_hopfield_node3_final_seed_1024,1024,53,0.09529691934585571,-0.052060142159461975
ppo_obs4_continuous_hopfield_node3_final_seed_1024,1024,54,0.09143036603927612,-0.05073891580104828
ppo_obs4_continuous_hopfield_node3_final_seed_1024,1024,55,0.08773672580718994,-0.04956044256687164
ppo_obs4_continuous_hopfield_node3_final_seed_1024,1024,56,0.08421236276626587,-0.048544660210609436
ppo_obs4_continuous_hopfield_node3_final_seed_1024,1024,57,0.08085101842880249,-0.04763735830783844
ppo_obs4_continuous_hopfield_node3_final_seed_1024,1024,58,0.07764971256256104,-0.04687611758708954
ppo_obs4_continuous_hopfield_node3_final_seed_1024,1024,59,0.07460349798202515,-0.04624088108539581
ppo_obs4_continuous_hopfield_node3_final_seed_1024,1024,60,0.0717092752456665,-0.04574652016162872
ppo_obs4_continuous_hopfield_node3_final_seed_1024,1024,61,0.0689617395401001,-0.045343026518821716
ppo_obs4_continuous_hopfield_node3_final_seed_1024,1024,62,0.06635892391204834,-0.045096054673194885
ppo_obs4_continuous_hopfield_node3_final_seed_1024,1024,63,0.06389546394348145,-0.04492466151714325
ppo_obs4_continuous_hopfield_node3_final_seed_1024,1024,64,0.06156963109970093,-0.04490496218204498
ppo_obs4_continuous_hopfield_node3_final_seed_1024,1024,65,0.059376418590545654,-0.044960275292396545
ppo_obs4_continuous_hopfield_node3_final_seed_1024,1024,66,0.05731496214866638,-0.04514451324939728
ppo_obs4_continuous_hopfield_node3_final_seed_1024,1024,67,0.05538102984428406,-0.04542635381221771
ppo_obs4_continuous_hopfield_node3_final_seed_1024,1024,68,0.053570687770843506,-0.04577229917049408
ppo_obs4_continuous_hopfield_node3_final_seed_1024,1024,69,0.05188244581222534,-0.04621906578540802
ppo_obs4_continuous_hopfield_node3_final_seed_1024,1024,70,0.050311774015426636,-0.046711042523384094
ppo_obs4_continuous_hopfield_node3_final_seed_1024,1024,71,0.048854827880859375,-0.04723148047924042
ppo_obs4_continuous_hopfield_node3_final_seed_1024,1024,72,0.04750719666481018,-0.047754839062690735
ppo_obs4_continuous_hopfield_node3_final_seed_1024,1024,73,0.046263277530670166,-0.04823286831378937
ppo_obs4_continuous_hopfield_node3_final_seed_1024,1024,74,0.04511590301990509,-0.04860256612300873
ppo_obs4_continuous_hopfield_node3_final_seed_1024,1024,75,0.04405733942985535,-0.048822835087776184
ppo_obs4_continuous_hopfield_node3_final_seed_1024,1024,76,0.04307680204510689,-0.04879717528820038
ppo_obs4_continuous_hopfield_node3_final_seed_1024,1024,77,0.042162951081991196,-0.04847528040409088
ppo_obs4_continuous_hopfield_node3_final_seed_1024,1024,78,0.04130267724394798,-0.047794654965400696
ppo_obs4_continuous_hopfield_node3_final_seed_1024,1024,79,0.04048217833042145,-0.04672740399837494
ppo_obs4_continuous_hopfield_node3_final_seed_1024,1024,80,0.03968881070613861,-0.045298025012016296
ppo_obs4_continuous_hopfield_node3_final_seed_1024,1024,81,0.03891252353787422,-0.04358939826488495
ppo_obs4_continuous_hopfield_node3_final_seed_1024,1024,82,0.03814803808927536,-0.041749387979507446
ppo_obs4_continuous_hopfield_node3_final_seed_1024,1024,83,0.037394165992736816,-0.03993462026119232
ppo_obs4_continuous_hopfield_node3_final_seed_1024,1024,84,0.036654338240623474,-0.03829656541347504
ppo_obs4_continuous_hopfield_node3_final_seed_1024,1024,85,0.035934023559093475,-0.036928147077560425
ppo_obs4_continuous_hopfield_node3_final_seed_1024,1024,86,0.03523756563663483,-0.03583045303821564
ppo_obs4_continuous_hopfield_node3_final_seed_1024,1024,87,0.03456680476665497,-0.03495222330093384
ppo_obs4_continuous_hopfield_node3_final_seed_1024,1024,88,0.03392024338245392,-0.03421075642108917
ppo_obs4_continuous_hopfield_node3_final_seed_1024,1024,89,0.03329402208328247,-0.033525899052619934
ppo_obs4_continuous_hopfield_node3_final_seed_1024,1024,90,0.03268200159072876,-0.03282938897609711
ppo_obs4_continuous_hopfield_node3_final_seed_1024,1024,91,0.03207847476005554,-0.03210020065307617
ppo_obs4_continuous_hopfield_node3_final_seed_1024,1024,92,0.03147736191749573,-0.03130607306957245
ppo_obs4_continuous_hopfield_node3_final_seed_1024,1024,93,0.030874103307724,-0.030465245246887207
ppo_obs4_continuous_hopfield_node3_final_seed_1024,1024,94,0.03026515245437622,-0.029577195644378662
ppo_obs4_continuous_hopfield_node3_final_seed_1024,1024,95,0.029648393392562866,-0.028667747974395752
ppo_obs4_continuous_hopfield_node3_final_seed_1024,1024,96,0.029022306203842163,-0.027740970253944397
ppo_obs4_continuous_hopfield_node3_final_seed_1024,1024,97,0.028387010097503662,-0.026823535561561584
ppo_obs4_continuous_hopfield_node3_final_seed_1024,1024,98,0.027742981910705566,-0.025923848152160645
ppo_obs4_continuous_hopfield_node3_final_seed_1024,1024,99,0.027090787887573242,-0.025044173002243042
ppo_obs4_continuous_hopfield_node3_final_seed_1024,1024,100,0.026432722806930542,-0.02421616017818451
ppo_obs4_continuous_hopfield_node3_final_seed_1024,1024,101,0.02576988935470581,-0.0234193354845047
ppo_obs4_continuous_hopfield_node3_final_seed_1024,1024,102,0.02510407567024231,-0.022673189640045166
ppo_obs4_continuous_hopfield_node3_final_seed_1024,1024,103,0.024437665939331055,-0.021980255842208862
ppo_obs4_continuous_hopfield_node3_final_seed_1024,1024,104,0.023771703243255615,-0.02132841944694519
ppo_obs4_continuous_hopfield_node3_final_seed_1024,1024,105,0.023108482360839844,-0.02073676884174347
ppo_obs4_continuous_hopfield_node3_final_seed_1024,1024,106,0.022449016571044922,-0.02018432319164276
ppo_obs4_continuous_hopfield_node3_final_seed_1024,1024,107,0.021795332431793213,-0.019690081477165222
ppo_obs4_continuous_hopfield_node3_final_seed_1024,1024,108,0.0211484432220459,-0.019234105944633484
ppo_obs4_continuous_hopfield_node3_final_seed_1024,1024,109,0.02050970494747162,-0.018825799226760864
ppo_obs4_continuous_hopfield_node3_final_seed_1024,1024,110,0.019880056381225586,-0.018459752202033997
ppo_obs4_continuous_hopfield_node3_final_seed_1024,1024,111,0.019259929656982422,-0.018119752407073975
ppo_obs4_continuous_hopfield_node3_final_seed_1024,1024,112,0.018650680780410767,-0.017825305461883545
ppo_obs4_continuous_hopfield_node3_final_seed_1024,1024,113,0.01805219054222107,-0.017545968294143677
ppo_obs4_continuous_hopfield_node3_final_seed_1024,1024,114,0.01746527850627899,-0.017298057675361633
ppo_obs4_continuous_hopfield_node3_final_seed_1024,1024,115,0.01762758195400238,-0.017058491706848145
ppo_obs4_continuous_hopfield_node3_final_seed_1024,1024,116,0.017931580543518066,-0.0168333500623703
ppo_obs4_continuous_hopfield_node3_final_seed_1024,1024,117,0.018212534487247467,-0.01661144196987152
ppo_obs4_continuous_hopfield_node3_final_seed_1024,1024,118,0.018465232104063034,-0.01637578010559082
ppo_obs4_continuous_hopfield_node3_final_seed_1024,1024,119,0.018686210736632347,-0.016139447689056396
ppo_obs4_continuous_hopfield_node3_final_seed_1024,1024,120,0.01887146197259426,-0.015875279903411865
ppo_obs4_continuous_hopfield_node3_final_seed_1024,1024,121,0.019018657505512238,-0.015595540404319763
ppo_obs4_continuous_hopfield_node3_final_seed_1024,1024,122,0.019125571474432945,-0.015281841158866882
ppo_obs4_continuous_hopfield_node3_final_seed_1024,1024,123,0.01919129304587841,-0.014943122863769531
ppo_obs4_continuous_hopfield_node3_final_seed_1024,1024,124,0.019215211272239685,-0.014572367072105408
ppo_obs4_continuous_hopfield_node3_final_seed_1024,1024,125,0.019197922199964523,-0.014179721474647522
ppo_obs4_continuous_hopfield_node3_final_seed_1024,1024,126,0.019140221178531647,-0.013762041926383972
ppo_obs4_continuous_hopfield_node3_final_seed_1024,1024,127,0.019043751060962677,-0.01333184540271759
ppo_obs4_continuous_hopfield_node3_final_seed_1024,1024,128,0.018910279497504234,-0.012890443205833435
ppo_obs4_continuous_hopfield_node3_final_seed_1024,1024,129,0.01874198392033577,-0.012448221445083618
ppo_obs4_continuous_hopfield_node3_final_seed_1024,1024,130,0.01854122430086136,-0.012010619044303894
ppo_obs4_continuous_hopfield_node3_final_seed_1024,1024,131,0.018310435116291046,-0.0115833580493927
ppo_obs4_continuous_hopfield_node3_final_seed_1024,1024,132,0.018052101135253906,-0.011171087622642517
ppo_obs4_continuous_hopfield_node3_final_seed_1024,1024,133,0.017768725752830505,-0.010777905583381653
ppo_obs4_continuous_hopfield_node3_final_seed_1024,1024,134,0.01746271550655365,-0.010405853390693665
ppo_obs4_continuous_hopfield_node3_final_seed_1024,1024,135,0.017136618494987488,-0.010056987404823303
ppo_obs4_continuous_hopfield_node3_final_seed_1024,1024,136,0.01679256558418274,-0.009727463126182556
ppo_obs4_continuous_hopfield_node3_final_seed_1024,1024,137,0.016433030366897583,-0.009424418210983276
ppo_obs4_continuous_hopfield_node3_final_seed_1024,1024,138,0.016060084104537964,-0.009139195084571838
ppo_obs4_continuous_hopfield_node3_final_seed_1024,1024,139,0.01567593216896057,-0.008875906467437744
ppo_obs4_continuous_hopfield_node3_final_seed_1024,1024,140,0.015282750129699707,-0.008629798889160156
ppo_obs4_continuous_hopfield_node3_final_seed_1024,1024,141,0.014882400631904602,-0.008396908640861511
ppo_obs4_continuous_hopfield_node3_final_seed_1024,1024,142,0.014476969838142395,-0.008179888129234314
ppo_obs4_continuous_hopfield_node3_final_seed_1024,1024,143,0.014068379998207092,-0.007974550127983093
ppo_obs4_continuous_hopfield_node3_final_seed_1024,1024,144,0.013658568263053894,-0.00777842104434967
ppo_obs4_continuous_hopfield_node3_final_seed_1024,1024,145,0.01324927806854248,-0.007588252425193787
ppo_obs4_continuous_hopfield_node3_final_seed_1024,1024,146,0.012842528522014618,-0.007406055927276611
ppo_obs4_continuous_hopfield_node3_final_seed_1024,1024,147,0.01243969053030014,-0.00722426176071167
ppo_obs4_continuous_hopfield_node3_final_seed_1024,1024,148,0.012042887508869171,-0.007052227854728699
ppo_obs4_continuous_hopfield_node3_final_seed_1024,1024,149,0.011653333902359009,-0.006875261664390564
ppo_obs4_continuous_hopfield_node3_final_seed_1024,1024,150,0.011273026466369629,-0.006706252694129944
ppo_obs4_continuous_hopfield_node3_final_seed_1024,1024,151,0.010902978479862213,-0.006530642509460449
ppo_obs4_continuous_hopfield_node3_final_seed_1024,1024,152,0.010544940829277039,-0.006361857056617737
ppo_obs4_continuous_hopfield_node3_final_seed_1024,1024,153,0.01019991934299469,-0.006187453866004944
ppo_obs4_continuous_hopfield_node3_final_seed_1024,1024,154,0.00986924022436142,-0.006016671657562256
ppo_obs4_continuous_hopfield_node3_final_seed_1024,1024,155,0.00955381989479065,-0.005843117833137512
ppo_obs4_continuous_hopfield_node3_final_seed_1024,1024,156,0.009254641830921173,-0.005671054124832153
ppo_obs4_continuous_hopfield_node3_final_seed_1024,1024,157,0.008972417563199997,-0.005498066544532776
ppo_obs4_continuous_hopfield_node3_final_seed_1024,1024,158,0.008707737550139427,-0.00532589852809906
ppo_obs4_continuous_hopfield_node3_final_seed_1024,1024,159,0.008461205288767815,-0.00515572726726532
ppo_obs4_continuous_hopfield_node3_final_seed_1024,1024,160,0.008232953026890755,-0.004984036087989807
ppo_obs4_continuous_hopfield_node3_final_seed_1024,1024,161,0.008023412898182869,-0.004817202687263489
ppo_obs4_continuous_hopfield_node3_final_seed_1024,1024,162,0.007832363247871399,-0.004648134112358093
ppo_obs4_continuous_hopfield_node3_final_seed_1024,1024,163,0.00765998475253582,-0.004485622048377991
ppo_obs4_continuous_hopfield_node3_final_seed_1024,1024,164,0.007505827583372593,-0.004321381449699402
ppo_obs4_continuous_hopfield_node3_final_seed_1024,1024,165,0.007369741797447205,-0.004163488745689392
ppo_obs4_continuous_hopfield_node3_final_seed_1024,1024,166,0.007251209579408169,-0.004006102681159973
ppo_obs4_continuous_hopfield_node3_final_seed_1024,1024,167,0.0071497149765491486,-0.0038527846336364746
ppo_obs4_continuous_hopfield_node3_final_seed_1024,1024,168,0.007064657285809517,-0.003702685236930847
ppo_obs4_continuous_hopfield_node3_final_seed_1024,1024,169,0.006995342671871185,-0.003555580973625183
ppo_obs4_continuous_hopfield_node3_final_seed_1024,1024,170,0.006941003724932671,-0.003412112593650818
ppo_obs4_continuous_hopfield_node3_final_seed_1024,1024,171,0.006900873966515064,-0.0032722800970077515
ppo_obs4_continuous_hopfield_node3_final_seed_1024,1024,172,0.006874072831124067,-0.003135398030281067
ppo_obs4_continuous_hopfield_node3_final_seed_1024,1024,173,0.006859736517071724,-0.0030022859573364258
ppo_obs4_continuous_hopfield_node3_final_seed_1024,1024,174,0.006856951396912336,-0.0028725415468215942
ppo_obs4_continuous_hopfield_node3_final_seed_1024,1024,175,0.006864821072667837,-0.0027461647987365723
ppo_obs4_continuous_hopfield_node3_final_seed_1024,1024,176,0.006882412359118462,-0.0026229768991470337
ppo_obs4_continuous_hopfield_node3_final_seed_1024,1024,177,0.006908799521625042,-0.0025029778480529785
ppo_obs4_continuous_hopfield_node3_final_seed_1024,1024,178,0.006943074055016041,-0.0023862868547439575
ppo_obs4_continuous_hopfield_node3_final_seed_1024,1024,179,0.006984332576394081,-0.002272561192512512
ppo_obs4_continuous_hopfield_node3_final_seed_1024,1024,180,0.0070317089557647705,-0.0021617859601974487
ppo_obs4_continuous_hopfield_node3_final_seed_1024,1024,181,0.007084323093295097,-0.0020535439252853394
ppo_obs4_continuous_hopfield_node3_final_seed_1024,1024,182,0.007141392678022385,-0.0019485950469970703
ppo_obs4_continuous_hopfield_node3_final_seed_1024,1024,183,0.00720210000872612,-0.0018455684185028076
ppo_obs4_continuous_hopfield_node3_final_seed_1024,1024,184,0.007265722379088402,-0.0017453879117965698
ppo_obs4_continuous_hopfield_node3_final_seed_1024,1024,185,0.007331558037549257,-0.0016473829746246338
ppo_obs4_continuous_hopfield_node3_final_seed_1024,1024,186,0.007398944813758135,-0.0015515238046646118
ppo_obs4_continuous_hopfield_node3_final_seed_1024,1024,187,0.007467291317880154,-0.00145779550075531
ppo_obs4_continuous_hopfield_node3_final_seed_1024,1024,188,0.007536048069596291,-0.0013659745454788208
ppo_obs4_continuous_hopfield_node3_final_seed_1024,1024,189,0.007604708895087242,-0.0012758225202560425
ppo_obs4_continuous_hopfield_node3_final_seed_1024,1024,190,0.007672850042581558,-0.001187831163406372
ppo_obs4_continuous_hopfield_node3_final_seed_1024,1024,191,0.007740086875855923,-0.0011010318994522095
ppo_obs4_continuous_hopfield_node3_final_seed_1024,1024,192,0.007806058507412672,-0.0010157972574234009
ppo_obs4_continuous_hopfield_node3_final_seed_1024,1024,193,0.007870559580624104,-0.0009328871965408325
ppo_obs4_continuous_hopfield_node3_final_seed_1024,1024,194,0.007933310233056545,-0.0008503496646881104
ppo_obs4_continuous_hopfield_node3_final_seed_1024,1024,195,0.007994182407855988,-0.0007702410221099854
ppo_obs4_continuous_hopfield_node3_final_seed_1024,1024,196,0.008053084835410118,-0.0006912499666213989
ppo_obs4_continuous_hopfield_node3_final_seed_1024,1024,197,0.00810991134494543,-0.0006132274866104126
ppo_obs4_continuous_hopfield_node3_final_seed_1024,1024,198,0.008164715021848679,-0.0005377531051635742
ppo_obs4_continuous_hopfield_node3_final_seed_1024,1024,199,0.008217481896281242,-0.00046278536319732666
ppo_obs4_continuous_hopfield_node3_final_seed_1024,1024,200,0.008268320932984352,-0.00039011240005493164
ppo_obs4_continuous_hopfield_node3_final_seed_1024,1024,201,0.008317390456795692,-0.0003188401460647583
ppo_obs4_continuous_hopfield_node3_final_seed_1024,1024,202,0.00836477242410183,-0.0002485811710357666
ppo_obs4_continuous_hopfield_node3_final_seed_1024,1024,203,0.008410759270191193,-0.00018110871315002441
ppo_obs4_continuous_hopfield_node3_final_seed_1024,1024,204,0.008455473929643631,-0.00011406838893890381
ppo_obs4_continuous_hopfield_node3_final_seed_1024,1024,205,0.008499320596456528,-5.079805850982666e-05
ppo_obs4_continuous_hopfield_node3_final_seed_1024,1024,206,0.008542440831661224,1.3425946235656738e-05
ppo_obs4_continuous_hopfield_node3_final_seed_1024,1024,207,0.008585218340158463,7.334351539611816e-05
ppo_obs4_continuous_hopfield_node3_final_seed_1024,1024,208,0.008627936244010925,0.0001322329044342041
ppo_obs4_continuous_hopfield_node3_final_seed_1024,1024,209,0.008671063929796219,0.00018830597400665283
ppo_obs4_continuous_hopfield_node3_final_seed_1024,1024,210,0.008714787662029266,0.0002446770668029785
ppo_obs4_continuous_hopfield_node3_final_seed_1024,1024,211,0.008759673684835434,0.0002961009740829468
ppo_obs4_continuous_hopfield_node3_final_seed_1024,1024,212,0.008805852383375168,0.00034886598587036133
ppo_obs4_continuous_hopfield_node3_final_seed_1024,1024,213,0.008854135870933533,0.0003945082426071167
ppo_obs4_continuous_hopfield_node3_final_seed_1024,1024,214,0.008904356509447098,0.0004462301731109619
ppo_obs4_continuous_hopfield_node3_final_seed_1024,1024,215,0.008957471698522568,0.00048604607582092285
ppo_obs4_continuous_hopfield_node3_final_seed_1024,1024,216,0.009013503789901733,0.0005322545766830444
ppo_obs4_continuous_hopfield_node3_final_seed_1024,1024,217,0.00907307118177414,0.0005708485841751099
ppo_obs4_continuous_hopfield_node3_final_seed_1024,1024,218,0.009136412292718887,0.00061015784740448
ppo_obs4_continuous_hopfield_node3_final_seed_1024,1024,219,0.009204257279634476,0.0006445497274398804
ppo_obs4_continuous_hopfield_node3_final_seed_1024,1024,220,0.00927649438381195,0.0006833523511886597
ppo_obs4_continuous_hopfield_node3_final_seed_1024,1024,221,0.009354136884212494,0.0007106512784957886
ppo_obs4_continuous_hopfield_node3_final_seed_1024,1024,222,0.00943705439567566,0.0007456839084625244
ppo_obs4_continuous_hopfield_node3_final_seed_1024,1024,223,0.009525887668132782,0.0007710903882980347
ppo_obs4_continuous_hopfield_node3_final_seed_1024,1024,224,0.0096210315823555,0.0007975995540618896
ppo_obs4_continuous_hopfield_node3_final_seed_1024,1024,225,0.009722702205181122,0.0008225291967391968
ppo_obs4_continuous_hopfield_node3_final_seed_1024,1024,226,0.009831503033638,0.0008423030376434326
ppo_obs4_continuous_hopfield_node3_final_seed_1024,1024,227,0.009947575628757477,0.0008638501167297363
ppo_obs4_continuous_hopfield_node3_final_seed_1024,1024,228,0.010071344673633575,0.0008804053068161011
ppo_obs4_continuous_hopfield_node3_final_seed_1024,1024,229,0.010203130543231964,0.0008949041366577148
ppo_obs4_continuous_hopfield_node3_final_seed_1024,1024,230,0.010343186557292938,0.0009068399667739868
ppo_obs4_continuous_hopfield_node3_final_seed_1024,1024,231,0.010491922497749329,0.0009147971868515015
ppo_obs4_continuous_hopfield_node3_final_seed_1024,1024,232,0.010649636387825012,0.0009220093488693237
ppo_obs4_continuous_hopfield_node3_final_seed_1024,1024,233,0.010816425085067749,0.0009265393018722534
ppo_obs4_continuous_hopfield_node3_final_seed_1024,1024,234,0.010992765426635742,0.0009249001741409302
ppo_obs4_continuous_hopfield_node3_final_seed_1024,1024,235,0.011178530752658844,0.0009243935346603394
ppo_obs4_continuous_hopfield_node3_final_seed_1024,1024,236,0.011374339461326599,0.0009138137102127075
ppo_obs4_continuous_hopfield_node3_final_seed_1024,1024,237,0.011580057442188263,0.0009069293737411499
ppo_obs4_continuous_hopfield_node3_final_seed_1024,1024,238,0.01179569959640503,0.0008924752473831177
ppo_obs4_continuous_hopfield_node3_final_seed_1024,1024,239,0.01202160120010376,0.0008690357208251953
ppo_obs4_continuous_hopfield_node3_final_seed_1024,1024,240,0.012257754802703857,0.000845983624458313
ppo_obs4_continuous_hopfield_node3_final_seed_1024,1024,241,0.012504078447818756,0.0008178204298019409
ppo_obs4_continuous_hopfield_node3_final_seed_1024,1024,242,0.012760341167449951,0.0007834583520889282
ppo_obs4_continuous_hopfield_node3_final_seed_1024,1024,243,0.013026833534240723,0.0007386654615402222
ppo_obs4_continuous_hopfield_node3_final_seed_1024,1024,244,0.01330287754535675,0.0006958842277526855
ppo_obs4_continuous_hopfield_node3_final_seed_1024,1024,245,0.013588592410087585,0.0006384849548339844
ppo_obs4_continuous_hopfield_node3_final_seed_1024,1024,246,0.013883247971534729,0.0005808323621749878
ppo_obs4_continuous_hopfield_node3_final_seed_1024,1024,247,0.014186635613441467,0.0005081295967102051
ppo_obs4_continuous_hopfield_node3_final_seed_1024,1024,248,0.014498159289360046,0.00043278932571411133
ppo_obs4_continuous_hopfield_node3_final_seed_1024,1024,249,0.014817282557487488,0.00034789741039276123
ppo_obs4_continuous_hopfield_node3_final_seed_1024,1024,250,0.015143200755119324,0.0002574920654296875
ppo_obs4_continuous_hopfield_node3_final_seed_1024,1024,251,0.01547512412071228,0.00015719234943389893
ppo_obs4_continuous_hopfield_node3_final_seed_1024,1024,252,0.01581232249736786,4.877150058746338e-05
ppo_obs4_continuous_hopfield_node3_final_seed_1024,1024,253,0.016153544187545776,-6.216764450073242e-05
ppo_obs4_continuous_hopfield_node3_final_seed_1024,1024,254,0.016497984528541565,-0.0001865774393081665
ppo_obs4_continuous_hopfield_node3_final_seed_1024,1024,255,0.016844630241394043,-0.0003119856119155884
ppo_obs4_continuous_hopfield_node3_final_seed_1024,1024,256,0.017191484570503235,-0.0004370361566543579
ppo_obs4_continuous_hopfield_node3_final_seed_1024,1024,257,0.017538219690322876,-0.0005859136581420898
ppo_obs4_continuous_hopfield_node3_final_seed_1024,1024,258,0.017882972955703735,-0.0007230043411254883
ppo_obs4_continuous_hopfield_node3_final_seed_1024,1024,259,0.0182245671749115,-0.0008693784475326538
ppo_obs4_continuous_hopfield_node3_final_seed_1024,1024,260,0.018562376499176025,-0.0010138005018234253
ppo_obs4_continuous_hopfield_node3_final_seed_1024,1024,261,0.01889336109161377,-0.0011416524648666382
ppo_obs4_continuous_hopfield_node3_final_seed_1024,1024,262,0.019218504428863525,-0.0013007819652557373
ppo_obs4_continuous_hopfield_node3_final_seed_1024,1024,263,0.019534289836883545,-0.0014164000749588013
ppo_obs4_continuous_hopfield_node3_final_seed_1024,1024,264,0.019841313362121582,-0.0015618950128555298
ppo_obs4_continuous_hopfield_node3_final_seed_1024,1024,265,0.020137041807174683,-0.0016736239194869995
ppo_obs4_continuous_hopfield_node3_final_seed_1024,1024,266,0.020421475172042847,-0.0017946064472198486
ppo_obs4_continuous_hopfield_node3_final_seed_1024,1024,267,0.020692497491836548,-0.0018894225358963013
ppo_obs4_continuous_hopfield_node3_final_seed_1024,1024,268,0.020950257778167725,-0.0019909143447875977
ppo_obs4_continuous_hopfield_node3_final_seed_1024,1024,269,0.021193265914916992,-0.0020636171102523804
ppo_obs4_continuous_hopfield_node3_final_seed_1024,1024,270,0.021420657634735107,-0.002132013440132141
ppo_obs4_continuous_hopfield_node3_final_seed_1024,1024,271,0.021632790565490723,-0.0021950453519821167
ppo_obs4_continuous_hopfield_node3_final_seed_1024,1024,272,0.021827667951583862,-0.00221996009349823
ppo_obs4_continuous_hopfield_node3_final_seed_1024,1024,273,0.022005707025527954,-0.002258092164993286
ppo_obs4_continuous_hopfield_node3_final_seed_1024,1024,274,0.022166848182678223,-0.0022714436054229736
ppo_obs4_continuous_hopfield_node3_final_seed_1024,1024,275,0.02230936288833618,-0.002259865403175354
ppo_obs4_continuous_hopfield_node3_final_seed_1024,1024,276,0.022434651851654053,-0.0022637397050857544
ppo_obs4_continuous_hopfield_node3_final_seed_1024,1024,277,0.02254176139831543,-0.0022277086973190308
ppo_obs4_continuous_hopfield_node3_final_seed_1024,1024,278,0.02263110876083374,-0.002189934253692627
ppo_obs4_continuous_hopfield_node3_final_seed_1024,1024,279,0.02270108461380005,-0.002132043242454529
ppo_obs4_continuous_hopfield_node3_final_seed_1024,1024,280,0.022754251956939697,-0.0020986199378967285
ppo_obs4_continuous_hopfield_node3_final_seed_1024,1024,281,0.022788405418395996,-0.0020098239183425903
ppo_obs4_continuous_hopfield_node3_final_seed_1024,1024,282,0.0228043794631958,-0.001946374773979187
ppo_obs4_continuous_hopfield_node3_final_seed_1024,1024,283,0.022802770137786865,-0.0018692165613174438
ppo_obs4_continuous_hopfield_node3_final_seed_1024,1024,284,0.022783219814300537,-0.00177842378616333
ppo_obs4_continuous_hopfield_node3_final_seed_1024,1024,285,0.02274566888809204,-0.0016876310110092163
ppo_obs4_continuous_hopfield_node3_final_seed_1024,1024,286,0.022690773010253906,-0.0015995800495147705
ppo_obs4_continuous_hopfield_node3_final_seed_1024,1024,287,0.02261817455291748,-0.001500442624092102
ppo_obs4_continuous_hopfield_node3_final_seed_1024,1024,288,0.022527873516082764,-0.0014093518257141113
ppo_obs4_continuous_hopfield_node3_final_seed_1024,1024,289,0.022420883178710938,-0.00131930410861969
ppo_obs4_continuous_hopfield_node3_final_seed_1024,1024,290,0.02229630947113037,-0.0012180805206298828
ppo_obs4_continuous_hopfield_node3_final_seed_1024,1024,291,0.022154629230499268,-0.0011312812566757202
ppo_obs4_continuous_hopfield_node3_final_seed_1024,1024,292,0.021996021270751953,-0.0010450631380081177
ppo_obs4_continuous_hopfield_node3_final_seed_1024,1024,293,0.021820068359375,-0.0009595900774002075
ppo_obs4_continuous_hopfield_node3_final_seed_1024,1024,294,0.021627426147460938,-0.0008865594863891602
ppo_obs4_continuous_hopfield_node3_final_seed_1024,1024,295,0.021417200565338135,-0.0008095204830169678
ppo_obs4_continuous_hopfield_node3_final_seed_1024,1024,296,0.021190345287322998,-0.0007503032684326172
ppo_obs4_continuous_hopfield_node3_final_seed_1024,1024,297,0.02094590663909912,-0.0006839931011199951
ppo_obs4_continuous_hopfield_node3_final_seed_1024,1024,298,0.02068394422531128,-0.0006376355886459351
ppo_obs4_continuous_hopfield_node3_final_seed_1024,1024,299,0.020404517650604248,-0.0005979686975479126
ppo_obs4_continuous_hopfield_node3_final_seed_1024,1024,300,0.020107507705688477,-0.0005667060613632202
ppo_obs4_continuous_hopfield_node3_final_seed_1024,1024,301,0.019792377948760986,-0.0005379468202590942
ppo_obs4_continuous_hopfield_node3_final_seed_1024,1024,302,0.019458472728729248,-0.0005273967981338501
ppo_obs4_continuous_hopfield_node3_final_seed_1024,1024,303,0.01910620927810669,-0.0005346387624740601
ppo_obs4_continuous_hopfield_node3_final_seed_1024,1024,304,0.0187341570854187,-0.0005392283201217651
ppo_obs4_continuous_hopfield_node3_final_seed_1024,1024,305,0.01834338903427124,-0.000578656792640686
ppo_obs4_continuous_hopfield_node3_final_seed_1024,1024,306,0.01793217658996582,-0.0006007105112075806
ppo_obs4_continuous_hopfield_node3_final_seed_1024,1024,307,0.017500460147857666,-0.0006517171859741211
ppo_obs4_continuous_hopfield_node3_final_seed_1024,1024,308,0.017046749591827393,-0.0007106214761734009
ppo_obs4_continuous_hopfield_node3_final_seed_1024,1024,309,0.016571879386901855,-0.0008066445589065552
ppo_obs4_continuous_hopfield_node3_final_seed_1024,1024,310,0.01607346534729004,-0.000891759991645813
ppo_obs4_continuous_hopfield_node3_final_seed_1024,1024,311,0.015552759170532227,-0.0010214298963546753
ppo_obs4_continuous_hopfield_node3_final_seed_1024,1024,312,0.015007853507995605,-0.0011347681283950806
ppo_obs4_continuous_hopfield_node3_final_seed_1024,1024,313,0.014438509941101074,-0.0012805312871932983
ppo_obs4_continuous_hopfield_node3_final_seed_1024,1024,314,0.013842999935150146,-0.0014341026544570923
ppo_obs4_continuous_hopfield_node3_final_seed_1024,1024,315,0.013222306966781616,-0.0016272515058517456
ppo_obs4_continuous_hopfield_node3_final_seed_1024,1024,316,0.012574344873428345,-0.0018086284399032593
ppo_obs4_continuous_hopfield_node3_final_seed_1024,1024,317,0.011900603771209717,-0.002030894160270691
ppo_obs4_continuous_hopfield_node3_final_seed_1024,1024,318,0.011199384927749634,-0.002237647771835327
ppo_obs4_continuous_hopfield_node3_final_seed_1024,1024,319,0.010471493005752563,-0.0024794191122055054
ppo_obs4_continuous_hopfield_node3_final_seed_1024,1024,320,0.009717106819152832,-0.0027244240045547485
ppo_obs4_continuous_hopfield_node3_final_seed_1024,1024,321,0.008937478065490723,-0.002980053424835205
ppo_obs4_continuous_hopfield_node3_final_seed_1024,1024,322,0.008220404386520386,-0.0032379478216171265
ppo_obs4_continuous_hopfield_node3_final_seed_1024,1024,323,0.007670462131500244,-0.003483787178993225
ppo_obs4_continuous_hopfield_node3_final_seed_1024,1024,324,0.007092401385307312,-0.0037358254194259644
ppo_obs4_continuous_hopfield_node3_final_seed_1024,1024,325,0.0064895302057266235,-0.003955855965614319
ppo_obs4_continuous_hopfield_node3_final_seed_1024,1024,326,0.00586487352848053,-0.0041668713092803955
ppo_obs4_continuous_hopfield_node3_final_seed_1024,1024,327,0.005223885178565979,-0.004330888390541077
ppo_obs4_continuous_hopfield_node3_final_seed_1024,1024,328,0.004572369158267975,-0.004468902945518494
ppo_obs4_continuous_hopfield_node3_final_seed_1024,1024,329,0.003919113427400589,-0.004541218280792236
ppo_obs4_continuous_hopfield_node3_final_seed_1024,1024,330,0.003273339942097664,-0.004567697644233704
ppo_obs4_continuous_hopfield_node3_final_seed_1024,1024,331,0.0026460085064172745,-0.0045210570096969604
ppo_obs4_continuous_hopfield_node3_final_seed_1024,1024,332,0.0020475946366786957,-0.004429817199707031
ppo_obs4_continuous_hopfield_node3_final_seed_1024,1024,333,0.0022374987602233887,-0.004277661442756653
ppo_obs4_continuous_hopfield_node3_final_seed_1024,1024,334,0.0024406611919403076,-0.004099175333976746
ppo_obs4_continuous_hopfield_node3_final_seed_1024,1024,335,0.002600237727165222,-0.003907695412635803
ppo_obs4_continuous_hopfield_node3_final_seed_1024,1024,336,0.002713814377784729,-0.0037280023097991943
ppo_obs4_continuous_hopfield_node3_final_seed_1024,1024,337,0.0027798861265182495,-0.0035768598318099976
ppo_obs4_continuous_hopfield_node3_final_seed_1024,1024,338,0.002797544002532959,-0.003468915820121765
ppo_obs4_continuous_hopfield_node3_final_seed_1024,1024,339,0.0027666985988616943,-0.0034032315015792847
ppo_obs4_continuous_hopfield_node3_final_seed_1024,1024,340,0.002687998116016388,-0.003370150923728943
ppo_obs4_continuous_hopfield_node3_final_seed_1024,1024,341,0.0025630351155996323,-0.003353014588356018
ppo_obs4_continuous_hopfield_node3_final_seed_1024,1024,342,0.002393759787082672,-0.003338456153869629
ppo_obs4_continuous_hopfield_node3_final_seed_1024,1024,343,0.002183094620704651,-0.003306940197944641
ppo_obs4_continuous_hopfield_node3_final_seed_1024,1024,344,0.001933768391609192,-0.0032524913549423218
ppo_obs4_continuous_hopfield_node3_final_seed_1024,1024,345,0.001890435814857483,-0.003165826201438904
ppo_obs4_continuous_hopfield_node3_final_seed_1024,1024,346,0.001959964632987976,-0.003054484724998474
ppo_obs4_continuous_hopfield_node3_final_seed_1024,1024,347,0.0020091235637664795,-0.002909138798713684
ppo_obs4_continuous_hopfield_node3_final_seed_1024,1024,348,0.0020374059677124023,-0.0027524232864379883
ppo_obs4_continuous_hopfield_node3_final_seed_1024,1024,349,0.0020439475774765015,-0.0025744885206222534
ppo_obs4_continuous_hopfield_node3_final_seed_1024,1024,350,0.0020290762186050415,-0.002398058772087097
ppo_obs4_continuous_hopfield_node3_final_seed_1024,1024,351,0.002552047371864319,-0.0022182613611221313
ppo_obs4_continuous_hopfield_node3_final_seed_1024,1024,352,0.0032412856817245483,-0.0020564496517181396
ppo_obs4_continuous_hopfield_node3_final_seed_1024,1024,353,0.003951698541641235,-0.0019048750400543213
ppo_obs4_continuous_hopfield_node3_final_seed_1024,1024,354,0.0046788230538368225,-0.0017792880535125732
ppo_obs4_continuous_hopfield_node3_final_seed_1024,1024,355,0.005417153239250183,-0.0016739368438720703
ppo_obs4_continuous_hopfield_node3_final_seed_1024,1024,356,0.006162010133266449,-0.001603648066520691
ppo_obs4_continuous_hopfield_node3_final_seed_1024,1024,357,0.006907861679792404,-0.001556992530822754
ppo_obs4_continuous_hopfield_node3_final_seed_1024,1024,358,0.0076497383415699005,-0.001541435718536377
ppo_obs4_continuous_hopfield_node3_final_seed_1024,1024,359,0.008382422849535942,-0.0015460103750228882
ppo_obs4_continuous_hopfield_node3_final_seed_1024,1024,360,0.009101338684558868,-0.0015715360641479492
ppo_obs4_continuous_hopfield_node3_final_seed_1024,1024,361,0.009802088141441345,-0.0016060173511505127
ppo_obs4_continuous_hopfield_node3_final_seed_1024,1024,362,0.010481268167495728,-0.0016435235738754272
ppo_obs4_continuous_hopfield_node3_final_seed_1024,1024,363,0.011135888285934925,-0.0016716569662094116
ppo_obs4_continuous_hopfield_node3_final_seed_1024,1024,364,0.011764179915189743,-0.0016862601041793823
ppo_obs4_continuous_hopfield_node3_final_seed_1024,1024,365,0.012365002185106277,-0.0016748756170272827
ppo_obs4_continuous_hopfield_node3_final_seed_1024,1024,366,0.012938262894749641,-0.0016372203826904297
ppo_obs4_continuous_hopfield_node3_final_seed_1024,1024,367,0.013484463095664978,-0.001567542552947998
ppo_obs4_continuous_hopfield_node3_final_seed_1024,1024,368,0.014004817232489586,-0.0014701932668685913
ppo_obs4_continuous_hopfield_node3_final_seed_1024,1024,369,0.014500800520181656,-0.0013468265533447266
ppo_obs4_continuous_hopfield_node3_final_seed_1024,1024,370,0.014974456280469894,-0.0012086927890777588
ppo_obs4_continuous_hopfield_node3_final_seed_1024,1024,371,0.015427641570568085,-0.0010569840669631958
ppo_obs4_continuous_hopfield_node3_final_seed_1024,1024,372,0.01586221158504486,-0.0009055137634277344
ppo_obs4_continuous_hopfield_node3_final_seed_1024,1024,373,0.01628042757511139,-0.000764891505241394
ppo_obs4_continuous_hopfield_node3_final_seed_1024,1024,374,0.016683310270309448,-0.0006284564733505249
ppo_obs4_continuous_hopfield_node3_final_seed_1024,1024,375,0.01707279682159424,-0.0005242526531219482
ppo_obs4_continuous_hopfield_node3_final_seed_1024,1024,376,0.017449766397476196,-0.0004358440637588501
ppo_obs4_continuous_hopfield_node3_final_seed_1024,1024,377,0.017815247178077698,-0.0003794729709625244
ppo_obs4_continuous_hopfield_node3_final_seed_1024,1024,378,0.018169760704040527,-0.0003490746021270752
ppo_obs4_continuous_hopfield_node3_final_seed_1024,1024,379,0.018513590097427368,-0.0003467649221420288
ppo_obs4_continuous_hopfield_node3_final_seed_1024,1024,380,0.018847331404685974,-0.000376090407371521
ppo_obs4_continuous_hopfield_node3_final_seed_1024,1024,381,0.019170671701431274,-0.000422552227973938
ppo_obs4_continuous_hopfield_node3_final_seed_1024,1024,382,0.019483566284179688,-0.000493958592414856
ppo_obs4_continuous_hopfield_node3_final_seed_1024,1024,383,0.019785910844802856,-0.0005830079317092896
ppo_obs4_continuous_hopfield_node3_final_seed_1024,1024,384,0.020076781511306763,-0.0006812512874603271
ppo_obs4_continuous_hopfield_node3_final_seed_1024,1024,385,0.020356208086013794,-0.0008024126291275024
ppo_obs4_continuous_hopfield_node3_final_seed_1024,1024,386,0.02062404155731201,-0.0009250491857528687
ppo_obs4_continuous_hopfield_node3_final_seed_1024,1024,387,0.02087917923927307,-0.0010444670915603638
ppo_obs4_continuous_hopfield_node3_final_seed_1024,1024,388,0.021121352910995483,-0.0011712759733200073
ppo_obs4_continuous_hopfield_node3_final_seed_1024,1024,389,0.021350055932998657,-0.0012930482625961304
ppo_obs4_continuous_hopfield_node3_final_seed_1024,1024,390,0.021564751863479614,-0.0014113038778305054
ppo_obs4_continuous_hopfield_node3_final_seed_1024,1024,391,0.021765321493148804,-0.0015222877264022827
ppo_obs4_continuous_hopfield_node3_final_seed_1024,1024,392,0.02195078134536743,-0.001616165041923523
ppo_obs4_continuous_hopfield_node3_final_seed_1024,1024,393,0.02212122082710266,-0.0017099827527999878
ppo_obs4_continuous_hopfield_node3_final_seed_1024,1024,394,0.0222758948802948,-0.0017850399017333984
ppo_obs4_continuous_hopfield_node3_final_seed_1024,1024,395,0.022415190935134888,-0.0018539875745773315
ppo_obs4_continuous_hopfield_node3_final_seed_1024,1024,396,0.022538214921951294,-0.0019004195928573608
ppo_obs4_continuous_hopfield_node3_final_seed_1024,1024,397,0.022645294666290283,-0.0019399076700210571
ppo_obs4_continuous_hopfield_node3_final_seed_1024,1024,398,0.0227358341217041,-0.0019621700048446655
ppo_obs4_continuous_hopfield_node3_final_seed_1024,1024,399,0.02281033992767334,-0.0019782930612564087
ppo_obs4_continuous_hopfield_node3_final_seed_1024,1024,400,0.022868096828460693,-0.0019706040620803833
ppo_obs4_continuous_hopfield_node3_final_seed_123,123,0,1.5996227264404297,0.0
ppo_obs4_continuous_hopfield_node3_final_seed_123,123,1,1.1664071083068848,-4.0
ppo_obs4_continuous_hopfield_node3_final_seed_123,123,2,0.9506634473800659,-4.0
ppo_obs4_continuous_hopfield_node3_final_seed_123,123,3,0.9298999309539795,-4.0
ppo_obs4_continuous_hopfield_node3_final_seed_123,123,4,0.8470178842544556,-4.0
ppo_obs4_continuous_hopfield_node3_final_seed_123,123,5,0.6979888677597046,-4.0
ppo_obs4_continuous_hopfield_node3_final_seed_123,123,6,0.6692385673522949,-4.0
ppo_obs4_continuous_hopfield_node3_final_seed_123,123,7,0.7261753678321838,-1.8878557682037354
ppo_obs4_continuous_hopfield_node3_final_seed_123,123,8,0.5733495950698853,2.315903663635254
ppo_obs4_continuous_hopfield_node3_final_seed_123,123,9,0.5891507863998413,-1.00958251953125
ppo_obs4_continuous_hopfield_node3_final_seed_123,123,10,0.5093550086021423,0.9146817326545715
ppo_obs4_continuous_hopfield_node3_final_seed_123,123,11,0.508468747138977,-0.6324526071548462
ppo_obs4_continuous_hopfield_node3_final_seed_123,123,12,0.4641275405883789,0.2523648738861084
ppo_obs4_continuous_hopfield_node3_final_seed_123,123,13,0.45629632472991943,-0.4534919559955597
ppo_obs4_continuous_hopfield_node3_final_seed_123,123,14,0.42909350991249084,-0.04873043671250343
ppo_obs4_continuous_hopfield_node3_final_seed_123,123,15,0.41859593987464905,-0.36178067326545715
ppo_obs4_continuous_hopfield_node3_final_seed_123,123,16,0.39971408247947693,-0.1763564497232437
ppo_obs4_continuous_hopfield_node3_final_seed_123,123,17,0.3884253203868866,-0.30902138352394104
ppo_obs4_continuous_hopfield_node3_final_seed_123,123,18,0.3736608326435089,-0.2219775766134262
ppo_obs4_continuous_hopfield_node3_final_seed_123,123,19,0.36235886812210083,-0.2732507586479187
ppo_obs4_continuous_hopfield_node3_final_seed_123,123,20,0.3497234880924225,-0.229547381401062
ppo_obs4_continuous_hopfield_node3_final_seed_123,123,21,0.3387056589126587,-0.24489615857601166
ppo_obs4_continuous_hopfield_node3_final_seed_123,123,22,0.32726597785949707,-0.220076784491539
ppo_obs4_continuous_hopfield_node3_final_seed_123,123,23,0.3166356086730957,-0.2201172411441803
ppo_obs4_continuous_hopfield_node3_final_seed_123,123,24,0.30596309900283813,-0.2036343216896057
ppo_obs4_continuous_hopfield_node3_final_seed_123,123,25,0.2957531809806824,-0.19758334755897522
ppo_obs4_continuous_hopfield_node3_final_seed_123,123,26,0.285658061504364,-0.1850285828113556
ppo_obs4_continuous_hopfield_node3_final_seed_123,123,27,0.27588212490081787,-0.17694929242134094
ppo_obs4_continuous_hopfield_node3_final_seed_123,123,28,0.2662873864173889,-0.16654446721076965
ppo_obs4_continuous_hopfield_node3_final_seed_123,123,29,0.25695592164993286,-0.15819166600704193
ppo_obs4_continuous_hopfield_node3_final_seed_123,123,30,0.24783575534820557,-0.14922396838665009
ppo_obs4_continuous_hopfield_node3_final_seed_123,123,31,0.23895949125289917,-0.14133647084236145
ppo_obs4_continuous_hopfield_node3_final_seed_123,123,32,0.23030924797058105,-0.13349905610084534
ppo_obs4_continuous_hopfield_node3_final_seed_123,123,33,0.221899151802063,-0.12636692821979523
ppo_obs4_continuous_hopfield_node3_final_seed_123,123,34,0.21372276544570923,-0.11951567977666855
ppo_obs4_continuous_hopfield_node3_final_seed_123,123,35,0.20578569173812866,-0.11319702863693237
ppo_obs4_continuous_hopfield_node3_final_seed_123,123,36,0.19808632135391235,-0.10723720490932465
ppo_obs4_continuous_hopfield_node3_final_seed_123,123,37,0.1906270980834961,-0.1017276719212532
ppo_obs4_continuous_hopfield_node3_final_seed_123,123,38,0.18340647220611572,-0.0965692326426506
ppo_obs4_continuous_hopfield_node3_final_seed_123,123,39,0.1764245629310608,-0.09181578457355499
ppo_obs4_continuous_hopfield_node3_final_seed_123,123,40,0.16967874765396118,-0.08737330883741379
ppo_obs4_continuous_hopfield_node3_final_seed_123,123,41,0.163169264793396,-0.08329422026872635
ppo_obs4_continuous_hopfield_node3_final_seed_123,123,42,0.15689247846603394,-0.07951037585735321
ppo_obs4_continuous_hopfield_node3_final_seed_123,123,43,0.1508464217185974,-0.0760301798582077
ppo_obs4_continuous_hopfield_node3_final_seed_123,123,44,0.14502745866775513,-0.07282201945781708
ppo_obs4_continuous_hopfield_node3_final_seed_123,123,45,0.13943243026733398,-0.06986697763204575
ppo_obs4_continuous_hopfield_node3_final_seed_123,123,46,0.13405781984329224,-0.0671733021736145
ppo_obs4_continuous_hopfield_node3_final_seed_123,123,47,0.12889885902404785,-0.06468333303928375
ppo_obs4_continuous_hopfield_node3_final_seed_123,123,48,0.12395131587982178,-0.062422975897789
ppo_obs4_continuous_hopfield_node3_final_seed_123,123,49,0.11921083927154541,-0.06034519523382187
ppo_obs4_continuous_hopfield_node3_final_seed_123,123,50,0.11467140913009644,-0.05845910683274269
ppo_obs4_continuous_hopfield_node3_final_seed_123,123,51,0.1103283166885376,-0.05673272907733917
ppo_obs4_continuous_hopfield_node3_final_seed_123,123,52,0.1061774492263794,-0.0551815927028656
ppo_obs4_continuous_hopfield_node3_final_seed_123,123,53,0.10221219062805176,-0.05376288294792175
ppo_obs4_continuous_hopfield_node3_final_seed_123,123,54,0.0984276533126831,-0.0524887889623642
ppo_obs4_continuous_hopfield_node3_final_seed_123,123,55,0.09481805562973022,-0.051333166658878326
ppo_obs4_continuous_hopfield_node3_final_seed_123,123,56,0.09137892723083496,-0.050301022827625275
ppo_obs4_continuous_hopfield_node3_final_seed_123,123,57,0.08810383081436157,-0.049376167356967926
ppo_obs4_continuous_hopfield_node3_final_seed_123,123,58,0.08498722314834595,-0.048540666699409485
ppo_obs4_continuous_hopfield_node3_final_seed_123,123,59,0.08202427625656128,-0.0478048175573349
ppo_obs4_continuous_hopfield_node3_final_seed_123,123,60,0.07920920848846436,-0.04715074226260185
ppo_obs4_continuous_hopfield_node3_final_seed_123,123,61,0.07653582096099854,-0.04656003415584564
ppo_obs4_continuous_hopfield_node3_final_seed_123,123,62,0.07399994134902954,-0.04604943096637726
ppo_obs4_continuous_hopfield_node3_final_seed_123,123,63,0.07159513235092163,-0.045580700039863586
ppo_obs4_continuous_hopfield_node3_final_seed_123,123,64,0.06931650638580322,-0.04517072066664696
ppo_obs4_continuous_hopfield_node3_final_seed_123,123,65,0.06715834140777588,-0.044787682592868805
ppo_obs4_continuous_hopfield_node3_final_seed_123,123,66,0.06523245573043823,-0.04444126784801483
ppo_obs4_continuous_hopfield_node3_final_seed_123,123,67,0.06369778513908386,-0.044098034501075745
ppo_obs4_continuous_hopfield_node3_final_seed_123,123,68,0.06223610043525696,-0.04374771565198898
ppo_obs4_continuous_hopfield_node3_final_seed_123,123,69,0.06084495782852173,-0.043380554765462875
ppo_obs4_continuous_hopfield_node3_final_seed_123,123,70,0.05952012538909912,-0.04297152906656265
ppo_obs4_continuous_hopfield_node3_final_seed_123,123,71,0.0582599937915802,-0.04247284308075905
ppo_obs4_continuous_hopfield_node3_final_seed_123,123,72,0.0570598840713501,-0.04189335182309151
ppo_obs4_continuous_hopfield_node3_final_seed_123,123,73,0.055917173624038696,-0.04115844517946243
ppo_obs4_continuous_hopfield_node3_final_seed_123,123,74,0.054827094078063965,-0.04025666415691376
ppo_obs4_continuous_hopfield_node3_final_seed_123,123,75,0.053786441683769226,-0.03912898525595665
ppo_obs4_continuous_hopfield_node3_final_seed_123,123,76,0.05278987064957619,-0.037765275686979294
ppo_obs4_continuous_hopfield_node3_final_seed_123,123,77,0.05183325707912445,-0.036127012223005295
ppo_obs4_continuous_hopfield_node3_final_seed_123,123,78,0.05091245844960213,-0.034244079142808914
ppo_obs4_continuous_hopfield_node3_final_seed_123,123,79,0.05002336949110031,-0.03218114748597145
ppo_obs4_continuous_hopfield_node3_final_seed_123,123,80,0.049161896109580994,-0.030064066872000694
ppo_obs4_continuous_hopfield_node3_final_seed_123,123,81,0.04832299053668976,-0.02808675542473793
ppo_obs4_continuous_hopfield_node3_final_seed_123,123,82,0.047498948872089386,-0.02647593431174755
ppo_obs4_continuous_hopfield_node3_final_seed_123,123,83,0.046678587794303894,-0.025429390370845795
ppo_obs4_continuous_hopfield_node3_final_seed_123,123,84,0.04584769904613495,-0.02504969947040081
ppo_obs4_continuous_hopfield_node3_final_seed_123,123,85,0.04499036818742752,-0.02531030774116516
ppo_obs4_continuous_hopfield_node3_final_seed_123,123,86,0.04409196227788925,-0.02605046145617962
ppo_obs4_continuous_hopfield_node3_final_seed_123,123,87,0.04314209520816803,-0.02704293094575405
ppo_obs4_continuous_hopfield_node3_final_seed_123,123,88,0.04213477671146393,-0.02806990034878254
ppo_obs4_continuous_hopfield_node3_final_seed_123,123,89,0.04106977581977844,-0.028946472331881523
ppo_obs4_continuous_hopfield_node3_final_seed_123,123,90,0.03995025157928467,-0.029575802385807037
ppo_obs4_continuous_hopfield_node3_final_seed_123,123,91,0.038782477378845215,-0.029903382062911987
ppo_obs4_continuous_hopfield_node3_final_seed_123,123,92,0.03757396340370178,-0.029933925718069077
ppo_obs4_continuous_hopfield_node3_final_seed_123,123,93,0.03633338212966919,-0.02968769520521164
ppo_obs4_continuous_hopfield_node3_final_seed_123,123,94,0.03506931662559509,-0.029215263202786446
ppo_obs4_continuous_hopfield_node3_final_seed_123,123,95,0.033789604902267456,-0.028562946245074272
ppo_obs4_continuous_hopfield_node3_final_seed_123,123,96,0.03302702307701111,-0.027768276631832123
ppo_obs4_continuous_hopfield_node3_final_seed_123,123,97,0.03238922357559204,-0.026888204738497734
ppo_obs4_continuous_hopfield_node3_final_seed_123,123,98,0.03172406554222107,-0.02594573423266411
ppo_obs4_continuous_hopfield_node3_final_seed_123,123,99,0.031032532453536987,-0.02497990056872368
ppo_obs4_continuous_hopfield_node3_final_seed_123,123,100,0.030316859483718872,-0.024018511176109314
ppo_obs4_continuous_hopfield_node3_final_seed_123,123,101,0.02957969903945923,-0.023075105622410774
ppo_obs4_continuous_hopfield_node3_final_seed_123,123,102,0.028824269771575928,-0.022170357406139374
ppo_obs4_continuous_hopfield_node3_final_seed_123,123,103,0.028054386377334595,-0.02131625823676586
ppo_obs4_continuous_hopfield_node3_final_seed_123,123,104,0.02727341651916504,-0.020515618845820427
ppo_obs4_continuous_hopfield_node3_final_seed_123,123,105,0.026485592126846313,-0.019787050783634186
ppo_obs4_continuous_hopfield_node3_final_seed_123,123,106,0.02569437026977539,-0.019120322540402412
ppo_obs4_continuous_hopfield_node3_final_seed_123,123,107,0.02490350604057312,-0.018525779247283936
ppo_obs4_continuous_hopfield_node3_final_seed_123,123,108,0.02411651611328125,-0.018001234158873558
ppo_obs4_continuous_hopfield_node3_final_seed_123,123,109,0.023336440324783325,-0.01754085347056389
ppo_obs4_continuous_hopfield_node3_final_seed_123,123,110,0.02256634831428528,-0.017149968072772026
ppo_obs4_continuous_hopfield_node3_final_seed_123,123,111,0.021808594465255737,-0.01681109517812729
ppo_obs4_continuous_hopfield_node3_final_seed_123,123,112,0.02106568217277527,-0.016534162685275078
ppo_obs4_continuous_hopfield_node3_final_seed_123,123,113,0.02033926546573639,-0.016293076798319817
ppo_obs4_continuous_hopfield_node3_final_seed_123,123,114,0.01963115483522415,-0.01609673909842968
ppo_obs4_continuous_hopfield_node3_final_seed_123,123,115,0.01894225925207138,-0.01592465490102768
ppo_obs4_continuous_hopfield_node3_final_seed_123,123,116,0.018273495137691498,-0.015772301703691483
ppo_obs4_continuous_hopfield_node3_final_seed_123,123,117,0.017625316977500916,-0.015627948567271233
ppo_obs4_continuous_hopfield_node3_final_seed_123,123,118,0.016997722908854485,-0.015482384711503983
ppo_obs4_continuous_hopfield_node3_final_seed_123,123,119,0.016390575096011162,-0.015324389562010765
ppo_obs4_continuous_hopfield_node3_final_seed_123,123,120,0.015855399891734123,-0.01515195332467556
ppo_obs4_continuous_hopfield_node3_final_seed_123,123,121,0.015882214531302452,-0.01495307870209217
ppo_obs4_continuous_hopfield_node3_final_seed_123,123,122,0.01584099419414997,-0.014729876071214676
ppo_obs4_continuous_hopfield_node3_final_seed_123,123,123,0.01573340594768524,-0.014476954936981201
ppo_obs4_continuous_hopfield_node3_final_seed_123,123,124,0.01556180790066719,-0.014196673408150673
ppo_obs4_continuous_hopfield_node3_final_seed_123,123,125,0.015329498797655106,-0.013895062729716301
ppo_obs4_continuous_hopfield_node3_final_seed_123,123,126,0.015040166676044464,-0.013573480769991875
ppo_obs4_continuous_hopfield_node3_final_seed_123,123,127,0.01469813659787178,-0.013241782784461975
ppo_obs4_continuous_hopfield_node3_final_seed_123,123,128,0.014307888224720955,-0.012903338298201561
ppo_obs4_continuous_hopfield_node3_final_seed_123,123,129,0.013874169439077377,-0.012566514313220978
ppo_obs4_continuous_hopfield_node3_final_seed_123,123,130,0.01340176910161972,-0.012236431241035461
ppo_obs4_continuous_hopfield_node3_final_seed_123,123,131,0.012895509600639343,-0.011917464435100555
ppo_obs4_continuous_hopfield_node3_final_seed_123,123,132,0.012360170483589172,-0.011614538729190826
ppo_obs4_continuous_hopfield_node3_final_seed_123,123,133,0.011800378561019897,-0.011327411979436874
ppo_obs4_continuous_hopfield_node3_final_seed_123,123,134,0.011220753192901611,-0.011059477925300598
ppo_obs4_continuous_hopfield_node3_final_seed_123,123,135,0.010625585913658142,-0.010808147490024567
ppo_obs4_continuous_hopfield_node3_final_seed_123,123,136,0.01001901924610138,-0.01057400181889534
ppo_obs4_continuous_hopfield_node3_final_seed_123,123,137,0.009405270218849182,-0.010358627885580063
ppo_obs4_continuous_hopfield_node3_final_seed_123,123,138,0.008788153529167175,-0.01015295647084713
ppo_obs4_continuous_hopfield_node3_final_seed_123,123,139,0.008214429020881653,-0.009960483759641647
ppo_obs4_continuous_hopfield_node3_final_seed_123,123,140,0.008007481694221497,-0.009779594838619232
ppo_obs4_continuous_hopfield_node3_final_seed_123,123,141,0.00781811773777008,-0.009604096412658691
ppo_obs4_continuous_hopfield_node3_final_seed_123,123,142,0.007645502686500549,-0.009433797560632229
ppo_obs4_continuous_hopfield_node3_final_seed_123,123,143,0.007488653063774109,-0.00926968827843666
ppo_obs4_continuous_hopfield_node3_final_seed_123,123,144,0.007346451282501221,-0.009103678166866302
ppo_obs4_continuous_hopfield_node3_final_seed_123,123,145,0.007238119840621948,-0.008944367989897728
ppo_obs4_continuous_hopfield_node3_final_seed_123,123,146,0.0073060765862464905,-0.00878032948821783
ppo_obs4_continuous_hopfield_node3_final_seed_123,123,147,0.007370248436927795,-0.008619274012744427
ppo_obs4_continuous_hopfield_node3_final_seed_123,123,148,0.007429458200931549,-0.00845726765692234
ppo_obs4_continuous_hopfield_node3_final_seed_123,123,149,0.007482752203941345,-0.00829424150288105
ppo_obs4_continuous_hopfield_node3_final_seed_123,123,150,0.007529161870479584,-0.008131771348416805
ppo_obs4_continuous_hopfield_node3_final_seed_123,123,151,0.0075678750872612,-0.00796932727098465
ppo_obs4_continuous_hopfield_node3_final_seed_123,123,152,0.007598221302032471,-0.007806969806551933
ppo_obs4_continuous_hopfield_node3_final_seed_123,123,153,0.0076195187866687775,-0.007647823542356491
ppo_obs4_continuous_hopfield_node3_final_seed_123,123,154,0.007631327956914902,-0.007488579489290714
ppo_obs4_continuous_hopfield_node3_final_seed_123,123,155,0.007633160799741745,-0.007333869580179453
ppo_obs4_continuous_hopfield_node3_final_seed_123,123,156,0.007624756544828415,-0.007181204855442047
ppo_obs4_continuous_hopfield_node3_final_seed_123,123,157,0.007605863735079765,-0.007032712921500206
ppo_obs4_continuous_hopfield_node3_final_seed_123,123,158,0.007576378062367439,-0.006888308562338352
ppo_obs4_continuous_hopfield_node3_final_seed_123,123,159,0.007536169141530991,-0.00674863439053297
ppo_obs4_continuous_hopfield_node3_final_seed_123,123,160,0.007485433481633663,-0.006612125784158707
ppo_obs4_continuous_hopfield_node3_final_seed_123,123,161,0.007424084935337305,-0.006482292897999287
ppo_obs4_continuous_hopfield_node3_final_seed_123,123,162,0.007352527696639299,-0.006353945005685091
ppo_obs4_continuous_hopfield_node3_final_seed_123,123,163,0.007270881440490484,-0.006232607178390026
ppo_obs4_continuous_hopfield_node3_final_seed_123,123,164,0.0071795969270169735,-0.006112962961196899
ppo_obs4_continuous_hopfield_node3_final_seed_123,123,165,0.007079031318426132,-0.005998280830681324
ppo_obs4_continuous_hopfield_node3_final_seed_123,123,166,0.00696967076510191,-0.005886112805455923
ppo_obs4_continuous_hopfield_node3_final_seed_123,123,167,0.006852045655250549,-0.005777019076049328
ppo_obs4_continuous_hopfield_node3_final_seed_123,123,168,0.006726715713739395,-0.005670600570738316
ppo_obs4_continuous_hopfield_node3_final_seed_123,123,169,0.006594305858016014,-0.005566391162574291
ppo_obs4_continuous_hopfield_node3_final_seed_123,123,170,0.006455466151237488,-0.005464336834847927
ppo_obs4_continuous_hopfield_node3_final_seed_123,123,171,0.006310844793915749,-0.005364334676414728
ppo_obs4_continuous_hopfield_node3_final_seed_123,123,172,0.006161135155707598,-0.005265666637569666
ppo_obs4_continuous_hopfield_node3_final_seed_123,123,173,0.006007051561027765,-0.005168654024600983
ppo_obs4_continuous_hopfield_node3_final_seed_123,123,174,0.0058492636308074,-0.005073552951216698
ppo_obs4_continuous_hopfield_node3_final_seed_123,123,175,0.0056885043159127235,-0.0049795061349868774
ppo_obs4_continuous_hopfield_node3_final_seed_123,123,176,0.005525432527065277,-0.004887331742793322
ppo_obs4_continuous_hopfield_node3_final_seed_123,123,177,0.005360737442970276,-0.004796317778527737
ppo_obs4_continuous_hopfield_node3_final_seed_123,123,178,0.005209768190979958,-0.004707064479589462
ppo_obs4_continuous_hopfield_node3_final_seed_123,123,179,0.00512478593736887,-0.0046196263283491135
ppo_obs4_continuous_hopfield_node3_final_seed_123,123,180,0.0050371428951621056,-0.0045332396402955055
ppo_obs4_continuous_hopfield_node3_final_seed_123,123,181,0.0049470714293420315,-0.004449103958904743
ppo_obs4_continuous_hopfield_node3_final_seed_123,123,182,0.00485478900372982,-0.004366428591310978
ppo_obs4_continuous_hopfield_node3_final_seed_123,123,183,0.004760525189340115,-0.0042856065556406975
ppo_obs4_continuous_hopfield_node3_final_seed_123,123,184,0.0046645235270261765,-0.004206330981105566
ppo_obs4_continuous_hopfield_node3_final_seed_123,123,185,0.0045670559629797935,-0.004128976259380579
ppo_obs4_continuous_hopfield_node3_final_seed_123,123,186,0.0044683730229735374,-0.004053143318742514
ppo_obs4_continuous_hopfield_node3_final_seed_123,123,187,0.004368748515844345,-0.003979054279625416
ppo_obs4_continuous_hopfield_node3_final_seed_123,123,188,0.004268438555300236,-0.003906529862433672
ppo_obs4_continuous_hopfield_node3_final_seed_123,123,189,0.004167705774307251,-0.0038356268778443336
ppo_obs4_continuous_hopfield_node3_final_seed_123,123,190,0.004066809080541134,-0.003766037290915847
ppo_obs4_continuous_hopfield_node3_final_seed_123,123,191,0.003965995740145445,-0.0036980262957513332
ppo_obs4_continuous_hopfield_node3_final_seed_123,123,192,0.0038655083626508713,-0.003631284926086664
ppo_obs4_continuous_hopfield_node3_final_seed_123,123,193,0.0037655793130397797,-0.00356594892218709
ppo_obs4_continuous_hopfield_node3_final_seed_123,123,194,0.0036663985811173916,-0.003501442726701498
ppo_obs4_continuous_hopfield_node3_final_seed_123,123,195,0.003568212501704693,-0.0034387274645268917
ppo_obs4_continuous_hopfield_node3_final_seed_123,123,196,0.0034711938351392746,-0.003376709297299385
ppo_obs4_continuous_hopfield_node3_final_seed_123,123,197,0.003375542350113392,-0.0033159791491925716
ppo_obs4_continuous_hopfield_node3_final_seed_123,123,198,0.0032813921570777893,-0.0032564247958362103
ppo_obs4_continuous_hopfield_node3_final_seed_123,123,199,0.0031888801604509354,-0.003197411075234413
ppo_obs4_continuous_hopfield_node3_final_seed_123,123,200,0.0030982177704572678,-0.003140354063361883
ppo_obs4_continuous_hopfield_node3_final_seed_123,123,201,0.003009447827935219,-0.0030837440863251686
ppo_obs4_continuous_hopfield_node3_final_seed_123,123,202,0.002922656014561653,-0.003027313854545355
ppo_obs4_continuous_hopfield_node3_final_seed_123,123,203,0.0028379764407873154,-0.0029734699055552483
ppo_obs4_continuous_hopfield_node3_final_seed_123,123,204,0.002755429595708847,-0.0029192473739385605
ppo_obs4_continuous_hopfield_node3_final_seed_123,123,205,0.0026751644909381866,-0.002867255825549364
ppo_obs4_continuous_hopfield_node3_final_seed_123,123,206,0.0025971196591854095,-0.0028149872086942196
ppo_obs4_continuous_hopfield_node3_final_seed_123,123,207,0.002521321177482605,-0.002764334436506033
ppo_obs4_continuous_hopfield_node3_final_seed_123,123,208,0.002447761595249176,-0.0027139089070260525
ppo_obs4_continuous_hopfield_node3_final_seed_123,123,209,0.002413470298051834,-0.0026656268164515495
ppo_obs4_continuous_hopfield_node3_final_seed_123,123,210,0.0023920685052871704,-0.0026178318075835705
ppo_obs4_continuous_hopfield_node3_final_seed_123,123,211,0.0023698024451732635,-0.0025698202662169933
ppo_obs4_continuous_hopfield_node3_final_seed_123,123,212,0.002347167581319809,-0.002523434814065695
ppo_obs4_continuous_hopfield_node3_final_seed_123,123,213,0.0023247115314006805,-0.0024784118868410587
ppo_obs4_continuous_hopfield_node3_final_seed_123,123,214,0.0023029036819934845,-0.0024332362227141857
ppo_obs4_continuous_hopfield_node3_final_seed_123,123,215,0.0022822022438049316,-0.0023892023600637913
ppo_obs4_continuous_hopfield_node3_final_seed_123,123,216,0.0022631362080574036,-0.002345860470086336
ppo_obs4_continuous_hopfield_node3_final_seed_123,123,217,0.0022459998726844788,-0.002303079701960087
ppo_obs4_continuous_hopfield_node3_final_seed_123,123,218,0.002231348305940628,-0.0022623087279498577
ppo_obs4_continuous_hopfield_node3_final_seed_123,123,219,0.0022194012999534607,-0.002219610847532749
ppo_obs4_continuous_hopfield_node3_final_seed_123,123,220,0.0022106394171714783,-0.0021799886599183083
ppo_obs4_continuous_hopfield_node3_final_seed_123,123,221,0.0022052451968193054,-0.0021385615691542625
ppo_obs4_continuous_hopfield_node3_final_seed_123,123,222,0.0022036880254745483,-0.0020999955013394356
ppo_obs4_continuous_hopfield_node3_final_seed_123,123,223,0.00220586359500885,-0.002058329526335001
ppo_obs4_continuous_hopfield_node3_final_seed_123,123,224,0.00221242755651474,-0.0020229341462254524
ppo_obs4_continuous_hopfield_node3_final_seed_123,123,225,0.0022231489419937134,-0.001981496810913086
ppo_obs4_continuous_hopfield_node3_final_seed_123,123,226,0.0022385194897651672,-0.001945683266967535
ppo_obs4_continuous_hopfield_node3_final_seed_123,123,227,0.002258412539958954,-0.0019044536165893078
ppo_obs4_continuous_hopfield_node3_final_seed_123,123,228,0.0022829174995422363,-0.0018673362210392952
ppo_obs4_continuous_hopfield_node3_final_seed_123,123,229,0.00231228768825531,-0.0018308712169528008
ppo_obs4_continuous_hopfield_node3_final_seed_123,123,230,0.002346038818359375,-0.0017905905842781067
ppo_obs4_continuous_hopfield_node3_final_seed_123,123,231,0.0023847222328186035,-0.0017569474875926971
ppo_obs4_continuous_hopfield_node3_final_seed_123,123,232,0.0024276748299598694,-0.0017149122431874275
ppo_obs4_continuous_hopfield_node3_final_seed_123,123,233,0.002475343644618988,-0.00168229965493083
ppo_obs4_continuous_hopfield_node3_final_seed_123,123,234,0.0025269687175750732,-0.0016386769711971283
ppo_obs4_continuous_hopfield_node3_final_seed_123,123,235,0.0025828182697296143,-0.0016054450534284115
ppo_obs4_continuous_hopfield_node3_final_seed_123,123,236,0.002642206847667694,-0.0015628598630428314
ppo_obs4_continuous_hopfield_node3_final_seed_123,123,237,0.002705097198486328,-0.0015264414250850677
ppo_obs4_continuous_hopfield_node3_final_seed_123,123,238,0.0027710795402526855,-0.0014851787127554417
ppo_obs4_continuous_hopfield_node3_final_seed_123,123,239,0.0028394609689712524,-0.001444276887923479
ppo_obs4_continuous_hopfield_node3_final_seed_123,123,240,0.002910122275352478,-0.0014063999988138676
ppo_obs4_continuous_hopfield_node3_final_seed_123,123,241,0.0029823482036590576,-0.0013634958304464817
ppo_obs4_continuous_hopfield_node3_final_seed_123,123,242,0.003055378794670105,-0.0013209949247539043
ppo_obs4_continuous_hopfield_node3_final_seed_123,123,243,0.0031288862228393555,-0.001279680524021387
ppo_obs4_continuous_hopfield_node3_final_seed_123,123,244,0.003201797604560852,-0.0012328396551311016
ppo_obs4_continuous_hopfield_node3_final_seed_123,123,245,0.0032735615968704224,-0.001188946422189474
ppo_obs4_continuous_hopfield_node3_final_seed_123,123,246,0.0033429861068725586,-0.0011409022845327854
ppo_obs4_continuous_hopfield_node3_final_seed_123,123,247,0.0034093856811523438,-0.0010969354771077633
ppo_obs4_continuous_hopfield_node3_final_seed_123,123,248,0.0034715384244918823,-0.0010459166951477528
ppo_obs4_continuous_hopfield_node3_final_seed_123,123,249,0.0035286247730255127,-0.000996194314211607
ppo_obs4_continuous_hopfield_node3_final_seed_123,123,250,0.003579050302505493,-0.0009400644339621067
ppo_obs4_continuous_hopfield_node3_final_seed_123,123,251,0.0036221742630004883,-0.000889104325324297
ppo_obs4_continuous_hopfield_node3_final_seed_123,123,252,0.00365622341632843,-0.0008275988511741161
ppo_obs4_continuous_hopfield_node3_final_seed_123,123,253,0.0036800354719161987,-0.0007709874771535397
ppo_obs4_continuous_hopfield_node3_final_seed_123,123,254,0.003692522644996643,-0.0007102093659341335
ppo_obs4_continuous_hopfield_node3_final_seed_123,123,255,0.0036922842264175415,-0.0006417245604097843
ppo_obs4_continuous_hopfield_node3_final_seed_123,123,256,0.0036772042512893677,-0.0005712746642529964
ppo_obs4_continuous_hopfield_node3_final_seed_123,123,257,0.0036471784114837646,-0.0005105654709041119
ppo_obs4_continuous_hopfield_node3_final_seed_123,123,258,0.00359991192817688,-0.00042718322947621346
ppo_obs4_continuous_hopfield_node3_final_seed_123,123,259,0.0035346150398254395,-0.00035593705251812935
ppo_obs4_continuous_hopfield_node3_final_seed_123,123,260,0.0034501850605010986,-0.0002723070792853832
ppo_obs4_continuous_hopfield_node3_final_seed_123,123,261,0.003344982862472534,-0.0001865108497440815
ppo_obs4_continuous_hopfield_node3_final_seed_123,123,262,0.0032188594341278076,-0.0001046634279191494
ppo_obs4_continuous_hopfield_node3_final_seed_123,123,263,0.0030701160430908203,-7.82078132033348e-06
ppo_obs4_continuous_hopfield_node3_final_seed_123,123,264,0.0028989315032958984,7.743993774056435e-05
ppo_obs4_continuous_hopfield_node3_final_seed_123,123,265,0.0027036964893341064,0.00018183933570981026
ppo_obs4_continuous_hopfield_node3_final_seed_123,123,266,0.0024847686290740967,0.0002731890417635441
ppo_obs4_continuous_hopfield_node3_final_seed_123,123,267,0.0022412240505218506,0.0003754054196178913
ppo_obs4_continuous_hopfield_node3_final_seed_123,123,268,0.002046644687652588,0.00047024013474583626
ppo_obs4_continuous_hopfield_node3_final_seed_123,123,269,0.0019756555557250977,0.0005727731622755527
ppo_obs4_continuous_hopfield_node3_final_seed_123,123,270,0.0018924176692962646,0.0006643538363277912
ppo_obs4_continuous_hopfield_node3_final_seed_123,123,271,0.0017975866794586182,0.0007623457349836826
ppo_obs4_continuous_hopfield_node3_final_seed_123,123,272,0.0016901195049285889,0.0008492623455822468
ppo_obs4_continuous_hopfield_node3_final_seed_123,123,273,0.0015701353549957275,0.0009389114566147327
ppo_obs4_continuous_hopfield_node3_final_seed_123,123,274,0.0014371275901794434,0.001015780959278345
ppo_obs4_continuous_hopfield_node3_final_seed_123,123,275,0.0012911856174468994,0.0010977894999086857
ppo_obs4_continuous_hopfield_node3_final_seed_123,123,276,0.001513838768005371,0.0011538700200617313
ppo_obs4_continuous_hopfield_node3_final_seed_123,123,277,0.0017850399017333984,0.0012267348356544971
ppo_obs4_continuous_hopfield_node3_final_seed_123,123,278,0.0020627379417419434,0.0012638666667044163
ppo_obs4_continuous_hopfield_node3_final_seed_123,123,279,0.002488434314727783,0.0013285172171890736
ppo_obs4_continuous_hopfield_node3_final_seed_123,123,280,0.0030125975608825684,0.0013395142741501331
ppo_obs4_continuous_hopfield_node3_final_seed_123,123,281,0.0035524368286132812,0.0013722949661314487
ppo_obs4_continuous_hopfield_node3_final_seed_123,123,282,0.004107117652893066,0.0013798815198242664
ppo_obs4_continuous_hopfield_node3_final_seed_123,123,283,0.004675030708312988,0.0013779797591269016
ppo_obs4_continuous_hopfield_node3_final_seed_123,123,284,0.005254924297332764,0.0013647940941154957
ppo_obs4_continuous_hopfield_node3_final_seed_123,123,285,0.005845844745635986,0.0013428130187094212
ppo_obs4_continuous_hopfield_node3_final_seed_123,123,286,0.006446421146392822,0.0013082646764814854
ppo_obs4_continuous_hopfield_node3_final_seed_123,123,287,0.007055938243865967,0.0012681451626121998
ppo_obs4_continuous_hopfield_node3_final_seed_123,123,288,0.007673442363739014,0.0012104441411793232
ppo_obs4_continuous_hopfield_node3_final_seed_123,123,289,0.00829768180847168,0.0011445400305092335
ppo_obs4_continuous_hopfield_node3_final_seed_123,123,290,0.008926689624786377,0.0010694419033825397
ppo_obs4_continuous_hopfield_node3_final_seed_123,123,291,0.009561479091644287,0.0009971079416573048
ppo_obs4_continuous_hopfield_node3_final_seed_123,123,292,0.010198712348937988,0.0008903765119612217
ppo_obs4_continuous_hopfield_node3_final_seed_123,123,293,0.010839641094207764,0.0008051772601902485
ppo_obs4_continuous_hopfield_node3_final_seed_123,123,294,0.011481225490570068,0.0006903656758368015
ppo_obs4_continuous_hopfield_node3_final_seed_123,123,295,0.012124300003051758,0.0005907774902880192
ppo_obs4_continuous_hopfield_node3_final_seed_123,123,296,0.012767195701599121,0.00046757282689213753
ppo_obs4_continuous_hopfield_node3_final_seed_123,123,297,0.013409137725830078,0.0003493712283670902
ppo_obs4_continuous_hopfield_node3_final_seed_123,123,298,0.014049947261810303,0.0002310541458427906
ppo_obs4_continuous_hopfield_node3_final_seed_123,123,299,0.01468724012374878,9.750807657837868e-05
ppo_obs4_continuous_hopfield_node3_final_seed_123,123,300,0.015322625637054443,-1.1741649359464645e-05
ppo_obs4_continuous_hopfield_node3_final_seed_123,123,301,0.01595240831375122,-0.00014780787751078606
ppo_obs4_continuous_hopfield_node3_final_seed_123,123,302,0.016578495502471924,-0.00024967966601252556
ppo_obs4_continuous_hopfield_node3_final_seed_123,123,303,0.017198681831359863,-0.0003828066401183605
ppo_obs4_continuous_hopfield_node3_final_seed_123,123,304,0.01781255006790161,-0.00048578856512904167
ppo_obs4_continuous_hopfield_node3_final_seed_123,123,305,0.018418967723846436,-0.0005923188291490078
ppo_obs4_continuous_hopfield_node3_final_seed_123,123,306,0.019017696380615234,-0.0006798258982598782
ppo_obs4_continuous_hopfield_node3_final_seed_123,123,307,0.01960742473602295,-0.000768973957747221
ppo_obs4_continuous_hopfield_node3_final_seed_123,123,308,0.020187675952911377,-0.0008315048180520535
ppo_obs4_continuous_hopfield_node3_final_seed_123,123,309,0.020758211612701416,-0.0008908859454095364
ppo_obs4_continuous_hopfield_node3_final_seed_123,123,310,0.02131730318069458,-0.000938627403229475
ppo_obs4_continuous_hopfield_node3_final_seed_123,123,311,0.02186405658721924,-0.0009566410444676876
ppo_obs4_continuous_hopfield_node3_final_seed_123,123,312,0.022397100925445557,-0.0009550019167363644
ppo_obs4_continuous_hopfield_node3_final_seed_123,123,313,0.022916018962860107,-0.0009217574261128902
ppo_obs4_continuous_hopfield_node3_final_seed_123,123,314,0.02341902256011963,-0.000870503019541502
ppo_obs4_continuous_hopfield_node3_final_seed_123,123,315,0.023904800415039062,-0.0007814462296664715
ppo_obs4_continuous_hopfield_node3_final_seed_123,123,316,0.024371832609176636,-0.0006597726605832577
ppo_obs4_continuous_hopfield_node3_final_seed_123,123,317,0.024817854166030884,-0.000502114649862051
ppo_obs4_continuous_hopfield_node3_final_seed_123,123,318,0.02524074912071228,-0.0002968492917716503
ppo_obs4_continuous_hopfield_node3_final_seed_123,123,319,0.02563786506652832,-4.8446934670209885e-05
ppo_obs4_continuous_hopfield_node3_final_seed_123,123,320,0.02600616216659546,0.00025099189952015877
ppo_obs4_continuous_hopfield_node3_final_seed_123,123,321,0.026342123746871948,0.0006049578078091145
ppo_obs4_continuous_hopfield_node3_final_seed_123,123,322,0.02664130926132202,0.0010121320374310017
ppo_obs4_continuous_hopfield_node3_final_seed_123,123,323,0.026898056268692017,0.001478367019444704
ppo_obs4_continuous_hopfield_node3_final_seed_123,123,324,0.027107074856758118,0.00201003672555089
ppo_obs4_continuous_hopfield_node3_final_seed_123,123,325,0.027260631322860718,0.002587180119007826
ppo_obs4_continuous_hopfield_node3_final_seed_123,123,326,0.027350634336471558,0.0032256082631647587
ppo_obs4_continuous_hopfield_node3_final_seed_123,123,327,0.027367934584617615,0.0039020651020109653
ppo_obs4_continuous_hopfield_node3_final_seed_123,123,328,0.027302488684654236,0.004607479553669691
ppo_obs4_continuous_hopfield_node3_final_seed_123,123,329,0.027143876999616623,0.0053186058066785336
ppo_obs4_continuous_hopfield_node3_final_seed_123,123,330,0.026882894337177277,0.006009022239595652
ppo_obs4_continuous_hopfield_node3_final_seed_123,123,331,0.02651084214448929,0.00662743067368865
ppo_obs4_continuous_hopfield_node3_final_seed_123,123,332,0.02602337673306465,0.007144140545278788
ppo_obs4_continuous_hopfield_node3_final_seed_123,123,333,0.025419708341360092,0.007484660018235445
ppo_obs4_continuous_hopfield_node3_final_seed_123,123,334,0.024704553186893463,0.007605815771967173
ppo_obs4_continuous_hopfield_node3_final_seed_123,123,335,0.02388734370470047,0.007459147367626429
ppo_obs4_continuous_hopfield_node3_final_seed_123,123,336,0.022981718182563782,0.007027628365904093
ppo_obs4_continuous_hopfield_node3_final_seed_123,123,337,0.022002726793289185,0.006321410182863474
ppo_obs4_continuous_hopfield_node3_final_seed_123,123,338,0.020965740084648132,0.005398171488195658
ppo_obs4_continuous_hopfield_node3_final_seed_123,123,339,0.019883885979652405,0.004327116068452597
ppo_obs4_continuous_hopfield_node3_final_seed_123,123,340,0.018767839297652245,0.003205562476068735
ppo_obs4_continuous_hopfield_node3_final_seed_123,123,341,0.017625372856855392,0.00211655767634511
ppo_obs4_continuous_hopfield_node3_final_seed_123,123,342,0.01646166294813156,0.0011280779726803303
ppo_obs4_continuous_hopfield_node3_final_seed_123,123,343,0.015280455350875854,0.00029157521203160286
ppo_obs4_continuous_hopfield_node3_final_seed_123,123,344,0.014084115624427795,-0.0003767330199480057
ppo_obs4_continuous_hopfield_node3_final_seed_123,123,345,0.012874782085418701,-0.000867434311658144
ppo_obs4_continuous_hopfield_node3_final_seed_123,123,346,0.011654451489448547,-0.0011934353969991207
ppo_obs4_continuous_hopfield_node3_final_seed_123,123,347,0.010425403714179993,-0.001375745516270399
ppo_obs4_continuous_hopfield_node3_final_seed_123,123,348,0.00919044017791748,-0.001436901744455099
ppo_obs4_continuous_hopfield_node3_final_seed_123,123,349,0.007952839136123657,-0.0014058155938982964
ppo_obs4_continuous_hopfield_node3_final_seed_123,123,350,0.006716638803482056,-0.0013063163496553898
ppo_obs4_continuous_hopfield_node3_final_seed_123,123,351,0.005732417106628418,-0.0011660330928862095
ppo_obs4_continuous_hopfield_node3_final_seed_123,123,352,0.005079373717308044,-0.001002445351332426
ppo_obs4_continuous_hopfield_node3_final_seed_123,123,353,0.004762515425682068,-0.0008400939404964447
ppo_obs4_continuous_hopfield_node3_final_seed_123,123,354,0.004622653126716614,-0.0006897910498082638
ppo_obs4_continuous_hopfield_node3_final_seed_123,123,355,0.0044578686356544495,-0.0005686874501407146
ppo_obs4_continuous_hopfield_node3_final_seed_123,123,356,0.004271425306797028,-0.0004799193702638149
ppo_obs4_continuous_hopfield_node3_final_seed_123,123,357,0.004066675901412964,-0.00043309712782502174
ppo_obs4_continuous_hopfield_node3_final_seed_123,123,358,0.0038469098508358,-0.0004247259348630905
ppo_obs4_continuous_hopfield_node3_final_seed_123,123,359,0.0036154603585600853,-0.0004565655253827572
ppo_obs4_continuous_hopfield_node3_final_seed_123,123,360,0.004378717392683029,-0.0005200235173106194
ppo_obs4_continuous_hopfield_node3_final_seed_123,123,361,0.005230069160461426,-0.0006078691221773624
ppo_obs4_continuous_hopfield_node3_final_seed_123,123,362,0.006014660000801086,-0.0007104356773197651
ppo_obs4_continuous_hopfield_node3_final_seed_123,123,363,0.006730029359459877,-0.000812178011983633
ppo_obs4_continuous_hopfield_node3_final_seed_123,123,364,0.007375411689281464,-0.0009090835228562355
ppo_obs4_continuous_hopfield_node3_final_seed_123,123,365,0.007950838655233383,-0.0009830724447965622
ppo_obs4_continuous_hopfield_node3_final_seed_123,123,366,0.008457688614726067,-0.0010335496626794338
ppo_obs4_continuous_hopfield_node3_final_seed_123,123,367,0.008898211643099785,-0.001052697654813528
ppo_obs4_continuous_hopfield_node3_final_seed_123,123,368,0.009275360032916069,-0.0010393536649644375
ppo_obs4_continuous_hopfield_node3_final_seed_123,123,369,0.009592458605766296,-0.0009957654401659966
ppo_obs4_continuous_hopfield_node3_final_seed_123,123,370,0.009853273630142212,-0.0009289458394050598
ppo_obs4_continuous_hopfield_node3_final_seed_123,123,371,0.010061457753181458,-0.0008404641412198544
ppo_obs4_continuous_hopfield_node3_final_seed_123,123,372,0.010220572352409363,-0.0007401532493531704
ppo_obs4_continuous_hopfield_node3_final_seed_123,123,373,0.010334283113479614,-0.0006352066993713379
ppo_obs4_continuous_hopfield_node3_final_seed_123,123,374,0.010404989123344421,-0.000522843562066555
ppo_obs4_continuous_hopfield_node3_final_seed_123,123,375,0.010436132550239563,-0.00042643584311008453
ppo_obs4_continuous_hopfield_node3_final_seed_123,123,376,0.010429441928863525,-0.00032587815076112747
ppo_obs4_continuous_hopfield_node3_final_seed_123,123,377,0.010387569665908813,-0.00024741655215620995
ppo_obs4_continuous_hopfield_node3_final_seed_123,123,378,0.010311543941497803,-0.0001690615899860859
ppo_obs4_continuous_hopfield_node3_final_seed_123,123,379,0.010203272104263306,-0.000111450906842947
ppo_obs4_continuous_hopfield_node3_final_seed_123,123,380,0.010063812136650085,-5.980348214507103e-05
ppo_obs4_continuous_hopfield_node3_final_seed_123,123,381,0.00989389419555664,-1.6933772712945938e-05
ppo_obs4_continuous_hopfield_node3_final_seed_123,123,382,0.009694814682006836,1.3149809092283249e-05
ppo_obs4_continuous_hopfield_node3_final_seed_123,123,383,0.009466946125030518,4.4788699597120285e-05
ppo_obs4_continuous_hopfield_node3_final_seed_123,123,384,0.009211093187332153,6.909621879458427e-05
ppo_obs4_continuous_hopfield_node3_final_seed_123,123,385,0.008927375078201294,9.456789121031761e-05
ppo_obs4_continuous_hopfield_node3_final_seed_123,123,386,0.008617490530014038,0.00010948581621050835
ppo_obs4_continuous_hopfield_node3_final_seed_123,123,387,0.008280634880065918,0.0001446944661438465
ppo_obs4_continuous_hopfield_node3_final_seed_123,123,388,0.00791814923286438,0.00016126269474625587
ppo_obs4_continuous_hopfield_node3_final_seed_123,123,389,0.007530540227890015,0.0001912158913910389
ppo_obs4_continuous_hopfield_node3_final_seed_123,123,390,0.00711861252784729,0.00022280728444457054
ppo_obs4_continuous_hopfield_node3_final_seed_123,123,391,0.006682872772216797,0.0002620122395455837
ppo_obs4_continuous_hopfield_node3_final_seed_123,123,392,0.00622403621673584,0.0002993033267557621
ppo_obs4_continuous_hopfield_node3_final_seed_123,123,393,0.005743056535720825,0.00034069130197167397
ppo_obs4_continuous_hopfield_node3_final_seed_123,123,394,0.00524061918258667,0.0003828485496342182
ppo_obs4_continuous_hopfield_node3_final_seed_123,123,395,0.004752606153488159,0.00042632268741726875
ppo_obs4_continuous_hopfield_node3_final_seed_123,123,396,0.004544734954833984,0.0004696999676525593
ppo_obs4_continuous_hopfield_node3_final_seed_123,123,397,0.00432199239730835,0.0005158339627087116
ppo_obs4_continuous_hopfield_node3_final_seed_123,123,398,0.0040843188762664795,0.0005589709617197514
ppo_obs4_continuous_hopfield_node3_final_seed_123,123,399,0.003831923007965088,0.0005953633226454258
ppo_obs4_continuous_hopfield_node3_final_seed_123,123,400,0.003565192222595215,0.0006330632604658604
ppo_obs4_continuous_hopfield_node3_final_seed_42,42,0,1.5996227264404297,0.0
ppo_obs4_continuous_hopfield_node3_final_seed_42,42,1,1.1664071083068848,-4.0
ppo_obs4_continuous_hopfield_node3_final_seed_42,42,2,0.9506634473800659,-4.0
ppo_obs4_continuous_hopfield_node3_final_seed_42,42,3,0.9298999309539795,-4.0
ppo_obs4_continuous_hopfield_node3_final_seed_42,42,4,0.8470178842544556,-4.0
ppo_obs4_continuous_hopfield_node3_final_seed_42,42,5,0.6979888677597046,-4.0
ppo_obs4_continuous_hopfield_node3_final_seed_42,42,6,0.6692385673522949,-4.0
ppo_obs4_continuous_hopfield_node3_final_seed_42,42,7,0.7235751152038574,-1.8342506885528564
ppo_obs4_continuous_hopfield_node3_final_seed_42,42,8,0.6238701343536377,1.2245322465896606
ppo_obs4_continuous_hopfield_node3_final_seed_42,42,9,0.5692239999771118,0.3748164474964142
ppo_obs4_continuous_hopfield_node3_final_seed_42,42,10,0.5257360935211182,0.1836426556110382
ppo_obs4_continuous_hopfield_node3_final_seed_42,42,11,0.49277207255363464,0.0016418371815234423
ppo_obs4_continuous_hopfield_node3_final_seed_42,42,12,0.4665970206260681,-0.10925805568695068
ppo_obs4_continuous_hopfield_node3_final_seed_42,42,13,0.4451199769973755,-0.18059399724006653
ppo_obs4_continuous_hopfield_node3_final_seed_42,42,14,0.4268665015697479,-0.22404883801937103
ppo_obs4_continuous_hopfield_node3_final_seed_42,42,15,0.41085389256477356,-0.2490079551935196
ppo_obs4_continuous_hopfield_node3_final_seed_42,42,16,0.39641788601875305,-0.261544406414032
ppo_obs4_continuous_hopfield_node3_final_seed_42,42,17,0.3831079304218292,-0.26574698090553284
ppo_obs4_continuous_hopfield_node3_final_seed_42,42,18,0.3706165850162506,-0.2643481194972992
ppo_obs4_continuous_hopfield_node3_final_seed_42,42,19,0.3587349057197571,-0.25922849774360657
ppo_obs4_continuous_hopfield_node3_final_seed_42,42,20,0.347319096326828,-0.25165697932243347
ppo_obs4_continuous_hopfield_node3_final_seed_42,42,21,0.3362712860107422,-0.24252213537693024
ppo_obs4_continuous_hopfield_node3_final_seed_42,42,22,0.32552605867385864,-0.232454314827919
ppo_obs4_continuous_hopfield_node3_final_seed_42,42,23,0.3150402903556824,-0.2218891829252243
ppo_obs4_continuous_hopfield_node3_final_seed_42,42,24,0.30478566884994507,-0.21113647520542145
ppo_obs4_continuous_hopfield_node3_final_seed_42,42,25,0.2947460412979126,-0.20043161511421204
ppo_obs4_continuous_hopfield_node3_final_seed_42,42,26,0.2849121689796448,-0.18991978466510773
ppo_obs4_continuous_hopfield_node3_final_seed_42,42,27,0.2752796411514282,-0.1797146052122116
ppo_obs4_continuous_hopfield_node3_final_seed_42,42,28,0.2658485770225525,-0.169891357421875
ppo_obs4_continuous_hopfield_node3_final_seed_42,42,29,0.25662028789520264,-0.16049818694591522
ppo_obs4_continuous_hopfield_node3_final_seed_42,42,30,0.24759811162948608,-0.15156710147857666
ppo_obs4_continuous_hopfield_node3_final_seed_42,42,31,0.2387857437133789,-0.1431097835302353
ppo_obs4_continuous_hopfield_node3_final_seed_42,42,32,0.23018711805343628,-0.1351332664489746
ppo_obs4_continuous_hopfield_node3_final_seed_42,42,33,0.2218065857887268,-0.1276399940252304
ppo_obs4_continuous_hopfield_node3_final_seed_42,42,34,0.21364718675613403,-0.120614193379879
ppo_obs4_continuous_hopfield_node3_final_seed_42,42,35,0.20571213960647583,-0.1140361800789833
ppo_obs4_continuous_hopfield_node3_final_seed_42,42,36,0.19800418615341187,-0.10790542513132095
ppo_obs4_continuous_hopfield_node3_final_seed_42,42,37,0.19052499532699585,-0.10220185667276382
ppo_obs4_continuous_hopfield_node3_final_seed_42,42,38,0.1832752823829651,-0.09688638150691986
ppo_obs4_continuous_hopfield_node3_final_seed_42,42,39,0.17625528573989868,-0.09196154773235321
ppo_obs4_continuous_hopfield_node3_final_seed_42,42,40,0.16946440935134888,-0.08738792687654495
ppo_obs4_continuous_hopfield_node3_final_seed_42,42,41,0.1629033088684082,-0.08316663652658463
ppo_obs4_continuous_hopfield_node3_final_seed_42,42,42,0.1565694808959961,-0.07926870882511139
ppo_obs4_continuous_hopfield_node3_final_seed_42,42,43,0.1504603624343872,-0.07565894722938538
ppo_obs4_continuous_hopfield_node3_final_seed_42,42,44,0.14457398653030396,-0.07234089821577072
ppo_obs4_continuous_hopfield_node3_final_seed_42,42,45,0.1389073133468628,-0.06928607821464539
ppo_obs4_continuous_hopfield_node3_final_seed_42,42,46,0.1334570050239563,-0.0664842501282692
ppo_obs4_continuous_hopfield_node3_final_seed_42,42,47,0.1282191276550293,-0.0639096349477768
ppo_obs4_continuous_hopfield_node3_final_seed_42,42,48,0.12318992614746094,-0.0615554079413414
ppo_obs4_continuous_hopfield_node3_final_seed_42,42,49,0.1183653473854065,-0.059404753148555756
ppo_obs4_continuous_hopfield_node3_final_seed_42,42,50,0.11373990774154663,-0.057443536818027496
ppo_obs4_continuous_hopfield_node3_final_seed_42,42,51,0.1093093752861023,-0.05565427243709564
ppo_obs4_continuous_hopfield_node3_final_seed_42,42,52,0.10506916046142578,-0.0540388822555542
ppo_obs4_continuous_hopfield_node3_final_seed_42,42,53,0.10101354122161865,-0.052571024745702744
ppo_obs4_continuous_hopfield_node3_final_seed_42,42,54,0.09713786840438843,-0.05125057324767113
ppo_obs4_continuous_hopfield_node3_final_seed_42,42,55,0.09343773126602173,-0.050065185874700546
ppo_obs4_continuous_hopfield_node3_final_seed_42,42,56,0.0899079442024231,-0.04901924729347229
ppo_obs4_continuous_hopfield_node3_final_seed_42,42,57,0.08654272556304932,-0.04807889461517334
ppo_obs4_continuous_hopfield_node3_final_seed_42,42,58,0.08333778381347656,-0.047252777963876724
ppo_obs4_continuous_hopfield_node3_final_seed_42,42,59,0.08028751611709595,-0.04653650522232056
ppo_obs4_continuous_hopfield_node3_final_seed_42,42,60,0.07738685607910156,-0.04591243714094162
ppo_obs4_continuous_hopfield_node3_final_seed_42,42,61,0.0746314525604248,-0.04538504034280777
ppo_obs4_continuous_hopfield_node3_final_seed_42,42,62,0.07201677560806274,-0.04495340213179588
ppo_obs4_continuous_hopfield_node3_final_seed_42,42,63,0.06953752040863037,-0.04458839073777199
ppo_obs4_continuous_hopfield_node3_final_seed_42,42,64,0.0671892762184143,-0.04430007189512253
ppo_obs4_continuous_hopfield_node3_final_seed_42,42,65,0.06496721506118774,-0.044079359620809555
ppo_obs4_continuous_hopfield_node3_final_seed_42,42,66,0.06286722421646118,-0.04391234368085861
ppo_obs4_continuous_hopfield_node3_final_seed_42,42,67,0.06088408827781677,-0.04379776865243912
ppo_obs4_continuous_hopfield_node3_final_seed_42,42,68,0.05901312828063965,-0.04370955750346184
ppo_obs4_continuous_hopfield_node3_final_seed_42,42,69,0.05725011229515076,-0.04364638030529022
ppo_obs4_continuous_hopfield_node3_final_seed_42,42,70,0.05558934807777405,-0.043579794466495514
ppo_obs4_continuous_hopfield_node3_final_seed_42,42,71,0.054024964570999146,-0.0434812493622303
ppo_obs4_continuous_hopfield_node3_final_seed_42,42,72,0.052551060914993286,-0.04332982748746872
ppo_obs4_continuous_hopfield_node3_final_seed_42,42,73,0.05116105079650879,-0.043084610253572464
ppo_obs4_continuous_hopfield_node3_final_seed_42,42,74,0.0498473197221756,-0.042701683938503265
ppo_obs4_continuous_hopfield_node3_final_seed_42,42,75,0.0486011877655983,-0.042137596756219864
ppo_obs4_continuous_hopfield_node3_final_seed_42,42,76,0.04741305112838745,-0.041341908276081085
ppo_obs4_continuous_hopfield_node3_final_seed_42,42,77,0.046272680163383484,-0.040277719497680664
ppo_obs4_continuous_hopfield_node3_final_seed_42,42,78,0.04516980051994324,-0.03893256559967995
ppo_obs4_continuous_hopfield_node3_final_seed_42,42,79,0.044094592332839966,-0.0373283252120018
ppo_obs4_continuous_hopfield_node3_final_seed_42,42,80,0.043039221316576004,-0.035537585616111755
ppo_obs4_continuous_hopfield_node3_final_seed_42,42,81,0.04200020432472229,-0.033698756247758865
ppo_obs4_continuous_hopfield_node3_final_seed_42,42,82,0.04097931087017059,-0.031998228281736374
ppo_obs4_continuous_hopfield_node3_final_seed_42,42,83,0.040098637342453,-0.030611233785748482
ppo_obs4_continuous_hopfield_node3_final_seed_42,42,84,0.03927399218082428,-0.02966718189418316
ppo_obs4_continuous_hopfield_node3_final_seed_42,42,85,0.038442693650722504,-0.029196036979556084
ppo_obs4_continuous_hopfield_node3_final_seed_42,42,86,0.03759348765015602,-0.02911199815571308
ppo_obs4_continuous_hopfield_node3_final_seed_42,42,87,0.036717042326927185,-0.02927202172577381
ppo_obs4_continuous_hopfield_node3_final_seed_42,42,88,0.035807907581329346,-0.0295094046741724
ppo_obs4_continuous_hopfield_node3_final_seed_42,42,89,0.03498339653015137,-0.029689447954297066
ppo_obs4_continuous_hopfield_node3_final_seed_42,42,90,0.03430500626564026,-0.02972189523279667
ppo_obs4_continuous_hopfield_node3_final_seed_42,42,91,0.03364714980125427,-0.029573610052466393
ppo_obs4_continuous_hopfield_node3_final_seed_42,42,92,0.03299945592880249,-0.02923440746963024
ppo_obs4_continuous_hopfield_node3_final_seed_42,42,93,0.03235343098640442,-0.02872823365032673
ppo_obs4_continuous_hopfield_node3_final_seed_42,42,94,0.03170311450958252,-0.028085554018616676
ppo_obs4_continuous_hopfield_node3_final_seed_42,42,95,0.03104415535926819,-0.027339549735188484
ppo_obs4_continuous_hopfield_node3_final_seed_42,42,96,0.03037402033805847,-0.0265245009213686
ppo_obs4_continuous_hopfield_node3_final_seed_42,42,97,0.029691725969314575,-0.025667717680335045
ppo_obs4_continuous_hopfield_node3_final_seed_42,42,98,0.028997600078582764,-0.024798670783638954
ppo_obs4_continuous_hopfield_node3_final_seed_42,42,99,0.028292864561080933,-0.023936422541737556
ppo_obs4_continuous_hopfield_node3_final_seed_42,42,100,0.027579277753829956,-0.02309843711555004
ppo_obs4_continuous_hopfield_node3_final_seed_42,42,101,0.02685922384262085,-0.02229492925107479
ppo_obs4_continuous_hopfield_node3_final_seed_42,42,102,0.026135295629501343,-0.02153618261218071
ppo_obs4_continuous_hopfield_node3_final_seed_42,42,103,0.025410115718841553,-0.02082851342856884
ppo_obs4_continuous_hopfield_node3_final_seed_42,42,104,0.024686157703399658,-0.02017229236662388
ppo_obs4_continuous_hopfield_node3_final_seed_42,42,105,0.023966342210769653,-0.019575024023652077
ppo_obs4_continuous_hopfield_node3_final_seed_42,42,106,0.023252815008163452,-0.01903059333562851
ppo_obs4_continuous_hopfield_node3_final_seed_42,42,107,0.022548198699951172,-0.018543949350714684
ppo_obs4_continuous_hopfield_node3_final_seed_42,42,108,0.021854519844055176,-0.01810910366475582
ppo_obs4_continuous_hopfield_node3_final_seed_42,42,109,0.021173641085624695,-0.01772347092628479
ppo_obs4_continuous_hopfield_node3_final_seed_42,42,110,0.020507395267486572,-0.017384013161063194
ppo_obs4_continuous_hopfield_node3_final_seed_42,42,111,0.019857078790664673,-0.01708410121500492
ppo_obs4_continuous_hopfield_node3_final_seed_42,42,112,0.019223839044570923,-0.016819000244140625
ppo_obs4_continuous_hopfield_node3_final_seed_42,42,113,0.01860859990119934,-0.01658151112496853
ppo_obs4_continuous_hopfield_node3_final_seed_42,42,114,0.018011875450611115,-0.01636572554707527
ppo_obs4_continuous_hopfield_node3_final_seed_42,42,115,0.01743408292531967,-0.0161657202988863
ppo_obs4_continuous_hopfield_node3_final_seed_42,42,116,0.016875438392162323,-0.015973921865224838
ppo_obs4_continuous_hopfield_node3_final_seed_42,42,117,0.016335777938365936,-0.01578233763575554
ppo_obs4_continuous_hopfield_node3_final_seed_42,42,118,0.015814758837223053,-0.015587291680276394
ppo_obs4_continuous_hopfield_node3_final_seed_42,42,119,0.01531173661351204,-0.015378388576209545
ppo_obs4_continuous_hopfield_node3_final_seed_42,42,120,0.014826210215687752,-0.015155295841395855
ppo_obs4_continuous_hopfield_node3_final_seed_42,42,121,0.01435755379498005,-0.014915204606950283
ppo_obs4_continuous_hopfield_node3_final_seed_42,42,122,0.013904934749007225,-0.01465542521327734
ppo_obs4_continuous_hopfield_node3_final_seed_42,42,123,0.013467606157064438,-0.014374594204127789
ppo_obs4_continuous_hopfield_node3_final_seed_42,42,124,0.013143535703420639,-0.014077122323215008
ppo_obs4_continuous_hopfield_node3_final_seed_42,42,125,0.012894462794065475,-0.013765164650976658
ppo_obs4_continuous_hopfield_node3_final_seed_42,42,126,0.012615680694580078,-0.013442357070744038
ppo_obs4_continuous_hopfield_node3_final_seed_42,42,127,0.012309662997722626,-0.013113140128552914
ppo_obs4_continuous_hopfield_node3_final_seed_42,42,128,0.011979102157056332,-0.012782796286046505
ppo_obs4_continuous_hopfield_node3_final_seed_42,42,129,0.011626716703176498,-0.012454775162041187
ppo_obs4_continuous_hopfield_node3_final_seed_42,42,130,0.011255316436290741,-0.012133973650634289
ppo_obs4_continuous_hopfield_node3_final_seed_42,42,131,0.010867692530155182,-0.011822612956166267
ppo_obs4_continuous_hopfield_node3_final_seed_42,42,132,0.01046667993068695,-0.011523938737809658
ppo_obs4_continuous_hopfield_node3_final_seed_42,42,133,0.010054856538772583,-0.011237374506890774
ppo_obs4_continuous_hopfield_node3_final_seed_42,42,134,0.009634971618652344,-0.010966629721224308
ppo_obs4_continuous_hopfield_node3_final_seed_42,42,135,0.009310916066169739,-0.010709076188504696
ppo_obs4_continuous_hopfield_node3_final_seed_42,42,136,0.009054571390151978,-0.010464624501764774
ppo_obs4_continuous_hopfield_node3_final_seed_42,42,137,0.008811935782432556,-0.010234861634671688
ppo_obs4_continuous_hopfield_node3_final_seed_42,42,138,0.008582621812820435,-0.010015043430030346
ppo_obs4_continuous_hopfield_node3_final_seed_42,42,139,0.008366361260414124,-0.00980527326464653
ppo_obs4_continuous_hopfield_node3_final_seed_42,42,140,0.008162662386894226,-0.00960457045584917
ppo_obs4_continuous_hopfield_node3_final_seed_42,42,141,0.00797097384929657,-0.00941134337335825
ppo_obs4_continuous_hopfield_node3_final_seed_42,42,142,0.007790684700012207,-0.009222828783094883
ppo_obs4_continuous_hopfield_node3_final_seed_42,42,143,0.007621333003044128,-0.009041213430464268
ppo_obs4_continuous_hopfield_node3_final_seed_42,42,144,0.007462233304977417,-0.008862920105457306
ppo_obs4_continuous_hopfield_node3_final_seed_42,42,145,0.007312595844268799,-0.008686509914696217
ppo_obs4_continuous_hopfield_node3_final_seed_42,42,146,0.007171794772148132,-0.00851376261562109
ppo_obs4_continuous_hopfield_node3_final_seed_42,42,147,0.007039159536361694,-0.008342357352375984
ppo_obs4_continuous_hopfield_node3_final_seed_42,42,148,0.006913989782333374,-0.008173059672117233
ppo_obs4_continuous_hopfield_node3_final_seed_42,42,149,0.006795644760131836,-0.008005410432815552
ppo_obs4_continuous_hopfield_node3_final_seed_42,42,150,0.00668344646692276,-0.007839536294341087
ppo_obs4_continuous_hopfield_node3_final_seed_42,42,151,0.006576806306838989,-0.0076746707782149315
ppo_obs4_continuous_hopfield_node3_final_seed_42,42,152,0.006475105881690979,-0.007512382231652737
ppo_obs4_continuous_hopfield_node3_final_seed_42,42,153,0.006377849727869034,-0.00735295657068491
ppo_obs4_continuous_hopfield_node3_final_seed_42,42,154,0.00628657266497612,-0.0071945758536458015
ppo_obs4_continuous_hopfield_node3_final_seed_42,42,155,0.006226729601621628,-0.007039385847747326
ppo_obs4_continuous_hopfield_node3_final_seed_42,42,156,0.006161738187074661,-0.006887362338602543
ppo_obs4_continuous_hopfield_node3_final_seed_42,42,157,0.0060914866626262665,-0.006738422438502312
ppo_obs4_continuous_hopfield_node3_final_seed_42,42,158,0.0060159265995025635,-0.006592997349798679
ppo_obs4_continuous_hopfield_node3_final_seed_42,42,159,0.005934976041316986,-0.006451470777392387
ppo_obs4_continuous_hopfield_node3_final_seed_42,42,160,0.0058488259091973305,-0.006312383338809013
ppo_obs4_continuous_hopfield_node3_final_seed_42,42,161,0.005757445935159922,-0.0061782244592905045
ppo_obs4_continuous_hopfield_node3_final_seed_42,42,162,0.005661044269800186,-0.006046542897820473
ppo_obs4_continuous_hopfield_node3_final_seed_42,42,163,0.005559780169278383,-0.005918445065617561
ppo_obs4_continuous_hopfield_node3_final_seed_42,42,164,0.005464312620460987,-0.005793387070298195
ppo_obs4_continuous_hopfield_node3_final_seed_42,42,165,0.005386142060160637,-0.005671444348990917
ppo_obs4_continuous_hopfield_node3_final_seed_42,42,166,0.005307608284056187,-0.005552514456212521
ppo_obs4_continuous_hopfield_node3_final_seed_42,42,167,0.005228513851761818,-0.0054357582703232765
ppo_obs4_continuous_hopfield_node3_final_seed_42,42,168,0.005148729309439659,-0.0053218333050608635
ppo_obs4_continuous_hopfield_node3_final_seed_42,42,169,0.005068119615316391,-0.005210169591009617
ppo_obs4_continuous_hopfield_node3_final_seed_42,42,170,0.0049865711480379105,-0.005100507289171219
ppo_obs4_continuous_hopfield_node3_final_seed_42,42,171,0.004904025234282017,-0.00499336514621973
ppo_obs4_continuous_hopfield_node3_final_seed_42,42,172,0.004820417147129774,-0.004887925460934639
ppo_obs4_continuous_hopfield_node3_final_seed_42,42,173,0.004735725000500679,-0.0047843921929597855
ppo_obs4_continuous_hopfield_node3_final_seed_42,42,174,0.004649951588362455,-0.004683102481067181
ppo_obs4_continuous_hopfield_node3_final_seed_42,42,175,0.004563119262456894,-0.004583629779517651
ppo_obs4_continuous_hopfield_node3_final_seed_42,42,176,0.004475275054574013,-0.004485991783440113
ppo_obs4_continuous_hopfield_node3_final_seed_42,42,177,0.004386484622955322,-0.0043904418125748634
ppo_obs4_continuous_hopfield_node3_final_seed_42,42,178,0.004296830855309963,-0.00429664459079504
ppo_obs4_continuous_hopfield_node3_final_seed_42,42,179,0.004206414334475994,-0.0042049465700984
ppo_obs4_continuous_hopfield_node3_final_seed_42,42,180,0.0041153281927108765,-0.00411493144929409
ppo_obs4_continuous_hopfield_node3_final_seed_42,42,181,0.00402371259406209,-0.004026918672025204
ppo_obs4_continuous_hopfield_node3_final_seed_42,42,182,0.003931705374270678,-0.00394093431532383
ppo_obs4_continuous_hopfield_node3_final_seed_42,42,183,0.0038394397124648094,-0.003856824478134513
ppo_obs4_continuous_hopfield_node3_final_seed_42,42,184,0.003747060429304838,-0.00377447041682899
ppo_obs4_continuous_hopfield_node3_final_seed_42,42,185,0.0036547183990478516,-0.003693970153108239
ppo_obs4_continuous_hopfield_node3_final_seed_42,42,186,0.0035625582095235586,-0.003615218447521329
ppo_obs4_continuous_hopfield_node3_final_seed_42,42,187,0.0034707318991422653,-0.003538196673616767
ppo_obs4_continuous_hopfield_node3_final_seed_42,42,188,0.00337938591837883,-0.0034628130961209536
ppo_obs4_continuous_hopfield_node3_final_seed_42,42,189,0.0032886583358049393,-0.003388987621292472
ppo_obs4_continuous_hopfield_node3_final_seed_42,42,190,0.0031986860558390617,-0.0033166625071316957
ppo_obs4_continuous_hopfield_node3_final_seed_42,42,191,0.0031095980666577816,-0.0032458368223160505
ppo_obs4_continuous_hopfield_node3_final_seed_42,42,192,0.00302153080701828,-0.0031764095183461905
ppo_obs4_continuous_hopfield_node3_final_seed_42,42,193,0.0029346048831939697,-0.003108414588496089
ppo_obs4_continuous_hopfield_node3_final_seed_42,42,194,0.0028489157557487488,-0.00304151582531631
ppo_obs4_continuous_hopfield_node3_final_seed_42,42,195,0.002764576580375433,-0.0029759237077087164
ppo_obs4_continuous_hopfield_node3_final_seed_42,42,196,0.0026817116886377335,-0.002911927876994014
ppo_obs4_continuous_hopfield_node3_final_seed_42,42,197,0.0026683341711759567,-0.0028487646486610174
ppo_obs4_continuous_hopfield_node3_final_seed_42,42,198,0.0026634540408849716,-0.0027866705786436796
ppo_obs4_continuous_hopfield_node3_final_seed_42,42,199,0.0026548877358436584,-0.0027260042261332273
ppo_obs4_continuous_hopfield_node3_final_seed_42,42,200,0.002642842009663582,-0.002666301792487502
ppo_obs4_continuous_hopfield_node3_final_seed_42,42,201,0.0026276186108589172,-0.00260793580673635
ppo_obs4_continuous_hopfield_node3_final_seed_42,42,202,0.0026094950735569,-0.002550681820139289
ppo_obs4_continuous_hopfield_node3_final_seed_42,42,203,0.002588760107755661,-0.0024942171294242144
ppo_obs4_continuous_hopfield_node3_final_seed_42,42,204,0.0025656744837760925,-0.00243896315805614
ppo_obs4_continuous_hopfield_node3_final_seed_42,42,205,0.00254063680768013,-0.002385490806773305
ppo_obs4_continuous_hopfield_node3_final_seed_42,42,206,0.0025139302015304565,-0.0023321022745221853
ppo_obs4_continuous_hopfield_node3_final_seed_42,42,207,0.002485852688550949,-0.002279880689457059
ppo_obs4_continuous_hopfield_node3_final_seed_42,42,208,0.002456769347190857,-0.002229380654171109
ppo_obs4_continuous_hopfield_node3_final_seed_42,42,209,0.0024269893765449524,-0.0021795134525746107
ppo_obs4_continuous_hopfield_node3_final_seed_42,42,210,0.002396833151578903,-0.002130674896761775
ppo_obs4_continuous_hopfield_node3_final_seed_42,42,211,0.0023666471242904663,-0.0020828188862651587
ppo_obs4_continuous_hopfield_node3_final_seed_42,42,212,0.0023366399109363556,-0.002035426674410701
ppo_obs4_continuous_hopfield_node3_final_seed_42,42,213,0.0023072026669979095,-0.001990158809348941
ppo_obs4_continuous_hopfield_node3_final_seed_42,42,214,0.002278480678796768,-0.0019448806997388601
ppo_obs4_continuous_hopfield_node3_final_seed_42,42,215,0.0022508911788463593,-0.0019022456835955381
ppo_obs4_continuous_hopfield_node3_final_seed_42,42,216,0.002224605530500412,-0.0018587957601994276
ppo_obs4_continuous_hopfield_node3_final_seed_42,42,217,0.0021999143064022064,-0.0018171106930822134
ppo_obs4_continuous_hopfield_node3_final_seed_42,42,218,0.0021770671010017395,-0.0017760207410901785
ppo_obs4_continuous_hopfield_node3_final_seed_42,42,219,0.0021561384201049805,-0.001734805991873145
ppo_obs4_continuous_hopfield_node3_final_seed_42,42,220,0.0021373555064201355,-0.0016959940548986197
ppo_obs4_continuous_hopfield_node3_final_seed_42,42,221,0.00212106853723526,-0.0016579923685640097
ppo_obs4_continuous_hopfield_node3_final_seed_42,42,222,0.002107277512550354,-0.001618989510461688
ppo_obs4_continuous_hopfield_node3_final_seed_42,42,223,0.0020960941910743713,-0.0015813696663826704
ppo_obs4_continuous_hopfield_node3_final_seed_42,42,224,0.0020876750349998474,-0.0015451416838914156
ppo_obs4_continuous_hopfield_node3_final_seed_42,42,225,0.00208214670419693,-0.0015096485149115324
ppo_obs4_continuous_hopfield_node3_final_seed_42,42,226,0.0020795390009880066,-0.0014745367225259542
ppo_obs4_continuous_hopfield_node3_final_seed_42,42,227,0.002080090343952179,-0.0014404577668756247
ppo_obs4_continuous_hopfield_node3_final_seed_42,42,228,0.0020835623145103455,-0.001404261915013194
ppo_obs4_continuous_hopfield_node3_final_seed_42,42,229,0.0020902007818222046,-0.0013718658592551947
ppo_obs4_continuous_hopfield_node3_final_seed_42,42,230,0.002099744975566864,-0.0013387652579694986
ppo_obs4_continuous_hopfield_node3_final_seed_42,42,231,0.0021125376224517822,-0.0013081312645226717
ppo_obs4_continuous_hopfield_node3_final_seed_42,42,232,0.00212821364402771,-0.0012745873536914587
ppo_obs4_continuous_hopfield_node3_final_seed_42,42,233,0.002146989107131958,-0.0012446867767721415
ppo_obs4_continuous_hopfield_node3_final_seed_42,42,234,0.002168513834476471,-0.0012127391528338194
ppo_obs4_continuous_hopfield_node3_final_seed_42,42,235,0.0021928399801254272,-0.0011839831713587046
ppo_obs4_continuous_hopfield_node3_final_seed_42,42,236,0.0022200122475624084,-0.0011542446445673704
ppo_obs4_continuous_hopfield_node3_final_seed_42,42,237,0.00224970281124115,-0.0011225731577724218
ppo_obs4_continuous_hopfield_node3_final_seed_42,42,238,0.002281494438648224,-0.001092117978259921
ppo_obs4_continuous_hopfield_node3_final_seed_42,42,239,0.002315618097782135,-0.0010667301248759031
ppo_obs4_continuous_hopfield_node3_final_seed_42,42,240,0.0023516565561294556,-0.0010364183690398932
ppo_obs4_continuous_hopfield_node3_final_seed_42,42,241,0.0023895129561424255,-0.0010090337600558996
ppo_obs4_continuous_hopfield_node3_final_seed_42,42,242,0.0024286210536956787,-0.0009792118798941374
ppo_obs4_continuous_hopfield_node3_final_seed_42,42,243,0.0024689137935638428,-0.0009528279770165682
ppo_obs4_continuous_hopfield_node3_final_seed_42,42,244,0.0025100260972976685,-0.0009252054151147604
ppo_obs4_continuous_hopfield_node3_final_seed_42,42,245,0.002551525831222534,-0.0008974054362624884
ppo_obs4_continuous_hopfield_node3_final_seed_42,42,246,0.002592936158180237,-0.0008705116342753172
ppo_obs4_continuous_hopfield_node3_final_seed_42,42,247,0.002633914351463318,-0.0008452220354229212
ppo_obs4_continuous_hopfield_node3_final_seed_42,42,248,0.0026739686727523804,-0.00081811030395329
ppo_obs4_continuous_hopfield_node3_final_seed_42,42,249,0.0027126818895339966,-0.0007914321031421423
ppo_obs4_continuous_hopfield_node3_final_seed_42,42,250,0.002749502658843994,-0.0007634458597749472
ppo_obs4_continuous_hopfield_node3_final_seed_42,42,251,0.0027836859226226807,-0.0007358246948570013
ppo_obs4_continuous_hopfield_node3_final_seed_42,42,252,0.00281485915184021,-0.0007091134320944548
ppo_obs4_continuous_hopfield_node3_final_seed_42,42,253,0.002842158079147339,-0.0006802508141845465
ppo_obs4_continuous_hopfield_node3_final_seed_42,42,254,0.002865150570869446,-0.000653235474601388
ppo_obs4_continuous_hopfield_node3_final_seed_42,42,255,0.0028832703828811646,-0.0006229740101844072
ppo_obs4_continuous_hopfield_node3_final_seed_42,42,256,0.002895042300224304,-0.0005896759685128927
ppo_obs4_continuous_hopfield_node3_final_seed_42,42,257,0.002901047468185425,-0.0005669079255312681
ppo_obs4_continuous_hopfield_node3_final_seed_42,42,258,0.0028999149799346924,-0.0005303516518324614
ppo_obs4_continuous_hopfield_node3_final_seed_42,42,259,0.002891063690185547,-0.0004972720053046942
ppo_obs4_continuous_hopfield_node3_final_seed_42,42,260,0.002874016761779785,-0.0004623166751116514
ppo_obs4_continuous_hopfield_node3_final_seed_42,42,261,0.0028478801250457764,-0.00042405142448842525
ppo_obs4_continuous_hopfield_node3_final_seed_42,42,262,0.002812415361404419,-0.0003875435795634985
ppo_obs4_continuous_hopfield_node3_final_seed_42,42,263,0.0027672648429870605,-0.0003463940229266882
ppo_obs4_continuous_hopfield_node3_final_seed_42,42,264,0.002711355686187744,-0.00030158483423292637
ppo_obs4_continuous_hopfield_node3_final_seed_42,42,265,0.002644836902618408,-0.0002591006923466921
ppo_obs4_continuous_hopfield_node3_final_seed_42,42,266,0.0025670528411865234,-0.0002114658709615469
ppo_obs4_continuous_hopfield_node3_final_seed_42,42,267,0.0024779140949249268,-0.00016417470760643482
ppo_obs4_continuous_hopfield_node3_final_seed_42,42,268,0.002377063035964966,-0.00011400296352803707
ppo_obs4_continuous_hopfield_node3_final_seed_42,42,269,0.00226438045501709,-6.422237493097782e-05
ppo_obs4_continuous_hopfield_node3_final_seed_42,42,270,0.0021395981311798096,-1.4575431123375893e-05
ppo_obs4_continuous_hopfield_node3_final_seed_42,42,271,0.002003103494644165,3.377813845872879e-05
ppo_obs4_continuous_hopfield_node3_final_seed_42,42,272,0.0018543601036071777,8.752360008656979e-05
ppo_obs4_continuous_hopfield_node3_final_seed_42,42,273,0.001693814992904663,0.00013539916835725307
ppo_obs4_continuous_hopfield_node3_final_seed_42,42,274,0.0015222430229187012,0.00018410524353384972
ppo_obs4_continuous_hopfield_node3_final_seed_42,42,275,0.0014675259590148926,0.00023320340551435947
ppo_obs4_continuous_hopfield_node3_final_seed_42,42,276,0.0014063119888305664,0.00027511524967849255
ppo_obs4_continuous_hopfield_node3_final_seed_42,42,277,0.0013383030891418457,0.0003215621691197157
ppo_obs4_continuous_hopfield_node3_final_seed_42,42,278,0.0012640953063964844,0.0003527696244418621
ppo_obs4_continuous_hopfield_node3_final_seed_42,42,279,0.0011835098266601562,0.0004033369477838278
ppo_obs4_continuous_hopfield_node3_final_seed_42,42,280,0.0010957717895507812,0.00042621768079698086
ppo_obs4_continuous_hopfield_node3_final_seed_42,42,281,0.0010015368461608887,0.00046158209443092346
ppo_obs4_continuous_hopfield_node3_final_seed_42,42,282,0.0008996725082397461,0.00048383534885942936
ppo_obs4_continuous_hopfield_node3_final_seed_42,42,283,0.0009053945541381836,0.000498451292514801
ppo_obs4_continuous_hopfield_node3_final_seed_42,42,284,0.0010570883750915527,0.0005163613241165876
ppo_obs4_continuous_hopfield_node3_final_seed_42,42,285,0.0012118816375732422,0.0005247180815786123
ppo_obs4_continuous_hopfield_node3_final_seed_42,42,286,0.0013691186904907227,0.0005275767762213945
ppo_obs4_continuous_hopfield_node3_final_seed_42,42,287,0.001661062240600586,0.0005298994947224855
ppo_obs4_continuous_hopfield_node3_final_seed_42,42,288,0.0019663572311401367,0.0005202351603657007
ppo_obs4_continuous_hopfield_node3_final_seed_42,42,289,0.0022780299186706543,0.0005085424054414034
ppo_obs4_continuous_hopfield_node3_final_seed_42,42,290,0.002596259117126465,0.0004957236815243959
ppo_obs4_continuous_hopfield_node3_final_seed_42,42,291,0.0029202699661254883,0.00047033908776938915
ppo_obs4_continuous_hopfield_node3_final_seed_42,42,292,0.003249645233154297,0.0004445670638233423
ppo_obs4_continuous_hopfield_node3_final_seed_42,42,293,0.0035848021507263184,0.00041549024172127247
ppo_obs4_continuous_hopfield_node3_final_seed_42,42,294,0.003924369812011719,0.00037686084397137165
ppo_obs4_continuous_hopfield_node3_final_seed_42,42,295,0.004269242286682129,0.00033827987499535084
ppo_obs4_continuous_hopfield_node3_final_seed_42,42,296,0.004617929458618164,0.000287327216938138
ppo_obs4_continuous_hopfield_node3_final_seed_42,42,297,0.004970669746398926,0.00024392199702560902
ppo_obs4_continuous_hopfield_node3_final_seed_42,42,298,0.0053275227546691895,0.0001944445539265871
ppo_obs4_continuous_hopfield_node3_final_seed_42,42,299,0.005687534809112549,0.00013495725579559803
ppo_obs4_continuous_hopfield_node3_final_seed_42,42,300,0.0060509443283081055,7.949420250952244e-05
ppo_obs4_continuous_hopfield_node3_final_seed_42,42,301,0.006416678428649902,2.1290266886353493e-05
ppo_obs4_continuous_hopfield_node3_final_seed_42,42,302,0.006785154342651367,-3.29574104398489e-05
ppo_obs4_continuous_hopfield_node3_final_seed_42,42,303,0.0071563720703125,-9.445915929973125e-05
ppo_obs4_continuous_hopfield_node3_final_seed_42,42,304,0.007529318332672119,-0.00015923636965453625
ppo_obs4_continuous_hopfield_node3_final_seed_42,42,305,0.007903695106506348,-0.00021882611326873302
ppo_obs4_continuous_hopfield_node3_final_seed_42,42,306,0.00827932357788086,-0.00027256342582404613
ppo_obs4_continuous_hopfield_node3_final_seed_42,42,307,0.008655905723571777,-0.00032770796678960323
ppo_obs4_continuous_hopfield_node3_final_seed_42,42,308,0.009033620357513428,-0.0003797810059040785
ppo_obs4_continuous_hopfield_node3_final_seed_42,42,309,0.009411513805389404,-0.00043361796997487545
ppo_obs4_continuous_hopfield_node3_final_seed_42,42,310,0.009789109230041504,-0.0004793617408722639
ppo_obs4_continuous_hopfield_node3_final_seed_42,42,311,0.010165274143218994,-0.0005183189641684294
ppo_obs4_continuous_hopfield_node3_final_seed_42,42,312,0.010540127754211426,-0.0005430046003311872
ppo_obs4_continuous_hopfield_node3_final_seed_42,42,313,0.010912477970123291,-0.0005638252478092909
ppo_obs4_continuous_hopfield_node3_final_seed_42,42,314,0.011281251907348633,-0.000571306562051177
ppo_obs4_continuous_hopfield_node3_final_seed_42,42,315,0.011646032333374023,-0.0005647491198033094
ppo_obs4_continuous_hopfield_node3_final_seed_42,42,316,0.012005031108856201,-0.0005500770639628172
ppo_obs4_continuous_hopfield_node3_final_seed_42,42,317,0.012356460094451904,-0.0005169042851775885
ppo_obs4_continuous_hopfield_node3_final_seed_42,42,318,0.012698769569396973,-0.00045901420526206493
ppo_obs4_continuous_hopfield_node3_final_seed_42,42,319,0.013029426336288452,-0.0003832129295915365
ppo_obs4_continuous_hopfield_node3_final_seed_42,42,320,0.013345927000045776,-0.0002795874606817961
ppo_obs4_continuous_hopfield_node3_final_seed_42,42,321,0.013645023107528687,-0.0001489685382694006
ppo_obs4_continuous_hopfield_node3_final_seed_42,42,322,0.013923019170761108,1.1918367817997932e-05
ppo_obs4_continuous_hopfield_node3_final_seed_42,42,323,0.014174789190292358,0.0002058588434010744
ppo_obs4_continuous_hopfield_node3_final_seed_42,42,324,0.014396026730537415,0.0004428217653185129
ppo_obs4_continuous_hopfield_node3_final_seed_42,42,325,0.01458035409450531,0.0007086193654686213
ppo_obs4_continuous_hopfield_node3_final_seed_42,42,326,0.01472124457359314,0.001013514818623662
ppo_obs4_continuous_hopfield_node3_final_seed_42,42,327,0.014811739325523376,0.0013521939981728792
ppo_obs4_continuous_hopfield_node3_final_seed_42,42,328,0.014843851327896118,0.0017171252984553576
ppo_obs4_continuous_hopfield_node3_final_seed_42,42,329,0.014810580760240555,0.0021058416459709406
ppo_obs4_continuous_hopfield_node3_final_seed_42,42,330,0.014705566689372063,0.00249621388502419
ppo_obs4_continuous_hopfield_node3_final_seed_42,42,331,0.0145234614610672,0.0028645528946071863
ppo_obs4_continuous_hopfield_node3_final_seed_42,42,332,0.014262028969824314,0.0031910345423966646
ppo_obs4_continuous_hopfield_node3_final_seed_42,42,333,0.013921614736318588,0.0034359677229076624
ppo_obs4_continuous_hopfield_node3_final_seed_42,42,334,0.013506516814231873,0.0035696171689778566
ppo_obs4_continuous_hopfield_node3_final_seed_42,42,335,0.013024009764194489,0.003558017546311021
ppo_obs4_continuous_hopfield_node3_final_seed_42,42,336,0.012483447790145874,0.0033846322912722826
ppo_obs4_continuous_hopfield_node3_final_seed_42,42,337,0.011895284056663513,0.00305351079441607
ppo_obs4_continuous_hopfield_node3_final_seed_42,42,338,0.011269211769104004,0.0025873410049825907
ppo_obs4_continuous_hopfield_node3_final_seed_42,42,339,0.010613776743412018,0.002031264128163457
ppo_obs4_continuous_hopfield_node3_final_seed_42,42,340,0.009935509413480759,0.0014362495858222246
ppo_obs4_continuous_hopfield_node3_final_seed_42,42,341,0.009239405393600464,0.0008569888304919004
ppo_obs4_continuous_hopfield_node3_final_seed_42,42,342,0.008529052138328552,0.0003341862466186285
ppo_obs4_continuous_hopfield_node3_final_seed_42,42,343,0.007807031273841858,-0.00010220170952379704
ppo_obs4_continuous_hopfield_node3_final_seed_42,42,344,0.007075682282447815,-0.00043586711399257183
ppo_obs4_continuous_hopfield_node3_final_seed_42,42,345,0.006337150931358337,-0.000669141998514533
ppo_obs4_continuous_hopfield_node3_final_seed_42,42,346,0.005593448877334595,-0.0008076478261500597
ppo_obs4_continuous_hopfield_node3_final_seed_42,42,347,0.004846945405006409,-0.0008632724639028311
ppo_obs4_continuous_hopfield_node3_final_seed_42,42,348,0.0041000694036483765,-0.0008543503936380148
ppo_obs4_continuous_hopfield_node3_final_seed_42,42,349,0.003465995192527771,-0.0007955830078572035
ppo_obs4_continuous_hopfield_node3_final_seed_42,42,350,0.0030861496925354004,-0.0007034873124212027
ppo_obs4_continuous_hopfield_node3_final_seed_42,42,351,0.0027434974908828735,-0.0005951018538326025
ppo_obs4_continuous_hopfield_node3_final_seed_42,42,352,0.0026702433824539185,-0.00048066978342831135
ppo_obs4_continuous_hopfield_node3_final_seed_42,42,353,0.002579733729362488,-0.0003734405618160963
ppo_obs4_continuous_hopfield_node3_final_seed_42,42,354,0.002473801374435425,-0.00028162705712020397
ppo_obs4_continuous_hopfield_node3_final_seed_42,42,355,0.0023543164134025574,-0.00020990264602005482
ppo_obs4_continuous_hopfield_node3_final_seed_42,42,356,0.0022236332297325134,-0.00016258121468126774
ppo_obs4_continuous_hopfield_node3_final_seed_42,42,357,0.002108793705701828,-0.00014318455941975117
ppo_obs4_continuous_hopfield_node3_final_seed_42,42,358,0.00267648883163929,-0.00015012104995548725
ppo_obs4_continuous_hopfield_node3_final_seed_42,42,359,0.0032074786722660065,-0.00018062139861285686
ppo_obs4_continuous_hopfield_node3_final_seed_42,42,360,0.003699459135532379,-0.00023063248954713345
ppo_obs4_continuous_hopfield_node3_final_seed_42,42,361,0.004150614142417908,-0.00029351632110774517
ppo_obs4_continuous_hopfield_node3_final_seed_42,42,362,0.004560060799121857,-0.00036311266012489796
ppo_obs4_continuous_hopfield_node3_final_seed_42,42,363,0.004927361384034157,-0.00043025449849665165
ppo_obs4_continuous_hopfield_node3_final_seed_42,42,364,0.005253046751022339,-0.0004901487845927477
ppo_obs4_continuous_hopfield_node3_final_seed_42,42,365,0.005538150668144226,-0.0005351391155272722
ppo_obs4_continuous_hopfield_node3_final_seed_42,42,366,0.0057842303067445755,-0.0005620394367724657
ppo_obs4_continuous_hopfield_node3_final_seed_42,42,367,0.005993545986711979,-0.0005702085327357054
ppo_obs4_continuous_hopfield_node3_final_seed_42,42,368,0.006168311461806297,-0.0005554102826863527
ppo_obs4_continuous_hopfield_node3_final_seed_42,42,369,0.006310809403657913,-0.0005219739396125078
ppo_obs4_continuous_hopfield_node3_final_seed_42,42,370,0.006423894315958023,-0.00047787302173674107
ppo_obs4_continuous_hopfield_node3_final_seed_42,42,371,0.006509758532047272,-0.00041912286542356014
ppo_obs4_continuous_hopfield_node3_final_seed_42,42,372,0.006570801138877869,-0.0003564555663615465
ppo_obs4_continuous_hopfield_node3_final_seed_42,42,373,0.006609104573726654,-0.0002923745196312666
ppo_obs4_continuous_hopfield_node3_final_seed_42,42,374,0.006626620888710022,-0.00022945809178054333
ppo_obs4_continuous_hopfield_node3_final_seed_42,42,375,0.006624937057495117,-0.00017197965644299984
ppo_obs4_continuous_hopfield_node3_final_seed_42,42,376,0.00660550594329834,-0.00012173713184893131
ppo_obs4_continuous_hopfield_node3_final_seed_42,42,377,0.006569534540176392,-8.173449896275997e-05
ppo_obs4_continuous_hopfield_node3_final_seed_42,42,378,0.006518170237541199,-5.1380833610892296e-05
ppo_obs4_continuous_hopfield_node3_final_seed_42,42,379,0.00645214319229126,-2.7887756004929543e-05
ppo_obs4_continuous_hopfield_node3_final_seed_42,42,380,0.006372541189193726,-1.5613622963428497e-05
ppo_obs4_continuous_hopfield_node3_final_seed_42,42,381,0.006279677152633667,-6.158137694001198e-06
ppo_obs4_continuous_hopfield_node3_final_seed_42,42,382,0.006174027919769287,-4.180474206805229e-06
ppo_obs4_continuous_hopfield_node3_final_seed_42,42,383,0.006056487560272217,-8.358154445886612e-06
ppo_obs4_continuous_hopfield_node3_final_seed_42,42,384,0.005926847457885742,-8.592382073402405e-06
ppo_obs4_continuous_hopfield_node3_final_seed_42,42,385,0.0057856738567352295,-1.3399869203567505e-05
ppo_obs4_continuous_hopfield_node3_final_seed_42,42,386,0.005633294582366943,-1.9802013412117958e-05
ppo_obs4_continuous_hopfield_node3_final_seed_42,42,387,0.005469828844070435,-2.4329405277967453e-05
ppo_obs4_continuous_hopfield_node3_final_seed_42,42,388,0.00529557466506958,-2.714339643716812e-05
ppo_obs4_continuous_hopfield_node3_final_seed_42,42,389,0.005110651254653931,-2.6299385353922844e-05
ppo_obs4_continuous_hopfield_node3_final_seed_42,42,390,0.004915207624435425,-2.341112121939659e-05
ppo_obs4_continuous_hopfield_node3_final_seed_42,42,391,0.0047099292278289795,-1.784483902156353e-05
ppo_obs4_continuous_hopfield_node3_final_seed_42,42,392,0.004494220018386841,-3.1350646167993546e-06
ppo_obs4_continuous_hopfield_node3_final_seed_42,42,393,0.00426909327507019,6.411923095583916e-06
ppo_obs4_continuous_hopfield_node3_final_seed_42,42,394,0.0040340423583984375,2.320040948688984e-05
ppo_obs4_continuous_hopfield_node3_final_seed_42,42,395,0.003789931535720825,4.092184826731682e-05
ppo_obs4_continuous_hopfield_node3_final_seed_42,42,396,0.003536701202392578,6.306241266429424e-05
ppo_obs4_continuous_hopfield_node3_final_seed_42,42,397,0.0032745301723480225,8.78672581166029e-05
ppo_obs4_continuous_hopfield_node3_final_seed_42,42,398,0.0030042529106140137,0.0001083065290004015
ppo_obs4_continuous_hopfield_node3_final_seed_42,42,399,0.002750217914581299,0.00013585970737040043
ppo_obs4_continuous_hopfield_node3_final_seed_42,42,400,0.002626955509185791,0.00015802541747689247
