model_name,train_seed,step,error_l1,action
ppo_continuous_hopfield_node3_final_seed_1024,1024,0,1.5996227264404297,0.0
ppo_continuous_hopfield_node3_final_seed_1024,1024,1,1.1664071083068848,-4.0
ppo_continuous_hopfield_node3_final_seed_1024,1024,2,0.9506634473800659,-4.0
ppo_continuous_hopfield_node3_final_seed_1024,1024,3,0.9298999309539795,-4.0
ppo_continuous_hopfield_node3_final_seed_1024,1024,4,0.8470178842544556,-4.0
ppo_continuous_hopfield_node3_final_seed_1024,1024,5,0.6979888677597046,-4.0
ppo_continuous_hopfield_node3_final_seed_1024,1024,6,0.6692385673522949,-4.0
ppo_continuous_hopfield_node3_final_seed_1024,1024,7,0.5972809791564941,0.7699766159057617
ppo_continuous_hopfield_node3_final_seed_1024,1024,8,0.5493237972259521,0.3311711549758911
ppo_continuous_hopfield_node3_final_seed_1024,1024,9,0.5150768756866455,0.08385714888572693
ppo_continuous_hopfield_node3_final_seed_1024,1024,10,0.4909577965736389,-0.08689917623996735
ppo_continuous_hopfield_node3_final_seed_1024,1024,11,0.4835602343082428,-0.19404274225234985
ppo_continuous_hopfield_node3_final_seed_1024,1024,12,0.47452259063720703,-0.2608237564563751
ppo_continuous_hopfield_node3_final_seed_1024,1024,13,0.4642801880836487,-0.30020594596862793
ppo_continuous_hopfield_node3_final_seed_1024,1024,14,0.4531506597995758,-0.32129672169685364
ppo_continuous_hopfield_node3_final_seed_1024,1024,15,0.4413764774799347,-0.33001089096069336
ppo_continuous_hopfield_node3_final_seed_1024,1024,16,0.42914679646492004,-0.33032405376434326
ppo_continuous_hopfield_node3_final_seed_1024,1024,17,0.41661253571510315,-0.3249322474002838
ppo_continuous_hopfield_node3_final_seed_1024,1024,18,0.40389731526374817,-0.315702885389328
ppo_continuous_hopfield_node3_final_seed_1024,1024,19,0.3911018967628479,-0.30397385358810425
ppo_continuous_hopfield_node3_final_seed_1024,1024,20,0.3783094584941864,-0.29068318009376526
ppo_continuous_hopfield_node3_final_seed_1024,1024,21,0.36848992109298706,-0.27652114629745483
ppo_continuous_hopfield_node3_final_seed_1024,1024,22,0.35905128717422485,-0.261976420879364
ppo_continuous_hopfield_node3_final_seed_1024,1024,23,0.3495110273361206,-0.24741104245185852
ppo_continuous_hopfield_node3_final_seed_1024,1024,24,0.3398894667625427,-0.23307374119758606
ppo_continuous_hopfield_node3_final_seed_1024,1024,25,0.33021295070648193,-0.21915912628173828
ppo_continuous_hopfield_node3_final_seed_1024,1024,26,0.3205096125602722,-0.20577290654182434
ppo_continuous_hopfield_node3_final_seed_1024,1024,27,0.3108088970184326,-0.19300627708435059
ppo_continuous_hopfield_node3_final_seed_1024,1024,28,0.3011398911476135,-0.18090090155601501
ppo_continuous_hopfield_node3_final_seed_1024,1024,29,0.2915302515029907,-0.16947850584983826
ppo_continuous_hopfield_node3_final_seed_1024,1024,30,0.28200626373291016,-0.158747136592865
ppo_continuous_hopfield_node3_final_seed_1024,1024,31,0.2725909352302551,-0.14869099855422974
ppo_continuous_hopfield_node3_final_seed_1024,1024,32,0.2633061408996582,-0.1393010914325714
ppo_continuous_hopfield_node3_final_seed_1024,1024,33,0.2541714310646057,-0.13055557012557983
ppo_continuous_hopfield_node3_final_seed_1024,1024,34,0.24520272016525269,-0.1224111020565033
ppo_continuous_hopfield_node3_final_seed_1024,1024,35,0.23641353845596313,-0.11484801769256592
ppo_continuous_hopfield_node3_final_seed_1024,1024,36,0.2278164029121399,-0.10781916975975037
ppo_continuous_hopfield_node3_final_seed_1024,1024,37,0.21942150592803955,-0.10132381319999695
ppo_continuous_hopfield_node3_final_seed_1024,1024,38,0.21123629808425903,-0.09528863430023193
ppo_continuous_hopfield_node3_final_seed_1024,1024,39,0.20326709747314453,-0.08972111344337463
ppo_continuous_hopfield_node3_final_seed_1024,1024,40,0.195517897605896,-0.08454838395118713
ppo_continuous_hopfield_node3_final_seed_1024,1024,41,0.1879933476448059,-0.07977823913097382
ppo_continuous_hopfield_node3_final_seed_1024,1024,42,0.18069493770599365,-0.075375035405159
ppo_continuous_hopfield_node3_final_seed_1024,1024,43,0.17362290620803833,-0.07129427790641785
ppo_continuous_hopfield_node3_final_seed_1024,1024,44,0.16677767038345337,-0.06753580272197723
ppo_continuous_hopfield_node3_final_seed_1024,1024,45,0.1601576805114746,-0.064054936170578
ppo_continuous_hopfield_node3_final_seed_1024,1024,46,0.153761625289917,-0.06085239350795746
ppo_continuous_hopfield_node3_final_seed_1024,1024,47,0.14758604764938354,-0.05789017677307129
ppo_continuous_hopfield_node3_final_seed_1024,1024,48,0.14162802696228027,-0.05515514314174652
ppo_continuous_hopfield_node3_final_seed_1024,1024,49,0.13588476181030273,-0.052641719579696655
ppo_continuous_hopfield_node3_final_seed_1024,1024,50,0.13035118579864502,-0.050322070717811584
ppo_continuous_hopfield_node3_final_seed_1024,1024,51,0.12502342462539673,-0.04819108545780182
ppo_continuous_hopfield_node3_final_seed_1024,1024,52,0.11989772319793701,-0.04623544216156006
ppo_continuous_hopfield_node3_final_seed_1024,1024,53,0.11496847867965698,-0.044439494609832764
ppo_continuous_hopfield_node3_final_seed_1024,1024,54,0.11023133993148804,-0.04279595613479614
ppo_continuous_hopfield_node3_final_seed_1024,1024,55,0.10568171739578247,-0.041295647621154785
ppo_continuous_hopfield_node3_final_seed_1024,1024,56,0.10131537914276123,-0.03994472324848175
ppo_continuous_hopfield_node3_final_seed_1024,1024,57,0.09712636470794678,-0.03871379792690277
ppo_continuous_hopfield_node3_final_seed_1024,1024,58,0.09311038255691528,-0.037602826952934265
ppo_continuous_hopfield_node3_final_seed_1024,1024,59,0.08926206827163696,-0.03661756217479706
ppo_continuous_hopfield_node3_final_seed_1024,1024,60,0.08557760715484619,-0.03574690222740173
ppo_continuous_hopfield_node3_final_seed_1024,1024,61,0.08205276727676392,-0.034991905093193054
ppo_continuous_hopfield_node3_final_seed_1024,1024,62,0.07868295907974243,-0.03434816002845764
ppo_continuous_hopfield_node3_final_seed_1024,1024,63,0.07546406984329224,-0.033803313970565796
ppo_continuous_hopfield_node3_final_seed_1024,1024,64,0.07239270210266113,-0.03336964547634125
ppo_continuous_hopfield_node3_final_seed_1024,1024,65,0.069464772939682,-0.03303453326225281
ppo_continuous_hopfield_node3_final_seed_1024,1024,66,0.06667777895927429,-0.03279931843280792
ppo_continuous_hopfield_node3_final_seed_1024,1024,67,0.06402832269668579,-0.03266751766204834
ppo_continuous_hopfield_node3_final_seed_1024,1024,68,0.06151297688484192,-0.032610759139060974
ppo_continuous_hopfield_node3_final_seed_1024,1024,69,0.05912947654724121,-0.03264075517654419
ppo_continuous_hopfield_node3_final_seed_1024,1024,70,0.05687454342842102,-0.03273753821849823
ppo_continuous_hopfield_node3_final_seed_1024,1024,71,0.05474501848220825,-0.03287288546562195
ppo_continuous_hopfield_node3_final_seed_1024,1024,72,0.05273754894733429,-0.03303949534893036
ppo_continuous_hopfield_node3_final_seed_1024,1024,73,0.0508480966091156,-0.03318381309509277
ppo_continuous_hopfield_node3_final_seed_1024,1024,74,0.049072086811065674,-0.033275991678237915
ppo_continuous_hopfield_node3_final_seed_1024,1024,75,0.047403499484062195,-0.03325623273849487
ppo_continuous_hopfield_node3_final_seed_1024,1024,76,0.045835357159376144,-0.03306551277637482
ppo_continuous_hopfield_node3_final_seed_1024,1024,77,0.04435892030596733,-0.03265361487865448
ppo_continuous_hopfield_node3_final_seed_1024,1024,78,0.042964667081832886,-0.03196689486503601
ppo_continuous_hopfield_node3_final_seed_1024,1024,79,0.04164356738328934,-0.03101116418838501
ppo_continuous_hopfield_node3_final_seed_1024,1024,80,0.040572624653577805,-0.029825150966644287
ppo_continuous_hopfield_node3_final_seed_1024,1024,81,0.04033675044775009,-0.02851875126361847
ppo_continuous_hopfield_node3_final_seed_1024,1024,82,0.04017973691225052,-0.027263924479484558
ppo_continuous_hopfield_node3_final_seed_1024,1024,83,0.040081530809402466,-0.026241853833198547
ppo_continuous_hopfield_node3_final_seed_1024,1024,84,0.04001830518245697,-0.025606662034988403
ppo_continuous_hopfield_node3_final_seed_1024,1024,85,0.03996403142809868,-0.025425806641578674
ppo_continuous_hopfield_node3_final_seed_1024,1024,86,0.039894044399261475,-0.025653719902038574
ppo_continuous_hopfield_node3_final_seed_1024,1024,87,0.03978817164897919,-0.026168346405029297
ppo_continuous_hopfield_node3_final_seed_1024,1024,88,0.03963184356689453,-0.026819825172424316
ppo_continuous_hopfield_node3_final_seed_1024,1024,89,0.03941693902015686,-0.027461647987365723
ppo_continuous_hopfield_node3_final_seed_1024,1024,90,0.039140939712524414,-0.027990400791168213
ppo_continuous_hopfield_node3_final_seed_1024,1024,91,0.038804590702056885,-0.028351515531539917
ppo_continuous_hopfield_node3_final_seed_1024,1024,92,0.03841176629066467,-0.028512954711914062
ppo_continuous_hopfield_node3_final_seed_1024,1024,93,0.037967830896377563,-0.028478160500526428
ppo_continuous_hopfield_node3_final_seed_1024,1024,94,0.03747880458831787,-0.028270021080970764
ppo_continuous_hopfield_node3_final_seed_1024,1024,95,0.036950498819351196,-0.027912214398384094
ppo_continuous_hopfield_node3_final_seed_1024,1024,96,0.03638887405395508,-0.02743084728717804
ppo_continuous_hopfield_node3_final_seed_1024,1024,97,0.035799264907836914,-0.026854559779167175
ppo_continuous_hopfield_node3_final_seed_1024,1024,98,0.0351865291595459,-0.026210278272628784
ppo_continuous_hopfield_node3_final_seed_1024,1024,99,0.03455537557601929,-0.02551586925983429
ppo_continuous_hopfield_node3_final_seed_1024,1024,100,0.03390893340110779,-0.024798735976219177
ppo_continuous_hopfield_node3_final_seed_1024,1024,101,0.03325125575065613,-0.024057522416114807
ppo_continuous_hopfield_node3_final_seed_1024,1024,102,0.0325847864151001,-0.023318752646446228
ppo_continuous_hopfield_node3_final_seed_1024,1024,103,0.03191208839416504,-0.02258402109146118
ppo_continuous_hopfield_node3_final_seed_1024,1024,104,0.03123539686203003,-0.021857112646102905
ppo_continuous_hopfield_node3_final_seed_1024,1024,105,0.030556321144104004,-0.021149039268493652
ppo_continuous_hopfield_node3_final_seed_1024,1024,106,0.029876619577407837,-0.020457133650779724
ppo_continuous_hopfield_node3_final_seed_1024,1024,107,0.029197603464126587,-0.019786939024925232
ppo_continuous_hopfield_node3_final_seed_1024,1024,108,0.028520941734313965,-0.019136756658554077
ppo_continuous_hopfield_node3_final_seed_1024,1024,109,0.027847394347190857,-0.018514856696128845
ppo_continuous_hopfield_node3_final_seed_1024,1024,110,0.027178362011909485,-0.017913147807121277
ppo_continuous_hopfield_node3_final_seed_1024,1024,111,0.02651505172252655,-0.017337769269943237
ppo_continuous_hopfield_node3_final_seed_1024,1024,112,0.025858387351036072,-0.016792073845863342
ppo_continuous_hopfield_node3_final_seed_1024,1024,113,0.02520965039730072,-0.016273856163024902
ppo_continuous_hopfield_node3_final_seed_1024,1024,114,0.024570003151893616,-0.015790313482284546
ppo_continuous_hopfield_node3_final_seed_1024,1024,115,0.02394028753042221,-0.015344008803367615
ppo_continuous_hopfield_node3_final_seed_1024,1024,116,0.02332182228565216,-0.014936640858650208
ppo_continuous_hopfield_node3_final_seed_1024,1024,117,0.022715270519256592,-0.014575928449630737
ppo_continuous_hopfield_node3_final_seed_1024,1024,118,0.02212134376168251,-0.0142601877450943
ppo_continuous_hopfield_node3_final_seed_1024,1024,119,0.021540850400924683,-0.013991966843605042
ppo_continuous_hopfield_node3_final_seed_1024,1024,120,0.02097407542169094,-0.013774976134300232
ppo_continuous_hopfield_node3_final_seed_1024,1024,121,0.02042120322585106,-0.013604491949081421
ppo_continuous_hopfield_node3_final_seed_1024,1024,122,0.01988208293914795,-0.013476178050041199
ppo_continuous_hopfield_node3_final_seed_1024,1024,123,0.01935669779777527,-0.01338130235671997
ppo_continuous_hopfield_node3_final_seed_1024,1024,124,0.018844813108444214,-0.013314411044120789
ppo_continuous_hopfield_node3_final_seed_1024,1024,125,0.018346097320318222,-0.01326531171798706
ppo_continuous_hopfield_node3_final_seed_1024,1024,126,0.01786041259765625,-0.013223260641098022
ppo_continuous_hopfield_node3_final_seed_1024,1024,127,0.01738756150007248,-0.01318146288394928
ppo_continuous_hopfield_node3_final_seed_1024,1024,128,0.016927577555179596,-0.013130664825439453
ppo_continuous_hopfield_node3_final_seed_1024,1024,129,0.016480490565299988,-0.013066858053207397
ppo_continuous_hopfield_node3_final_seed_1024,1024,130,0.01604650914669037,-0.01298549771308899
ppo_continuous_hopfield_node3_final_seed_1024,1024,131,0.01570449024438858,-0.012885510921478271
ppo_continuous_hopfield_node3_final_seed_1024,1024,132,0.01538221538066864,-0.012766078114509583
ppo_continuous_hopfield_node3_final_seed_1024,1024,133,0.015064135193824768,-0.01262730360031128
ppo_continuous_hopfield_node3_final_seed_1024,1024,134,0.014750108122825623,-0.012474864721298218
ppo_continuous_hopfield_node3_final_seed_1024,1024,135,0.014439821243286133,-0.01230660080909729
ppo_continuous_hopfield_node3_final_seed_1024,1024,136,0.014133274555206299,-0.012127995491027832
ppo_continuous_hopfield_node3_final_seed_1024,1024,137,0.013830572366714478,-0.011942431330680847
ppo_continuous_hopfield_node3_final_seed_1024,1024,138,0.01353195309638977,-0.011750683188438416
ppo_continuous_hopfield_node3_final_seed_1024,1024,139,0.013237625360488892,-0.011554911732673645
ppo_continuous_hopfield_node3_final_seed_1024,1024,140,0.012948140501976013,-0.01136055588722229
ppo_continuous_hopfield_node3_final_seed_1024,1024,141,0.012663796544075012,-0.011166498064994812
ppo_continuous_hopfield_node3_final_seed_1024,1024,142,0.012384951114654541,-0.010972902178764343
ppo_continuous_hopfield_node3_final_seed_1024,1024,143,0.012112215161323547,-0.010785028338432312
ppo_continuous_hopfield_node3_final_seed_1024,1024,144,0.011845886707305908,-0.010598182678222656
ppo_continuous_hopfield_node3_final_seed_1024,1024,145,0.011586420238018036,-0.010418713092803955
ppo_continuous_hopfield_node3_final_seed_1024,1024,146,0.011334061622619629,-0.010242283344268799
ppo_continuous_hopfield_node3_final_seed_1024,1024,147,0.011089161038398743,-0.010069325566291809
ppo_continuous_hopfield_node3_final_seed_1024,1024,148,0.010852105915546417,-0.009904131293296814
ppo_continuous_hopfield_node3_final_seed_1024,1024,149,0.010623008012771606,-0.00974169373512268
ppo_continuous_hopfield_node3_final_seed_1024,1024,150,0.010476864874362946,-0.009584233164787292
ppo_continuous_hopfield_node3_final_seed_1024,1024,151,0.010348960757255554,-0.009430930018424988
ppo_continuous_hopfield_node3_final_seed_1024,1024,152,0.010231949388980865,-0.009282618761062622
ppo_continuous_hopfield_node3_final_seed_1024,1024,153,0.010125119239091873,-0.009137064218521118
ppo_continuous_hopfield_node3_final_seed_1024,1024,154,0.01002761721611023,-0.008995458483695984
ppo_continuous_hopfield_node3_final_seed_1024,1024,155,0.009938597679138184,-0.008857309818267822
ppo_continuous_hopfield_node3_final_seed_1024,1024,156,0.009857196360826492,-0.008722350001335144
ppo_continuous_hopfield_node3_final_seed_1024,1024,157,0.009782571345567703,-0.008590549230575562
ppo_continuous_hopfield_node3_final_seed_1024,1024,158,0.009713919833302498,-0.00846204161643982
ppo_continuous_hopfield_node3_final_seed_1024,1024,159,0.009650347754359245,-0.008337154984474182
ppo_continuous_hopfield_node3_final_seed_1024,1024,160,0.00959105510264635,-0.008214414119720459
ppo_continuous_hopfield_node3_final_seed_1024,1024,161,0.009535232558846474,-0.008094191551208496
ppo_continuous_hopfield_node3_final_seed_1024,1024,162,0.009482229128479958,-0.007976427674293518
ppo_continuous_hopfield_node3_final_seed_1024,1024,163,0.009431226179003716,-0.007862240076065063
ppo_continuous_hopfield_node3_final_seed_1024,1024,164,0.009381639771163464,-0.00774933397769928
ppo_continuous_hopfield_node3_final_seed_1024,1024,165,0.009332825429737568,-0.007639080286026001
ppo_continuous_hopfield_node3_final_seed_1024,1024,166,0.00928423274308443,-0.007530570030212402
ppo_continuous_hopfield_node3_final_seed_1024,1024,167,0.009235400706529617,-0.00742378830909729
ppo_continuous_hopfield_node3_final_seed_1024,1024,168,0.009185848757624626,-0.007319122552871704
ppo_continuous_hopfield_node3_final_seed_1024,1024,169,0.009135210886597633,-0.007215589284896851
ppo_continuous_hopfield_node3_final_seed_1024,1024,170,0.00908316858112812,-0.007113531231880188
ppo_continuous_hopfield_node3_final_seed_1024,1024,171,0.009029440581798553,-0.007012888789176941
ppo_continuous_hopfield_node3_final_seed_1024,1024,172,0.008973818272352219,-0.006913080811500549
ppo_continuous_hopfield_node3_final_seed_1024,1024,173,0.008916135877370834,-0.006814435124397278
ppo_continuous_hopfield_node3_final_seed_1024,1024,174,0.008856277912855148,-0.006716892123222351
ppo_continuous_hopfield_node3_final_seed_1024,1024,175,0.008794158697128296,-0.006620496511459351
ppo_continuous_hopfield_node3_final_seed_1024,1024,176,0.008729778230190277,-0.006524667143821716
ppo_continuous_hopfield_node3_final_seed_1024,1024,177,0.008663123473525047,-0.00643002986907959
ppo_continuous_hopfield_node3_final_seed_1024,1024,178,0.008594270795583725,-0.006336212158203125
ppo_continuous_hopfield_node3_final_seed_1024,1024,179,0.008523277938365936,-0.0062437355518341064
ppo_continuous_hopfield_node3_final_seed_1024,1024,180,0.008450264111161232,-0.006152018904685974
ppo_continuous_hopfield_node3_final_seed_1024,1024,181,0.008375376462936401,-0.00606149435043335
ppo_continuous_hopfield_node3_final_seed_1024,1024,182,0.008298770524561405,-0.005972340703010559
ppo_continuous_hopfield_node3_final_seed_1024,1024,183,0.008220640011131763,-0.0058841705322265625
ppo_continuous_hopfield_node3_final_seed_1024,1024,184,0.008141160011291504,-0.0057976096868515015
ppo_continuous_hopfield_node3_final_seed_1024,1024,185,0.008060567080974579,-0.005712226033210754
ppo_continuous_hopfield_node3_final_seed_1024,1024,186,0.007979084737598896,-0.005628272891044617
ppo_continuous_hopfield_node3_final_seed_1024,1024,187,0.007896944880485535,-0.005545824766159058
ppo_continuous_hopfield_node3_final_seed_1024,1024,188,0.00781439058482647,-0.005464792251586914
ppo_continuous_hopfield_node3_final_seed_1024,1024,189,0.007731677033007145,-0.005385160446166992
ppo_continuous_hopfield_node3_final_seed_1024,1024,190,0.0076490528881549835,-0.0053070783615112305
ppo_continuous_hopfield_node3_final_seed_1024,1024,191,0.007566765416413546,-0.005230367183685303
ppo_continuous_hopfield_node3_final_seed_1024,1024,192,0.0074850693345069885,-0.005155235528945923
ppo_continuous_hopfield_node3_final_seed_1024,1024,193,0.007404216565191746,-0.005081310868263245
ppo_continuous_hopfield_node3_final_seed_1024,1024,194,0.007324445992708206,-0.005008727312088013
ppo_continuous_hopfield_node3_final_seed_1024,1024,195,0.0072460053488612175,-0.004937425255775452
ppo_continuous_hopfield_node3_final_seed_1024,1024,196,0.0071691107004880905,-0.004867583513259888
ppo_continuous_hopfield_node3_final_seed_1024,1024,197,0.007094004191458225,-0.004798591136932373
ppo_continuous_hopfield_node3_final_seed_1024,1024,198,0.007020890712738037,-0.004730924963951111
ppo_continuous_hopfield_node3_final_seed_1024,1024,199,0.006949968636035919,-0.004664361476898193
ppo_continuous_hopfield_node3_final_seed_1024,1024,200,0.006881466135382652,-0.004598572850227356
ppo_continuous_hopfield_node3_final_seed_1024,1024,201,0.006815485656261444,-0.004534125328063965
ppo_continuous_hopfield_node3_final_seed_1024,1024,202,0.0067523084580898285,-0.004469439387321472
ppo_continuous_hopfield_node3_final_seed_1024,1024,203,0.006691977381706238,-0.0044071972370147705
ppo_continuous_hopfield_node3_final_seed_1024,1024,204,0.0066347382962703705,-0.004344746470451355
ppo_continuous_hopfield_node3_final_seed_1024,1024,205,0.006580624729394913,-0.004283905029296875
ppo_continuous_hopfield_node3_final_seed_1024,1024,206,0.006529815495014191,-0.004222840070724487
ppo_continuous_hopfield_node3_final_seed_1024,1024,207,0.006482396274805069,-0.004163041710853577
ppo_continuous_hopfield_node3_final_seed_1024,1024,208,0.006438452750444412,-0.004103824496269226
ppo_continuous_hopfield_node3_final_seed_1024,1024,209,0.006398048251867294,-0.0040454864501953125
ppo_continuous_hopfield_node3_final_seed_1024,1024,210,0.006361275911331177,-0.003987565636634827
ppo_continuous_hopfield_node3_final_seed_1024,1024,211,0.006328076124191284,-0.003930673003196716
ppo_continuous_hopfield_node3_final_seed_1024,1024,212,0.006298620253801346,-0.003873497247695923
ppo_continuous_hopfield_node3_final_seed_1024,1024,213,0.006272807717323303,-0.003818511962890625
ppo_continuous_hopfield_node3_final_seed_1024,1024,214,0.006250739097595215,-0.0037629157304763794
ppo_continuous_hopfield_node3_final_seed_1024,1024,215,0.006232347339391708,-0.0037091076374053955
ppo_continuous_hopfield_node3_final_seed_1024,1024,216,0.006217513233423233,-0.0036558210849761963
ppo_continuous_hopfield_node3_final_seed_1024,1024,217,0.006206385791301727,-0.0036018341779708862
ppo_continuous_hopfield_node3_final_seed_1024,1024,218,0.006198737770318985,-0.0035506337881088257
ppo_continuous_hopfield_node3_final_seed_1024,1024,219,0.006194546818733215,-0.0034988075494766235
ppo_continuous_hopfield_node3_final_seed_1024,1024,220,0.006193824112415314,-0.0034477263689041138
ppo_continuous_hopfield_node3_final_seed_1024,1024,221,0.006196163594722748,-0.0033991336822509766
ppo_continuous_hopfield_node3_final_seed_1024,1024,222,0.00620182603597641,-0.003346681594848633
ppo_continuous_hopfield_node3_final_seed_1024,1024,223,0.0062104687094688416,-0.0032992959022521973
ppo_continuous_hopfield_node3_final_seed_1024,1024,224,0.006221882998943329,-0.003252759575843811
ppo_continuous_hopfield_node3_final_seed_1024,1024,225,0.006236076354980469,-0.003204658627510071
ppo_continuous_hopfield_node3_final_seed_1024,1024,226,0.006252646446228027,-0.0031600594520568848
ppo_continuous_hopfield_node3_final_seed_1024,1024,227,0.0062715038657188416,-0.0031138360500335693
ppo_continuous_hopfield_node3_final_seed_1024,1024,228,0.0062923431396484375,-0.0030690133571624756
ppo_continuous_hopfield_node3_final_seed_1024,1024,229,0.006314978003501892,-0.0030243396759033203
ppo_continuous_hopfield_node3_final_seed_1024,1024,230,0.006339207291603088,-0.00298231840133667
ppo_continuous_hopfield_node3_final_seed_1024,1024,231,0.006364569067955017,-0.002941727638244629
ppo_continuous_hopfield_node3_final_seed_1024,1024,232,0.00639072060585022,-0.0029001832008361816
ppo_continuous_hopfield_node3_final_seed_1024,1024,233,0.006417296826839447,-0.0028594136238098145
ppo_continuous_hopfield_node3_final_seed_1024,1024,234,0.006444111466407776,-0.0028181523084640503
ppo_continuous_hopfield_node3_final_seed_1024,1024,235,0.0064705610275268555,-0.002780050039291382
ppo_continuous_hopfield_node3_final_seed_1024,1024,236,0.006496265530586243,-0.002740234136581421
ppo_continuous_hopfield_node3_final_seed_1024,1024,237,0.006520755589008331,-0.002701207995414734
ppo_continuous_hopfield_node3_final_seed_1024,1024,238,0.006543584167957306,-0.0026630759239196777
ppo_continuous_hopfield_node3_final_seed_1024,1024,239,0.006564252078533173,-0.002625182271003723
ppo_continuous_hopfield_node3_final_seed_1024,1024,240,0.006582081317901611,-0.002588897943496704
ppo_continuous_hopfield_node3_final_seed_1024,1024,241,0.006596624851226807,-0.0025500208139419556
ppo_continuous_hopfield_node3_final_seed_1024,1024,242,0.00660724937915802,-0.002512991428375244
ppo_continuous_hopfield_node3_final_seed_1024,1024,243,0.006613388657569885,-0.002475336194038391
ppo_continuous_hopfield_node3_final_seed_1024,1024,244,0.006614252924919128,-0.002438485622406006
ppo_continuous_hopfield_node3_final_seed_1024,1024,245,0.006609410047531128,-0.002399042248725891
ppo_continuous_hopfield_node3_final_seed_1024,1024,246,0.006598293781280518,-0.0023582875728607178
ppo_continuous_hopfield_node3_final_seed_1024,1024,247,0.006580039858818054,-0.002320617437362671
ppo_continuous_hopfield_node3_final_seed_1024,1024,248,0.006554216146469116,-0.0022799521684646606
ppo_continuous_hopfield_node3_final_seed_1024,1024,249,0.006519988179206848,-0.002239435911178589
ppo_continuous_hopfield_node3_final_seed_1024,1024,250,0.00647696852684021,-0.0021950602531433105
ppo_continuous_hopfield_node3_final_seed_1024,1024,251,0.006424710154533386,-0.002150505781173706
ppo_continuous_hopfield_node3_final_seed_1024,1024,252,0.006362423300743103,-0.002107769250869751
ppo_continuous_hopfield_node3_final_seed_1024,1024,253,0.006289839744567871,-0.002061024308204651
ppo_continuous_hopfield_node3_final_seed_1024,1024,254,0.0062896013259887695,-0.002015739679336548
ppo_continuous_hopfield_node3_final_seed_1024,1024,255,0.006297498941421509,-0.001969069242477417
ppo_continuous_hopfield_node3_final_seed_1024,1024,256,0.0062890201807022095,-0.0019186735153198242
ppo_continuous_hopfield_node3_final_seed_1024,1024,257,0.006262540817260742,-0.001877814531326294
ppo_continuous_hopfield_node3_final_seed_1024,1024,258,0.006217777729034424,-0.0018293410539627075
ppo_continuous_hopfield_node3_final_seed_1024,1024,259,0.006153762340545654,-0.0017869174480438232
ppo_continuous_hopfield_node3_final_seed_1024,1024,260,0.006070047616958618,-0.0017415732145309448
ppo_continuous_hopfield_node3_final_seed_1024,1024,261,0.005966246128082275,-0.0016991347074508667
ppo_continuous_hopfield_node3_final_seed_1024,1024,262,0.005841732025146484,-0.001662030816078186
ppo_continuous_hopfield_node3_final_seed_1024,1024,263,0.00569644570350647,-0.0016225874423980713
ppo_continuous_hopfield_node3_final_seed_1024,1024,264,0.0055303871631622314,-0.0015888214111328125
ppo_continuous_hopfield_node3_final_seed_1024,1024,265,0.0053435564041137695,-0.0015574395656585693
ppo_continuous_hopfield_node3_final_seed_1024,1024,266,0.005136340856552124,-0.0015290826559066772
ppo_continuous_hopfield_node3_final_seed_1024,1024,267,0.0049085915088653564,-0.0015062838792800903
ppo_continuous_hopfield_node3_final_seed_1024,1024,268,0.004660904407501221,-0.0014815330505371094
ppo_continuous_hopfield_node3_final_seed_1024,1024,269,0.004393935203552246,-0.0014593005180358887
ppo_continuous_hopfield_node3_final_seed_1024,1024,270,0.004108607769012451,-0.0014416277408599854
ppo_continuous_hopfield_node3_final_seed_1024,1024,271,0.0038046538829803467,-0.0014306306838989258
ppo_continuous_hopfield_node3_final_seed_1024,1024,272,0.0034839212894439697,-0.0014105886220932007
ppo_continuous_hopfield_node3_final_seed_1024,1024,273,0.0033442676067352295,-0.0013995170593261719
ppo_continuous_hopfield_node3_final_seed_1024,1024,274,0.003212541341781616,-0.001389920711517334
ppo_continuous_hopfield_node3_final_seed_1024,1024,275,0.003069639205932617,-0.0013690590858459473
ppo_continuous_hopfield_node3_final_seed_1024,1024,276,0.0029161572456359863,-0.0013590604066848755
ppo_continuous_hopfield_node3_final_seed_1024,1024,277,0.0027521848678588867,-0.0013377964496612549
ppo_continuous_hopfield_node3_final_seed_1024,1024,278,0.002577483654022217,-0.0013228803873062134
ppo_continuous_hopfield_node3_final_seed_1024,1024,279,0.002427518367767334,-0.0012889653444290161
ppo_continuous_hopfield_node3_final_seed_1024,1024,280,0.0023671984672546387,-0.0012684762477874756
ppo_continuous_hopfield_node3_final_seed_1024,1024,281,0.0023047327995300293,-0.0012332051992416382
ppo_continuous_hopfield_node3_final_seed_1024,1024,282,0.002240419387817383,-0.001193016767501831
ppo_continuous_hopfield_node3_final_seed_1024,1024,283,0.0021742582321166992,-0.0011520087718963623
ppo_continuous_hopfield_node3_final_seed_1024,1024,284,0.0021060705184936523,-0.0011071711778640747
ppo_continuous_hopfield_node3_final_seed_1024,1024,285,0.0020356178283691406,-0.001050904393196106
ppo_continuous_hopfield_node3_final_seed_1024,1024,286,0.0022628307342529297,-0.000995635986328125
ppo_continuous_hopfield_node3_final_seed_1024,1024,287,0.002720654010772705,-0.0009239464998245239
ppo_continuous_hopfield_node3_final_seed_1024,1024,288,0.003178894519805908,-0.0008582472801208496
ppo_continuous_hopfield_node3_final_seed_1024,1024,289,0.0036376118659973145,-0.0007857531309127808
ppo_continuous_hopfield_node3_final_seed_1024,1024,290,0.00409466028213501,-0.0006966292858123779
ppo_continuous_hopfield_node3_final_seed_1024,1024,291,0.004549860954284668,-0.000612795352935791
ppo_continuous_hopfield_node3_final_seed_1024,1024,292,0.005001366138458252,-0.0005186945199966431
ppo_continuous_hopfield_node3_final_seed_1024,1024,293,0.005448698997497559,-0.000428125262260437
ppo_continuous_hopfield_node3_final_seed_1024,1024,294,0.005890905857086182,-0.00033155083656311035
ppo_continuous_hopfield_node3_final_seed_1024,1024,295,0.006326913833618164,-0.00022841989994049072
ppo_continuous_hopfield_node3_final_seed_1024,1024,296,0.0067560672760009766,-0.00012399256229400635
ppo_continuous_hopfield_node3_final_seed_1024,1024,297,0.007176578044891357,-1.4007091522216797e-05
ppo_continuous_hopfield_node3_final_seed_1024,1024,298,0.007587730884552002,8.976459503173828e-05
ppo_continuous_hopfield_node3_final_seed_1024,1024,299,0.00798952579498291,0.00019380450248718262
ppo_continuous_hopfield_node3_final_seed_1024,1024,300,0.008378982543945312,0.0003111511468887329
ppo_continuous_hopfield_node3_final_seed_1024,1024,301,0.008757174015045166,0.0004081428050994873
ppo_continuous_hopfield_node3_final_seed_1024,1024,302,0.009120583534240723,0.0005230456590652466
ppo_continuous_hopfield_node3_final_seed_1024,1024,303,0.009469270706176758,0.0006136149168014526
ppo_continuous_hopfield_node3_final_seed_1024,1024,304,0.00980222225189209,0.0007098913192749023
ppo_continuous_hopfield_node3_final_seed_1024,1024,305,0.010117590427398682,0.0008046925067901611
ppo_continuous_hopfield_node3_final_seed_1024,1024,306,0.010413825511932373,0.0008918195962905884
ppo_continuous_hopfield_node3_final_seed_1024,1024,307,0.010690033435821533,0.0009696930646896362
ppo_continuous_hopfield_node3_final_seed_1024,1024,308,0.010943233966827393,0.0010452717542648315
ppo_continuous_hopfield_node3_final_seed_1024,1024,309,0.01117253303527832,0.0010983794927597046
ppo_continuous_hopfield_node3_final_seed_1024,1024,310,0.011374950408935547,0.0011458992958068848
ppo_continuous_hopfield_node3_final_seed_1024,1024,311,0.011549293994903564,0.0011734366416931152
ppo_continuous_hopfield_node3_final_seed_1024,1024,312,0.011693060398101807,0.0011917948722839355
ppo_continuous_hopfield_node3_final_seed_1024,1024,313,0.011803627014160156,0.00119820237159729
ppo_continuous_hopfield_node3_final_seed_1024,1024,314,0.011877477169036865,0.0011858046054840088
ppo_continuous_hopfield_node3_final_seed_1024,1024,315,0.01191219687461853,0.001145690679550171
ppo_continuous_hopfield_node3_final_seed_1024,1024,316,0.011904001235961914,0.001087576150894165
ppo_continuous_hopfield_node3_final_seed_1024,1024,317,0.011849403381347656,0.0010025501251220703
ppo_continuous_hopfield_node3_final_seed_1024,1024,318,0.01174473762512207,0.0008952617645263672
ppo_continuous_hopfield_node3_final_seed_1024,1024,319,0.011585354804992676,0.0007644444704055786
ppo_continuous_hopfield_node3_final_seed_1024,1024,320,0.011366665363311768,0.0006029754877090454
ppo_continuous_hopfield_node3_final_seed_1024,1024,321,0.01108434796333313,0.0004107356071472168
ppo_continuous_hopfield_node3_final_seed_1024,1024,322,0.010733872652053833,0.00019349157810211182
ppo_continuous_hopfield_node3_final_seed_1024,1024,323,0.010310769081115723,-4.678964614868164e-05
ppo_continuous_hopfield_node3_final_seed_1024,1024,324,0.009810864925384521,-0.00030857324600219727
ppo_continuous_hopfield_node3_final_seed_1024,1024,325,0.009230613708496094,-0.000588834285736084
ppo_continuous_hopfield_node3_final_seed_1024,1024,326,0.0085676908493042,-0.0008795708417892456
ppo_continuous_hopfield_node3_final_seed_1024,1024,327,0.007821664214134216,-0.0011721402406692505
ppo_continuous_hopfield_node3_final_seed_1024,1024,328,0.006993502378463745,-0.0014513880014419556
ppo_continuous_hopfield_node3_final_seed_1024,1024,329,0.0064562782645225525,-0.0017114132642745972
ppo_continuous_hopfield_node3_final_seed_1024,1024,330,0.005923749879002571,-0.0019277483224868774
ppo_continuous_hopfield_node3_final_seed_1024,1024,331,0.0053380317986011505,-0.0020880550146102905
ppo_continuous_hopfield_node3_final_seed_1024,1024,332,0.0047097234055399895,-0.00218084454536438
ppo_continuous_hopfield_node3_final_seed_1024,1024,333,0.004052538424730301,-0.002193152904510498
ppo_continuous_hopfield_node3_final_seed_1024,1024,334,0.0033813342452049255,-0.002121970057487488
ppo_continuous_hopfield_node3_final_seed_1024,1024,335,0.0027109310030937195,-0.001985684037208557
ppo_continuous_hopfield_node3_final_seed_1024,1024,336,0.0023175477981567383,-0.0018002092838287354
ppo_continuous_hopfield_node3_final_seed_1024,1024,337,0.0028628259897232056,-0.0016023814678192139
ppo_continuous_hopfield_node3_final_seed_1024,1024,338,0.0034036189317703247,-0.0014249086380004883
ppo_continuous_hopfield_node3_final_seed_1024,1024,339,0.004321478307247162,-0.0013030171394348145
ppo_continuous_hopfield_node3_final_seed_1024,1024,340,0.0051756612956523895,-0.0012503564357757568
ppo_continuous_hopfield_node3_final_seed_1024,1024,341,0.0059643760323524475,-0.001273810863494873
ppo_continuous_hopfield_node3_final_seed_1024,1024,342,0.006687670946121216,-0.001361250877380371
ppo_continuous_hopfield_node3_final_seed_1024,1024,343,0.0073461830615997314,-0.001498788595199585
ppo_continuous_hopfield_node3_final_seed_1024,1024,344,0.007940977811813354,-0.0016630738973617554
ppo_continuous_hopfield_node3_final_seed_1024,1024,345,0.008473411202430725,-0.0018325597047805786
ppo_continuous_hopfield_node3_final_seed_1024,1024,346,0.008944794535636902,-0.0019911527633666992
ppo_continuous_hopfield_node3_final_seed_1024,1024,347,0.009356319904327393,-0.002125382423400879
ppo_continuous_hopfield_node3_final_seed_1024,1024,348,0.009708955883979797,-0.002226009964942932
ppo_continuous_hopfield_node3_final_seed_1024,1024,349,0.010003790259361267,-0.002285376191139221
ppo_continuous_hopfield_node3_final_seed_1024,1024,350,0.010241866111755371,-0.0023020505905151367
ppo_continuous_hopfield_node3_final_seed_1024,1024,351,0.010424360632896423,-0.0022771209478378296
ppo_continuous_hopfield_node3_final_seed_1024,1024,352,0.010552391409873962,-0.0022135525941848755
ppo_continuous_hopfield_node3_final_seed_1024,1024,353,0.010627716779708862,-0.0021123886108398438
ppo_continuous_hopfield_node3_final_seed_1024,1024,354,0.010652124881744385,-0.0019827336072921753
ppo_continuous_hopfield_node3_final_seed_1024,1024,355,0.010628089308738708,-0.0018285363912582397
ppo_continuous_hopfield_node3_final_seed_1024,1024,356,0.010558463633060455,-0.0016586929559707642
ppo_continuous_hopfield_node3_final_seed_1024,1024,357,0.010446872562170029,-0.001479819416999817
ppo_continuous_hopfield_node3_final_seed_1024,1024,358,0.010297464206814766,-0.0013021677732467651
ppo_continuous_hopfield_node3_final_seed_1024,1024,359,0.01011514849960804,-0.0011333227157592773
ppo_continuous_hopfield_node3_final_seed_1024,1024,360,0.009905252605676651,-0.0009833574295043945
ppo_continuous_hopfield_node3_final_seed_1024,1024,361,0.009673699736595154,-0.0008587092161178589
ppo_continuous_hopfield_node3_final_seed_1024,1024,362,0.009426377713680267,-0.0007675290107727051
ppo_continuous_hopfield_node3_final_seed_1024,1024,363,0.009169524535536766,-0.0007115155458450317
ppo_continuous_hopfield_node3_final_seed_1024,1024,364,0.008908845484256744,-0.0006964951753616333
ppo_continuous_hopfield_node3_final_seed_1024,1024,365,0.00864969938993454,-0.0007192492485046387
ppo_continuous_hopfield_node3_final_seed_1024,1024,366,0.008396660909056664,-0.00077839195728302
ppo_continuous_hopfield_node3_final_seed_1024,1024,367,0.008153351955115795,-0.0008686035871505737
ppo_continuous_hopfield_node3_final_seed_1024,1024,368,0.007922613993287086,-0.0009815692901611328
ppo_continuous_hopfield_node3_final_seed_1024,1024,369,0.007706243544816971,-0.0011121183633804321
ppo_continuous_hopfield_node3_final_seed_1024,1024,370,0.007504936307668686,-0.001253753900527954
ppo_continuous_hopfield_node3_final_seed_1024,1024,371,0.007318682968616486,-0.0013969987630844116
ppo_continuous_hopfield_node3_final_seed_1024,1024,372,0.007215484976768494,-0.0015362203121185303
ppo_continuous_hopfield_node3_final_seed_1024,1024,373,0.0071239173412323,-0.001669168472290039
ppo_continuous_hopfield_node3_final_seed_1024,1024,374,0.007025808095932007,-0.001786455512046814
ppo_continuous_hopfield_node3_final_seed_1024,1024,375,0.006920084357261658,-0.0018941015005111694
ppo_continuous_hopfield_node3_final_seed_1024,1024,376,0.006806537508964539,-0.001980915665626526
ppo_continuous_hopfield_node3_final_seed_1024,1024,377,0.006684243679046631,-0.002056404948234558
ppo_continuous_hopfield_node3_final_seed_1024,1024,378,0.006553038954734802,-0.00211159884929657
ppo_continuous_hopfield_node3_final_seed_1024,1024,379,0.006412684917449951,-0.0021530240774154663
ppo_continuous_hopfield_node3_final_seed_1024,1024,380,0.006262347102165222,-0.0021844953298568726
ppo_continuous_hopfield_node3_final_seed_1024,1024,381,0.0061026811599731445,-0.0021929293870925903
ppo_continuous_hopfield_node3_final_seed_1024,1024,382,0.005932748317718506,-0.002200707793235779
ppo_continuous_hopfield_node3_final_seed_1024,1024,383,0.005753368139266968,-0.002188637852668762
ppo_continuous_hopfield_node3_final_seed_1024,1024,384,0.005564063787460327,-0.002175629138946533
ppo_continuous_hopfield_node3_final_seed_1024,1024,385,0.005365461111068726,-0.0021498948335647583
ppo_continuous_hopfield_node3_final_seed_1024,1024,386,0.005157589912414551,-0.002126246690750122
ppo_continuous_hopfield_node3_final_seed_1024,1024,387,0.004940599203109741,-0.002094060182571411
ppo_continuous_hopfield_node3_final_seed_1024,1024,388,0.004715085029602051,-0.0020573586225509644
ppo_continuous_hopfield_node3_final_seed_1024,1024,389,0.004481703042984009,-0.002021417021751404
ppo_continuous_hopfield_node3_final_seed_1024,1024,390,0.004240542650222778,-0.001983955502510071
ppo_continuous_hopfield_node3_final_seed_1024,1024,391,0.003992408514022827,-0.0019443482160568237
ppo_continuous_hopfield_node3_final_seed_1024,1024,392,0.0037377476692199707,-0.0019060224294662476
ppo_continuous_hopfield_node3_final_seed_1024,1024,393,0.0034770965576171875,-0.0018678605556488037
ppo_continuous_hopfield_node3_final_seed_1024,1024,394,0.0032289624214172363,-0.0018295645713806152
ppo_continuous_hopfield_node3_final_seed_1024,1024,395,0.003165632486343384,-0.0017910301685333252
ppo_continuous_hopfield_node3_final_seed_1024,1024,396,0.003100842237472534,-0.0017513036727905273
ppo_continuous_hopfield_node3_final_seed_1024,1024,397,0.003034532070159912,-0.0017140209674835205
ppo_continuous_hopfield_node3_final_seed_1024,1024,398,0.0029667913913726807,-0.0016702115535736084
ppo_continuous_hopfield_node3_final_seed_1024,1024,399,0.0028978586196899414,-0.0016335546970367432
ppo_continuous_hopfield_node3_final_seed_1024,1024,400,0.0028275251388549805,-0.0015880763530731201
ppo_continuous_hopfield_node3_final_seed_123,123,0,1.5996227264404297,0.0
ppo_continuous_hopfield_node3_final_seed_123,123,1,1.1664071083068848,-4.0
ppo_continuous_hopfield_node3_final_seed_123,123,2,0.9506634473800659,-4.0
ppo_continuous_hopfield_node3_final_seed_123,123,3,0.9298999309539795,-4.0
ppo_continuous_hopfield_node3_final_seed_123,123,4,0.8470178842544556,-4.0
ppo_continuous_hopfield_node3_final_seed_123,123,5,0.6979888677597046,-4.0
ppo_continuous_hopfield_node3_final_seed_123,123,6,0.6692385673522949,-4.0
ppo_continuous_hopfield_node3_final_seed_123,123,7,0.8286523222923279,-4.0
ppo_continuous_hopfield_node3_final_seed_123,123,8,0.6081129312515259,3.574279546737671
ppo_continuous_hopfield_node3_final_seed_123,123,9,0.5992246866226196,-0.5674187541007996
ppo_continuous_hopfield_node3_final_seed_123,123,10,0.5156767964363098,0.9530660510063171
ppo_continuous_hopfield_node3_final_seed_123,123,11,0.4954775869846344,-0.2689346671104431
ppo_continuous_hopfield_node3_final_seed_123,123,12,0.45803552865982056,0.10131089389324188
ppo_continuous_hopfield_node3_final_seed_123,123,13,0.4400399923324585,-0.2589558959007263
ppo_continuous_hopfield_node3_final_seed_123,123,14,0.41877058148384094,-0.17121689021587372
ppo_continuous_hopfield_node3_final_seed_123,123,15,0.40380027890205383,-0.2748730778694153
ppo_continuous_hopfield_node3_final_seed_123,123,16,0.38864317536354065,-0.25116443634033203
ppo_continuous_hopfield_node3_final_seed_123,123,17,0.37571093440055847,-0.2761687934398651
ppo_continuous_hopfield_node3_final_seed_123,123,18,0.3631061613559723,-0.26427239179611206
ppo_continuous_hopfield_node3_final_seed_123,123,19,0.3513947129249573,-0.26417696475982666
ppo_continuous_hopfield_node3_final_seed_123,123,20,0.3400019109249115,-0.25320005416870117
ppo_continuous_hopfield_node3_final_seed_123,123,21,0.32904183864593506,-0.24493619799613953
ppo_continuous_hopfield_node3_final_seed_123,123,22,0.31833434104919434,-0.23352870345115662
ppo_continuous_hopfield_node3_final_seed_123,123,23,0.3078956604003906,-0.22285184264183044
ppo_continuous_hopfield_node3_final_seed_123,123,24,0.2976682782173157,-0.21145038306713104
ppo_continuous_hopfield_node3_final_seed_123,123,25,0.2876545190811157,-0.2004888355731964
ppo_continuous_hopfield_node3_final_seed_123,123,26,0.27783888578414917,-0.18963344395160675
ppo_continuous_hopfield_node3_final_seed_123,123,27,0.2682231664657593,-0.1792186051607132
ppo_continuous_hopfield_node3_final_seed_123,123,28,0.2588070034980774,-0.16921186447143555
ppo_continuous_hopfield_node3_final_seed_123,123,29,0.24959427118301392,-0.15968653559684753
ppo_continuous_hopfield_node3_final_seed_123,123,30,0.2405899167060852,-0.1506788432598114
ppo_continuous_hopfield_node3_final_seed_123,123,31,0.23179680109024048,-0.14215266704559326
ppo_continuous_hopfield_node3_final_seed_123,123,32,0.22322195768356323,-0.1341632604598999
ppo_continuous_hopfield_node3_final_seed_123,123,33,0.21486860513687134,-0.12667173147201538
ppo_continuous_hopfield_node3_final_seed_123,123,34,0.20673996210098267,-0.11964228749275208
ppo_continuous_hopfield_node3_final_seed_123,123,35,0.1988402009010315,-0.11311408877372742
ppo_continuous_hopfield_node3_final_seed_123,123,36,0.19117099046707153,-0.10700586438179016
ppo_continuous_hopfield_node3_final_seed_123,123,37,0.18373513221740723,-0.10136685520410538
ppo_continuous_hopfield_node3_final_seed_123,123,38,0.17653197050094604,-0.09609025716781616
ppo_continuous_hopfield_node3_final_seed_123,123,39,0.16956305503845215,-0.0912507027387619
ppo_continuous_hopfield_node3_final_seed_123,123,40,0.16282588243484497,-0.08672033995389938
ppo_continuous_hopfield_node3_final_seed_123,123,41,0.15632176399230957,-0.08258060365915298
ppo_continuous_hopfield_node3_final_seed_123,123,42,0.15004748106002808,-0.07874086499214172
ppo_continuous_hopfield_node3_final_seed_123,123,43,0.14400088787078857,-0.07520519196987152
ppo_continuous_hopfield_node3_final_seed_123,123,44,0.1381780505180359,-0.0719575583934784
ppo_continuous_hopfield_node3_final_seed_123,123,45,0.13257628679275513,-0.06894726306200027
ppo_continuous_hopfield_node3_final_seed_123,123,46,0.12719327211380005,-0.06624019891023636
ppo_continuous_hopfield_node3_final_seed_123,123,47,0.12202274799346924,-0.06370838731527328
ppo_continuous_hopfield_node3_final_seed_123,123,48,0.11706143617630005,-0.06143048778176308
ppo_continuous_hopfield_node3_final_seed_123,123,49,0.11230385303497314,-0.05932328477501869
ppo_continuous_hopfield_node3_final_seed_123,123,50,0.10774552822113037,-0.05742955580353737
ppo_continuous_hopfield_node3_final_seed_123,123,51,0.10338044166564941,-0.05569159612059593
ppo_continuous_hopfield_node3_final_seed_123,123,52,0.09920471906661987,-0.054132845252752304
ppo_continuous_hopfield_node3_final_seed_123,123,53,0.09521317481994629,-0.052728038281202316
ppo_continuous_hopfield_node3_final_seed_123,123,54,0.09140092134475708,-0.05147828534245491
ppo_continuous_hopfield_node3_final_seed_123,123,55,0.08776211738586426,-0.05035565420985222
ppo_continuous_hopfield_node3_final_seed_123,123,56,0.08429211378097534,-0.049375828355550766
ppo_continuous_hopfield_node3_final_seed_123,123,57,0.0809851884841919,-0.048514459282159805
ppo_continuous_hopfield_node3_final_seed_123,123,58,0.07783681154251099,-0.04777565225958824
ppo_continuous_hopfield_node3_final_seed_123,123,59,0.07484167814254761,-0.04714632406830788
ppo_continuous_hopfield_node3_final_seed_123,123,60,0.07199627161026001,-0.04664909467101097
ppo_continuous_hopfield_node3_final_seed_123,123,61,0.06929504871368408,-0.046245772391557693
ppo_continuous_hopfield_node3_final_seed_123,123,62,0.06673383712768555,-0.04595028981566429
ppo_continuous_hopfield_node3_final_seed_123,123,63,0.06430870294570923,-0.04575236514210701
ppo_continuous_hopfield_node3_final_seed_123,123,64,0.062015384435653687,-0.04565952345728874
ppo_continuous_hopfield_node3_final_seed_123,123,65,0.05985027551651001,-0.04566076025366783
ppo_continuous_hopfield_node3_final_seed_123,123,66,0.05780982971191406,-0.045754898339509964
ppo_continuous_hopfield_node3_final_seed_123,123,67,0.055889785289764404,-0.04593433067202568
ppo_continuous_hopfield_node3_final_seed_123,123,68,0.054086118936538696,-0.0461742989718914
ppo_continuous_hopfield_node3_final_seed_123,123,69,0.05239635705947876,-0.04649989679455757
ppo_continuous_hopfield_node3_final_seed_123,123,70,0.05081620812416077,-0.046869438141584396
ppo_continuous_hopfield_node3_final_seed_123,123,71,0.04934126138687134,-0.04725504294037819
ppo_continuous_hopfield_node3_final_seed_123,123,72,0.047967225313186646,-0.04765782132744789
ppo_continuous_hopfield_node3_final_seed_123,123,73,0.04668809473514557,-0.04799790307879448
ppo_continuous_hopfield_node3_final_seed_123,123,74,0.04549799859523773,-0.04827119782567024
ppo_continuous_hopfield_node3_final_seed_123,123,75,0.04438813030719757,-0.048373330384492874
ppo_continuous_hopfield_node3_final_seed_123,123,76,0.04334963858127594,-0.04827691242098808
ppo_continuous_hopfield_node3_final_seed_123,123,77,0.042370688170194626,-0.047887302935123444
ppo_continuous_hopfield_node3_final_seed_123,123,78,0.04143838211894035,-0.04715549200773239
ppo_continuous_hopfield_node3_final_seed_123,123,79,0.04053936153650284,-0.04604191705584526
ppo_continuous_hopfield_node3_final_seed_123,123,80,0.039661064743995667,-0.04456904157996178
ppo_continuous_hopfield_node3_final_seed_123,123,81,0.03879235312342644,-0.042781129479408264
ppo_continuous_hopfield_node3_final_seed_123,123,82,0.03792732208967209,-0.040818724781274796
ppo_continuous_hopfield_node3_final_seed_123,123,83,0.03706410527229309,-0.03882269188761711
ppo_continuous_hopfield_node3_final_seed_123,123,84,0.03620591759681702,-0.03694402053952217
ppo_continuous_hopfield_node3_final_seed_123,123,85,0.035359933972358704,-0.035303227603435516
ppo_continuous_hopfield_node3_final_seed_123,123,86,0.034532930701971054,-0.033920325338840485
ppo_continuous_hopfield_node3_final_seed_123,123,87,0.03373098373413086,-0.03279151767492294
ppo_continuous_hopfield_node3_final_seed_123,123,88,0.03295773267745972,-0.031863268464803696
ppo_continuous_hopfield_node3_final_seed_123,123,89,0.03221428394317627,-0.031068211421370506
ppo_continuous_hopfield_node3_final_seed_123,123,90,0.031499505043029785,-0.030354656279087067
ppo_continuous_hopfield_node3_final_seed_123,123,91,0.030811697244644165,-0.02969249151647091
ppo_continuous_hopfield_node3_final_seed_123,123,92,0.0301477313041687,-0.02903902344405651
ppo_continuous_hopfield_node3_final_seed_123,123,93,0.029504776000976562,-0.028394682332873344
ppo_continuous_hopfield_node3_final_seed_123,123,94,0.028880268335342407,-0.027745727449655533
ppo_continuous_hopfield_node3_final_seed_123,123,95,0.028272032737731934,-0.02710149995982647
ppo_continuous_hopfield_node3_final_seed_123,123,96,0.027677714824676514,-0.026447847485542297
ppo_continuous_hopfield_node3_final_seed_123,123,97,0.027095884084701538,-0.025800257921218872
ppo_continuous_hopfield_node3_final_seed_123,123,98,0.026525497436523438,-0.025160249322652817
ppo_continuous_hopfield_node3_final_seed_123,123,99,0.025965332984924316,-0.024526404216885567
ppo_continuous_hopfield_node3_final_seed_123,123,100,0.025415033102035522,-0.023909613490104675
ppo_continuous_hopfield_node3_final_seed_123,123,101,0.024873822927474976,-0.02330050989985466
ppo_continuous_hopfield_node3_final_seed_123,123,102,0.024341672658920288,-0.022711779922246933
ppo_continuous_hopfield_node3_final_seed_123,123,103,0.023818254470825195,-0.02213822863996029
ppo_continuous_hopfield_node3_final_seed_123,123,104,0.023303240537643433,-0.021579429507255554
ppo_continuous_hopfield_node3_final_seed_123,123,105,0.022796690464019775,-0.021040884777903557
ppo_continuous_hopfield_node3_final_seed_123,123,106,0.022298663854599,-0.020518438890576363
ppo_continuous_hopfield_node3_final_seed_123,123,107,0.021808892488479614,-0.020011194050312042
ppo_continuous_hopfield_node3_final_seed_123,123,108,0.021327555179595947,-0.019520867615938187
ppo_continuous_hopfield_node3_final_seed_123,123,109,0.020854651927947998,-0.019046444445848465
ppo_continuous_hopfield_node3_final_seed_123,123,110,0.020390331745147705,-0.018588930368423462
ppo_continuous_hopfield_node3_final_seed_123,123,111,0.019934266805648804,-0.018140744417905807
ppo_continuous_hopfield_node3_final_seed_123,123,112,0.019486919045448303,-0.017712324857711792
ppo_continuous_hopfield_node3_final_seed_123,123,113,0.019048139452934265,-0.017296267673373222
ppo_continuous_hopfield_node3_final_seed_123,123,114,0.01861795037984848,-0.0168926864862442
ppo_continuous_hopfield_node3_final_seed_123,123,115,0.01819653809070587,-0.016509097069501877
ppo_continuous_hopfield_node3_final_seed_123,123,116,0.017784148454666138,-0.016138238832354546
ppo_continuous_hopfield_node3_final_seed_123,123,117,0.017381034791469574,-0.015792394056916237
ppo_continuous_hopfield_node3_final_seed_123,123,118,0.0169871523976326,-0.0154566103592515
ppo_continuous_hopfield_node3_final_seed_123,123,119,0.016602952033281326,-0.015146872960031033
ppo_continuous_hopfield_node3_final_seed_123,123,120,0.016228357329964638,-0.014852515421807766
ppo_continuous_hopfield_node3_final_seed_123,123,121,0.015863602980971336,-0.014578291215002537
ppo_continuous_hopfield_node3_final_seed_123,123,122,0.0155087411403656,-0.014323015697300434
ppo_continuous_hopfield_node3_final_seed_123,123,123,0.015163468196988106,-0.014079554006457329
ppo_continuous_hopfield_node3_final_seed_123,123,124,0.014827672392129898,-0.013848165981471539
ppo_continuous_hopfield_node3_final_seed_123,123,125,0.014501042664051056,-0.01362691167742014
ppo_continuous_hopfield_node3_final_seed_123,123,126,0.014182962477207184,-0.01340792141854763
ppo_continuous_hopfield_node3_final_seed_123,123,127,0.013873033225536346,-0.013192602433264256
ppo_continuous_hopfield_node3_final_seed_123,123,128,0.013570629060268402,-0.012975776568055153
ppo_continuous_hopfield_node3_final_seed_123,123,129,0.013275116682052612,-0.012755653820931911
ppo_continuous_hopfield_node3_final_seed_123,123,130,0.012985952198505402,-0.012532609514892101
ppo_continuous_hopfield_node3_final_seed_123,123,131,0.012702599167823792,-0.012304921634495258
ppo_continuous_hopfield_node3_final_seed_123,123,132,0.012424692511558533,-0.012076141312718391
ppo_continuous_hopfield_node3_final_seed_123,123,133,0.012151822447776794,-0.01184217631816864
ppo_continuous_hopfield_node3_final_seed_123,123,134,0.011883839964866638,-0.01160802785307169
ppo_continuous_hopfield_node3_final_seed_123,123,135,0.011620551347732544,-0.011373422108590603
ppo_continuous_hopfield_node3_final_seed_123,123,136,0.01136191189289093,-0.011140513233840466
ppo_continuous_hopfield_node3_final_seed_123,123,137,0.011107996106147766,-0.010911406017839909
ppo_continuous_hopfield_node3_final_seed_123,123,138,0.010858789086341858,-0.010683643631637096
ppo_continuous_hopfield_node3_final_seed_123,123,139,0.010614484548568726,-0.010462434031069279
ppo_continuous_hopfield_node3_final_seed_123,123,140,0.010375112295150757,-0.010245908983051777
ppo_continuous_hopfield_node3_final_seed_123,123,141,0.010140836238861084,-0.010033356957137585
ppo_continuous_hopfield_node3_final_seed_123,123,142,0.009911999106407166,-0.009829985909163952
ppo_continuous_hopfield_node3_final_seed_123,123,143,0.009688690304756165,-0.009631720371544361
ppo_continuous_hopfield_node3_final_seed_123,123,144,0.00947105884552002,-0.009438837878406048
ppo_continuous_hopfield_node3_final_seed_123,123,145,0.009259268641471863,-0.009254063479602337
ppo_continuous_hopfield_node3_final_seed_123,123,146,0.009053200483322144,-0.009070619009435177
ppo_continuous_hopfield_node3_final_seed_123,123,147,0.00885307788848877,-0.008895359002053738
ppo_continuous_hopfield_node3_final_seed_123,123,148,0.00865885615348816,-0.00872481893748045
ppo_continuous_hopfield_node3_final_seed_123,123,149,0.008470579981803894,-0.008557145483791828
ppo_continuous_hopfield_node3_final_seed_123,123,150,0.008288271725177765,-0.008397168479859829
ppo_continuous_hopfield_node3_final_seed_123,123,151,0.008111782371997833,-0.00823718961328268
ppo_continuous_hopfield_node3_final_seed_123,123,152,0.007941119372844696,-0.008084208704531193
ppo_continuous_hopfield_node3_final_seed_123,123,153,0.007776170969009399,-0.007932907901704311
ppo_continuous_hopfield_node3_final_seed_123,123,154,0.007616687566041946,-0.007784792222082615
ppo_continuous_hopfield_node3_final_seed_123,123,155,0.00746261328458786,-0.007639328949153423
ppo_continuous_hopfield_node3_final_seed_123,123,156,0.007313862442970276,-0.007499118335545063
ppo_continuous_hopfield_node3_final_seed_123,123,157,0.007170161232352257,-0.007359066978096962
ppo_continuous_hopfield_node3_final_seed_123,123,158,0.007031474262475967,-0.0072248829528689384
ppo_continuous_hopfield_node3_final_seed_123,123,159,0.006897522136569023,-0.007091711275279522
ppo_continuous_hopfield_node3_final_seed_123,123,160,0.006768138147890568,-0.0069619640707969666
ppo_continuous_hopfield_node3_final_seed_123,123,161,0.0066431062296032906,-0.00683504156768322
ppo_continuous_hopfield_node3_final_seed_123,123,162,0.006522240117192268,-0.0067105405032634735
ppo_continuous_hopfield_node3_final_seed_123,123,163,0.006405373103916645,-0.0065902238711714745
ppo_continuous_hopfield_node3_final_seed_123,123,164,0.006292244419455528,-0.006471025757491589
ppo_continuous_hopfield_node3_final_seed_123,123,165,0.006182714365422726,-0.0063563147559762
ppo_continuous_hopfield_node3_final_seed_123,123,166,0.006076488643884659,-0.006242815405130386
ppo_continuous_hopfield_node3_final_seed_123,123,167,0.005973417311906815,-0.006132586859166622
ppo_continuous_hopfield_node3_final_seed_123,123,168,0.005873294547200203,-0.006025207228958607
ppo_continuous_hopfield_node3_final_seed_123,123,169,0.005775870755314827,-0.005919497460126877
ppo_continuous_hopfield_node3_final_seed_123,123,170,0.005683569237589836,-0.005816751159727573
ppo_continuous_hopfield_node3_final_seed_123,123,171,0.005592426285147667,-0.005716405808925629
ppo_continuous_hopfield_node3_final_seed_123,123,172,0.005499963648617268,-0.005617852322757244
ppo_continuous_hopfield_node3_final_seed_123,123,173,0.005409609526395798,-0.005521629936993122
ppo_continuous_hopfield_node3_final_seed_123,123,174,0.005322921089828014,-0.005427480209618807
ppo_continuous_hopfield_node3_final_seed_123,123,175,0.005237836390733719,-0.005335354246199131
ppo_continuous_hopfield_node3_final_seed_123,123,176,0.005154161714017391,-0.005245035048574209
ppo_continuous_hopfield_node3_final_seed_123,123,177,0.005071748048067093,-0.005156693980097771
ppo_continuous_hopfield_node3_final_seed_123,123,178,0.004990440793335438,-0.005070237442851067
ppo_continuous_hopfield_node3_final_seed_123,123,179,0.004910089075565338,-0.0049856058321893215
ppo_continuous_hopfield_node3_final_seed_123,123,180,0.004830562509596348,-0.004902799613773823
ppo_continuous_hopfield_node3_final_seed_123,123,181,0.004751740954816341,-0.004821838811039925
ppo_continuous_hopfield_node3_final_seed_123,123,182,0.004673488438129425,-0.004742516204714775
ppo_continuous_hopfield_node3_final_seed_123,123,183,0.004595697391778231,-0.004665062762796879
ppo_continuous_hopfield_node3_final_seed_123,123,184,0.004518262576311827,-0.004589265212416649
ppo_continuous_hopfield_node3_final_seed_123,123,185,0.00444109458476305,-0.004515297245234251
ppo_continuous_hopfield_node3_final_seed_123,123,186,0.004364091902971268,-0.004442977253347635
ppo_continuous_hopfield_node3_final_seed_123,123,187,0.00428717490285635,-0.0043722111731767654
ppo_continuous_hopfield_node3_final_seed_123,123,188,0.004210262559354305,-0.004303093068301678
ppo_continuous_hopfield_node3_final_seed_123,123,189,0.004133284091949463,-0.004235592670738697
ppo_continuous_hopfield_node3_final_seed_123,123,190,0.004056169651448727,-0.004169471561908722
ppo_continuous_hopfield_node3_final_seed_123,123,191,0.003978859633207321,-0.0041051218286156654
ppo_continuous_hopfield_node3_final_seed_123,123,192,0.0039012841880321503,-0.004041616804897785
ppo_continuous_hopfield_node3_final_seed_123,123,193,0.0038234179373830557,-0.003980077803134918
ppo_continuous_hopfield_node3_final_seed_123,123,194,0.0037451793905347586,-0.003919200040400028
ppo_continuous_hopfield_node3_final_seed_123,123,195,0.003666532691568136,-0.0038599378895014524
ppo_continuous_hopfield_node3_final_seed_123,123,196,0.0035874154418706894,-0.003801088547334075
ppo_continuous_hopfield_node3_final_seed_123,123,197,0.0035078423097729683,-0.003744577756151557
ppo_continuous_hopfield_node3_final_seed_123,123,198,0.0034276992082595825,-0.0036881070118397474
ppo_continuous_hopfield_node3_final_seed_123,123,199,0.0033469777554273605,-0.003632493084296584
ppo_continuous_hopfield_node3_final_seed_123,123,200,0.0032657086849212646,-0.003578564850613475
ppo_continuous_hopfield_node3_final_seed_123,123,201,0.0031837429851293564,-0.0035246226470917463
ppo_continuous_hopfield_node3_final_seed_123,123,202,0.003101108595728874,-0.003471714211627841
ppo_continuous_hopfield_node3_final_seed_123,123,203,0.0031492281705141068,-0.0034194744657725096
ppo_continuous_hopfield_node3_final_seed_123,123,204,0.003286551684141159,-0.0033689287956804037
ppo_continuous_hopfield_node3_final_seed_123,123,205,0.003429114818572998,-0.003318044124171138
ppo_continuous_hopfield_node3_final_seed_123,123,206,0.003577031195163727,-0.003268193220719695
ppo_continuous_hopfield_node3_final_seed_123,123,207,0.0037304311990737915,-0.00321892905049026
ppo_continuous_hopfield_node3_final_seed_123,123,208,0.003889482468366623,-0.0031706986483186483
ppo_continuous_hopfield_node3_final_seed_123,123,209,0.004054371267557144,-0.0031230857130140066
ppo_continuous_hopfield_node3_final_seed_123,123,210,0.0042252130806446075,-0.0030753265600651503
ppo_continuous_hopfield_node3_final_seed_123,123,211,0.004402294754981995,-0.0030291497241705656
ppo_continuous_hopfield_node3_final_seed_123,123,212,0.004585694521665573,-0.0029824792873114347
ppo_continuous_hopfield_node3_final_seed_123,123,213,0.0047757588326931,-0.0029389604460448027
ppo_continuous_hopfield_node3_final_seed_123,123,214,0.004972726106643677,-0.0028946648817509413
ppo_continuous_hopfield_node3_final_seed_123,123,215,0.005176793783903122,-0.0028503991197794676
ppo_continuous_hopfield_node3_final_seed_123,123,216,0.0053882896900177,-0.0028077575843781233
ppo_continuous_hopfield_node3_final_seed_123,123,217,0.005607493221759796,-0.0027654196601361036
ppo_continuous_hopfield_node3_final_seed_123,123,218,0.00583454966545105,-0.0027232065331190825
ppo_continuous_hopfield_node3_final_seed_123,123,219,0.006070032715797424,-0.0026842716615647078
ppo_continuous_hopfield_node3_final_seed_123,123,220,0.006313875317573547,-0.002641835017129779
ppo_continuous_hopfield_node3_final_seed_123,123,221,0.006566829979419708,-0.002606198890134692
ppo_continuous_hopfield_node3_final_seed_123,123,222,0.006828859448432922,-0.0025645948480814695
ppo_continuous_hopfield_node3_final_seed_123,123,223,0.007100366055965424,-0.002527686534449458
ppo_continuous_hopfield_node3_final_seed_123,123,224,0.007381841540336609,-0.0024923093151301146
ppo_continuous_hopfield_node3_final_seed_123,123,225,0.007673315703868866,-0.0024540710728615522
ppo_continuous_hopfield_node3_final_seed_123,123,226,0.007975369691848755,-0.002420994220301509
ppo_continuous_hopfield_node3_final_seed_123,123,227,0.008288182318210602,-0.002385153202340007
ppo_continuous_hopfield_node3_final_seed_123,123,228,0.008611969649791718,-0.002350627211853862
ppo_continuous_hopfield_node3_final_seed_123,123,229,0.008947253227233887,-0.0023197110276669264
ppo_continuous_hopfield_node3_final_seed_123,123,230,0.009293913841247559,-0.002285803435370326
ppo_continuous_hopfield_node3_final_seed_123,123,231,0.00965263694524765,-0.002258849097415805
ppo_continuous_hopfield_node3_final_seed_123,123,232,0.010023310780525208,-0.002226906595751643
ppo_continuous_hopfield_node3_final_seed_123,123,233,0.010406255722045898,-0.002199250040575862
ppo_continuous_hopfield_node3_final_seed_123,123,234,0.01080150157213211,-0.002172241685912013
ppo_continuous_hopfield_node3_final_seed_123,123,235,0.011209249496459961,-0.0021485842298716307
ppo_continuous_hopfield_node3_final_seed_123,123,236,0.011629544198513031,-0.0021251149009913206
ppo_continuous_hopfield_node3_final_seed_123,123,237,0.01206238567829132,-0.002102923346683383
ppo_continuous_hopfield_node3_final_seed_123,123,238,0.012507535517215729,-0.0020819983910769224
ppo_continuous_hopfield_node3_final_seed_123,123,239,0.012964978814125061,-0.0020666576456278563
ppo_continuous_hopfield_node3_final_seed_123,123,240,0.01343461126089096,-0.0020526691805571318
ppo_continuous_hopfield_node3_final_seed_123,123,241,0.013915598392486572,-0.0020380846690386534
ppo_continuous_hopfield_node3_final_seed_123,123,242,0.014408126473426819,-0.00203600968234241
ppo_continuous_hopfield_node3_final_seed_123,123,243,0.014910995960235596,-0.0020280673634260893
ppo_continuous_hopfield_node3_final_seed_123,123,244,0.015424087643623352,-0.002033752156421542
ppo_continuous_hopfield_node3_final_seed_123,123,245,0.015946269035339355,-0.002037540776655078
ppo_continuous_hopfield_node3_final_seed_123,123,246,0.016476690769195557,-0.002050430281087756
ppo_continuous_hopfield_node3_final_seed_123,123,247,0.017014354467391968,-0.002067968947812915
ppo_continuous_hopfield_node3_final_seed_123,123,248,0.017557859420776367,-0.0020897097419947386
ppo_continuous_hopfield_node3_final_seed_123,123,249,0.018105894327163696,-0.0021215497981756926
ppo_continuous_hopfield_node3_final_seed_123,123,250,0.018657073378562927,-0.002159119350835681
ppo_continuous_hopfield_node3_final_seed_123,123,251,0.01920953392982483,-0.0022017217706888914
ppo_continuous_hopfield_node3_final_seed_123,123,252,0.019761741161346436,-0.0022537417244166136
ppo_continuous_hopfield_node3_final_seed_123,123,253,0.02031150460243225,-0.0023089132737368345
ppo_continuous_hopfield_node3_final_seed_123,123,254,0.02085694670677185,-0.002374534262344241
ppo_continuous_hopfield_node3_final_seed_123,123,255,0.021396204829216003,-0.0024450987111777067
ppo_continuous_hopfield_node3_final_seed_123,123,256,0.021926477551460266,-0.0025148733984678984
ppo_continuous_hopfield_node3_final_seed_123,123,257,0.022446423768997192,-0.002603319240733981
ppo_continuous_hopfield_node3_final_seed_123,123,258,0.022953391075134277,-0.002681170357391238
ppo_continuous_hopfield_node3_final_seed_123,123,259,0.023444920778274536,-0.0027654587756842375
ppo_continuous_hopfield_node3_final_seed_123,123,260,0.023919731378555298,-0.002856586826965213
ppo_continuous_hopfield_node3_final_seed_123,123,261,0.02437451481819153,-0.0029319270979613066
ppo_continuous_hopfield_node3_final_seed_123,123,262,0.024808913469314575,-0.0030255510937422514
ppo_continuous_hopfield_node3_final_seed_123,123,263,0.025219738483428955,-0.0030886426102370024
ppo_continuous_hopfield_node3_final_seed_123,123,264,0.025606125593185425,-0.0031647428404539824
ppo_continuous_hopfield_node3_final_seed_123,123,265,0.02596566081047058,-0.0032227232586592436
ppo_continuous_hopfield_node3_final_seed_123,123,266,0.026298075914382935,-0.003286269260570407
ppo_continuous_hopfield_node3_final_seed_123,123,267,0.02660161256790161,-0.003324975026771426
ppo_continuous_hopfield_node3_final_seed_123,123,268,0.026875555515289307,-0.0033558353316038847
ppo_continuous_hopfield_node3_final_seed_123,123,269,0.027118831872940063,-0.0033728003036230803
ppo_continuous_hopfield_node3_final_seed_123,123,270,0.02733081579208374,-0.003382292343303561
ppo_continuous_hopfield_node3_final_seed_123,123,271,0.02751210331916809,-0.0033850192558020353
ppo_continuous_hopfield_node3_final_seed_123,123,272,0.027661174535751343,-0.0033560364972800016
ppo_continuous_hopfield_node3_final_seed_123,123,273,0.027778714895248413,-0.00333397532813251
ppo_continuous_hopfield_node3_final_seed_123,123,274,0.027865678071975708,-0.0032991140615195036
ppo_continuous_hopfield_node3_final_seed_123,123,275,0.027920961380004883,-0.003233846975490451
ppo_continuous_hopfield_node3_final_seed_123,123,276,0.027946114540100098,-0.0031767755281180143
ppo_continuous_hopfield_node3_final_seed_123,123,277,0.027940988540649414,-0.003100518835708499
ppo_continuous_hopfield_node3_final_seed_123,123,278,0.027907729148864746,-0.0030273168813437223
ppo_continuous_hopfield_node3_final_seed_123,123,279,0.027844727039337158,-0.0029208778869360685
ppo_continuous_hopfield_node3_final_seed_123,123,280,0.027755379676818848,-0.002850305987522006
ppo_continuous_hopfield_node3_final_seed_123,123,281,0.027639269828796387,-0.0027375563513487577
ppo_continuous_hopfield_node3_final_seed_123,123,282,0.02749687433242798,-0.0026383891236037016
ppo_continuous_hopfield_node3_final_seed_123,123,283,0.02733081579208374,-0.002552647842094302
ppo_continuous_hopfield_node3_final_seed_123,123,284,0.027140915393829346,-0.0024415000807493925
ppo_continuous_hopfield_node3_final_seed_123,123,285,0.026928961277008057,-0.0023465498816221952
ppo_continuous_hopfield_node3_final_seed_123,123,286,0.026695311069488525,-0.002245058072730899
ppo_continuous_hopfield_node3_final_seed_123,123,287,0.026441872119903564,-0.002156910253688693
ppo_continuous_hopfield_node3_final_seed_123,123,288,0.02616828680038452,-0.0020627572666853666
ppo_continuous_hopfield_node3_final_seed_123,123,289,0.025877952575683594,-0.001993064535781741
ppo_continuous_hopfield_node3_final_seed_123,123,290,0.02556973695755005,-0.001892623258754611
ppo_continuous_hopfield_node3_final_seed_123,123,291,0.025245308876037598,-0.001826208783313632
ppo_continuous_hopfield_node3_final_seed_123,123,292,0.024906158447265625,-0.0017635344993323088
ppo_continuous_hopfield_node3_final_seed_123,123,293,0.02455192804336548,-0.0016966357361525297
ppo_continuous_hopfield_node3_final_seed_123,123,294,0.024185121059417725,-0.0016552850138396025
ppo_continuous_hopfield_node3_final_seed_123,123,295,0.023804545402526855,-0.0016008287202566862
ppo_continuous_hopfield_node3_final_seed_123,123,296,0.02341294288635254,-0.0015838562976568937
ppo_continuous_hopfield_node3_final_seed_123,123,297,0.02301013469696045,-0.0015476613771170378
ppo_continuous_hopfield_node3_final_seed_123,123,298,0.02259606122970581,-0.0015222697984427214
ppo_continuous_hopfield_node3_final_seed_123,123,299,0.02217257022857666,-0.001525540603324771
ppo_continuous_hopfield_node3_final_seed_123,123,300,0.02173900604248047,-0.0015217408072203398
ppo_continuous_hopfield_node3_final_seed_123,123,301,0.021297752857208252,-0.00153893674723804
ppo_continuous_hopfield_node3_final_seed_123,123,302,0.020846664905548096,-0.0015397488605231047
ppo_continuous_hopfield_node3_final_seed_123,123,303,0.020387589931488037,-0.0015864267479628325
ppo_continuous_hopfield_node3_final_seed_123,123,304,0.019921183586120605,-0.0016277178656309843
ppo_continuous_hopfield_node3_final_seed_123,123,305,0.019447147846221924,-0.0016711920034140348
ppo_continuous_hopfield_node3_final_seed_123,123,306,0.018965423107147217,-0.001725655747577548
ppo_continuous_hopfield_node3_final_seed_123,123,307,0.018477201461791992,-0.0018002584110945463
ppo_continuous_hopfield_node3_final_seed_123,123,308,0.017981529235839844,-0.0018667399417608976
ppo_continuous_hopfield_node3_final_seed_123,123,309,0.017478644847869873,-0.001958754612132907
ppo_continuous_hopfield_node3_final_seed_123,123,310,0.016969025135040283,-0.0020624890457838774
ppo_continuous_hopfield_node3_final_seed_123,123,311,0.016452252864837646,-0.0021719380747526884
ppo_continuous_hopfield_node3_final_seed_123,123,312,0.0159299373626709,-0.002296981168910861
ppo_continuous_hopfield_node3_final_seed_123,123,313,0.015399813652038574,-0.0024012892972677946
ppo_continuous_hopfield_node3_final_seed_123,123,314,0.014863014221191406,-0.0025474398862570524
ppo_continuous_hopfield_node3_final_seed_123,123,315,0.014319241046905518,-0.0026934936176985502
ppo_continuous_hopfield_node3_final_seed_123,123,316,0.013767778873443604,-0.0028489648830145597
ppo_continuous_hopfield_node3_final_seed_123,123,317,0.013210684061050415,-0.0030326738487929106
ppo_continuous_hopfield_node3_final_seed_123,123,318,0.012646228075027466,-0.0031922950875014067
ppo_continuous_hopfield_node3_final_seed_123,123,319,0.012075811624526978,-0.003385548247024417
ppo_continuous_hopfield_node3_final_seed_123,123,320,0.011499136686325073,-0.0035747333895415068
ppo_continuous_hopfield_node3_final_seed_123,123,321,0.010917633771896362,-0.003777590347453952
ppo_continuous_hopfield_node3_final_seed_123,123,322,0.010331988334655762,-0.003974904306232929
ppo_continuous_hopfield_node3_final_seed_123,123,323,0.009743839502334595,-0.004176151938736439
ppo_continuous_hopfield_node3_final_seed_123,123,324,0.009154602885246277,-0.004365888424217701
ppo_continuous_hopfield_node3_final_seed_123,123,325,0.008567020297050476,-0.004554097540676594
ppo_continuous_hopfield_node3_final_seed_123,123,326,0.007983580231666565,-0.004721430130302906
ppo_continuous_hopfield_node3_final_seed_123,123,327,0.007407978177070618,-0.0048731910064816475
ppo_continuous_hopfield_node3_final_seed_123,123,328,0.006844311952590942,-0.004990209825336933
ppo_continuous_hopfield_node3_final_seed_123,123,329,0.006296269595623016,-0.005062461830675602
ppo_continuous_hopfield_node3_final_seed_123,123,330,0.005769038572907448,-0.00509683508425951
ppo_continuous_hopfield_node3_final_seed_123,123,331,0.005267292261123657,-0.005066827870905399
ppo_continuous_hopfield_node3_final_seed_123,123,332,0.004795151762664318,-0.004968841560184956
ppo_continuous_hopfield_node3_final_seed_123,123,333,0.004356712102890015,-0.004806538112461567
ppo_continuous_hopfield_node3_final_seed_123,123,334,0.0039544180035591125,-0.004573252983391285
ppo_continuous_hopfield_node3_final_seed_123,123,335,0.0035902783274650574,-0.004288489930331707
ppo_continuous_hopfield_node3_final_seed_123,123,336,0.00326479971408844,-0.003960137255489826
ppo_continuous_hopfield_node3_final_seed_123,123,337,0.002977415919303894,-0.003611148102208972
ppo_continuous_hopfield_node3_final_seed_123,123,338,0.0027268528938293457,-0.0032659030985087156
ppo_continuous_hopfield_node3_final_seed_123,123,339,0.002511642873287201,-0.002946417545899749
ppo_continuous_hopfield_node3_final_seed_123,123,340,0.0023302175104618073,-0.0026667341589927673
ppo_continuous_hopfield_node3_final_seed_123,123,341,0.0021812990307807922,-0.002434583380818367
ppo_continuous_hopfield_node3_final_seed_123,123,342,0.0020638182759284973,-0.0022515933960676193
ppo_continuous_hopfield_node3_final_seed_123,123,343,0.0019775480031967163,-0.0021180182229727507
ppo_continuous_hopfield_node3_final_seed_123,123,344,0.0019219815731048584,-0.00201857159845531
ppo_continuous_hopfield_node3_final_seed_123,123,345,0.001897573471069336,-0.001956075197085738
ppo_continuous_hopfield_node3_final_seed_123,123,346,0.0019043385982513428,-0.0019105353858321905
ppo_continuous_hopfield_node3_final_seed_123,123,347,0.0019430071115493774,-0.001885437173768878
ppo_continuous_hopfield_node3_final_seed_123,123,348,0.0020138919353485107,-0.0018668889533728361
ppo_continuous_hopfield_node3_final_seed_123,123,349,0.002117738127708435,-0.0018566648941487074
ppo_continuous_hopfield_node3_final_seed_123,123,350,0.0022548437118530273,-0.0018471076618880033
ppo_continuous_hopfield_node3_final_seed_123,123,351,0.00242537260055542,-0.0018380421679466963
ppo_continuous_hopfield_node3_final_seed_123,123,352,0.0026297718286514282,-0.0018322400283068419
ppo_continuous_hopfield_node3_final_seed_123,123,353,0.002867653965950012,-0.0018253091257065535
ppo_continuous_hopfield_node3_final_seed_123,123,354,0.003139011561870575,-0.0018236793112009764
ppo_continuous_hopfield_node3_final_seed_123,123,355,0.0034429505467414856,-0.0018219619523733854
ppo_continuous_hopfield_node3_final_seed_123,123,356,0.003778800368309021,-0.0018307722639292479
ppo_continuous_hopfield_node3_final_seed_123,123,357,0.004145368933677673,-0.0018467267509549856
ppo_continuous_hopfield_node3_final_seed_123,123,358,0.00454145111143589,-0.0018720307853072882
ppo_continuous_hopfield_node3_final_seed_123,123,359,0.004965376108884811,-0.0019051635172218084
ppo_continuous_hopfield_node3_final_seed_123,123,360,0.005415640771389008,-0.0019501985516399145
ppo_continuous_hopfield_node3_final_seed_123,123,361,0.005890466272830963,-0.0020011302549391985
ppo_continuous_hopfield_node3_final_seed_123,123,362,0.006388232111930847,-0.002055151853710413
ppo_continuous_hopfield_node3_final_seed_123,123,363,0.006907207891345024,-0.0021078065037727356
ppo_continuous_hopfield_node3_final_seed_123,123,364,0.007445923984050751,-0.002154596848413348
ppo_continuous_hopfield_node3_final_seed_123,123,365,0.008002925664186478,-0.0021881393622606993
ppo_continuous_hopfield_node3_final_seed_123,123,366,0.00857694260776043,-0.002205213299021125
ppo_continuous_hopfield_node3_final_seed_123,123,367,0.009166724048554897,-0.002199894515797496
ppo_continuous_hopfield_node3_final_seed_123,123,368,0.009770989418029785,-0.0021703753154724836
ppo_continuous_hopfield_node3_final_seed_123,123,369,0.01038862019777298,-0.002117416588589549
ppo_continuous_hopfield_node3_final_seed_123,123,370,0.011018052697181702,-0.0020387328695505857
ppo_continuous_hopfield_node3_final_seed_123,123,371,0.011658012866973877,-0.001943408278748393
ppo_continuous_hopfield_node3_final_seed_123,123,372,0.0123065784573555,-0.0018293808680027723
ppo_continuous_hopfield_node3_final_seed_123,123,373,0.012962251901626587,-0.0017099070828408003
ppo_continuous_hopfield_node3_final_seed_123,123,374,0.013622492551803589,-0.0015793524216860533
ppo_continuous_hopfield_node3_final_seed_123,123,375,0.014285638928413391,-0.0014584034215658903
ppo_continuous_hopfield_node3_final_seed_123,123,376,0.014948815107345581,-0.0013358860742300749
ppo_continuous_hopfield_node3_final_seed_123,123,377,0.015609845519065857,-0.0012314848136156797
ppo_continuous_hopfield_node3_final_seed_123,123,378,0.01626591384410858,-0.0011368549894541502
ppo_continuous_hopfield_node3_final_seed_123,123,379,0.016914382576942444,-0.0010616898071020842
ppo_continuous_hopfield_node3_final_seed_123,123,380,0.017552852630615234,-0.0010070919524878263
ppo_continuous_hopfield_node3_final_seed_123,123,381,0.018178075551986694,-0.0009652457665652037
ppo_continuous_hopfield_node3_final_seed_123,123,382,0.018788158893585205,-0.0009530268143862486
ppo_continuous_hopfield_node3_final_seed_123,123,383,0.019380152225494385,-0.0009464703034609556
ppo_continuous_hopfield_node3_final_seed_123,123,384,0.01995164155960083,-0.0009618035983294249
ppo_continuous_hopfield_node3_final_seed_123,123,385,0.020500600337982178,-0.0009929097723215818
ppo_continuous_hopfield_node3_final_seed_123,123,386,0.021025002002716064,-0.0010344728361815214
ppo_continuous_hopfield_node3_final_seed_123,123,387,0.021522819995880127,-0.0010847195517271757
ppo_continuous_hopfield_node3_final_seed_123,123,388,0.021992474794387817,-0.0011413067113608122
ppo_continuous_hopfield_node3_final_seed_123,123,389,0.02243250608444214,-0.001201768172904849
ppo_continuous_hopfield_node3_final_seed_123,123,390,0.022841840982437134,-0.0012652024161070585
ppo_continuous_hopfield_node3_final_seed_123,123,391,0.023219674825668335,-0.001324911369010806
ppo_continuous_hopfield_node3_final_seed_123,123,392,0.023564517498016357,-0.001376849366351962
ppo_continuous_hopfield_node3_final_seed_123,123,393,0.023876845836639404,-0.0014364093076437712
ppo_continuous_hopfield_node3_final_seed_123,123,394,0.02415519952774048,-0.0014759569894522429
ppo_continuous_hopfield_node3_final_seed_123,123,395,0.0244005024433136,-0.0015240877401083708
ppo_continuous_hopfield_node3_final_seed_123,123,396,0.02461230754852295,-0.0015536665450781584
ppo_continuous_hopfield_node3_final_seed_123,123,397,0.024790704250335693,-0.0015724718105047941
ppo_continuous_hopfield_node3_final_seed_123,123,398,0.024936437606811523,-0.0015919252764433622
ppo_continuous_hopfield_node3_final_seed_123,123,399,0.025049865245819092,-0.0015977814327925444
ppo_continuous_hopfield_node3_final_seed_123,123,400,0.025131821632385254,-0.001596060348674655
ppo_continuous_hopfield_node3_final_seed_42,42,0,1.5996227264404297,0.0
ppo_continuous_hopfield_node3_final_seed_42,42,1,1.1664071083068848,-4.0
ppo_continuous_hopfield_node3_final_seed_42,42,2,0.9506634473800659,-4.0
ppo_continuous_hopfield_node3_final_seed_42,42,3,0.9298999309539795,-4.0
ppo_continuous_hopfield_node3_final_seed_42,42,4,0.8470178842544556,-4.0
ppo_continuous_hopfield_node3_final_seed_42,42,5,0.6979888677597046,-4.0
ppo_continuous_hopfield_node3_final_seed_42,42,6,0.6692385673522949,-4.0
ppo_continuous_hopfield_node3_final_seed_42,42,7,0.7822971940040588,-3.044682741165161
ppo_continuous_hopfield_node3_final_seed_42,42,8,0.622497022151947,2.384227991104126
ppo_continuous_hopfield_node3_final_seed_42,42,9,0.5841600894927979,0.028947681188583374
ppo_continuous_hopfield_node3_final_seed_42,42,10,0.5293523669242859,0.3863583505153656
ppo_continuous_hopfield_node3_final_seed_42,42,11,0.4963003098964691,-0.01408231258392334
ppo_continuous_hopfield_node3_final_seed_42,42,12,0.46722108125686646,-0.06668199598789215
ppo_continuous_hopfield_node3_final_seed_42,42,13,0.4444846510887146,-0.16802158951759338
ppo_continuous_hopfield_node3_final_seed_42,42,14,0.4249206483364105,-0.2083398997783661
ppo_continuous_hopfield_node3_final_seed_42,42,15,0.4079855978488922,-0.23911362886428833
ppo_continuous_hopfield_node3_final_seed_42,42,16,0.39277926087379456,-0.25307589769363403
ppo_continuous_hopfield_node3_final_seed_42,42,17,0.3788693845272064,-0.2592960596084595
ppo_continuous_hopfield_node3_final_seed_42,42,18,0.3658975064754486,-0.2591158151626587
ppo_continuous_hopfield_node3_final_seed_42,42,19,0.35363924503326416,-0.2550981044769287
ppo_continuous_hopfield_node3_final_seed_42,42,20,0.3419305384159088,-0.24838678538799286
ppo_continuous_hopfield_node3_final_seed_42,42,21,0.33066099882125854,-0.2399924397468567
ppo_continuous_hopfield_node3_final_seed_42,42,22,0.31975340843200684,-0.23054622113704681
ppo_continuous_hopfield_node3_final_seed_42,42,23,0.3091554045677185,-0.22053104639053345
ppo_continuous_hopfield_node3_final_seed_42,42,24,0.29883015155792236,-0.21024158596992493
ppo_continuous_hopfield_node3_final_seed_42,42,25,0.2887546420097351,-0.19993522763252258
ppo_continuous_hopfield_node3_final_seed_42,42,26,0.27891385555267334,-0.18977198004722595
ppo_continuous_hopfield_node3_final_seed_42,42,27,0.2692979574203491,-0.17985863983631134
ppo_continuous_hopfield_node3_final_seed_42,42,28,0.2599022388458252,-0.17027899622917175
ppo_continuous_hopfield_node3_final_seed_42,42,29,0.25072455406188965,-0.16109058260917664
ppo_continuous_hopfield_node3_final_seed_42,42,30,0.2417646050453186,-0.1523202508687973
ppo_continuous_hopfield_node3_final_seed_42,42,31,0.23302191495895386,-0.1439865678548813
ppo_continuous_hopfield_node3_final_seed_42,42,32,0.2244986891746521,-0.13610045611858368
ppo_continuous_hopfield_node3_final_seed_42,42,33,0.2161967158317566,-0.12866604328155518
ppo_continuous_hopfield_node3_final_seed_42,42,34,0.20811671018600464,-0.1216648519039154
ppo_continuous_hopfield_node3_final_seed_42,42,35,0.20026051998138428,-0.11510195583105087
ppo_continuous_hopfield_node3_final_seed_42,42,36,0.1926286816596985,-0.1089431643486023
ppo_continuous_hopfield_node3_final_seed_42,42,37,0.18522238731384277,-0.10320815443992615
ppo_continuous_hopfield_node3_final_seed_42,42,38,0.17804038524627686,-0.09783026576042175
ppo_continuous_hopfield_node3_final_seed_42,42,39,0.17108285427093506,-0.09283842891454697
ppo_continuous_hopfield_node3_final_seed_42,42,40,0.1643480658531189,-0.08817797154188156
ppo_continuous_hopfield_node3_final_seed_42,42,41,0.15783578157424927,-0.0838547870516777
ppo_continuous_hopfield_node3_final_seed_42,42,42,0.15154367685317993,-0.07985195517539978
ppo_continuous_hopfield_node3_final_seed_42,42,43,0.1454683542251587,-0.07612894475460052
ppo_continuous_hopfield_node3_final_seed_42,42,44,0.1396072506904602,-0.07268360257148743
ppo_continuous_hopfield_node3_final_seed_42,42,45,0.13395816087722778,-0.06950175017118454
ppo_continuous_hopfield_node3_final_seed_42,42,46,0.12851780652999878,-0.0665803775191307
ppo_continuous_hopfield_node3_final_seed_42,42,47,0.12328195571899414,-0.06387566775083542
ppo_continuous_hopfield_node3_final_seed_42,42,48,0.11824637651443481,-0.06139665096998215
ppo_continuous_hopfield_node3_final_seed_42,42,49,0.11340773105621338,-0.059117939323186874
ppo_continuous_hopfield_node3_final_seed_42,42,50,0.10876107215881348,-0.05704018846154213
ppo_continuous_hopfield_node3_final_seed_42,42,51,0.10430198907852173,-0.05513586476445198
ppo_continuous_hopfield_node3_final_seed_42,42,52,0.10002672672271729,-0.05341337248682976
ppo_continuous_hopfield_node3_final_seed_42,42,53,0.09593051671981812,-0.0518597811460495
ppo_continuous_hopfield_node3_final_seed_42,42,54,0.09200876951217651,-0.0504571907222271
ppo_continuous_hopfield_node3_final_seed_42,42,55,0.08825749158859253,-0.04920871928334236
ppo_continuous_hopfield_node3_final_seed_42,42,56,0.08467280864715576,-0.04811270907521248
ppo_continuous_hopfield_node3_final_seed_42,42,57,0.08124947547912598,-0.04715288430452347
ppo_continuous_hopfield_node3_final_seed_42,42,58,0.07798361778259277,-0.04631563648581505
ppo_continuous_hopfield_node3_final_seed_42,42,59,0.07487142086029053,-0.04562892019748688
ppo_continuous_hopfield_node3_final_seed_42,42,60,0.07190895080566406,-0.04506374150514603
ppo_continuous_hopfield_node3_final_seed_42,42,61,0.0690927505493164,-0.044623903930187225
ppo_continuous_hopfield_node3_final_seed_42,42,62,0.06641906499862671,-0.04431821033358574
ppo_continuous_hopfield_node3_final_seed_42,42,63,0.06388437747955322,-0.04412016272544861
ppo_continuous_hopfield_node3_final_seed_42,42,64,0.06148633360862732,-0.04405507445335388
ppo_continuous_hopfield_node3_final_seed_42,42,65,0.05922159552574158,-0.04410881549119949
ppo_continuous_hopfield_node3_final_seed_42,42,66,0.05708777904510498,-0.0442742221057415
ppo_continuous_hopfield_node3_final_seed_42,42,67,0.055082082748413086,-0.04455648362636566
ppo_continuous_hopfield_node3_final_seed_42,42,68,0.053201764822006226,-0.04493726044893265
ppo_continuous_hopfield_node3_final_seed_42,42,69,0.05144453048706055,-0.045411065220832825
ppo_continuous_hopfield_node3_final_seed_42,42,70,0.049807608127593994,-0.045970238745212555
ppo_continuous_hopfield_node3_final_seed_42,42,71,0.04828763008117676,-0.04657020792365074
ppo_continuous_hopfield_node3_final_seed_42,42,72,0.046881258487701416,-0.04720823094248772
ppo_continuous_hopfield_node3_final_seed_42,42,73,0.045583754777908325,-0.047821179032325745
ppo_continuous_hopfield_node3_final_seed_42,42,74,0.044388920068740845,-0.048366717994213104
ppo_continuous_hopfield_node3_final_seed_42,42,75,0.04328925162553787,-0.04876898601651192
ppo_continuous_hopfield_node3_final_seed_42,42,76,0.04227548465132713,-0.04896397143602371
ppo_continuous_hopfield_node3_final_seed_42,42,77,0.041336074471473694,-0.04886748641729355
ppo_continuous_hopfield_node3_final_seed_42,42,78,0.040457189083099365,-0.04840564727783203
ppo_continuous_hopfield_node3_final_seed_42,42,79,0.0396241769194603,-0.04752568155527115
ppo_continuous_hopfield_node3_final_seed_42,42,80,0.038822174072265625,-0.046229295432567596
ppo_continuous_hopfield_node3_final_seed_42,42,81,0.038037706166505814,-0.044553451240062714
ppo_continuous_hopfield_node3_final_seed_42,42,82,0.03726135194301605,-0.04262262210249901
ppo_continuous_hopfield_node3_final_seed_42,42,83,0.036487892270088196,-0.04057902842760086
ppo_continuous_hopfield_node3_final_seed_42,42,84,0.03571780025959015,-0.03859106823801994
ppo_continuous_hopfield_node3_final_seed_42,42,85,0.03495531529188156,-0.03678951412439346
ppo_continuous_hopfield_node3_final_seed_42,42,86,0.034206271171569824,-0.035237058997154236
ppo_continuous_hopfield_node3_final_seed_42,42,87,0.03347618877887726,-0.033939361572265625
ppo_continuous_hopfield_node3_final_seed_42,42,88,0.032768815755844116,-0.03285961598157883
ppo_continuous_hopfield_node3_final_seed_42,42,89,0.032085567712783813,-0.031936317682266235
ppo_continuous_hopfield_node3_final_seed_42,42,90,0.031426191329956055,-0.03112006187438965
ppo_continuous_hopfield_node3_final_seed_42,42,91,0.030788958072662354,-0.03036847710609436
ppo_continuous_hopfield_node3_final_seed_42,42,92,0.03017154335975647,-0.02964603155851364
ppo_continuous_hopfield_node3_final_seed_42,42,93,0.02957138419151306,-0.028942778706550598
ppo_continuous_hopfield_node3_final_seed_42,42,94,0.028986573219299316,-0.02825259417295456
ppo_continuous_hopfield_node3_final_seed_42,42,95,0.028414756059646606,-0.027563095092773438
ppo_continuous_hopfield_node3_final_seed_42,42,96,0.027854710817337036,-0.02688533067703247
ppo_continuous_hopfield_node3_final_seed_42,42,97,0.02730506658554077,-0.02621612697839737
ppo_continuous_hopfield_node3_final_seed_42,42,98,0.026764780282974243,-0.02555721253156662
ppo_continuous_hopfield_node3_final_seed_42,42,99,0.026232987642288208,-0.02490922063589096
ppo_continuous_hopfield_node3_final_seed_42,42,100,0.025709807872772217,-0.024283461272716522
ppo_continuous_hopfield_node3_final_seed_42,42,101,0.025194793939590454,-0.02367495745420456
ppo_continuous_hopfield_node3_final_seed_42,42,102,0.02468743920326233,-0.023079290986061096
ppo_continuous_hopfield_node3_final_seed_42,42,103,0.024187952280044556,-0.022503793239593506
ppo_continuous_hopfield_node3_final_seed_42,42,104,0.023696094751358032,-0.021946430206298828
ppo_continuous_hopfield_node3_final_seed_42,42,105,0.023211747407913208,-0.021405920386314392
ppo_continuous_hopfield_node3_final_seed_42,42,106,0.02273455262184143,-0.020876698195934296
ppo_continuous_hopfield_node3_final_seed_42,42,107,0.02226465940475464,-0.020366832613945007
ppo_continuous_hopfield_node3_final_seed_42,42,108,0.021801739931106567,-0.019866861402988434
ppo_continuous_hopfield_node3_final_seed_42,42,109,0.021345555782318115,-0.01938294619321823
ppo_continuous_hopfield_node3_final_seed_42,42,110,0.020895972847938538,-0.018907956779003143
ppo_continuous_hopfield_node3_final_seed_42,42,111,0.020452797412872314,-0.018444746732711792
ppo_continuous_hopfield_node3_final_seed_42,42,112,0.020015820860862732,-0.017994649708271027
ppo_continuous_hopfield_node3_final_seed_42,42,113,0.01958473026752472,-0.01755320280790329
ppo_continuous_hopfield_node3_final_seed_42,42,114,0.01915954053401947,-0.017126061022281647
ppo_continuous_hopfield_node3_final_seed_42,42,115,0.018740110099315643,-0.016714558005332947
ppo_continuous_hopfield_node3_final_seed_42,42,116,0.018326491117477417,-0.016316324472427368
ppo_continuous_hopfield_node3_final_seed_42,42,117,0.017918799072504044,-0.01593884825706482
ppo_continuous_hopfield_node3_final_seed_42,42,118,0.01751698926091194,-0.01557818055152893
ppo_continuous_hopfield_node3_final_seed_42,42,119,0.017121348530054092,-0.01523774117231369
ppo_continuous_hopfield_node3_final_seed_42,42,120,0.016732096672058105,-0.014919362962245941
ppo_continuous_hopfield_node3_final_seed_42,42,121,0.01634952239692211,-0.014621250331401825
ppo_continuous_hopfield_node3_final_seed_42,42,122,0.015973836183547974,-0.01434345543384552
ppo_continuous_hopfield_node3_final_seed_42,42,123,0.015605034306645393,-0.014080643653869629
ppo_continuous_hopfield_node3_final_seed_42,42,124,0.0152432881295681,-0.01383112370967865
ppo_continuous_hopfield_node3_final_seed_42,42,125,0.014888618141412735,-0.013593524694442749
ppo_continuous_hopfield_node3_final_seed_42,42,126,0.014540858566761017,-0.013361252844333649
ppo_continuous_hopfield_node3_final_seed_42,42,127,0.014199953526258469,-0.013133108615875244
ppo_continuous_hopfield_node3_final_seed_42,42,128,0.013865718618035316,-0.01290634274482727
ppo_continuous_hopfield_node3_final_seed_42,42,129,0.013537976890802383,-0.012678444385528564
ppo_continuous_hopfield_node3_final_seed_42,42,130,0.013216570019721985,-0.01244896650314331
ppo_continuous_hopfield_node3_final_seed_42,42,131,0.012901395559310913,-0.012217625975608826
ppo_continuous_hopfield_node3_final_seed_42,42,132,0.012592390179634094,-0.011985503137111664
ppo_continuous_hopfield_node3_final_seed_42,42,133,0.012289479374885559,-0.011751115322113037
ppo_continuous_hopfield_node3_final_seed_42,42,134,0.011992812156677246,-0.011518120765686035
ppo_continuous_hopfield_node3_final_seed_42,42,135,0.01170244812965393,-0.011286891996860504
ppo_continuous_hopfield_node3_final_seed_42,42,136,0.011418461799621582,-0.011057093739509583
ppo_continuous_hopfield_node3_final_seed_42,42,137,0.011141076683998108,-0.01083134114742279
ppo_continuous_hopfield_node3_final_seed_42,42,138,0.010870486497879028,-0.010609373450279236
ppo_continuous_hopfield_node3_final_seed_42,42,139,0.010606825351715088,-0.010391533374786377
ppo_continuous_hopfield_node3_final_seed_42,42,140,0.010350421071052551,-0.010181710124015808
ppo_continuous_hopfield_node3_final_seed_42,42,141,0.010101363062858582,-0.009976670145988464
ppo_continuous_hopfield_node3_final_seed_42,42,142,0.009859785437583923,-0.009775549173355103
ppo_continuous_hopfield_node3_final_seed_42,42,143,0.009626045823097229,-0.0095834881067276
ppo_continuous_hopfield_node3_final_seed_42,42,144,0.009400218725204468,-0.009396158158779144
ppo_continuous_hopfield_node3_final_seed_42,42,145,0.009182199835777283,-0.009213075041770935
ppo_continuous_hopfield_node3_final_seed_42,42,146,0.00897216796875,-0.009036436676979065
ppo_continuous_hopfield_node3_final_seed_42,42,147,0.008770070970058441,-0.008862316608428955
ppo_continuous_hopfield_node3_final_seed_42,42,148,0.008575983345508575,-0.008696064352989197
ppo_continuous_hopfield_node3_final_seed_42,42,149,0.008389748632907867,-0.008531108498573303
ppo_continuous_hopfield_node3_final_seed_42,42,150,0.00821135938167572,-0.008371487259864807
ppo_continuous_hopfield_node3_final_seed_42,42,151,0.008040748536586761,-0.008215926587581635
ppo_continuous_hopfield_node3_final_seed_42,42,152,0.00787760317325592,-0.008062578737735748
ppo_continuous_hopfield_node3_final_seed_42,42,153,0.007721874862909317,-0.007912464439868927
ppo_continuous_hopfield_node3_final_seed_42,42,154,0.0075836703181266785,-0.007766462862491608
ppo_continuous_hopfield_node3_final_seed_42,42,155,0.007530219852924347,-0.007622435688972473
ppo_continuous_hopfield_node3_final_seed_42,42,156,0.007480684667825699,-0.007482476532459259
ppo_continuous_hopfield_node3_final_seed_42,42,157,0.007434539496898651,-0.0073442235589027405
ppo_continuous_hopfield_node3_final_seed_42,42,158,0.007391182705760002,-0.007209859788417816
ppo_continuous_hopfield_node3_final_seed_42,42,159,0.007349986582994461,-0.007078938186168671
ppo_continuous_hopfield_node3_final_seed_42,42,160,0.007310492917895317,-0.00695037841796875
ppo_continuous_hopfield_node3_final_seed_42,42,161,0.007272097282111645,-0.0068258196115493774
ppo_continuous_hopfield_node3_final_seed_42,42,162,0.0072344327345490456,-0.0067033469676971436
ppo_continuous_hopfield_node3_final_seed_42,42,163,0.007196970283985138,-0.0065854936838150024
ppo_continuous_hopfield_node3_final_seed_42,42,164,0.007159324362874031,-0.006469994783401489
ppo_continuous_hopfield_node3_final_seed_42,42,165,0.00712114293128252,-0.006357327103614807
ppo_continuous_hopfield_node3_final_seed_42,42,166,0.007082053460180759,-0.006248027086257935
ppo_continuous_hopfield_node3_final_seed_42,42,167,0.0070418305695056915,-0.00614088773727417
ppo_continuous_hopfield_node3_final_seed_42,42,168,0.007000146433711052,-0.006037503480911255
ppo_continuous_hopfield_node3_final_seed_42,42,169,0.006956832483410835,-0.005935803055763245
ppo_continuous_hopfield_node3_final_seed_42,42,170,0.006911708042025566,-0.005836904048919678
ppo_continuous_hopfield_node3_final_seed_42,42,171,0.006864606402814388,-0.005740568041801453
ppo_continuous_hopfield_node3_final_seed_42,42,172,0.006815423257648945,-0.005646064877510071
ppo_continuous_hopfield_node3_final_seed_42,42,173,0.0067641036584973335,-0.005553543567657471
ppo_continuous_hopfield_node3_final_seed_42,42,174,0.006710555404424667,-0.005463600158691406
ppo_continuous_hopfield_node3_final_seed_42,42,175,0.00665478128939867,-0.0053750500082969666
ppo_continuous_hopfield_node3_final_seed_42,42,176,0.006596778519451618,-0.005288444459438324
ppo_continuous_hopfield_node3_final_seed_42,42,177,0.006536554545164108,-0.0052036866545677185
ppo_continuous_hopfield_node3_final_seed_42,42,178,0.006474189460277557,-0.005120269954204559
ppo_continuous_hopfield_node3_final_seed_42,42,179,0.006409727036952972,-0.0050391703844070435
ppo_continuous_hopfield_node3_final_seed_42,42,180,0.0063432371243834496,-0.004959382116794586
ppo_continuous_hopfield_node3_final_seed_42,42,181,0.006274846848100424,-0.004881113767623901
ppo_continuous_hopfield_node3_final_seed_42,42,182,0.006204636767506599,-0.004804879426956177
ppo_continuous_hopfield_node3_final_seed_42,42,183,0.0061327265575528145,-0.004730209708213806
ppo_continuous_hopfield_node3_final_seed_42,42,184,0.006059250794351101,-0.004657022655010223
ppo_continuous_hopfield_node3_final_seed_42,42,185,0.005984338466078043,-0.004585638642311096
ppo_continuous_hopfield_node3_final_seed_42,42,186,0.005908104125410318,-0.004516139626502991
ppo_continuous_hopfield_node3_final_seed_42,42,187,0.005830714479088783,-0.004447802901268005
ppo_continuous_hopfield_node3_final_seed_42,42,188,0.005752287805080414,-0.004381522536277771
ppo_continuous_hopfield_node3_final_seed_42,42,189,0.005672955885529518,-0.004316754639148712
ppo_continuous_hopfield_node3_final_seed_42,42,190,0.005592874251306057,-0.0042533278465271
ppo_continuous_hopfield_node3_final_seed_42,42,191,0.005512135569006205,-0.0041919127106666565
ppo_continuous_hopfield_node3_final_seed_42,42,192,0.005430930759757757,-0.00413135439157486
ppo_continuous_hopfield_node3_final_seed_42,42,193,0.005349296145141125,-0.004073247313499451
ppo_continuous_hopfield_node3_final_seed_42,42,194,0.0052674198523163795,-0.004015348851680756
ppo_continuous_hopfield_node3_final_seed_42,42,195,0.00518537312746048,-0.0039596036076545715
ppo_continuous_hopfield_node3_final_seed_42,42,196,0.005103256553411484,-0.003904998302459717
ppo_continuous_hopfield_node3_final_seed_42,42,197,0.005021168850362301,-0.0038514062762260437
ppo_continuous_hopfield_node3_final_seed_42,42,198,0.004939170554280281,-0.0037992149591445923
ppo_continuous_hopfield_node3_final_seed_42,42,199,0.004857366904616356,-0.003747783601284027
ppo_continuous_hopfield_node3_final_seed_42,42,200,0.004775771871209145,-0.0036980658769607544
ppo_continuous_hopfield_node3_final_seed_42,42,201,0.004694459959864616,-0.003648504614830017
ppo_continuous_hopfield_node3_final_seed_42,42,202,0.004613487049937248,-0.0036000460386276245
ppo_continuous_hopfield_node3_final_seed_42,42,203,0.004532821476459503,-0.0035529732704162598
ppo_continuous_hopfield_node3_final_seed_42,42,204,0.0044525787234306335,-0.0035061389207839966
ppo_continuous_hopfield_node3_final_seed_42,42,205,0.004372674971818924,-0.0034612640738487244
ppo_continuous_hopfield_node3_final_seed_42,42,206,0.004293110221624374,-0.0034161433577537537
ppo_continuous_hopfield_node3_final_seed_42,42,207,0.004213925451040268,-0.0033714473247528076
ppo_continuous_hopfield_node3_final_seed_42,42,208,0.00413503497838974,-0.003328174352645874
ppo_continuous_hopfield_node3_final_seed_42,42,209,0.0040564462542533875,-0.0032849684357643127
ppo_continuous_hopfield_node3_final_seed_42,42,210,0.0039780884981155396,-0.0032431185245513916
ppo_continuous_hopfield_node3_final_seed_42,42,211,0.00389987975358963,-0.0032015591859817505
ppo_continuous_hopfield_node3_final_seed_42,42,212,0.0038218311965465546,-0.0031601637601852417
ppo_continuous_hopfield_node3_final_seed_42,42,213,0.0037437863647937775,-0.0031203627586364746
ppo_continuous_hopfield_node3_final_seed_42,42,214,0.003665730357170105,-0.0030801668763160706
ppo_continuous_hopfield_node3_final_seed_42,42,215,0.003587525337934494,-0.003041289746761322
ppo_continuous_hopfield_node3_final_seed_42,42,216,0.0035091042518615723,-0.0030028000473976135
ppo_continuous_hopfield_node3_final_seed_42,42,217,0.0034303702414035797,-0.0029654577374458313
ppo_continuous_hopfield_node3_final_seed_42,42,218,0.003351166844367981,-0.002928614616394043
ppo_continuous_hopfield_node3_final_seed_42,42,219,0.0032713711261749268,-0.002891458570957184
ppo_continuous_hopfield_node3_final_seed_42,42,220,0.0031909719109535217,-0.0028547048568725586
ppo_continuous_hopfield_node3_final_seed_42,42,221,0.0031096115708351135,-0.002820216119289398
ppo_continuous_hopfield_node3_final_seed_42,42,222,0.0030274540185928345,-0.0027833282947540283
ppo_continuous_hopfield_node3_final_seed_42,42,223,0.002971358597278595,-0.0027505308389663696
ppo_continuous_hopfield_node3_final_seed_42,42,224,0.002920396625995636,-0.0027157217264175415
ppo_continuous_hopfield_node3_final_seed_42,42,225,0.0028696879744529724,-0.0026823952794075012
ppo_continuous_hopfield_node3_final_seed_42,42,226,0.0028193071484565735,-0.0026509612798690796
ppo_continuous_hopfield_node3_final_seed_42,42,227,0.0027691349387168884,-0.0026188045740127563
ppo_continuous_hopfield_node3_final_seed_42,42,228,0.0027191564440727234,-0.0025866851210594177
ppo_continuous_hopfield_node3_final_seed_42,42,229,0.002669312059879303,-0.0025565624237060547
ppo_continuous_hopfield_node3_final_seed_42,42,230,0.0026195570826530457,-0.002525024116039276
ppo_continuous_hopfield_node3_final_seed_42,42,231,0.002570047974586487,-0.0024960339069366455
ppo_continuous_hopfield_node3_final_seed_42,42,232,0.0025205612182617188,-0.002468310296535492
ppo_continuous_hopfield_node3_final_seed_42,42,233,0.0024710074067115784,-0.0024380534887313843
ppo_continuous_hopfield_node3_final_seed_42,42,234,0.002421468496322632,-0.0024113059043884277
ppo_continuous_hopfield_node3_final_seed_42,42,235,0.002372071146965027,-0.002385847270488739
ppo_continuous_hopfield_node3_final_seed_42,42,236,0.0023227110505104065,-0.0023590177297592163
ppo_continuous_hopfield_node3_final_seed_42,42,237,0.002273179590702057,-0.002332523465156555
ppo_continuous_hopfield_node3_final_seed_42,42,238,0.0022236332297325134,-0.002307385206222534
ppo_continuous_hopfield_node3_final_seed_42,42,239,0.0021743029356002808,-0.0022859349846839905
ppo_continuous_hopfield_node3_final_seed_42,42,240,0.0021249055862426758,-0.0022622719407081604
ppo_continuous_hopfield_node3_final_seed_42,42,241,0.0020754635334014893,-0.0022405534982681274
ppo_continuous_hopfield_node3_final_seed_42,42,242,0.0020258724689483643,-0.002219080924987793
ppo_continuous_hopfield_node3_final_seed_42,42,243,0.001979246735572815,-0.002200089395046234
ppo_continuous_hopfield_node3_final_seed_42,42,244,0.002119004726409912,-0.0021828189492225647
ppo_continuous_hopfield_node3_final_seed_42,42,245,0.0022664517164230347,-0.0021654367446899414
ppo_continuous_hopfield_node3_final_seed_42,42,246,0.002421647310256958,-0.002150140702724457
ppo_continuous_hopfield_node3_final_seed_42,42,247,0.0025850534439086914,-0.002139456570148468
ppo_continuous_hopfield_node3_final_seed_42,42,248,0.002756744623184204,-0.0021269917488098145
ppo_continuous_hopfield_node3_final_seed_42,42,249,0.002936810255050659,-0.002117052674293518
ppo_continuous_hopfield_node3_final_seed_42,42,250,0.003125295042991638,-0.0021094903349876404
ppo_continuous_hopfield_node3_final_seed_42,42,251,0.0033223628997802734,-0.0021061524748802185
ppo_continuous_hopfield_node3_final_seed_42,42,252,0.003528088331222534,-0.0021023228764533997
ppo_continuous_hopfield_node3_final_seed_42,42,253,0.003742128610610962,-0.002099648118019104
ppo_continuous_hopfield_node3_final_seed_42,42,254,0.0039644986391067505,-0.0021039918065071106
ppo_continuous_hopfield_node3_final_seed_42,42,255,0.0041953325271606445,-0.002108268439769745
ppo_continuous_hopfield_node3_final_seed_42,42,256,0.004433751106262207,-0.0021095573902130127
ppo_continuous_hopfield_node3_final_seed_42,42,257,0.004679948091506958,-0.0021231696009635925
ppo_continuous_hopfield_node3_final_seed_42,42,258,0.004933774471282959,-0.0021339207887649536
ppo_continuous_hopfield_node3_final_seed_42,42,259,0.005193829536437988,-0.002141125500202179
ppo_continuous_hopfield_node3_final_seed_42,42,260,0.005460917949676514,-0.0021634921431541443
ppo_continuous_hopfield_node3_final_seed_42,42,261,0.0057334303855896,-0.0021705254912376404
ppo_continuous_hopfield_node3_final_seed_42,42,262,0.006011515855789185,-0.0021895915269851685
ppo_continuous_hopfield_node3_final_seed_42,42,263,0.00629425048828125,-0.0021996349096298218
ppo_continuous_hopfield_node3_final_seed_42,42,264,0.0065808892250061035,-0.00221233069896698
ppo_continuous_hopfield_node3_final_seed_42,42,265,0.006870746612548828,-0.002225741744041443
ppo_continuous_hopfield_node3_final_seed_42,42,266,0.0071631669998168945,-0.002235785126686096
ppo_continuous_hopfield_node3_final_seed_42,42,267,0.007457435131072998,-0.0022419318556785583
ppo_continuous_hopfield_node3_final_seed_42,42,268,0.0077526867389678955,-0.0022451505064964294
ppo_continuous_hopfield_node3_final_seed_42,42,269,0.008048415184020996,-0.002244129776954651
ppo_continuous_hopfield_node3_final_seed_42,42,270,0.008343160152435303,-0.002235710620880127
ppo_continuous_hopfield_node3_final_seed_42,42,271,0.00863713026046753,-0.002232871949672699
ppo_continuous_hopfield_node3_final_seed_42,42,272,0.008928954601287842,-0.0022117048501968384
ppo_continuous_hopfield_node3_final_seed_42,42,273,0.00921773910522461,-0.002190537750720978
ppo_continuous_hopfield_node3_final_seed_42,42,274,0.00950363278388977,-0.0021691620349884033
ppo_continuous_hopfield_node3_final_seed_42,42,275,0.009784847497940063,-0.0021302253007888794
ppo_continuous_hopfield_node3_final_seed_42,42,276,0.010061681270599365,-0.0020955875515937805
ppo_continuous_hopfield_node3_final_seed_42,42,277,0.01033240556716919,-0.0020447373390197754
ppo_continuous_hopfield_node3_final_seed_42,42,278,0.010598301887512207,-0.0020035356283187866
ppo_continuous_hopfield_node3_final_seed_42,42,279,0.010856330394744873,-0.0019281283020973206
ppo_continuous_hopfield_node3_final_seed_42,42,280,0.011108040809631348,-0.0018798187375068665
ppo_continuous_hopfield_node3_final_seed_42,42,281,0.01135188341140747,-0.0018010437488555908
ppo_continuous_hopfield_node3_final_seed_42,42,282,0.01158672571182251,-0.0017246976494789124
ppo_continuous_hopfield_node3_final_seed_42,42,283,0.011813700199127197,-0.0016556978225708008
ppo_continuous_hopfield_node3_final_seed_42,42,284,0.012031078338623047,-0.0015635713934898376
ppo_continuous_hopfield_node3_final_seed_42,42,285,0.012238919734954834,-0.0014787018299102783
ppo_continuous_hopfield_node3_final_seed_42,42,286,0.012436866760253906,-0.0013881400227546692
ppo_continuous_hopfield_node3_final_seed_42,42,287,0.012624204158782959,-0.0012922361493110657
ppo_continuous_hopfield_node3_final_seed_42,42,288,0.012799739837646484,-0.0011952593922615051
ppo_continuous_hopfield_node3_final_seed_42,42,289,0.012964963912963867,-0.0011110752820968628
ppo_continuous_hopfield_node3_final_seed_42,42,290,0.01311802864074707,-0.0010003596544265747
ppo_continuous_hopfield_node3_final_seed_42,42,291,0.013258576393127441,-0.0009061172604560852
ppo_continuous_hopfield_node3_final_seed_42,42,292,0.013386845588684082,-0.0008125081658363342
ppo_continuous_hopfield_node3_final_seed_42,42,293,0.013501226902008057,-0.0007107406854629517
ppo_continuous_hopfield_node3_final_seed_42,42,294,0.01360255479812622,-0.0006248876452445984
ppo_continuous_hopfield_node3_final_seed_42,42,295,0.013689696788787842,-0.0005308464169502258
ppo_continuous_hopfield_node3_final_seed_42,42,296,0.013762235641479492,-0.0004415661096572876
ppo_continuous_hopfield_node3_final_seed_42,42,297,0.01381981372833252,-0.0003578886389732361
ppo_continuous_hopfield_node3_final_seed_42,42,298,0.013860940933227539,-0.00027429312467575073
ppo_continuous_hopfield_node3_final_seed_42,42,299,0.013886570930480957,-0.00021185725927352905
ppo_continuous_hopfield_node3_final_seed_42,42,300,0.013894915580749512,-0.00013682246208190918
ppo_continuous_hopfield_node3_final_seed_42,42,301,0.013886034488677979,-7.631629705429077e-05
ppo_continuous_hopfield_node3_final_seed_42,42,302,0.013858616352081299,-1.726299524307251e-05
ppo_continuous_hopfield_node3_final_seed_42,42,303,0.013811886310577393,2.4802982807159424e-05
ppo_continuous_hopfield_node3_final_seed_42,42,304,0.01374584436416626,5.742907524108887e-05
ppo_continuous_hopfield_node3_final_seed_42,42,305,0.013659179210662842,8.754432201385498e-05
ppo_continuous_hopfield_node3_final_seed_42,42,306,0.013550341129302979,0.00010705739259719849
ppo_continuous_hopfield_node3_final_seed_42,42,307,0.013419866561889648,0.0001039355993270874
ppo_continuous_hopfield_node3_final_seed_42,42,308,0.013264358043670654,0.00011071562767028809
ppo_continuous_hopfield_node3_final_seed_42,42,309,0.013084352016448975,7.545202970504761e-05
ppo_continuous_hopfield_node3_final_seed_42,42,310,0.012878119945526123,3.898143768310547e-05
ppo_continuous_hopfield_node3_final_seed_42,42,311,0.012644469738006592,-1.621246337890625e-05
ppo_continuous_hopfield_node3_final_seed_42,42,312,0.012382864952087402,-8.84905457496643e-05
ppo_continuous_hopfield_node3_final_seed_42,42,313,0.012090921401977539,-0.0001608431339263916
ppo_continuous_hopfield_node3_final_seed_42,42,314,0.011766970157623291,-0.0002617761492729187
ppo_continuous_hopfield_node3_final_seed_42,42,315,0.011410355567932129,-0.0003869980573654175
ppo_continuous_hopfield_node3_final_seed_42,42,316,0.011018127202987671,-0.0005211383104324341
ppo_continuous_hopfield_node3_final_seed_42,42,317,0.010590881109237671,-0.0006946846842765808
ppo_continuous_hopfield_node3_final_seed_42,42,318,0.010125547647476196,-0.0008596479892730713
ppo_continuous_hopfield_node3_final_seed_42,42,319,0.009621530771255493,-0.0010586082935333252
ppo_continuous_hopfield_node3_final_seed_42,42,320,0.009077489376068115,-0.0012701377272605896
ppo_continuous_hopfield_node3_final_seed_42,42,321,0.008492708206176758,-0.0014969408512115479
ppo_continuous_hopfield_node3_final_seed_42,42,322,0.007866889238357544,-0.0017367005348205566
ppo_continuous_hopfield_node3_final_seed_42,42,323,0.0072006285190582275,-0.0019817426800727844
ppo_continuous_hopfield_node3_final_seed_42,42,324,0.006600096821784973,-0.002222098410129547
ppo_continuous_hopfield_node3_final_seed_42,42,325,0.006154075264930725,-0.002458997070789337
ppo_continuous_hopfield_node3_final_seed_42,42,326,0.005671188235282898,-0.002684645354747772
ppo_continuous_hopfield_node3_final_seed_42,42,327,0.0051548779010772705,-0.002879515290260315
ppo_continuous_hopfield_node3_final_seed_42,42,328,0.004609525203704834,-0.0030367672443389893
ppo_continuous_hopfield_node3_final_seed_42,42,329,0.004041176289319992,-0.003146737813949585
ppo_continuous_hopfield_node3_final_seed_42,42,330,0.0034581217914819717,-0.003198191523551941
ppo_continuous_hopfield_node3_final_seed_42,42,331,0.00287044420838356,-0.0031752586364746094
ppo_continuous_hopfield_node3_final_seed_42,42,332,0.0022889217361807823,-0.003079362213611603
ppo_continuous_hopfield_node3_final_seed_42,42,333,0.0022185519337654114,-0.00291530042886734
ppo_continuous_hopfield_node3_final_seed_42,42,334,0.0025804713368415833,-0.002690151333808899
ppo_continuous_hopfield_node3_final_seed_42,42,335,0.0029251649975776672,-0.00243348628282547
ppo_continuous_hopfield_node3_final_seed_42,42,336,0.003251314163208008,-0.0021623820066452026
ppo_continuous_hopfield_node3_final_seed_42,42,337,0.003557637333869934,-0.0019137784838676453
ppo_continuous_hopfield_node3_final_seed_42,42,338,0.004035934805870056,-0.001713380217552185
ppo_continuous_hopfield_node3_final_seed_42,42,339,0.004502281546592712,-0.0015797391533851624
ppo_continuous_hopfield_node3_final_seed_42,42,340,0.004912175238132477,-0.001515701413154602
ppo_continuous_hopfield_node3_final_seed_42,42,341,0.005268659442663193,-0.001516103744506836
ppo_continuous_hopfield_node3_final_seed_42,42,342,0.005574971437454224,-0.0015685409307479858
ppo_continuous_hopfield_node3_final_seed_42,42,343,0.005833789706230164,-0.0016555041074752808
ppo_continuous_hopfield_node3_final_seed_42,42,344,0.006047368049621582,-0.001759745180606842
ppo_continuous_hopfield_node3_final_seed_42,42,345,0.006217360496520996,-0.0018659979104995728
ppo_continuous_hopfield_node3_final_seed_42,42,346,0.006345212459564209,-0.001961067318916321
ppo_continuous_hopfield_node3_final_seed_42,42,347,0.006431639194488525,-0.002040863037109375
ppo_continuous_hopfield_node3_final_seed_42,42,348,0.006477296352386475,-0.0020966529846191406
ppo_continuous_hopfield_node3_final_seed_42,42,349,0.006482526659965515,-0.0021281838417053223
ppo_continuous_hopfield_node3_final_seed_42,42,350,0.0064476728439331055,-0.002133600413799286
ppo_continuous_hopfield_node3_final_seed_42,42,351,0.006373167037963867,-0.002113252878189087
ppo_continuous_hopfield_node3_final_seed_42,42,352,0.006259426474571228,-0.002071194350719452
ppo_continuous_hopfield_node3_final_seed_42,42,353,0.0061073899269104,-0.002009280025959015
ppo_continuous_hopfield_node3_final_seed_42,42,354,0.005918048322200775,-0.001934148371219635
ppo_continuous_hopfield_node3_final_seed_42,42,355,0.005693063139915466,-0.001847684383392334
ppo_continuous_hopfield_node3_final_seed_42,42,356,0.005434364080429077,-0.0017565339803695679
ppo_continuous_hopfield_node3_final_seed_42,42,357,0.005144547671079636,-0.0016654357314109802
ppo_continuous_hopfield_node3_final_seed_42,42,358,0.004826530814170837,-0.0015814602375030518
ppo_continuous_hopfield_node3_final_seed_42,42,359,0.004483932629227638,-0.0015076324343681335
ppo_continuous_hopfield_node3_final_seed_42,42,360,0.004209484905004501,-0.0014506876468658447
ppo_continuous_hopfield_node3_final_seed_42,42,361,0.004015743732452393,-0.0014125406742095947
ppo_continuous_hopfield_node3_final_seed_42,42,362,0.003812946379184723,-0.00139646977186203
ppo_continuous_hopfield_node3_final_seed_42,42,363,0.00360243022441864,-0.0014009028673171997
ppo_continuous_hopfield_node3_final_seed_42,42,364,0.0033852197229862213,-0.0014278143644332886
ppo_continuous_hopfield_node3_final_seed_42,42,365,0.0031624063849449158,-0.0014718249440193176
ppo_continuous_hopfield_node3_final_seed_42,42,366,0.0029348377138376236,-0.0015304312109947205
ppo_continuous_hopfield_node3_final_seed_42,42,367,0.002787522040307522,-0.0015978962182998657
ppo_continuous_hopfield_node3_final_seed_42,42,368,0.0027492549270391464,-0.001669660210609436
ppo_continuous_hopfield_node3_final_seed_42,42,369,0.0027063339948654175,-0.001739688217639923
ppo_continuous_hopfield_node3_final_seed_42,42,370,0.002659246325492859,-0.0018062964081764221
ppo_continuous_hopfield_node3_final_seed_42,42,371,0.002608254551887512,-0.0018636658787727356
ppo_continuous_hopfield_node3_final_seed_42,42,372,0.0025538280606269836,-0.001914873719215393
ppo_continuous_hopfield_node3_final_seed_42,42,373,0.0024963021278381348,-0.001956462860107422
ppo_continuous_hopfield_node3_final_seed_42,42,374,0.002435743808746338,-0.0019830167293548584
ppo_continuous_hopfield_node3_final_seed_42,42,375,0.002372920513153076,-0.0020073503255844116
ppo_continuous_hopfield_node3_final_seed_42,42,376,0.0023076534271240234,-0.0020184367895126343
ppo_continuous_hopfield_node3_final_seed_42,42,377,0.0022407174110412598,-0.0020258277654647827
ppo_continuous_hopfield_node3_final_seed_42,42,378,0.002568453550338745,-0.0020271018147468567
ppo_continuous_hopfield_node3_final_seed_42,42,379,0.0028954148292541504,-0.002027638256549835
ppo_continuous_hopfield_node3_final_seed_42,42,380,0.0032212138175964355,-0.0020254626870155334
ppo_continuous_hopfield_node3_final_seed_42,42,381,0.0035459399223327637,-0.0020175129175186157
ppo_continuous_hopfield_node3_final_seed_42,42,382,0.003870636224746704,-0.002016007900238037
ppo_continuous_hopfield_node3_final_seed_42,42,383,0.004194796085357666,-0.0020058900117874146
ppo_continuous_hopfield_node3_final_seed_42,42,384,0.004519224166870117,-0.002004459500312805
ppo_continuous_hopfield_node3_final_seed_42,42,385,0.004843384027481079,-0.001996859908103943
ppo_continuous_hopfield_node3_final_seed_42,42,386,0.005167871713638306,-0.001996666193008423
ppo_continuous_hopfield_node3_final_seed_42,42,387,0.005491912364959717,-0.0019896700978279114
ppo_continuous_hopfield_node3_final_seed_42,42,388,0.005815416574478149,-0.001988336443901062
ppo_continuous_hopfield_node3_final_seed_42,42,389,0.006138116121292114,-0.0019852519035339355
ppo_continuous_hopfield_node3_final_seed_42,42,390,0.006459623575210571,-0.0019807443022727966
ppo_continuous_hopfield_node3_final_seed_42,42,391,0.006779611110687256,-0.001973167061805725
ppo_continuous_hopfield_node3_final_seed_42,42,392,0.007097363471984863,-0.001961752772331238
ppo_continuous_hopfield_node3_final_seed_42,42,393,0.00741228461265564,-0.0019484609365463257
ppo_continuous_hopfield_node3_final_seed_42,42,394,0.007723808288574219,-0.00193709135055542
ppo_continuous_hopfield_node3_final_seed_42,42,395,0.00803181529045105,-0.001921914517879486
ppo_continuous_hopfield_node3_final_seed_42,42,396,0.00833556056022644,-0.0018978044390678406
ppo_continuous_hopfield_node3_final_seed_42,42,397,0.008634358644485474,-0.0018666908144950867
ppo_continuous_hopfield_node3_final_seed_42,42,398,0.008927792310714722,-0.001837506890296936
ppo_continuous_hopfield_node3_final_seed_42,42,399,0.009215295314788818,-0.0018005818128585815
ppo_continuous_hopfield_node3_final_seed_42,42,400,0.009496629238128662,-0.001759260892868042
