scenario,node,method,controller_seed,test_seed,mismatch,noise_std,pulse_step,linear_gain,smc_reaching_gain,smc_boundary_width,mae,rmse,mean_l1,steady_l1,final_l1,mean_abs_u,energy_u,saturation_fraction,max_post_pulse,mean_post_pulse_error
mismatch,2,Linear,-1,100,0.0,0.0,-1,8.0,,,3.024576160675867,3.978777467859981,9.073728482027601,10.184045394445643,13.014389485120773,1.604816035439546,59.7331444380375,0.005,,
mismatch,2,LQR,-1,100,0.0,0.0,-1,,,,0.039891310170597105,0.1758914884532418,0.1196739305117913,2.9156145490246054e-07,1.1920928955078125e-07,0.01770788123337711,0.11359332815652486,0.0,,
mismatch,2,SMC,-1,100,0.0,0.0,-1,,16.0,0.5,0.045947361044126625,0.18083208990790045,0.13784208313237986,1.0714636264759817e-06,2.384185791015625e-07,0.028976022869539302,0.5746832625002044,0.0,,
mismatch,2,PPO,1024,100,0.0,0.0,-1,,,,0.04378619647707948,0.1680489185362422,0.13135858943123843,0.02279623132199049,0.005300581455230713,0.09321030374254075,5.064832514353172,0.01,,
mismatch,2,PPO,123,100,0.0,0.0,-1,,,,0.050650483402961605,0.16812074383269043,0.15195145020888481,0.04614214107026288,0.023879051208496094,0.06317512040720913,2.4323675719847113,0.005,,
mismatch,2,PPO,42,100,0.0,0.0,-1,,,,0.04717061474918545,0.16743956956885384,0.14151184424755636,0.04244261483351389,0.018027007579803467,0.134648198024962,6.060362133656874,0.01,,
mismatch,2,Linear,-1,101,0.0,0.0,-1,8.0,,,2.058640364089908,2.946332562314901,6.175921092269724,8.441848872620383,7.77056972682476,1.208721336283886,38.500930763685886,0.0,,
mismatch,2,LQR,-1,101,0.0,0.0,-1,,,,0.019031788669476257,0.07043030734396469,0.057095366008428766,1.8338431362752562e-07,1.6205012798309326e-07,0.02431365363685615,0.515950011658273,0.0,,
mismatch,2,SMC,-1,101,0.0,0.0,-1,,16.0,0.5,0.016259791058254393,0.06470057105601326,0.04877937317476318,5.329522177760984e-07,1.2386590242385864e-07,0.04327742095646344,2.3826429754874296,0.005,,
mismatch,2,PPO,1024,101,0.0,0.0,-1,,,,0.02628094951505289,0.06585878389907285,0.07884284854515866,0.02203976596924074,0.010785222053527832,0.0707183264363139,4.134022601471453,0.01,,
mismatch,2,PPO,123,101,0.0,0.0,-1,,,,0.03282688400094225,0.0697211358659647,0.09848065200282674,0.03903071820896901,0.03838684782385826,0.05406129140954957,2.5878731819503504,0.0075,,
mismatch,2,PPO,42,101,0.0,0.0,-1,,,,0.03029949236643777,0.06938099040036966,0.09089847709931331,0.025880837479583276,0.009122590534389019,0.08289870878035885,2.986175819662868,0.0075,,
mismatch,2,Linear,-1,102,0.0,0.0,-1,8.0,,,2.4034244597410273,3.1675848026506914,7.210273379223082,6.7318031151353575,4.307377576828003,1.3688218520020605,43.069500445752034,0.0,,
mismatch,2,LQR,-1,102,0.0,0.0,-1,,,,0.07351619550710155,0.25016716668357153,0.22054858652130466,5.503570270023228e-08,0.0,0.0907323790218887,3.5762630772842616,0.005,,
mismatch,2,SMC,-1,102,0.0,0.0,-1,,16.0,0.5,0.10452470647076595,0.27755636491153135,0.31357411941229785,7.403879009624139e-06,8.940696716308594e-07,0.11556686264457465,5.586858392123389,0.015,,
mismatch,2,PPO,1024,102,0.0,0.0,-1,,,,0.062235010025677516,0.2190489816901892,0.18670503007703254,0.01774693752443533,0.007959723472595215,0.17055433113453097,9.944471097433574,0.0225,,
mismatch,2,PPO,123,102,0.0,0.0,-1,,,,0.06783120901573911,0.22210069117867046,0.20349362704721732,0.042644565649054667,0.034211039543151855,0.13821974850057664,7.332143452191975,0.0175,,
mismatch,2,PPO,42,102,0.0,0.0,-1,,,,0.06599092449805546,0.22097662203073787,0.1979727734941664,0.021633110175852056,0.018151402473449707,0.17386497365789222,9.970144520261947,0.0225,,
mismatch,2,Linear,-1,103,0.0,0.0,-1,8.0,,,2.409727697856012,3.2294014053516453,7.229183093568036,7.081603825460245,6.2139312624931335,1.4246170609966478,47.486742978992794,0.01,,
mismatch,2,LQR,-1,103,0.0,0.0,-1,,,,0.0966143471682181,0.2843115076683705,0.2898430415046543,3.03013273227362e-07,0.0,0.10137642754722458,5.028465392496943,0.01,,
mismatch,2,SMC,-1,103,0.0,0.0,-1,,16.0,0.5,0.08525692351661385,0.2527383662945749,0.25577077054984154,1.3717519188368762e-06,1.4901161193847656e-07,0.11189773300644928,7.243245520969016,0.02,,
mismatch,2,PPO,1024,103,0.0,0.0,-1,,,,0.06565783904723711,0.19871411774868647,0.19697351714171135,0.02519167330759911,0.009415477514266968,0.14899110898115392,9.171727037842503,0.0275,,
mismatch,2,PPO,123,103,0.0,0.0,-1,,,,0.07632367623813531,0.2077619396415291,0.22897102871440592,0.04601974252404438,0.034252166748046875,0.12663138581630298,7.938689796037065,0.0225,,
mismatch,2,PPO,42,103,0.0,0.0,-1,,,,0.07336955531291255,0.20461824571394985,0.22010866593873765,0.049409042606935086,0.020243793725967407,0.14981210563434033,8.436090446113798,0.025,,
mismatch,2,Linear,-1,104,0.0,0.0,-1,8.0,,,3.1862966653024616,4.201990236366748,9.558889995907384,7.8522528895625365,8.159488677978516,1.6616788609812683,65.41815111866852,0.0025,,
mismatch,2,LQR,-1,104,0.0,0.0,-1,,,,0.1418770228037247,0.49410450340179723,0.42563106841117404,1.7554855641023612e-07,0.0,0.1616634911666214,8.830092997531619,0.02,,
mismatch,2,SMC,-1,104,0.0,0.0,-1,,16.0,0.5,0.16756316953522934,0.508866532286055,0.5026895086056881,4.424690556379012e-06,6.258487701416016e-07,0.18723792916023566,11.471579111567072,0.03,,
mismatch,2,PPO,1024,104,0.0,0.0,-1,,,,0.15363072914168927,0.5037025010699625,0.46089218742506777,0.031839450640189976,0.0028179362416267395,0.2941855623983683,20.398769668244036,0.0625,,
mismatch,2,PPO,123,104,0.0,0.0,-1,,,,0.1531683853242921,0.49774383607136347,0.4595051559728763,0.05553232285159605,0.021192945539951324,0.24595772331938184,15.98051496248575,0.0375,,
mismatch,2,PPO,42,104,0.0,0.0,-1,,,,0.15072272825523195,0.4978259010061399,0.45216818476569587,0.051708024811505535,0.018947839736938477,0.2639700009712852,17.656890668061674,0.0475,,
mismatch,2,Linear,-1,105,0.0,0.0,-1,8.0,,,2.175628248547186,3.2836685879258325,6.526884745641558,9.165135888129841,8.129596203565598,1.2135938968778845,43.64892444445912,0.0075,,
mismatch,2,LQR,-1,105,0.0,0.0,-1,,,,0.02036829702889025,0.08863313227987847,0.06110489108667075,0.0,0.0,0.082144861011212,4.632174154264737,0.01,,
mismatch,2,SMC,-1,105,0.0,0.0,-1,,16.0,0.5,0.021738652850780714,0.08790292097443177,0.06521595855234213,1.0205685724446804e-06,1.0803341865539551e-07,0.10176526448305079,7.02063766451352,0.02,,
mismatch,2,PPO,1024,105,0.0,0.0,-1,,,,0.03010296421388748,0.09118840368335579,0.09030889264166243,0.035212547018158215,0.011332874186336994,0.1284887932259543,7.9656904552064205,0.0225,,
mismatch,2,PPO,123,105,0.0,0.0,-1,,,,0.03347260425686341,0.09178971970140967,0.10041781277059023,0.050320859228111345,0.02988712303340435,0.11942364511421494,7.307653172082327,0.02,,
mismatch,2,PPO,42,105,0.0,0.0,-1,,,,0.03733944758062165,0.09374620527593046,0.11201834274186495,0.062214107545851556,0.01572064869105816,0.17044599565150137,9.714020891296997,0.025,,
mismatch,2,Linear,-1,106,0.0,0.0,-1,8.0,,,2.510906740713397,3.3604715639933116,7.532720222140191,8.297488565062299,8.552397713065147,1.4904421110105635,52.2576284236394,0.0125,,
mismatch,2,LQR,-1,106,0.0,0.0,-1,,,,0.14377378944568073,0.4358584198538221,0.4313213683370422,2.5219008050583026e-08,9.313225746154785e-09,0.14638978585779638,7.149826920179432,0.015,,
mismatch,2,SMC,-1,106,0.0,0.0,-1,,16.0,0.5,0.14901164330568023,0.41809218546119853,0.4470349299170407,1.2597312035475984e-05,9.802170097827911e-07,0.15704525091747262,9.357957478460468,0.0275,,
mismatch,2,PPO,1024,106,0.0,0.0,-1,,,,0.1278096632933258,0.38728652795242535,0.3834289898799774,0.012996803819673297,0.012780086137354374,0.2604146735961003,14.83578643858324,0.03,,
mismatch,2,PPO,123,106,0.0,0.0,-1,,,,0.13143307321293843,0.3809182670368962,0.39429921963881526,0.035747393442570795,0.03782931063324213,0.2084497159295843,11.229586623898419,0.0275,,
mismatch,2,PPO,42,106,0.0,0.0,-1,,,,0.1308659379644759,0.38044428667251495,0.39259781389342774,0.009630092484359112,0.008314266335219145,0.25146281368045736,14.234144768541032,0.03,,
mismatch,2,Linear,-1,107,0.0,0.0,-1,8.0,,,3.221120757449508,4.155071569352473,9.663362272348524,8.89669989619726,10.702310934662819,1.6574401940565158,58.46868488745447,0.0,,
mismatch,2,LQR,-1,107,0.0,0.0,-1,,,,0.10603271361888662,0.34892348252280075,0.3180981408566599,0.0,0.0,0.09288029666051033,3.23970039234855,0.005,,
mismatch,2,SMC,-1,107,0.0,0.0,-1,,16.0,0.5,0.11023576304057948,0.3486870946043227,0.33070728912173847,2.2542260495232947e-06,5.960464477539062e-07,0.10343623803509519,5.134004892895523,0.015,,
mismatch,2,PPO,1024,107,0.0,0.0,-1,,,,0.0973313442332297,0.3193259015282565,0.2919940326996891,0.022118537864981243,0.02146008610725403,0.19963826203807036,10.451902625103836,0.0225,,
mismatch,2,PPO,123,107,0.0,0.0,-1,,,,0.10681279225031833,0.31349749541886407,0.320438376750955,0.04345268299113269,0.06389909982681274,0.1472397953494826,7.113639191013758,0.0175,,
mismatch,2,PPO,42,107,0.0,0.0,-1,,,,0.10039843009019941,0.313547176926264,0.3011952902705982,0.022938598752205754,0.010625571012496948,0.16234479664344145,7.772773901663543,0.02,,
mismatch,2,Linear,-1,108,0.0,0.0,-1,8.0,,,1.568472823693246,2.4059008155462926,4.705418471079738,8.86268252796597,8.57878851890564,0.9720103074041685,29.480703844476558,0.005,,
mismatch,2,LQR,-1,108,0.0,0.0,-1,,,,0.02510613458867263,0.1025170587339713,0.0753184037660179,0.0,0.0,0.04547792366119626,1.3609925464607189,0.0,,
mismatch,2,SMC,-1,108,0.0,0.0,-1,,16.0,0.5,0.01772535265764378,0.08865132384120182,0.05317605797293134,1.3459824531534573e-06,4.246830940246582e-07,0.0459985835095538,3.232412700568487,0.01,,
mismatch,2,PPO,1024,108,0.0,0.0,-1,,,,0.027006655200659386,0.08542586808108132,0.08101996560197816,0.030975798501368657,0.0035445839166641235,0.07476594592642011,4.609687672515112,0.0125,,
mismatch,2,PPO,123,108,0.0,0.0,-1,,,,0.031787957816329766,0.08837248639105114,0.0953638734489893,0.05549027838882197,0.02198117971420288,0.0581941956147886,3.7230130796369196,0.01,,
mismatch,2,PPO,42,108,0.0,0.0,-1,,,,0.032810359976098796,0.08791530927845861,0.09843107992829639,0.04864676519193583,0.018297802656888962,0.06541661354260254,4.038144149953683,0.0125,,
mismatch,2,Linear,-1,109,0.0,0.0,-1,8.0,,,2.751229035357634,3.7092730891904435,8.253687106072903,10.324920701483885,8.097298428416252,1.4847271351742923,52.83126700147713,0.0,,
mismatch,2,LQR,-1,109,0.0,0.0,-1,,,,0.10288624837142991,0.3554414453368129,0.30865874511428976,1.0081279424973476e-07,0.0,0.09176378788263082,3.0387678470005297,0.0025,,
mismatch,2,SMC,-1,109,0.0,0.0,-1,,16.0,0.5,0.11904342445728376,0.36866773803730735,0.35713027337185127,5.998349760049655e-07,1.0384246706962585e-07,0.11386708969248957,5.03930274742719,0.0125,,
mismatch,2,PPO,1024,109,0.0,0.0,-1,,,,0.09101491813576554,0.3289477967213279,0.2730447544072966,0.04343409616684104,0.01281789131462574,0.18057352304458618,9.557652018644609,0.02,,
mismatch,2,PPO,123,109,0.0,0.0,-1,,,,0.10287562359808786,0.3284535784948543,0.30862687079426354,0.07718765965582412,0.032847714610397816,0.14134646500658216,6.721871226336102,0.015,,
mismatch,2,PPO,42,109,0.0,0.0,-1,,,,0.10116834861496564,0.3284667034245366,0.3035050458448969,0.06680322311427674,0.021200933028012514,0.2090299505266614,11.083734409152395,0.0175,,
mismatch,2,Linear,-1,110,0.0,0.0,-1,8.0,,,2.4744573435556463,3.4430361118119346,7.423372030666939,4.715916304492656,7.3425301015377045,1.396200358124445,47.520129362088745,0.0025,,
mismatch,2,LQR,-1,110,0.0,0.0,-1,,,,0.052116055007488254,0.14263748079810554,0.15634816502246476,5.950806317506013e-07,5.066394805908203e-07,0.05987483644677867,2.3017482353466447,0.0,,
mismatch,2,SMC,-1,110,0.0,0.0,-1,,16.0,0.5,0.04522905434951719,0.1261106682195999,0.13568716304855155,5.039144997243528e-06,1.087784767150879e-06,0.06689790679402076,4.106449707721389,0.0125,,
mismatch,2,PPO,1024,110,0.0,0.0,-1,,,,0.03757264706517507,0.10787196063785617,0.11271794119552521,0.04420081300683963,0.025247320532798767,0.106300088792965,5.91426054539534,0.0175,,
mismatch,2,PPO,123,110,0.0,0.0,-1,,,,0.04336023351339374,0.10884953780965292,0.13008070054018123,0.09001719289355808,0.060634955763816833,0.08770974840680858,4.942157433747749,0.015,,
mismatch,2,PPO,42,110,0.0,0.0,-1,,,,0.041934744848777614,0.10866769998848477,0.12580423454633285,0.05557726233921669,0.06898115575313568,0.14029626494408248,5.910361841856789,0.015,,
mismatch,2,Linear,-1,111,0.0,0.0,-1,8.0,,,3.2176834587828376,4.260614506910233,9.653050376348514,8.444396057430609,8.21026062965393,1.693680078757374,68.72531117122517,0.0075,,
mismatch,2,LQR,-1,111,0.0,0.0,-1,,,,0.24105213906625456,0.7415463537478745,0.7231564171987637,3.2226348088847266e-07,3.632158041000366e-08,0.22099242590606574,11.998846220037478,0.025,,
mismatch,2,SMC,-1,111,0.0,0.0,-1,,16.0,0.5,0.2704145560034877,0.7576752130089187,0.811243668010463,6.969331154300843e-06,6.50063157081604e-07,0.24030852346191836,14.931081155020847,0.04,,
mismatch,2,PPO,1024,111,0.0,0.0,-1,,,,0.2619816522295521,0.7800156792770171,0.7859449566886563,0.04212284519302624,0.0324914176017046,0.43953951052448104,31.497120061572147,0.095,,
mismatch,2,PPO,123,111,0.0,0.0,-1,,,,0.2525705449270156,0.7633173165709082,0.7577116347810468,0.06994757006795686,0.055491168051958084,0.34523409486114237,23.48243571309149,0.0575,,
mismatch,2,PPO,42,111,0.0,0.0,-1,,,,0.25366469500419947,0.7652718088135303,0.7609940850125984,0.06791801632807394,0.025946934707462788,0.3603654955409263,24.454768961571418,0.0625,,
mismatch,2,Linear,-1,112,0.0,0.0,-1,8.0,,,1.8438183553423966,2.4284927012730755,5.531455066027189,6.052350237321707,4.826967179775238,1.2381007935935422,37.199013537834865,0.015,,
mismatch,2,LQR,-1,112,0.0,0.0,-1,,,,0.023079227047630973,0.11535412865827065,0.06923768114289292,0.0,0.0,0.07174857062992476,2.117930294071621,0.0,,
mismatch,2,SMC,-1,112,0.0,0.0,-1,,16.0,0.5,0.043366447491733885,0.15801111944984123,0.13009934247520163,2.2505237548439591e-07,0.0,0.08015483879685488,4.579645488109299,0.0125,,
mismatch,2,PPO,1024,112,0.0,0.0,-1,,,,0.03382945856457253,0.12642394978878585,0.10148837569371758,0.02251373526904686,0.017780184745788574,0.08748894041761793,3.846906834710373,0.01,,
mismatch,2,PPO,123,112,0.0,0.0,-1,,,,0.04377699267167168,0.134658319519326,0.13133097801501503,0.048568971535581866,0.037473440170288086,0.0768019750602822,3.474754520989718,0.01,,
mismatch,2,PPO,42,112,0.0,0.0,-1,,,,0.043143419886212286,0.13490433763789061,0.12943025965863686,0.043109399976530745,0.04439985752105713,0.09471886603166338,3.907884071880461,0.01,,
mismatch,2,Linear,-1,113,0.0,0.0,-1,8.0,,,3.067236332939698,4.057325519012769,9.201708998819093,11.882729050553875,14.078050434589386,1.6628825330080237,65.90631237293938,0.0125,,
mismatch,2,LQR,-1,113,0.0,0.0,-1,,,,0.22123793721104587,0.6877217431059071,0.6637138116331376,2.5058901052416107e-07,0.0,0.13537330874449455,5.522304590169614,0.01,,
mismatch,2,SMC,-1,113,0.0,0.0,-1,,16.0,0.5,0.2441505757013393,0.7117262010615694,0.732451727104018,3.997592922346092e-06,0.0,0.16442433569793477,8.084419931141085,0.02,,
mismatch,2,PPO,1024,113,0.0,0.0,-1,,,,0.21776651957978868,0.6960888951214191,0.653299558739366,0.02452731032476381,0.031536221504211426,0.3256109608453408,20.080019730350983,0.045,,
mismatch,2,PPO,123,113,0.0,0.0,-1,,,,0.21486745944559413,0.6652484608527907,0.6446023783367824,0.03792409604001376,0.0048139095306396484,0.22627254568058952,11.77781870776013,0.0275,,
mismatch,2,PPO,42,113,0.0,0.0,-1,,,,0.21232311575265533,0.6657058858238716,0.6369693472579661,0.03565954972334482,0.041687190532684326,0.23057853899654604,11.964888374131204,0.0275,,
mismatch,2,Linear,-1,114,0.0,0.0,-1,8.0,,,2.026320650043308,2.917686219157967,6.078961950129925,8.206096147865425,7.6930635422468185,1.2325981111449196,41.04460956721761,0.0075,,
mismatch,2,LQR,-1,114,0.0,0.0,-1,,,,0.01468362573380191,0.07552416485329377,0.044050877201405735,1.4396407354025194e-07,1.043081283569336e-07,0.04029422025302755,0.6734205523559615,0.0,,
mismatch,2,SMC,-1,114,0.0,0.0,-1,,16.0,0.5,0.025334647777639344,0.08772507071542371,0.07600394333291803,6.914322758898323e-07,8.940696716308594e-08,0.04210468220899414,1.7794131445084707,0.005,,
mismatch,2,PPO,1024,114,0.0,0.0,-1,,,,0.028591492881221155,0.08010295722426371,0.08577447864366347,0.029574179653952152,0.021513625979423523,0.05110101355355874,1.3234868431692626,0.0025,,
mismatch,2,PPO,123,114,0.0,0.0,-1,,,,0.03668455266434752,0.08486444134125265,0.11005365799304256,0.05403869645095166,0.05029347538948059,0.048237020572522035,1.236483504132818,0.0025,,
mismatch,2,PPO,42,114,0.0,0.0,-1,,,,0.036160199642444615,0.08693629098372839,0.10848059892733385,0.046748786244863345,0.02216528356075287,0.1737949962999458,6.535330217672911,0.005,,
mismatch,2,Linear,-1,115,0.0,0.0,-1,8.0,,,2.8706749334237722,3.8858268251771744,8.612024800271316,11.421672407859637,11.591358378529549,1.5853999161958099,59.114825495033045,0.0125,,
mismatch,2,LQR,-1,115,0.0,0.0,-1,,,,0.05725272049131035,0.21272663724035484,0.17175816147393103,1.6269400531862989e-09,0.0,0.0460650328690428,0.5461353147233169,0.0,,
mismatch,2,SMC,-1,115,0.0,0.0,-1,,16.0,0.5,0.0822818755427281,0.24918674487848938,0.2468456266281843,3.5417795089291938e-06,0.0,0.0525332512454836,0.6063273210160615,0.0,,
mismatch,2,PPO,1024,115,0.0,0.0,-1,,,,0.054387067491459606,0.19535764446981904,0.16316120247437882,0.035720100091701304,0.06691430509090424,0.08940012360971765,2.572585600484283,0.0025,,
mismatch,2,PPO,123,115,0.0,0.0,-1,,,,0.0668809186128771,0.20180539947453083,0.20064275583863128,0.07509865193846232,0.1403796523809433,0.06559626709790599,1.3165364329817233,0.0,,
mismatch,2,PPO,42,115,0.0,0.0,-1,,,,0.06344470117010442,0.2014176482558135,0.19033410351031327,0.03344532483498807,0.11785943806171417,0.15658219661238484,5.482332011627992,0.0025,,
mismatch,2,Linear,-1,116,0.0,0.0,-1,8.0,,,2.492086544063125,3.3478697523943706,7.476259632189375,11.657161667575071,11.29299595952034,1.4089710977012082,46.28872454410201,0.005,,
mismatch,2,LQR,-1,116,0.0,0.0,-1,,,,0.0532568754769199,0.19296120810690554,0.1597706264307597,1.2914339701334635e-07,0.0,0.020601181692973654,0.11095648245996355,0.0,,
mismatch,2,SMC,-1,116,0.0,0.0,-1,,16.0,0.5,0.06135996328302948,0.20073987261663312,0.18407988984908843,2.3764592629891857e-06,1.1175870895385742e-06,0.031583573014267216,0.9308660714515092,0.0025,,
mismatch,2,PPO,1024,116,0.0,0.0,-1,,,,0.044164009946951965,0.15794177585375516,0.1324920298408559,0.03583987793068827,0.05597473680973053,0.10550943234391938,5.161238492696649,0.0125,,
mismatch,2,PPO,123,116,0.0,0.0,-1,,,,0.04801331236161112,0.16032853533905828,0.14403993708483337,0.07945357980551543,0.12926281988620758,0.06707112689936845,2.5448786030107238,0.005,,
mismatch,2,PPO,42,116,0.0,0.0,-1,,,,0.04453172664783573,0.1586673415290929,0.1335951799435072,0.03211125345141799,0.1079181432723999,0.07889407101154625,3.6907731448337624,0.01,,
mismatch,2,Linear,-1,117,0.0,0.0,-1,8.0,,,3.1250642755967646,4.1302779295926175,9.375192826790293,7.8507007893036915,8.14210295677185,1.6636785637782399,65.12161124973412,0.0025,,
mismatch,2,LQR,-1,117,0.0,0.0,-1,,,,0.09070635776299478,0.3188481088726957,0.2721190732889844,3.9375686075216456e-07,0.0,0.13617408951572857,6.569149770006746,0.01,,
mismatch,2,SMC,-1,117,0.0,0.0,-1,,16.0,0.5,0.115091614876328,0.3319050668182247,0.345274844628984,2.2318599354705694e-06,4.6193599700927734e-07,0.15902501880246234,8.943385906070953,0.0225,,
mismatch,2,PPO,1024,117,0.0,0.0,-1,,,,0.09686833577356761,0.3318206062769057,0.2906050073207029,0.03076333911905502,0.024982117116451263,0.24406724599680105,16.175796525554258,0.0325,,
mismatch,2,PPO,123,117,0.0,0.0,-1,,,,0.10175158489411906,0.32511989018515486,0.3052547546823572,0.0522425930004245,0.048425592482089996,0.20103516847712738,12.156492922027283,0.0275,,
mismatch,2,PPO,42,117,0.0,0.0,-1,,,,0.10038179022678835,0.325093543406083,0.301145370680365,0.049268863836510315,0.03373001143336296,0.2075100912900637,12.598575842542019,0.03,,
mismatch,2,Linear,-1,118,0.0,0.0,-1,8.0,,,1.9121318706500956,2.87078787288536,5.736395611950287,7.7837124328922345,8.538891837000847,1.1638312598416336,39.739909209144685,0.0075,,
mismatch,2,LQR,-1,118,0.0,0.0,-1,,,,0.03334924239968743,0.1350485748253217,0.1000477271990623,1.051655775051058e-06,7.078051567077637e-08,0.042397944986958785,0.7228115976326276,0.0,,
mismatch,2,SMC,-1,118,0.0,0.0,-1,,16.0,0.5,0.02896130310970723,0.12225483331968408,0.0868839093291217,1.3883375091317258e-06,2.60770320892334e-07,0.04703936521773051,1.5550699067338698,0.0,,
mismatch,2,PPO,1024,118,0.0,0.0,-1,,,,0.038271229721896866,0.11624624429145543,0.1148136891656906,0.036843518186130644,0.010226517915725708,0.07001527326362686,3.3144625331206075,0.0075,,
mismatch,2,PPO,123,118,0.0,0.0,-1,,,,0.04258957257957282,0.12090563560243392,0.12776871773871845,0.05276047396990988,0.02782263047993183,0.051442235633916686,1.6845620983366238,0.0025,,
mismatch,2,PPO,42,118,0.0,0.0,-1,,,,0.045048831471420844,0.11882425178639351,0.13514649441426252,0.0643034531838364,0.015347981825470924,0.08893001662971373,3.0480224322190086,0.005,,
mismatch,2,Linear,-1,119,0.0,0.0,-1,8.0,,,3.00565363436702,3.9213751698718267,9.01696090310106,10.578691633395207,12.033302187919617,1.6099178546533324,59.054394734901166,0.0,,
mismatch,2,LQR,-1,119,0.0,0.0,-1,,,,0.2580610664711579,0.7787045281429137,0.7741831994134738,2.441559860735764e-08,0.0,0.16211279613008536,7.467892491201358,0.0175,,
mismatch,2,SMC,-1,119,0.0,0.0,-1,,16.0,0.5,0.28234490483255276,0.8027728302618092,0.8470347144976583,1.3547719536740102e-05,3.2186508178710938e-06,0.1791334058215876,9.279110523425407,0.025,,
mismatch,2,PPO,1024,119,0.0,0.0,-1,,,,0.2730085559970067,0.8122752685182468,0.8190256679910201,0.02577468368259293,0.038095325231552124,0.38607105867300845,24.437182931720038,0.0625,,
mismatch,2,PPO,123,119,0.0,0.0,-1,,,,0.2623844820090995,0.7707500602797532,0.7871534460272984,0.06282164949210889,0.08795812726020813,0.26847619949805174,14.497392345397811,0.035,,
mismatch,2,PPO,42,119,0.0,0.0,-1,,,,0.257759091692821,0.7736753409171521,0.7732772750784631,0.016879405429655756,0.04102489352226257,0.2935125631212891,15.83748664420462,0.035,,
mismatch,3,Linear,-1,100,0.0,0.0,-1,8.0,,,0.021983703159524325,0.12015840320695287,0.06595110947857297,3.5415897950714015e-06,5.960464477539062e-07,0.05204778279356677,1.7570844704096584,0.0025,,
mismatch,3,LQR,-1,100,0.0,0.0,-1,,,,0.03367172317472553,0.14910792496120948,0.1010151695241766,2.7512763569384443e-06,5.960464477539062e-07,0.03009444950940024,0.24580829794185188,0.0,,
mismatch,3,SMC,-1,100,0.0,0.0,-1,,16.0,0.5,0.04380632101202806,0.14993154000149925,0.1314189630360842,1.413968426209909e-05,7.748603820800781e-07,0.04939553428077732,1.3999558457941785,0.0025,,
mismatch,3,PPO,1024,100,0.0,0.0,-1,,,,0.021055429932914507,0.11487763825505727,0.06316628979874352,0.0074458162840685726,0.003931820392608643,0.09813068359347056,6.029509163254093,0.015,,
mismatch,3,PPO,123,100,0.0,0.0,-1,,,,0.022437051052215228,0.11580216768989873,0.0673111531566457,0.0162954175453863,0.02680516242980957,0.10512226755310436,6.8201264212239625,0.02,,
mismatch,3,PPO,42,100,0.0,0.0,-1,,,,0.021083370022783838,0.11437514979352915,0.06325011006835152,0.005847835194687416,0.01441943645477295,0.08994079871739533,5.346805191828404,0.015,,
mismatch,3,Linear,-1,101,0.0,0.0,-1,8.0,,,0.01995404808450504,0.07287008570269901,0.059862144253515125,1.4122564023659554e-05,7.233582437038422e-06,0.02691434533161081,0.4224651585470671,0.0,,
mismatch,3,LQR,-1,101,0.0,0.0,-1,,,,0.021931981983058874,0.07112323072638922,0.06579594594917662,6.107136285231437e-06,1.5338882803916931e-06,0.03153527588449095,0.3746481442839944,0.0,,
mismatch,3,SMC,-1,101,0.0,0.0,-1,,16.0,0.5,0.02774897644185776,0.06884312845323659,0.08324692932557329,2.022466426830233e-05,2.2100284695625305e-06,0.041133634697251585,1.6865147801648128,0.005,,
mismatch,3,PPO,1024,101,0.0,0.0,-1,,,,0.020172069844784382,0.06404164182712538,0.06051620953435315,0.0037632929218680035,0.0016558915376663208,0.049057558810621724,2.2417963484194154,0.005,,
mismatch,3,PPO,123,101,0.0,0.0,-1,,,,0.0217541881466512,0.0628122363856047,0.0652625644399536,0.004174860717475783,0.00826516654342413,0.054546081991413344,2.706547242498168,0.0075,,
mismatch,3,PPO,42,101,0.0,0.0,-1,,,,0.02078209545546353,0.06274170529764508,0.06234628636639059,0.003746379799221033,0.004103393293917179,0.0536279358768701,2.7221664521977615,0.0075,,
mismatch,3,Linear,-1,102,0.0,0.0,-1,8.0,,,0.01802361697225726,0.07427956707139724,0.05407085091677179,3.561215442145404e-05,1.2159347534179688e-05,0.05081621058601096,2.7847295491138713,0.005,,
mismatch,3,LQR,-1,102,0.0,0.0,-1,,,,0.022067919956314658,0.09610379585471926,0.06620375986894397,5.643079660970855e-06,1.6689300537109375e-06,0.051217961812077724,1.8979619833719494,0.0,,
mismatch,3,SMC,-1,102,0.0,0.0,-1,,16.0,0.5,0.022425934307916666,0.06733135163395886,0.06727780292374999,5.295572020573381e-06,8.344650268554688e-07,0.06792269293561196,4.208280235320006,0.0125,,
mismatch,3,PPO,1024,102,0.0,0.0,-1,,,,0.017743551942128115,0.0635850801268148,0.053230655826384345,0.004373970764896108,0.0018607378005981445,0.07287982815964858,4.581277988549285,0.0125,,
mismatch,3,PPO,123,102,0.0,0.0,-1,,,,0.018973512224719883,0.06418224221877812,0.056920536674159646,0.014151899379758555,0.027431488037109375,0.08004544498201488,5.102859184064835,0.015,,
mismatch,3,PPO,42,102,0.0,0.0,-1,,,,0.017732700248590864,0.06361937821558325,0.05319810074577259,0.0039038880046221346,0.011597037315368652,0.07758678460581939,4.967613973733734,0.015,,
mismatch,3,Linear,-1,103,0.0,0.0,-1,8.0,,,0.08361780541766659,0.23891637124997697,0.25085341625299973,0.00029434445946488854,0.0001239180564880371,0.13393354200133287,2.6681223308519453,0.0,,
mismatch,3,LQR,-1,103,0.0,0.0,-1,,,,0.0805337663186584,0.21726563253639994,0.2416012989559752,0.00010734692468871305,1.3440847396850586e-05,0.165499631538897,4.202330401411176,0.0,,
mismatch,3,SMC,-1,103,0.0,0.0,-1,,16.0,0.5,0.14913807836632575,0.3416311448672355,0.44741423509897726,1.685638670568113e-05,1.2814998626708984e-06,0.16613375362110333,6.111591608147312,0.015,,
mismatch,3,PPO,1024,103,0.0,0.0,-1,,,,0.07258346482094513,0.21042584173925655,0.2177503944628354,0.007534096293427326,0.003636658191680908,0.1496790551448106,3.489942666070079,0.0025,,
mismatch,3,PPO,123,103,0.0,0.0,-1,,,,0.06827501725633446,0.20374937117675332,0.2048250517690034,0.0070778395934605305,0.018348664045333862,0.1726177133465339,5.817182319854372,0.0125,,
mismatch,3,PPO,42,103,0.0,0.0,-1,,,,0.06699216375617095,0.20430531821334458,0.20097649126851286,0.005284436851923848,0.0048097968101501465,0.17179688201878135,5.804947040289178,0.0125,,
mismatch,3,Linear,-1,104,0.0,0.0,-1,8.0,,,0.062906765452751,0.2346832103110601,0.18872029635825305,2.0345851181097972e-05,8.277595043182373e-06,0.10225038213697157,5.585558320684676,0.015,,
mismatch,3,LQR,-1,104,0.0,0.0,-1,,,,0.06682969482343858,0.23061206671340334,0.20048908447031571,2.0308218850397768e-05,2.3543834686279297e-06,0.11293826665702224,5.753248604139577,0.01,,
mismatch,3,SMC,-1,104,0.0,0.0,-1,,16.0,0.5,0.07195963863831506,0.22585779480359613,0.21587891591494518,6.017075955039925e-05,1.691281795501709e-06,0.12735955313083586,8.142624173452742,0.0225,,
mismatch,3,PPO,1024,104,0.0,0.0,-1,,,,0.06434782001817736,0.2243322428865655,0.1930434600545321,0.006415220515020651,0.006475567817687988,0.11617052220644201,8.043599845847032,0.025,,
mismatch,3,PPO,123,104,0.0,0.0,-1,,,,0.0694152657662581,0.22957805620592017,0.20824579729877432,0.00804731005768257,0.010402485728263855,0.14413307925617727,10.204376904465933,0.03,,
mismatch,3,PPO,42,104,0.0,0.0,-1,,,,0.06735986170431728,0.2274190181680514,0.20207958511295182,0.00660532809805447,0.0034250766038894653,0.13518189827440089,9.710792766360676,0.03,,
mismatch,3,Linear,-1,105,0.0,0.0,-1,8.0,,,0.0457853637097662,0.1481528955364029,0.13735609112929859,1.464242023634322e-05,4.889443516731262e-06,0.08139386617966424,1.9412351778154655,0.0,,
mismatch,3,LQR,-1,105,0.0,0.0,-1,,,,0.047885537193971976,0.1431681334477938,0.14365661158191592,1.7919991579320696e-05,2.0600855350494385e-06,0.09936473206460135,3.288659492130303,0.0,,
mismatch,3,SMC,-1,105,0.0,0.0,-1,,16.0,0.5,0.05471300515106237,0.1498247431407522,0.16413901545318713,6.140614457336473e-05,1.998618245124817e-06,0.1151089919306706,6.294073927065271,0.0175,,
mismatch,3,PPO,1024,105,0.0,0.0,-1,,,,0.04741246694120627,0.14863053270895313,0.14223740082361883,0.008577439341878082,0.002423463389277458,0.10670801997184753,4.415312779723553,0.005,,
mismatch,3,PPO,123,105,0.0,0.0,-1,,,,0.05043093081531196,0.14650715190022573,0.15129279244593588,0.007677710810561239,0.004526562988758087,0.1120721336167905,5.127043746219445,0.01,,
mismatch,3,PPO,42,105,0.0,0.0,-1,,,,0.048655775193735054,0.14464776308115326,0.14596732558120515,0.008366564305982104,0.0026901550590991974,0.10820599507884195,4.828038628881881,0.01,,
mismatch,3,Linear,-1,106,0.0,0.0,-1,8.0,,,0.06799560076553617,0.20210916299435946,0.20398680229660848,0.0001379321401156945,8.196849375963211e-05,0.1472764528888345,4.405870102081179,0.0,,
mismatch,3,LQR,-1,106,0.0,0.0,-1,,,,0.06457677150463742,0.1992857618883643,0.1937303145139123,2.9063244626201965e-05,7.896684110164642e-06,0.16290625786655086,5.141481821892754,0.0,,
mismatch,3,SMC,-1,106,0.0,0.0,-1,,16.0,0.5,0.13136049621811652,0.3118570706630006,0.39408148865434955,2.4020552554708203e-05,1.1101365089416504e-06,0.1666929955006132,7.370464616551414,0.0175,,
mismatch,3,PPO,1024,106,0.0,0.0,-1,,,,0.06397628407537898,0.19600823088695438,0.1919288522261369,0.0013290204834997838,0.0006720521487295628,0.19717297965005745,11.36065609632368,0.0325,,
mismatch,3,PPO,123,106,0.0,0.0,-1,,,,0.05643009824253671,0.18294210654602214,0.16929029472761015,0.003277326061643292,0.005098252557218075,0.198028241553021,10.661542681471152,0.03,,
mismatch,3,PPO,42,106,0.0,0.0,-1,,,,0.05340554702363936,0.18150988076612087,0.1602166410709181,0.0032301643578749564,0.004015244543552399,0.1748836399462455,8.091444602637672,0.02,,
mismatch,3,Linear,-1,107,0.0,0.0,-1,8.0,,,0.022034418936013704,0.07253483415042201,0.06610325680804112,4.368080516104345e-05,1.913309097290039e-05,0.07826948451096577,3.442198615540544,0.0075,,
mismatch,3,LQR,-1,107,0.0,0.0,-1,,,,0.028145953836360774,0.11046698985757905,0.08443786150908232,1.5308856274242754e-05,3.725290298461914e-06,0.06780618071147196,2.0673992059321877,0.0,,
mismatch,3,SMC,-1,107,0.0,0.0,-1,,16.0,0.5,0.01847239185189666,0.07083466367656602,0.05541717555568997,4.308602922124627e-06,6.854534149169922e-07,0.06373874593245528,4.051079617026889,0.0125,,
mismatch,3,PPO,1024,107,0.0,0.0,-1,,,,0.01746392341857855,0.06416392508344669,0.05239177025573565,0.004164149243108652,0.0019842982292175293,0.1052699913073359,6.181325394108817,0.0175,,
mismatch,3,PPO,123,107,0.0,0.0,-1,,,,0.017952594401722068,0.06424899721515195,0.053857783205166196,0.011385414185991257,0.025236397981643677,0.11901765677409055,7.795892218272565,0.0225,,
mismatch,3,PPO,42,107,0.0,0.0,-1,,,,0.015851133169741034,0.06343145969012828,0.0475533995092231,0.0056750101244284045,0.011562764644622803,0.10359960675536843,6.287221209008456,0.0175,,
mismatch,3,Linear,-1,108,0.0,0.0,-1,8.0,,,0.04472725455176375,0.1487072932793692,0.13418176365529125,1.8942189966270954e-05,8.143484592437744e-06,0.04699884547487347,0.5018665375729888,0.0,,
mismatch,3,LQR,-1,108,0.0,0.0,-1,,,,0.04965967278077336,0.13999504376196506,0.14897901834232008,1.717667831222952e-05,2.566725015640259e-06,0.05804107062962523,0.8577644668467514,0.0,,
mismatch,3,SMC,-1,108,0.0,0.0,-1,,16.0,0.5,0.057709190160530006,0.14622916631176333,0.17312757048159003,5.6190651921946327e-05,2.7418136596679688e-06,0.06915786434672101,2.5105713978143087,0.005,,
mismatch,3,PPO,1024,108,0.0,0.0,-1,,,,0.04338483723149118,0.14034264287172746,0.13015451169447356,0.006212678079688807,0.00643404945731163,0.05138787727552162,0.6380999197868894,0.0,,
mismatch,3,PPO,123,108,0.0,0.0,-1,,,,0.04713630219124078,0.13955726789948258,0.14140890657372235,0.0082331416024654,0.011321894824504852,0.06831274060950501,2.8423559537622696,0.0075,,
mismatch,3,PPO,42,108,0.0,0.0,-1,,,,0.045676909694020384,0.138447948771959,0.13703072908206115,0.006518587777621032,0.0037277601659297943,0.06398788174414576,2.2432499306608302,0.005,,
mismatch,3,Linear,-1,109,0.0,0.0,-1,8.0,,,0.03387185643989893,0.1108555277033549,0.1016155693196968,4.193404068549474e-05,1.1994503438472748e-05,0.11105232832586379,4.986510397228496,0.0125,,
mismatch,3,LQR,-1,109,0.0,0.0,-1,,,,0.04211537699824383,0.1653802798830269,0.1263461309947315,8.086754400053142e-06,1.6614794731140137e-06,0.07320570105549759,2.0190849158818307,0.0,,
mismatch,3,SMC,-1,109,0.0,0.0,-1,,16.0,0.5,0.05827161406088661,0.15036671390214135,0.17481484218265983,2.174050098767987e-05,1.1329539120197296e-06,0.10732711885270536,5.058043379813498,0.0125,,
mismatch,3,PPO,1024,109,0.0,0.0,-1,,,,0.033540007965646976,0.10855245143513281,0.10062002389694093,0.009622585603300437,0.0038428325206041336,0.1545365136534793,9.158304855835201,0.025,,
mismatch,3,PPO,123,109,0.0,0.0,-1,,,,0.031206668093289595,0.10501537349860135,0.09362000427986879,0.013347549231745947,0.007092877756804228,0.1395128040082121,7.7792664297934495,0.0225,,
mismatch,3,PPO,42,109,0.0,0.0,-1,,,,0.030044951478866294,0.1046787127330397,0.09013485443659888,0.0107087269252925,0.0040339813567698,0.1366645886639407,7.10578096636059,0.0175,,
mismatch,3,Linear,-1,110,0.0,0.0,-1,8.0,,,0.044841820740505606,0.1346233266213161,0.13452546222151682,7.424156330985788e-05,9.98377799987793e-06,0.0735172650955636,1.2035226626332696,0.0,,
mismatch,3,LQR,-1,110,0.0,0.0,-1,,,,0.04464037567110003,0.12429352974879838,0.13392112701330008,2.9372545764034178e-05,9.998679161071777e-06,0.09236313689392378,1.6380401644283127,0.0,,
mismatch,3,SMC,-1,110,0.0,0.0,-1,,16.0,0.5,0.09393024663359596,0.21155084038082606,0.28179073990078785,1.4495035564457928e-05,9.611248970031738e-06,0.12342843208101491,3.922577404757284,0.01,,
mismatch,3,PPO,1024,110,0.0,0.0,-1,,,,0.040631967145564066,0.11749774837547014,0.1218959014366922,0.008792725414681582,0.002994135022163391,0.09251183015004061,2.993413485179005,0.0075,,
mismatch,3,PPO,123,110,0.0,0.0,-1,,,,0.04141081612830454,0.11408368112610517,0.12423244838491361,0.024901534074250564,0.005035758018493652,0.10930675139216395,4.0164271412624535,0.01,,
mismatch,3,PPO,42,110,0.0,0.0,-1,,,,0.039798115289143766,0.11420921340663376,0.11939434586743129,0.016509754054340315,0.003997191786766052,0.10454414570309277,3.702795918791086,0.01,,
mismatch,3,Linear,-1,111,0.0,0.0,-1,8.0,,,0.07882400245951715,0.250360506397263,0.23647200737855145,2.690655305797671e-05,9.081326425075531e-06,0.14100236471328986,6.47547202408995,0.0125,,
mismatch,3,LQR,-1,111,0.0,0.0,-1,,,,0.08090633206166821,0.23414554851295596,0.24271899618500462,3.2863056540121265e-05,3.1655654311180115e-06,0.15658748115497237,7.560813892188297,0.0125,,
mismatch,3,SMC,-1,111,0.0,0.0,-1,,16.0,0.5,0.08871051327355209,0.23363695838332654,0.2661315398206563,9.307396356706265e-05,2.8531067073345184e-06,0.16959289232683117,9.987043440888176,0.0275,,
mismatch,3,PPO,1024,111,0.0,0.0,-1,,,,0.07400902441162027,0.23079523108588543,0.22202707323486082,0.007921957152171267,0.006269433535635471,0.15634288133454144,8.49006107720252,0.0225,,
mismatch,3,PPO,123,111,0.0,0.0,-1,,,,0.07852009517091914,0.22958296112992635,0.23556028551275743,0.005478970145944644,0.002408131491392851,0.16628902632350617,10.154386218546628,0.03,,
mismatch,3,PPO,42,111,0.0,0.0,-1,,,,0.07716393679668214,0.22860734274488517,0.2314918103900464,0.006305679900249765,0.004727250896394253,0.1689464643857723,10.24669309395162,0.03,,
mismatch,3,Linear,-1,112,0.0,0.0,-1,8.0,,,0.08092000360963734,0.22408597532605146,0.24276001082891205,0.00012229397364052724,3.8743019104003906e-05,0.1621677866600398,4.676281828454406,0.0025,,
mismatch,3,LQR,-1,112,0.0,0.0,-1,,,,0.08328375091206465,0.23855816589835227,0.24985125273619396,7.195117090035367e-05,1.2516975402832031e-05,0.12277589479948883,1.759222042264322,0.0,,
mismatch,3,SMC,-1,112,0.0,0.0,-1,,16.0,0.5,0.15325811528039482,0.35094732867728473,0.45977434584118443,0.0002738125564783444,8.225440979003906e-06,0.1231437072081098,2.490566032003776,0.0025,,
mismatch,3,PPO,1024,112,0.0,0.0,-1,,,,0.07100545506709946,0.20068795280083684,0.2130163652012984,0.00903537930679266,0.008251965045928955,0.20200307600367395,9.562475357926564,0.025,,
mismatch,3,PPO,123,112,0.0,0.0,-1,,,,0.06044365608629616,0.1883001370779188,0.1813309682588885,0.017392443705718092,0.03380507230758667,0.1724750857580769,5.385746936937913,0.0075,,
mismatch,3,PPO,42,112,0.0,0.0,-1,,,,0.05802520682124834,0.18897536045541294,0.17407562046374503,0.0054606396222004186,0.009765565395355225,0.1719299843650952,5.228829092340512,0.005,,
mismatch,3,Linear,-1,113,0.0,0.0,-1,8.0,,,0.055289700648616553,0.1948556599583689,0.16586910194584964,3.5573383448300536e-05,5.841255187988281e-06,0.15774255941745052,7.981819935421297,0.02,,
mismatch,3,LQR,-1,113,0.0,0.0,-1,,,,0.0750200633065665,0.2553852976759874,0.22506018991969953,1.241271326571335e-05,3.7550926208496094e-06,0.11507058362604629,4.500354956851122,0.0075,,
mismatch,3,SMC,-1,113,0.0,0.0,-1,,16.0,0.5,0.09825101433978327,0.2641358132227047,0.2947530430193498,0.00011847635018236844,2.282857894897461e-05,0.14007128652336426,6.879566911341141,0.0175,,
mismatch,3,PPO,1024,113,0.0,0.0,-1,,,,0.055071837271479324,0.1939609865997714,0.16521551181443797,0.010445828009166835,0.01787656545639038,0.2103564451423072,12.879529416118888,0.035,,
mismatch,3,PPO,123,113,0.0,0.0,-1,,,,0.053250078239624486,0.19183327361054947,0.15975023471887345,0.026158517996930045,0.01590275764465332,0.19665918276851946,11.352376744718798,0.03,,
mismatch,3,PPO,42,113,0.0,0.0,-1,,,,0.051216557056039995,0.19175737756408873,0.15364967116811998,0.009846867746271101,0.018486738204956055,0.1969173263730551,11.395480313813959,0.03,,
mismatch,3,Linear,-1,114,0.0,0.0,-1,8.0,,,0.03781834119845318,0.11927139204819237,0.11345502359535954,2.429147975312339e-05,1.1786818504333496e-05,0.08018197692196788,1.8947755154623334,0.0,,
mismatch,3,LQR,-1,114,0.0,0.0,-1,,,,0.04021508085014219,0.12324448017786538,0.12064524255042659,1.8574550379941494e-05,2.682209014892578e-06,0.059571087089125854,0.6464156580520828,0.0,,
mismatch,3,SMC,-1,114,0.0,0.0,-1,,16.0,0.5,0.06733839748115089,0.16092715465381666,0.20201519244345267,6.638189064867703e-05,4.641711711883545e-06,0.07543124974014072,1.4375398964634456,0.0,,
mismatch,3,PPO,1024,114,0.0,0.0,-1,,,,0.037416790853969054,0.11466347583300299,0.11225037256190716,0.005136174736199556,0.0018807724118232727,0.1162044546030406,5.463594279579923,0.01,,
mismatch,3,PPO,123,114,0.0,0.0,-1,,,,0.03383302600943605,0.10667416787617197,0.10149907802830815,0.0039045773389070858,0.006036654114723206,0.09926898353802797,3.506093569782507,0.005,,
mismatch,3,PPO,42,114,0.0,0.0,-1,,,,0.032830231483264714,0.10642187749531745,0.09849069444979414,0.004445820920353318,0.005173414945602417,0.09889991644611977,3.5001438101406266,0.005,,
mismatch,3,Linear,-1,115,0.0,0.0,-1,8.0,,,0.0568908715987592,0.16424399350411623,0.1706726147962776,7.466597620535779e-05,1.3321638107299805e-05,0.13569402017461094,4.437759374876357,0.005,,
mismatch,3,LQR,-1,115,0.0,0.0,-1,,,,0.064091901092636,0.19988632248536792,0.19227570327790802,2.105935925134906e-05,1.1235475540161133e-05,0.07689130112643718,0.8629934003162476,0.0,,
mismatch,3,SMC,-1,115,0.0,0.0,-1,,16.0,0.5,0.12063462376758667,0.2698434326841023,0.36190387130276,6.17808351914088e-05,5.6624412536621094e-05,0.0976925373660259,1.7100628733619765,0.0025,,
mismatch,3,PPO,1024,115,0.0,0.0,-1,,,,0.0530506808597963,0.1551706334899332,0.1591520425793889,0.0070877277729227955,0.010339170694351196,0.1753127796394272,9.180613391079689,0.025,,
mismatch,3,PPO,123,115,0.0,0.0,-1,,,,0.04697488975232732,0.14321146164194307,0.14092466925698197,0.02517920071374119,0.016971677541732788,0.16052856629405476,8.01611668764553,0.0225,,
mismatch,3,PPO,42,115,0.0,0.0,-1,,,,0.04329457526762543,0.14178193828551755,0.1298837258028763,0.015111936641466102,0.014723360538482666,0.15332909390107355,6.529852359503484,0.015,,
mismatch,3,Linear,-1,116,0.0,0.0,-1,8.0,,,0.021714124383818256,0.1209877052636025,0.06514237315145477,1.3357695238089856e-06,1.4901161193847656e-07,0.048369823437081905,1.8258625159485569,0.0025,,
mismatch,3,LQR,-1,116,0.0,0.0,-1,,,,0.0323381548569749,0.1476089240325759,0.09701446457092472,1.1411346035239138e-06,9.685754776000977e-07,0.025153998871681415,0.2540684375126252,0.0,,
mismatch,3,SMC,-1,116,0.0,0.0,-1,,16.0,0.5,0.03857245166102426,0.14811584007308523,0.11571735498307277,1.443940916179139e-06,1.1473894119262695e-06,0.05404434096468918,2.6786740683048307,0.005,,
mismatch,3,PPO,1024,116,0.0,0.0,-1,,,,0.02111919743786175,0.11653189470028964,0.06335759231358525,0.005939517676094432,0.007674038410186768,0.09634531677661097,5.4436865026985,0.0125,,
mismatch,3,PPO,123,116,0.0,0.0,-1,,,,0.023534708325607907,0.11700244845937478,0.07060412497682371,0.026445700062645808,0.017527788877487183,0.09647826860139745,5.514350647470763,0.0125,,
mismatch,3,PPO,42,116,0.0,0.0,-1,,,,0.021722656941577073,0.11624901049004269,0.06516797082473122,0.015464382775035906,0.013320788741111755,0.09690198560531002,5.714514752926075,0.015,,
mismatch,3,Linear,-1,117,0.0,0.0,-1,8.0,,,0.015421743801595986,0.06679026822789312,0.04626523140478796,5.0981805004455424e-06,2.08243727684021e-06,0.07145033500382579,3.8327717910341264,0.0075,,
mismatch,3,LQR,-1,117,0.0,0.0,-1,,,,0.019095061591138145,0.0777897186757506,0.05728518477341443,4.256391368898345e-06,4.954636096954346e-07,0.07164667238791785,3.1216982488689617,0.0,,
mismatch,3,SMC,-1,117,0.0,0.0,-1,,16.0,0.5,0.018481479657323083,0.06703472366086968,0.055444438971969254,1.6360454560245997e-05,9.5367431640625e-07,0.08854613132439577,5.663940053439905,0.015,,
mismatch,3,PPO,1024,117,0.0,0.0,-1,,,,0.02453866187411075,0.09689109904247827,0.07361598562233225,0.005987791427882549,0.006664827466011047,0.10842710176013652,7.915503078103007,0.0225,,
mismatch,3,PPO,123,117,0.0,0.0,-1,,,,0.024682461286617052,0.08821911143797315,0.07404738385985116,0.0032491830097120485,0.005397364497184753,0.10683950127341652,7.65834711558472,0.0225,,
mismatch,3,PPO,42,117,0.0,0.0,-1,,,,0.017789400614455886,0.06686552142500297,0.053368201843367664,0.00391112875342829,0.002855706959962845,0.08118231139352494,5.2600277714530135,0.015,,
mismatch,3,Linear,-1,118,0.0,0.0,-1,8.0,,,0.05530734728973015,0.18405323532990653,0.16592204186919046,1.622303561479957e-05,5.319714546203613e-06,0.07473086219680428,1.9362740135691632,0.0,,
mismatch,3,LQR,-1,118,0.0,0.0,-1,,,,0.058856913209091546,0.17147158248227365,0.17657073962727465,2.095144655969408e-05,2.428889274597168e-06,0.05639632610827699,0.7030281797554317,0.0,,
mismatch,3,SMC,-1,118,0.0,0.0,-1,,16.0,0.5,0.06541293718467342,0.17649748279230162,0.19623881155402026,6.574234223844092e-05,2.1029263734817505e-06,0.06908081915919528,1.2186163140100792,0.0,,
mismatch,3,PPO,1024,118,0.0,0.0,-1,,,,0.05495099063303882,0.17615967326428764,0.16485297189911646,0.008410633064484523,0.0038311704993247986,0.08040039720677973,2.237783324599669,0.0025,,
mismatch,3,PPO,123,118,0.0,0.0,-1,,,,0.06128206764481782,0.17609242777899375,0.18384620293445347,0.008071661441023519,0.00623689591884613,0.09165117219282068,3.5688204177486265,0.0075,,
mismatch,3,PPO,42,118,0.0,0.0,-1,,,,0.05936876517033061,0.17365227273169243,0.1781062955109918,0.008325337156377456,0.0026110373437404633,0.07667312040887866,2.1709488740665517,0.0025,,
mismatch,3,Linear,-1,119,0.0,0.0,-1,8.0,,,0.04613120030768135,0.18894205035851372,0.13839360092304406,3.9802628488820275e-05,8.702278137207031e-06,0.15076978176720718,8.767753764066413,0.025,,
mismatch,3,LQR,-1,119,0.0,0.0,-1,,,,0.06391938652646599,0.23440526640109471,0.19175815957939796,4.786135697806323e-06,1.7285346984863281e-06,0.11860082509984016,6.0798908627780675,0.0125,,
mismatch,3,SMC,-1,119,0.0,0.0,-1,,16.0,0.5,0.07570156496612732,0.22908512734867,0.22710469489838195,9.102424905623919e-06,6.973743438720703e-06,0.1485968966510871,9.084312379417183,0.025,,
mismatch,3,PPO,1024,119,0.0,0.0,-1,,,,0.045889023488584105,0.1875317195194368,0.1376670704657523,0.003013958717569893,0.005244642496109009,0.19397275317042248,12.382834742416167,0.035,,
mismatch,3,PPO,123,119,0.0,0.0,-1,,,,0.046950509888410305,0.18699619483307428,0.14085152966523093,0.02264587775470666,0.028201252222061157,0.19308169923218763,12.277358441468893,0.035,,
mismatch,3,PPO,42,119,0.0,0.0,-1,,,,0.04532150904406466,0.18672314646716717,0.13596452713219398,0.011927977830953436,0.01714712381362915,0.1934504099747635,12.301137541356862,0.035,,
mismatch,2,Linear,-1,100,0.5,0.0,-1,8.0,,,3.095155215594555,4.112986895358497,9.285465646783665,8.58751667327719,8.177334934473038,1.667679911669799,66.16916164452408,0.0025,,
mismatch,2,LQR,-1,100,0.5,0.0,-1,,,,0.08508452793725721,0.22805838507077725,0.2552535838117716,0.10231057608523118,0.019231444224715233,0.14651310310929555,6.569047613847082,0.0125,,
mismatch,2,SMC,-1,100,0.5,0.0,-1,,16.0,0.5,0.0864804359226459,0.23083978925523496,0.25944130776793767,0.05865741157789289,0.010372761636972427,0.16322794949087607,8.908535650682444,0.0225,,
mismatch,2,PPO,1024,100,0.5,0.0,-1,,,,0.07190194647799455,0.23660708279063786,0.21570583943398366,0.04450515015510681,0.014818625524640083,0.2141482198884957,13.523147418420187,0.03,,
mismatch,2,PPO,123,100,0.5,0.0,-1,,,,0.07854188816522806,0.23356170008966115,0.2356256644956842,0.06393786676710954,0.023762447759509087,0.19669283998948975,11.530177142011908,0.025,,
mismatch,2,PPO,42,100,0.5,0.0,-1,,,,0.08060712102337655,0.23386028689019966,0.2418213630701297,0.07666494462202177,0.016692155972123146,0.19975726839684488,11.733120050335204,0.0275,,
mismatch,2,Linear,-1,101,0.5,0.0,-1,8.0,,,2.4220229601758474,3.25531422470864,7.266068880527543,5.619165661526315,5.123046487569809,1.4458394774475003,49.74726368958187,0.01,,
mismatch,2,LQR,-1,101,0.5,0.0,-1,,,,0.27161197269533577,0.7086268853895841,0.8148359180860073,0.11990619616376029,0.2064676284790039,0.19778045570605027,9.188547123331254,0.02,,
mismatch,2,SMC,-1,101,0.5,0.0,-1,,16.0,0.5,0.27855456112059496,0.7084727228275344,0.8356636833617849,0.12705272086608557,0.2613413631916046,0.2010796589527495,11.263076701151675,0.0325,,
mismatch,2,PPO,1024,101,0.5,0.0,-1,,,,0.27071185114329754,0.7398784219147084,0.8121355534298926,0.019990359099558843,0.010638147592544556,0.43275941819175523,27.61119413928395,0.0775,,
mismatch,2,PPO,123,101,0.5,0.0,-1,,,,0.2561205437860559,0.6987601804897025,0.7683616313581678,0.02636542042464386,0.027553260326385498,0.3216998217409091,18.150557642133336,0.0425,,
mismatch,2,PPO,42,101,0.5,0.0,-1,,,,0.2626714560347249,0.7029568115302453,0.7880143681041748,0.04650138088582474,0.019647270441055298,0.3380584554686362,19.136135482887298,0.045,,
mismatch,2,Linear,-1,102,0.5,0.0,-1,8.0,,,2.1368419749295327,3.021385424796339,6.4105259247885975,7.945855896230097,8.80795605480671,1.287772437729443,45.882236041800844,0.0125,,
mismatch,2,LQR,-1,102,0.5,0.0,-1,,,,0.14312113380134694,0.31028101854456935,0.42936340140404083,0.22241022625512638,0.05175071954727173,0.11896001908854416,2.574536382823805,0.0,,
mismatch,2,SMC,-1,102,0.5,0.0,-1,,16.0,0.5,0.1453960116534414,0.3131071344229296,0.4361880349603242,0.19710659285156448,0.04659361392259598,0.13690259870034927,4.788010053826325,0.0075,,
mismatch,2,PPO,1024,102,0.5,0.0,-1,,,,0.08771397567010412,0.29456414846214396,0.26314192701031236,0.03993523549173533,0.016024284064769745,0.14827103714024337,6.609671774932655,0.0125,,
mismatch,2,PPO,123,102,0.5,0.0,-1,,,,0.09793910411603018,0.29289390801105125,0.29381731234809055,0.0682091010004328,0.0344732403755188,0.13948857672791232,5.393416563032841,0.01,,
mismatch,2,PPO,42,102,0.5,0.0,-1,,,,0.10114147214966819,0.29297473169207044,0.3034244164490046,0.06795074497522027,0.029493093490600586,0.13585193397621265,5.186401532054213,0.01,,
mismatch,2,Linear,-1,103,0.5,0.0,-1,8.0,,,2.3122349630697556,3.093637585402769,6.936704889209268,5.240223563379711,9.555795222520828,1.359437556115172,45.163002196151886,0.005,,
mismatch,2,LQR,-1,103,0.5,0.0,-1,,,,0.20331948311071987,0.5731325037062666,0.6099584493321597,0.1488569534763142,0.06869006156921387,0.19474953353453844,8.910840284787323,0.02,,
mismatch,2,SMC,-1,103,0.5,0.0,-1,,16.0,0.5,0.22683153780725346,0.603285364102985,0.6804946134217603,0.08882412829516846,0.04966503381729126,0.21405087362631153,10.807566031543768,0.03,,
mismatch,2,PPO,1024,103,0.5,0.0,-1,,,,0.19612010894149715,0.5756065268477166,0.5883603268244915,0.040297907708143746,0.028854727745056152,0.37182997347336455,22.73920278626097,0.06,,
mismatch,2,PPO,123,103,0.5,0.0,-1,,,,0.19115158120024692,0.5601770001189101,0.5734547436007408,0.08503461633751422,0.04603612422943115,0.2877736743586022,16.17522506836054,0.04,,
mismatch,2,PPO,42,103,0.5,0.0,-1,,,,0.18523873538568505,0.5614947284020272,0.5557162061570551,0.033722797512180276,0.017129510641098022,0.3081236187638041,17.58235188428841,0.0425,,
mismatch,2,Linear,-1,104,0.5,0.0,-1,8.0,,,3.1711481180528205,4.189491458289797,9.513444354158462,8.063727720652098,8.20762687921524,1.7253094846916912,70.77314009065428,0.0075,,
mismatch,2,LQR,-1,104,0.5,0.0,-1,,,,0.19516644330253222,0.6087626602180797,0.5854993299075967,0.024748035065576802,0.014347027754411101,0.22180782804045923,11.973135596264624,0.0275,,
mismatch,2,SMC,-1,104,0.5,0.0,-1,,16.0,0.5,0.22538197519186443,0.6264707712095605,0.6761459255755933,0.03981672404448927,0.009167774580419064,0.25056349648259396,15.028892878931657,0.0375,,
mismatch,2,PPO,1024,104,0.5,0.0,-1,,,,0.21047273520957013,0.6329046318838413,0.6314182056287104,0.029583462111559915,0.023798972368240356,0.38349179538928363,26.123382719903585,0.08,,
mismatch,2,PPO,123,104,0.5,0.0,-1,,,,0.20418482599871896,0.6216104326576957,0.6125544779961569,0.05161180977284172,0.046462700702250004,0.3181758785151187,20.78358523441124,0.05,,
mismatch,2,PPO,42,104,0.5,0.0,-1,,,,0.20146763979082621,0.6223716919276532,0.6044029193724787,0.03203447716149651,0.02348569594323635,0.3390641696936918,22.639499122063988,0.0625,,
mismatch,2,Linear,-1,105,0.5,0.0,-1,8.0,,,3.236903592312425,4.149339542894649,9.710710776937276,10.714077928367956,12.383618533611298,1.699379626057689,62.185281513509636,0.0025,,
mismatch,2,LQR,-1,105,0.5,0.0,-1,,,,0.08149860714309085,0.2629018769111012,0.24449582142927254,0.028794731438895802,0.05004936456680298,0.07150205537952917,1.2358532387104795,0.0,,
mismatch,2,SMC,-1,105,0.5,0.0,-1,,16.0,0.5,0.11283747703053756,0.2918921770234568,0.3385124310916127,0.03013694120777978,0.05164659023284912,0.09987690399664058,3.521896194917995,0.0075,,
mismatch,2,PPO,1024,105,0.5,0.0,-1,,,,0.06646894750278985,0.2275305016732297,0.19940684250836954,0.033187681878054584,0.050891876220703125,0.12995413705669437,5.988862777973864,0.0125,,
mismatch,2,PPO,123,105,0.5,0.0,-1,,,,0.07752077367330157,0.2324746755919332,0.23256232101990473,0.06601855765890192,0.09213024377822876,0.10372972085217289,4.082965219141467,0.0075,,
mismatch,2,PPO,42,105,0.5,0.0,-1,,,,0.07010601286668755,0.23024726701565554,0.21031803860006265,0.02913464550618772,0.04994332790374756,0.13630110135956894,5.7547052099771,0.01,,
mismatch,2,Linear,-1,106,0.5,0.0,-1,8.0,,,2.9355388950364523,3.898618524427734,8.806616685109358,7.52124387246591,7.77782216668129,1.5812027864251053,59.493561817112735,0.005,,
mismatch,2,LQR,-1,106,0.5,0.0,-1,,,,0.04437560645138794,0.15326434276241668,0.13312681935416382,0.04074896869744048,0.02209312468767166,0.11787408630394416,5.16653575132402,0.01,,
mismatch,2,SMC,-1,106,0.5,0.0,-1,,16.0,0.5,0.05517924103207719,0.15706247743716828,0.16553772309623158,0.03160506747318087,0.005789841525256634,0.1399092481297701,7.831479255864005,0.02,,
mismatch,2,PPO,1024,106,0.5,0.0,-1,,,,0.0477628320961082,0.15340625870158514,0.1432884962883246,0.03308098672394767,0.01603230251930654,0.1417470059155526,7.837687334660157,0.02,,
mismatch,2,PPO,123,106,0.5,0.0,-1,,,,0.053517638114207455,0.1548497725078015,0.16055291434262237,0.05828547901129005,0.04081033542752266,0.1412505967138414,7.697799660743795,0.02,,
mismatch,2,PPO,42,106,0.5,0.0,-1,,,,0.05100970630919528,0.15485667088667646,0.15302911892758586,0.026593945336953542,0.0036714915186166763,0.141432910786008,7.670777778519325,0.02,,
mismatch,2,Linear,-1,107,0.5,0.0,-1,8.0,,,1.8438174016433067,2.3992304381803145,5.53145220492992,4.5045379153740255,2.833454132080078,1.1018113135696943,27.20798236093241,0.0,,
mismatch,2,LQR,-1,107,0.5,0.0,-1,,,,0.14439805196048514,0.4198686949634205,0.43319415588145543,0.09892577875727489,0.24853867292404175,0.13157653425052804,5.22782259906587,0.01,,
mismatch,2,SMC,-1,107,0.5,0.0,-1,,16.0,0.5,0.16248109216274614,0.4206053833071086,0.48744327648823843,0.1475746926886064,0.2657947540283203,0.14373248338719952,6.977437005813691,0.02,,
mismatch,2,PPO,1024,107,0.5,0.0,-1,,,,0.13052028497984494,0.39809467782324043,0.39156085493953485,0.08072270954280723,0.2337498664855957,0.2713443206581392,15.761766526407008,0.0325,,
mismatch,2,PPO,123,107,0.5,0.0,-1,,,,0.14229840747137257,0.3920606374356981,0.4268952224141177,0.12446063858123473,0.298417329788208,0.20909729733728707,10.779912111423359,0.0275,,
mismatch,2,PPO,42,107,0.5,0.0,-1,,,,0.13188307406516253,0.3909295065726701,0.39564922219548754,0.0775758584064466,0.265718936920166,0.24038179859779124,12.929904927457242,0.0275,,
mismatch,2,Linear,-1,108,0.5,0.0,-1,8.0,,,3.395811192963833,4.385503947283309,10.187433578891499,12.209693745146563,13.57287746667862,1.7476989600129258,65.68197706045112,0.005,,
mismatch,2,LQR,-1,108,0.5,0.0,-1,,,,0.19455562969100687,0.49585280493578804,0.5836668890730207,0.08477674307370628,0.2186686396598816,0.14669968520435472,6.78519251418564,0.015,,
mismatch,2,SMC,-1,108,0.5,0.0,-1,,16.0,0.5,0.20366542850964,0.5034724755102709,0.61099628552892,0.08654092355734772,0.22410142421722412,0.16235440885880745,8.623676707238976,0.025,,
mismatch,2,PPO,1024,108,0.5,0.0,-1,,,,0.16733698503571814,0.4727987656352326,0.5020109551071544,0.06069857251175024,0.11977267265319824,0.26366466097998204,14.972483238174494,0.0375,,
mismatch,2,PPO,123,108,0.5,0.0,-1,,,,0.1680716825792363,0.45909036626720373,0.504215047737709,0.06785731981106011,0.12775909900665283,0.20163126681882546,11.357062887108262,0.03,,
mismatch,2,PPO,42,108,0.5,0.0,-1,,,,0.17083444921354007,0.4597840098699033,0.5125033476406202,0.07272145768374573,0.19842922687530518,0.20798203585079483,11.559525863528947,0.0325,,
mismatch,2,Linear,-1,109,0.5,0.0,-1,8.0,,,3.2607731795246564,4.3352252442995525,9.782319538573969,9.205757661182204,7.8058639615774155,1.6900228425451644,69.44416196781908,0.01,,
mismatch,2,LQR,-1,109,0.5,0.0,-1,,,,0.20316121562253234,0.5956352984265039,0.609483646867597,0.12006851144272972,0.044399064034223557,0.24014535056231667,12.57595718201257,0.025,,
mismatch,2,SMC,-1,109,0.5,0.0,-1,,16.0,0.5,0.21003753681789467,0.6047691301588979,0.630112610453684,0.0854001758436178,0.040060292929410934,0.2573602637840711,15.899398256463778,0.0425,,
mismatch,2,PPO,1024,109,0.5,0.0,-1,,,,0.20417710684753912,0.6268119973795543,0.6125313205426174,0.024381660425138695,0.012853793799877167,0.39602147468233345,27.89962100887272,0.085,,
mismatch,2,PPO,123,109,0.5,0.0,-1,,,,0.2043798182636549,0.615659528217411,0.6131394547909647,0.06399695456809835,0.036882076412439346,0.3444311361100311,22.760390109552564,0.055,,
mismatch,2,PPO,42,109,0.5,0.0,-1,,,,0.19970157171997488,0.6161383941391846,0.5991047151599247,0.04181270762979065,0.021312367171049118,0.35981706080219694,24.27255564623089,0.065,,
mismatch,2,Linear,-1,110,0.5,0.0,-1,8.0,,,2.117236016493164,2.817220208122933,6.351708049479491,5.26627569268515,7.653349056839943,1.3047005525996858,39.63344489869698,0.0,,
mismatch,2,LQR,-1,110,0.5,0.0,-1,,,,0.07901689741707849,0.13271677795347092,0.23705069225123546,0.16480806183046948,0.05686226487159729,0.04802685142258133,0.34588387996880426,0.0,,
mismatch,2,SMC,-1,110,0.5,0.0,-1,,16.0,0.5,0.07181397854123676,0.1259444596998728,0.21544193562371028,0.14126657624441533,0.057730983942747116,0.05851987333995281,1.8317767177583861,0.005,,
mismatch,2,PPO,1024,110,0.5,0.0,-1,,,,0.0429567516462433,0.09783052369333974,0.12887025493872992,0.08622152667584611,0.049310583621263504,0.10386484768473894,4.583665289324222,0.0125,,
mismatch,2,PPO,123,110,0.5,0.0,-1,,,,0.05665331445839519,0.10556143934581153,0.16995994337518558,0.14733145328779004,0.042881883680820465,0.08249007752560024,2.838788979617059,0.0075,,
mismatch,2,PPO,42,110,0.5,0.0,-1,,,,0.05098744324336474,0.10287352431752504,0.15296232973009422,0.1081767227086756,0.06828238815069199,0.09963289579548443,3.213564061816761,0.0075,,
mismatch,2,Linear,-1,111,0.5,0.0,-1,8.0,,,3.098572396077928,4.095340119767487,9.295717188233784,7.911765056167856,8.223549619317055,1.6039816728628187,60.192873441498165,0.0,,
mismatch,2,LQR,-1,111,0.5,0.0,-1,,,,0.12310355089346282,0.2559281875491654,0.3693106526803885,0.12307744871043129,0.02408096194267273,0.11830732951540696,3.420454144399921,0.0025,,
mismatch,2,SMC,-1,111,0.5,0.0,-1,,16.0,0.5,0.1377657171228865,0.2645804353191699,0.41329715136865947,0.13415017730935855,0.03793083876371384,0.13962210316971235,6.311438385680991,0.015,,
mismatch,2,PPO,1024,111,0.5,0.0,-1,,,,0.09087338726557265,0.23668707173375253,0.27262016179671794,0.06771713940219747,0.022602279670536518,0.1910637141277368,10.04831902533954,0.0225,,
mismatch,2,PPO,123,111,0.5,0.0,-1,,,,0.10930070434216989,0.23890347784160884,0.3279021130265097,0.09801783225855526,0.0517021743580699,0.16193352985263168,7.504431275785636,0.0175,,
mismatch,2,PPO,42,111,0.5,0.0,-1,,,,0.10620363778608881,0.2385974861346098,0.3186109133582664,0.10393400334488646,0.03426359640434384,0.20645442924594642,10.861699663496205,0.0225,,
mismatch,2,Linear,-1,112,0.5,0.0,-1,8.0,,,2.090692530642399,3.2723361024364883,6.272077591927197,8.792138617531753,8.280953422188759,1.2015751266568677,44.658360491688384,0.0125,,
mismatch,2,LQR,-1,112,0.5,0.0,-1,,,,0.046665996888494515,0.10148846456017363,0.13999799066548355,0.10768182906839582,0.021172113716602325,0.09411654204208993,3.6645464895484645,0.0,,
mismatch,2,SMC,-1,112,0.5,0.0,-1,,16.0,0.5,0.034498095282269076,0.08897153621649419,0.10349428584680723,0.08115362162115397,0.03699253126978874,0.09717971710120592,5.6816321816814455,0.0175,,
mismatch,2,PPO,1024,112,0.5,0.0,-1,,,,0.039148985883197804,0.0921185258225077,0.11744695764959341,0.08307757152727356,0.030947545543313026,0.11722514432787598,6.5353733069060045,0.02,,
mismatch,2,PPO,123,112,0.5,0.0,-1,,,,0.04619705426821784,0.09740798734731361,0.13859116280465353,0.11457209538001521,0.050797250121831894,0.1065013937076131,5.857245211570486,0.0175,,
mismatch,2,PPO,42,112,0.5,0.0,-1,,,,0.048078267602830606,0.0991688992244878,0.14423480280849182,0.125861751553775,0.019945023581385612,0.14710546287701018,6.98058694890317,0.02,,
mismatch,2,Linear,-1,113,0.5,0.0,-1,8.0,,,2.6896619610581314,3.5945283269215107,8.068985883174394,6.780152900719348,7.357843220233917,1.5587915405073665,55.987599742317926,0.005,,
mismatch,2,LQR,-1,113,0.5,0.0,-1,,,,0.10327819070150938,0.23128107309258175,0.30983457210452814,0.1658514220336521,0.04941043257713318,0.07452227905705604,0.6239606534848008,0.0,,
mismatch,2,SMC,-1,113,0.5,0.0,-1,,16.0,0.5,0.11015308176725483,0.2527956403821753,0.3304592453017645,0.128161818559431,0.014682173728942871,0.08929509769928755,1.7917888292657171,0.0025,,
mismatch,2,PPO,1024,113,0.5,0.0,-1,,,,0.06758627820921038,0.2010084220479527,0.20275883462763114,0.05569302183748395,0.016799628734588623,0.10959705279355038,2.2179492838619637,0.0,,
mismatch,2,PPO,123,113,0.5,0.0,-1,,,,0.07855480350379802,0.2077652472279146,0.23566441051139406,0.07079089906664542,0.02034565806388855,0.08972192646707977,1.706854078893651,0.0025,,
mismatch,2,PPO,42,113,0.5,0.0,-1,,,,0.07755968227931426,0.2070118357741043,0.23267904683794277,0.09293740297909137,0.015830472111701965,0.09306905389835413,1.735416662688693,0.0025,,
mismatch,2,Linear,-1,114,0.5,0.0,-1,8.0,,,2.8024976566427715,3.7061498999889637,8.407492969928313,7.623316432038943,6.636245250701904,1.498915770478974,52.240616561932256,0.0,,
mismatch,2,LQR,-1,114,0.5,0.0,-1,,,,0.12506663352320727,0.2364588659855068,0.3751999005696218,0.07942576175785543,0.07256577908992767,0.08572493081774064,1.7000673441771526,0.0,,
mismatch,2,SMC,-1,114,0.5,0.0,-1,,16.0,0.5,0.1301203802433515,0.2610594863631991,0.39036114073005457,0.06136923556411524,0.05143903195858002,0.0961720225436024,3.598920327826967,0.01,,
mismatch,2,PPO,1024,114,0.5,0.0,-1,,,,0.056871137628409195,0.14966519888579016,0.17061341288522758,0.013544801533521141,0.02231137454509735,0.10434732357611383,3.8329914123630866,0.01,,
mismatch,2,PPO,123,114,0.5,0.0,-1,,,,0.07447425559115095,0.16567040611568357,0.22342276677345285,0.033523500028905674,0.031138107180595398,0.10216756278365627,3.6517022253497595,0.01,,
mismatch,2,PPO,42,114,0.5,0.0,-1,,,,0.070664807900373,0.17042878987512733,0.21199442370111898,0.022679917315986974,0.044980451464653015,0.12848307318669602,4.562421150101957,0.01,,
mismatch,2,Linear,-1,115,0.5,0.0,-1,8.0,,,2.8142665369638977,3.7864083582958608,8.442799610891694,10.260046266111328,11.959027498960495,1.4636789994346828,49.93003824300531,0.0,,
mismatch,2,LQR,-1,115,0.5,0.0,-1,,,,0.07438748201598426,0.20028634452308675,0.2231624460479528,0.04127499992947704,0.06363996863365173,0.07112396157616221,1.3681156738615468,0.0,,
mismatch,2,SMC,-1,115,0.5,0.0,-1,,16.0,0.5,0.07779554237905001,0.1827514315685687,0.23338662713715003,0.06308761026342342,0.11656367778778076,0.0847553106574931,3.675976508222889,0.01,,
mismatch,2,PPO,1024,115,0.5,0.0,-1,,,,0.049591768797369346,0.13016728586130036,0.14877530639210804,0.023017555992636416,0.03478270769119263,0.11472658038213664,4.6704888331611905,0.0125,,
mismatch,2,PPO,123,115,0.5,0.0,-1,,,,0.05918419655588172,0.14229463040828608,0.17755258966764514,0.02647517907237749,0.018849581480026245,0.10097822158636892,3.8968480674163857,0.01,,
mismatch,2,PPO,42,115,0.5,0.0,-1,,,,0.06150138841211139,0.1438677614116443,0.18450416523633417,0.033441455091959164,0.05400586128234863,0.18928459456696772,7.523131817803375,0.015,,
mismatch,2,Linear,-1,116,0.5,0.0,-1,8.0,,,2.5703258211983804,3.4964518758475385,7.710977463595142,5.008532798584596,6.6982768923044205,1.4489968213951796,49.02306992607157,0.01,,
mismatch,2,LQR,-1,116,0.5,0.0,-1,,,,0.12312100662796426,0.29658741806555766,0.3693630198838928,0.049606631676677934,0.01879642019048333,0.11957458313149448,5.551251387645,0.0125,,
mismatch,2,SMC,-1,116,0.5,0.0,-1,,16.0,0.5,0.1251461237681765,0.29450882277358614,0.37543837130452945,0.05338802533569159,0.07519443705677986,0.12814206099035327,7.301142371538287,0.0225,,
mismatch,2,PPO,1024,116,0.5,0.0,-1,,,,0.08459991102973162,0.22387399126874125,0.25379973308919485,0.05018710073681525,0.013501795940101147,0.18382076281784776,10.144799229505598,0.0275,,
mismatch,2,PPO,123,116,0.5,0.0,-1,,,,0.09612738955394362,0.2317906882014546,0.28838216866183086,0.05564359949763726,0.03483410505577922,0.1494242248875542,8.307629945851122,0.025,,
mismatch,2,PPO,42,116,0.5,0.0,-1,,,,0.09544917996446366,0.2292638798566241,0.28634753989339096,0.07123207848772038,0.07168354513123631,0.3165072733884738,15.806497496559366,0.03,,
mismatch,2,Linear,-1,117,0.5,0.0,-1,8.0,,,3.209495344466328,4.252869386815841,9.628486033398984,8.271097184607276,8.221396818757057,1.6640784339863166,65.96589706348414,0.0,,
mismatch,2,LQR,-1,117,0.5,0.0,-1,,,,0.18210492397392214,0.4915660356162321,0.5463147719217664,0.14388266370206335,0.023081429302692413,0.16356155938930478,7.076104322929964,0.01,,
mismatch,2,SMC,-1,117,0.5,0.0,-1,,16.0,0.5,0.19781267254614113,0.5040561452629678,0.5934380176384234,0.14026785625811714,0.027208108454942703,0.1804660354495277,9.880941978208678,0.025,,
mismatch,2,PPO,1024,117,0.5,0.0,-1,,,,0.1588617914034238,0.5096049246968102,0.47658537421027136,0.08461881323752028,0.02041968982666731,0.2948380599258249,20.61472013454165,0.0625,,
mismatch,2,PPO,123,117,0.5,0.0,-1,,,,0.1645614263475412,0.5016511224357002,0.4936842790426236,0.11130981817036684,0.026223761960864067,0.2442691910110804,15.410907906826242,0.035,,
mismatch,2,PPO,42,117,0.5,0.0,-1,,,,0.16793930632428436,0.5027545963695322,0.5038179189728531,0.13057047338224947,0.03436589986085892,0.26272320045051434,17.023470990760885,0.0425,,
mismatch,2,Linear,-1,118,0.5,0.0,-1,8.0,,,2.911895380019429,3.9021598306427685,8.735686140058288,8.459754840643317,8.207089602947235,1.5444077384330686,57.92641514952007,0.0025,,
mismatch,2,LQR,-1,118,0.5,0.0,-1,,,,0.08271907164397048,0.1693709130363067,0.24815721493191145,0.13933464732412018,0.01975414529442787,0.11674073018397317,5.35745235844979,0.01,,
mismatch,2,SMC,-1,118,0.5,0.0,-1,,16.0,0.5,0.08959429405926915,0.17371655536937539,0.26878288217780744,0.1422931608962424,0.02295413240790367,0.13540851246413202,7.711436575906345,0.02,,
mismatch,2,PPO,1024,118,0.5,0.0,-1,,,,0.066689063365829,0.16469387337718763,0.200067190097487,0.07502719388561851,0.045957839116454124,0.176264551252201,11.075341615848348,0.03,,
mismatch,2,PPO,123,118,0.5,0.0,-1,,,,0.08246351312323383,0.16992807431208348,0.24739053936970148,0.12064726439155178,0.07874223217368126,0.16204551185604343,9.101279472830354,0.0225,,
mismatch,2,PPO,42,118,0.5,0.0,-1,,,,0.07843452723888822,0.16876956221423955,0.23530358171666463,0.11672543856188838,0.049688247963786125,0.1732257666005904,9.76148838656215,0.025,,
mismatch,2,Linear,-1,119,0.5,0.0,-1,8.0,,,2.9994270942860584,4.0082670345277185,8.998281282858175,8.455507953041865,8.39788369834423,1.5888157770446412,60.72922320560239,0.005,,
mismatch,2,LQR,-1,119,0.5,0.0,-1,,,,0.08808631340315812,0.18076842595590345,0.2642589402094743,0.1753600461776426,0.04284883290529251,0.15406397272227534,6.322656572906504,0.0125,,
mismatch,2,SMC,-1,119,0.5,0.0,-1,,16.0,0.5,0.06553972430228382,0.16413012534961788,0.19661917290685146,0.12338647444123103,0.01805707812309265,0.17334165721090958,9.255307527435106,0.025,,
mismatch,2,PPO,1024,119,0.5,0.0,-1,,,,0.038919979936721194,0.1611193388653027,0.11675993981016358,0.019765552489753858,0.02244529128074646,0.1908886843823138,10.924151884551868,0.0275,,
mismatch,2,PPO,123,119,0.5,0.0,-1,,,,0.046756308278841516,0.1606774727428764,0.14026892483652456,0.050077529785073835,0.03681041672825813,0.17711136895150614,9.314313552498161,0.0225,,
mismatch,2,PPO,42,119,0.5,0.0,-1,,,,0.044155287945369014,0.1608146651525064,0.13246586383610703,0.03024914782540298,0.01337163895368576,0.18756099175336652,10.341442567465847,0.0275,,
mismatch,3,Linear,-1,100,0.5,0.0,-1,8.0,,,0.03680133114256126,0.08140031090662304,0.11040399342768377,0.042933068968309666,0.022235972806811333,0.09877602243679866,3.8127008685817216,0.0075,,
mismatch,3,LQR,-1,100,0.5,0.0,-1,,,,0.03725040995911482,0.08203538095186082,0.11175122987734447,0.04095539541478142,0.02035379409790039,0.10359241463373749,3.432834642903309,0.0,,
mismatch,3,SMC,-1,100,0.5,0.0,-1,,16.0,0.5,0.04547109045103775,0.08298181251958801,0.13641327135311324,0.0952429503409399,0.04826798848807812,0.11568082875752529,5.780046138197564,0.0175,,
mismatch,3,PPO,1024,100,0.5,0.0,-1,,,,0.03917309977032913,0.09620731120382102,0.1175192993109874,0.035868890376554594,0.020923880860209465,0.11801864691728962,6.254877030112744,0.0175,,
mismatch,3,PPO,123,100,0.5,0.0,-1,,,,0.03537480427816987,0.08053742714423824,0.10612441283450962,0.03282338437440311,0.016657976433634758,0.11284043190552577,5.3307782746663,0.015,,
mismatch,3,PPO,42,100,0.5,0.0,-1,,,,0.033516467572905974,0.07736238423179802,0.10054940271871791,0.03183276065406792,0.012743540108203888,0.11050536390626223,5.075851549863413,0.015,,
mismatch,3,Linear,-1,101,0.5,0.0,-1,8.0,,,0.07098650215840059,0.19307825516746382,0.21295950647520176,0.016731569244537826,0.01719003915786743,0.15878210970179696,5.8414499687301635,0.0,,
mismatch,3,LQR,-1,101,0.5,0.0,-1,,,,0.08498890891033267,0.18463631383133275,0.254966726730998,0.07191296492093875,0.1081787645816803,0.16634297109027882,6.622208830519428,0.0075,,
mismatch,3,SMC,-1,101,0.5,0.0,-1,,16.0,0.5,0.12267268123724502,0.23857524287120366,0.3680180437117351,0.06645411501328151,0.13585954904556274,0.16794551925095833,8.532981554676239,0.025,,
mismatch,3,PPO,1024,101,0.5,0.0,-1,,,,0.06523257725777651,0.18969408487666342,0.19569773177332953,0.01442120619762091,0.01681026816368103,0.19331397368872255,10.83506590532137,0.03,,
mismatch,3,PPO,123,101,0.5,0.0,-1,,,,0.05544919063161411,0.16450469472181795,0.16634757189484234,0.03637079738172484,0.037052422761917114,0.16802221177374604,7.979924612420709,0.02,,
mismatch,3,PPO,42,101,0.5,0.0,-1,,,,0.0528263648817469,0.16347618929161142,0.15847909464524068,0.02732530337424926,0.03024175763130188,0.16113431468383035,7.497630431774269,0.02,,
mismatch,3,Linear,-1,102,0.5,0.0,-1,8.0,,,0.06305684096912265,0.1771167984875588,0.18917052290736794,0.03123734739643556,0.010830961167812347,0.15286789886058863,6.131900747041589,0.0125,,
mismatch,3,LQR,-1,102,0.5,0.0,-1,,,,0.09293320883415386,0.23019354715256726,0.27879962650246154,0.054178266452602396,0.022687643766403198,0.10870832554510139,1.8900678656972727,0.0,,
mismatch,3,SMC,-1,102,0.5,0.0,-1,,16.0,0.5,0.10205392744384414,0.23729781365456826,0.30616178233153246,0.028859606691072754,0.013587400317192078,0.14053672399173886,4.703497273361516,0.0075,,
mismatch,3,PPO,1024,102,0.5,0.0,-1,,,,0.05914809491023954,0.17390102275762745,0.1774442847307186,0.022280587090386286,0.008254379034042358,0.18897040725274575,10.525771571226278,0.03,,
mismatch,3,PPO,123,102,0.5,0.0,-1,,,,0.053304244109978305,0.16337691033755658,0.15991273232993491,0.021023990264461365,0.006993822753429413,0.17039584998851945,8.089444211136028,0.02,,
mismatch,3,PPO,42,102,0.5,0.0,-1,,,,0.052638400678061484,0.16302520572364437,0.15791520203418444,0.021542166394216043,0.009484343230724335,0.1635568169435658,7.2123859320964705,0.015,,
mismatch,3,Linear,-1,103,0.5,0.0,-1,8.0,,,0.053530676734377496,0.1525473571384939,0.16059203020313248,0.040708962804925294,0.023874402046203613,0.1315146253126072,5.684274673998477,0.015,,
mismatch,3,LQR,-1,103,0.5,0.0,-1,,,,0.055289330349573965,0.1482510327562107,0.1658679910487219,0.037618146634396214,0.025420844554901123,0.140238596587018,5.705129428061807,0.01,,
mismatch,3,SMC,-1,103,0.5,0.0,-1,,16.0,0.5,0.07999776767145654,0.15047085953523248,0.2399933030143696,0.13837796017343615,0.04022401571273804,0.15671309945253398,7.983526199012029,0.0225,,
mismatch,3,PPO,1024,103,0.5,0.0,-1,,,,0.04890461640389124,0.13925629190436564,0.1467138492116737,0.039367243739557856,0.018846780061721802,0.13768241500616668,7.303083016788289,0.0225,,
mismatch,3,PPO,123,103,0.5,0.0,-1,,,,0.048783778190126616,0.13890474518975504,0.14635133457037985,0.035008753155484615,0.014297276735305786,0.16486148358301778,9.618992055493576,0.0275,,
mismatch,3,PPO,42,103,0.5,0.0,-1,,,,0.047363266191295876,0.13838933793450467,0.14208979857388762,0.031616592354336635,0.015998125076293945,0.14857104062067897,8.269833281140519,0.025,,
mismatch,3,Linear,-1,104,0.5,0.0,-1,8.0,,,0.08074818026945645,0.20259032110948036,0.24224454080836935,0.044463507629884984,0.025980280712246895,0.149424047629695,6.604207682981697,0.015,,
mismatch,3,LQR,-1,104,0.5,0.0,-1,,,,0.08604729817758283,0.1962169300633071,0.2581418945327485,0.05097429886931715,0.016482188599184155,0.16717648437349597,7.650873988123954,0.015,,
mismatch,3,SMC,-1,104,0.5,0.0,-1,,16.0,0.5,0.09964051949679356,0.20059857364799927,0.29892155849038066,0.11281411025535178,0.05185965355485678,0.17781966343517935,9.977624496279478,0.03,,
mismatch,3,PPO,1024,104,0.5,0.0,-1,,,,0.08368419719753897,0.21791872271019427,0.2510525915926169,0.03818119758234164,0.024996811291202903,0.1627706528416001,9.099218009373976,0.0275,,
mismatch,3,PPO,123,104,0.5,0.0,-1,,,,0.07825761749169148,0.19340703644891782,0.23477285247507443,0.03341563468810493,0.014529412146657705,0.175387723062494,10.120140588084789,0.03,,
mismatch,3,PPO,42,104,0.5,0.0,-1,,,,0.0776920357126052,0.19234521759874165,0.23307610713781562,0.03346966480675303,0.015953912399709225,0.17184539695741827,9.896738077569076,0.03,,
mismatch,3,Linear,-1,105,0.5,0.0,-1,8.0,,,0.033609039907313495,0.09023887077276867,0.10082711972194047,0.02848169023607984,0.05326050519943237,0.09589176131714312,3.182955500296965,0.005,,
mismatch,3,LQR,-1,105,0.5,0.0,-1,,,,0.05490698293586906,0.14331576981503136,0.16472094880760718,0.025432842013276655,0.049616217613220215,0.08540661721505564,0.9998123058549777,0.0,,
mismatch,3,SMC,-1,105,0.5,0.0,-1,,16.0,0.5,0.1015437801867098,0.20865858508399898,0.30463134056012936,0.03561278313030431,0.07358241081237793,0.13092734283980875,3.5386416527175104,0.005,,
mismatch,3,PPO,1024,105,0.5,0.0,-1,,,,0.030309441948815845,0.08640996336160875,0.09092832584644754,0.02365584616307859,0.03687518835067749,0.12278295525737534,5.641471437288683,0.0125,,
mismatch,3,PPO,123,105,0.5,0.0,-1,,,,0.028578283102658027,0.08464360613947053,0.08573484930797408,0.02512121053389561,0.03310286998748779,0.12774064346446545,6.082661331307364,0.015,,
mismatch,3,PPO,42,105,0.5,0.0,-1,,,,0.027475406008161736,0.08497933657916758,0.0824262180244852,0.02056275142563714,0.03486919403076172,0.11795233727950705,4.782537318316243,0.01,,
mismatch,3,Linear,-1,106,0.5,0.0,-1,8.0,,,0.030999419681963233,0.11910050999108877,0.0929982590458897,0.013103293918970006,0.011732805520296097,0.07783339086204692,2.8490190798379436,0.0,,
mismatch,3,LQR,-1,106,0.5,0.0,-1,,,,0.03291781832106374,0.11849603067234243,0.09875345496319123,0.016598129633492158,0.007699895650148392,0.07965206699366734,2.6787622109332045,0.0,,
mismatch,3,SMC,-1,106,0.5,0.0,-1,,16.0,0.5,0.044672212760190226,0.12983681666739022,0.13401663828057067,0.026794462260663694,0.0076325563713908195,0.08608262872790906,4.926924674096657,0.015,,
mismatch,3,PPO,1024,106,0.5,0.0,-1,,,,0.026573756342739834,0.11937999267263313,0.0797212690282195,0.009391687350508608,0.011310350382700562,0.12120388019040339,7.927352774104363,0.0225,,
mismatch,3,PPO,123,106,0.5,0.0,-1,,,,0.02726306997863568,0.12209605708858558,0.08178920993590705,0.010986361169704684,0.014577713562175632,0.1379242829393196,8.919254902825449,0.025,,
mismatch,3,PPO,42,106,0.5,0.0,-1,,,,0.02358181876835281,0.10886721661163451,0.07074545630505842,0.008485839446362706,0.006499177310615778,0.1012294764010389,5.7785163905403625,0.015,,
mismatch,3,Linear,-1,107,0.5,0.0,-1,8.0,,,0.08262933763587911,0.2085450600098412,0.24788801290763732,0.05138799467664442,0.04834014177322388,0.14339196511040306,4.540217379631367,0.01,,
mismatch,3,LQR,-1,107,0.5,0.0,-1,,,,0.08207790713125557,0.2057601643619369,0.2462337213937667,0.08969217267485312,0.17420423030853271,0.1418291399126351,3.893928105377098,0.005,,
mismatch,3,SMC,-1,107,0.5,0.0,-1,,16.0,0.5,0.11999735961097632,0.2199138107655953,0.359992078832929,0.20351914316415787,0.22476398944854736,0.1575458033727145,6.2533613134833645,0.0175,,
mismatch,3,PPO,1024,107,0.5,0.0,-1,,,,0.06949651939678296,0.18761823290996324,0.2084895581903489,0.05039975348354122,0.06332337856292725,0.1919344874131412,8.358438470488009,0.02,,
mismatch,3,PPO,123,107,0.5,0.0,-1,,,,0.0628478522342804,0.1825848684051789,0.18854355670284118,0.053422900997562174,0.05054217576980591,0.20311434735472028,9.677325762304465,0.025,,
mismatch,3,PPO,42,107,0.5,0.0,-1,,,,0.06113583596883124,0.18234727729576058,0.1834075079064937,0.04594412121783804,0.04953402280807495,0.1980038422004243,9.064167657161331,0.0225,,
mismatch,3,Linear,-1,108,0.5,0.0,-1,8.0,,,0.09129982732479473,0.1944314206689184,0.2738994819743842,0.05745104061048708,0.078396737575531,0.19027132368147223,6.209713278937518,0.0125,,
mismatch,3,LQR,-1,108,0.5,0.0,-1,,,,0.06946226499946857,0.17140282214026284,0.20838679499840573,0.06709698977431765,0.1369914412498474,0.16776690081509255,5.944265692567879,0.0075,,
mismatch,3,SMC,-1,108,0.5,0.0,-1,,16.0,0.5,0.08776938365362058,0.1943029126818089,0.26330815096086174,0.06836159367482235,0.133417010307312,0.15174527791002182,7.648851588247479,0.0225,,
mismatch,3,PPO,1024,108,0.5,0.0,-1,,,,0.07291790988127501,0.1659795131322084,0.21875372964382506,0.04228665245076021,0.03174203634262085,0.2085564237951935,8.555991602192663,0.0225,,
mismatch,3,PPO,123,108,0.5,0.0,-1,,,,0.06004745405552876,0.154886525073655,0.1801423621665863,0.03723182693629721,0.03027111291885376,0.215129908690452,9.7594287027115,0.025,,
mismatch,3,PPO,42,108,0.5,0.0,-1,,,,0.05976510089253101,0.15472445693957196,0.17929530267759303,0.03711385230453294,0.030913114547729492,0.21071933216399089,9.598135791032158,0.025,,
mismatch,3,Linear,-1,109,0.5,0.0,-1,8.0,,,0.08195301344469562,0.24451685059583173,0.24585904033408684,0.02557904581412857,0.012175269424915314,0.15024766442075632,5.58509886540284,0.0,,
mismatch,3,LQR,-1,109,0.5,0.0,-1,,,,0.078784588437546,0.21739774615373886,0.236353765312638,0.023764785160712988,0.010812364518642426,0.16937327856757387,7.232277013092919,0.01,,
mismatch,3,SMC,-1,109,0.5,0.0,-1,,16.0,0.5,0.0874602028299572,0.22190637611234487,0.2623806084898716,0.04622880448759706,0.023047994822263718,0.18635923553434292,10.018823076923148,0.0275,,
mismatch,3,PPO,1024,109,0.5,0.0,-1,,,,0.07354455891104782,0.22264793132772023,0.22063367673314346,0.02253601389626662,0.009485416114330292,0.15836670037888528,6.753826565745047,0.0125,,
mismatch,3,PPO,123,109,0.5,0.0,-1,,,,0.07577137988492698,0.21621576338021523,0.22731413965478092,0.02151712542399764,0.011108726263046265,0.1828452912972139,9.677076984507519,0.025,,
mismatch,3,PPO,42,109,0.5,0.0,-1,,,,0.0750289145138669,0.21516052473423514,0.2250867435416007,0.021795200109251855,0.008816871792078018,0.17466301431976947,8.912253408824993,0.0225,,
mismatch,3,Linear,-1,110,0.5,0.0,-1,8.0,,,0.01970204060524857,0.06334389268101656,0.059106121815745705,0.03369299005314616,0.023713909089565277,0.0533306897197504,1.0009973539390777,0.0,,
mismatch,3,LQR,-1,110,0.5,0.0,-1,,,,0.024267144046192766,0.07830565648613494,0.07280143213857829,0.03415411761904388,0.028588883578777313,0.04218899436123966,0.27931525405239477,0.0,,
mismatch,3,SMC,-1,110,0.5,0.0,-1,,16.0,0.5,0.030117116970105325,0.066731667943934,0.09035135091031597,0.08689457616182389,0.0706794261932373,0.06703413534881762,1.9659573766732272,0.005,,
mismatch,3,PPO,1024,110,0.5,0.0,-1,,,,0.01666929473843447,0.05591918113959307,0.050007884215303416,0.02551445518447845,0.029548458755016327,0.08669938867972081,3.490805729666736,0.0075,,
mismatch,3,PPO,123,110,0.5,0.0,-1,,,,0.018899941748412245,0.05727251861692983,0.05669982524523674,0.037614455101666625,0.029342610388994217,0.09725148241474593,4.354765183959122,0.0125,,
mismatch,3,PPO,42,110,0.5,0.0,-1,,,,0.017309759603774583,0.05635139181602998,0.05192927881132375,0.029630523094516477,0.01831721141934395,0.08858732520567807,3.650179379138154,0.0075,,
mismatch,3,Linear,-1,111,0.5,0.0,-1,8.0,,,0.018071219899690866,0.04093438319631369,0.0542136596990726,0.021745006372738216,0.0032235505059361458,0.061594203806614636,2.4952116366133925,0.005,,
mismatch,3,LQR,-1,111,0.5,0.0,-1,,,,0.04454195032752462,0.08349659532660816,0.13362585098257385,0.03933592899530022,0.004387884400784969,0.06669501997952865,1.4501861950160149,0.0,,
mismatch,3,SMC,-1,111,0.5,0.0,-1,,16.0,0.5,0.030288899567826703,0.04747211902931389,0.0908666987034801,0.06133048698007141,0.007918291725218296,0.06743014360716487,3.2641462853337404,0.01,,
mismatch,3,PPO,1024,111,0.5,0.0,-1,,,,0.015463730238659844,0.036033002894037214,0.04639119071597953,0.01673456641305008,0.004795094020664692,0.07299752241729798,3.765250148747753,0.01,,
mismatch,3,PPO,123,111,0.5,0.0,-1,,,,0.01563008515576887,0.03594093130729261,0.04689025546730661,0.014275850041160061,0.0038402006030082703,0.0773450662381947,4.0921747078784865,0.0125,,
mismatch,3,PPO,42,111,0.5,0.0,-1,,,,0.014721873849986472,0.03521802133666315,0.04416562154995942,0.015345403844099721,0.004258687607944012,0.07864577443039328,4.2549478028584184,0.01,,
mismatch,3,Linear,-1,112,0.5,0.0,-1,8.0,,,0.059050414291251505,0.1822240192423909,0.1771512428737545,0.01572082675188596,0.0008129850029945374,0.09867628710228309,1.813345234966527,0.0,,
mismatch,3,LQR,-1,112,0.5,0.0,-1,,,,0.06750058601161346,0.18353045494202547,0.20250175803484038,0.01735559362274261,0.005446195602416992,0.10592085785800263,2.1764482848388678,0.0,,
mismatch,3,SMC,-1,112,0.5,0.0,-1,,16.0,0.5,0.08025406971895109,0.19892874012767106,0.24076220915685326,0.04128220119157139,0.004158640280365944,0.1239673428767186,4.860837261987047,0.01,,
mismatch,3,PPO,1024,112,0.5,0.0,-1,,,,0.05802655397973961,0.1841324062571457,0.17407966193921884,0.014801652334561502,0.005338240414857864,0.12803764278974913,4.600385727616316,0.0075,,
mismatch,3,PPO,123,112,0.5,0.0,-1,,,,0.05990632882257358,0.18107176800483565,0.17971898646772075,0.013056861808707501,0.0010448731482028961,0.1055963693396827,2.438172776327409,0.0,,
mismatch,3,PPO,42,112,0.5,0.0,-1,,,,0.059273893606221165,0.18032348571000084,0.1778216808186635,0.014346192363810576,0.004771184176206589,0.10418846006702603,2.2861995881847683,0.0,,
mismatch,3,Linear,-1,113,0.5,0.0,-1,8.0,,,0.05524761509808308,0.14187997402052224,0.16574284529424926,0.031084967782881893,0.017587140202522278,0.1201579350783046,3.0745722350048452,0.005,,
mismatch,3,LQR,-1,113,0.5,0.0,-1,,,,0.06395557069228165,0.16649542078814913,0.19186671207684494,0.03223942427171601,0.017990857362747192,0.10776667928279893,0.9365354571639488,0.0,,
mismatch,3,SMC,-1,113,0.5,0.0,-1,,16.0,0.5,0.12326301676310221,0.2568438289419529,0.36978905028930664,0.0888913088236694,0.009651094675064087,0.14833489951086182,2.550666841035,0.0025,,
mismatch,3,PPO,1024,113,0.5,0.0,-1,,,,0.04937275210728347,0.1286521446194403,0.1481182563218504,0.02774491748071195,0.01685287058353424,0.14875778882878082,4.8146687985999606,0.01,,
mismatch,3,PPO,123,113,0.5,0.0,-1,,,,0.04612500569879922,0.12431124712399373,0.13837501709639766,0.022915290329421377,0.013280108571052551,0.13242183635568716,2.8441267988168466,0.0025,,
mismatch,3,PPO,42,113,0.5,0.0,-1,,,,0.045734787432992474,0.12485004851123391,0.13720436229897742,0.024645275959492098,0.014835834503173828,0.13153276709547065,2.7256260160277743,0.005,,
mismatch,3,Linear,-1,114,0.5,0.0,-1,8.0,,,0.019461764737844455,0.06419558334746453,0.05838529421353336,0.003623930610900308,0.006105139851570129,0.060098477910990426,2.1250212114558837,0.0025,,
mismatch,3,LQR,-1,114,0.5,0.0,-1,,,,0.038630107349576004,0.08363953636222013,0.11589032204872801,0.017874021198094628,0.027447819709777832,0.05394564432255602,0.8153947963471773,0.0,,
mismatch,3,SMC,-1,114,0.5,0.0,-1,,16.0,0.5,0.032284442315238866,0.07552223743648505,0.0968533269457166,0.002963257237785944,0.006173819303512573,0.05567744929187637,2.4360031701838665,0.0075,,
mismatch,3,PPO,1024,114,0.5,0.0,-1,,,,0.018984094828813153,0.06292751279395764,0.05695228448643946,0.005307188979062585,0.008215457201004028,0.058494727844906565,2.286094025902572,0.005,,
mismatch,3,PPO,123,114,0.5,0.0,-1,,,,0.019609349747076135,0.0626747307166466,0.058828049241228406,0.01034058728772733,0.02433207631111145,0.055896028177812696,2.0845671327069866,0.005,,
mismatch,3,PPO,42,114,0.5,0.0,-1,,,,0.01883465544098457,0.06214707036644292,0.056503966322953715,0.006456702266371361,0.012122556567192078,0.05440267913062079,1.5951684847252656,0.0,,
mismatch,3,Linear,-1,115,0.5,0.0,-1,8.0,,,0.014719635318633377,0.028906064123027327,0.04415890595590013,0.032723587862917305,0.05352964997291565,0.04570047744082988,1.4877141655876374,0.0,,
mismatch,3,LQR,-1,115,0.5,0.0,-1,,,,0.032179329786232905,0.06337005097465974,0.09653798935869871,0.04353740354310031,0.08237206935882568,0.0545046631582851,0.7468396140014654,0.0,,
mismatch,3,SMC,-1,115,0.5,0.0,-1,,16.0,0.5,0.030299951577851748,0.043575414302442946,0.09089985473355525,0.06202290499191961,0.16153162717819214,0.06002524843710321,2.563029867868648,0.0075,,
mismatch,3,PPO,1024,115,0.5,0.0,-1,,,,0.01223055472023048,0.024372205546523945,0.036691664160691445,0.026980241352439295,0.049116671085357666,0.05386262268125268,2.55412659280271,0.0075,,
mismatch,3,PPO,123,115,0.5,0.0,-1,,,,0.011945573351766329,0.024218344399304224,0.03583672005529898,0.02880183350938706,0.046963661909103394,0.05677854300341906,2.7038041766777505,0.0075,,
mismatch,3,PPO,42,115,0.5,0.0,-1,,,,0.01050126709853758,0.023758524506485672,0.03150380129561274,0.023647640544323275,0.044189393520355225,0.053778003000113137,2.5378164724093506,0.0075,,
mismatch,3,Linear,-1,116,0.5,0.0,-1,8.0,,,0.08897206887249787,0.23311208192985067,0.2669162066174936,0.07786752521577808,0.07114103715866804,0.1448296198152247,3.1385662643604153,0.0,,
mismatch,3,LQR,-1,116,0.5,0.0,-1,,,,0.07994231394571828,0.19957902894427368,0.23982694183715486,0.06724034265879496,0.059635650366544724,0.1788056017591409,4.829606371625809,0.0,,
mismatch,3,SMC,-1,116,0.5,0.0,-1,,16.0,0.5,0.15770851905517286,0.3546432691283355,0.4731255571655186,0.08832099247309896,0.1783646121621132,0.2028789496889159,7.462830195017351,0.0175,,
mismatch,3,PPO,1024,116,0.5,0.0,-1,,,,0.07807281518766095,0.20041121152833466,0.23421844556298282,0.06991360464742706,0.06031532445922494,0.16762105081964312,4.351471844216583,0.005,,
mismatch,3,PPO,123,116,0.5,0.0,-1,,,,0.0748679483280744,0.19383858236632842,0.2246038449842232,0.06914792420848469,0.05628886306658387,0.19763426515482774,6.828680250511713,0.015,,
mismatch,3,PPO,42,116,0.5,0.0,-1,,,,0.07409315637188188,0.1942231752931631,0.22227946911564567,0.06713424594268019,0.055745207238942385,0.19185028708263527,6.429615037694866,0.015,,
mismatch,3,Linear,-1,117,0.5,0.0,-1,8.0,,,0.037197890950998576,0.16976068107101291,0.11159367285299572,0.006340308896737334,0.0022955015301704407,0.08184408781552999,4.636307002734987,0.0125,,
mismatch,3,LQR,-1,117,0.5,0.0,-1,,,,0.04902731639206106,0.18172769234790917,0.14708194917618317,0.04182710830858092,0.0072542112320661545,0.07935751770184511,3.4875937633505596,0.005,,
mismatch,3,SMC,-1,117,0.5,0.0,-1,,16.0,0.5,0.039987431875687846,0.1669189983308924,0.11996229562706354,0.024428425868398246,0.005328826606273651,0.1029006178982979,6.2089784754767585,0.0175,,
mismatch,3,PPO,1024,117,0.5,0.0,-1,,,,0.039917277355104724,0.16465933742149935,0.11975183206531416,0.009048745760487186,0.005960153415799141,0.11495985111170576,7.582342555051131,0.02,,
mismatch,3,PPO,123,117,0.5,0.0,-1,,,,0.042820515436819404,0.1687306507487564,0.12846154631045822,0.009341418113628472,0.00878322683274746,0.12441136679865253,8.329707198419602,0.025,,
mismatch,3,PPO,42,117,0.5,0.0,-1,,,,0.04098426648616908,0.16626054475042062,0.12295279945850725,0.008265784898496888,0.0027391593903303146,0.110105736817505,7.3605505457899945,0.0225,,
mismatch,3,Linear,-1,118,0.5,0.0,-1,8.0,,,0.033005467489638916,0.08020876900542256,0.09901640246891674,0.024038352664376116,0.009485207498073578,0.08055239043052208,3.4052591845301112,0.005,,
mismatch,3,LQR,-1,118,0.5,0.0,-1,,,,0.041333483916444896,0.08375791876786642,0.12400045174933469,0.05769898281375199,0.019195154309272766,0.08400086674718343,3.1635985191343234,0.0,,
mismatch,3,SMC,-1,118,0.5,0.0,-1,,16.0,0.5,0.03955673785738535,0.07894953021264793,0.11867021357215607,0.0524048978422573,0.018713925033807755,0.09734167452949721,5.64782541065668,0.015,,
mismatch,3,PPO,1024,118,0.5,0.0,-1,,,,0.028159166942292504,0.07508393707817711,0.08447750082687751,0.01358823287933145,0.01108228787779808,0.08495145456452025,3.850269151903259,0.01,,
mismatch,3,PPO,123,118,0.5,0.0,-1,,,,0.029736943494378342,0.07543054049013503,0.08921083048313504,0.01313089226073597,0.006386186927556992,0.09428586148566327,5.141169117717087,0.015,,
mismatch,3,PPO,42,118,0.5,0.0,-1,,,,0.028837949770687772,0.07433578212591681,0.08651384931206331,0.014077241972295774,0.008121486753225327,0.09231749619183101,5.046681437098,0.015,,
mismatch,3,Linear,-1,119,0.5,0.0,-1,8.0,,,0.029277044227068078,0.10653369177370078,0.08783113268120424,0.02006292689798607,0.0018321797251701355,0.09742189269800881,3.859887955258289,0.005,,
mismatch,3,LQR,-1,119,0.5,0.0,-1,,,,0.032698678073774426,0.10725683989365353,0.09809603422132328,0.0203258578757537,0.009838417172431946,0.10340581787154984,3.7678198580403888,0.0025,,
mismatch,3,SMC,-1,119,0.5,0.0,-1,,16.0,0.5,0.04018324166141506,0.11308326882241615,0.12054972498424518,0.04609894106900434,0.006263919174671173,0.11495675260964124,6.281937820688028,0.0175,,
mismatch,3,PPO,1024,119,0.5,0.0,-1,,,,0.02730061990655618,0.10847144844314635,0.08190185971966854,0.016938744124347045,0.006697375327348709,0.11949772051444969,6.865996666510267,0.02,,
mismatch,3,PPO,123,119,0.5,0.0,-1,,,,0.027516009281207485,0.10602912139504878,0.08254802784362246,0.013275070483853787,0.002209227532148361,0.13018017506605464,7.8099524561858376,0.0225,,
mismatch,3,PPO,42,119,0.5,0.0,-1,,,,0.026531729473463776,0.1056206963028118,0.07959518842039133,0.014022019858483547,0.00457049161195755,0.1240668248691761,7.421419396176529,0.0225,,
mismatch,2,Linear,-1,100,1.0,0.0,-1,8.0,,,3.0812928932405397,4.090211052081818,9.243878679721618,8.539561268724041,8.12400709092617,1.686975485108737,67.47539254203905,0.0025,,
mismatch,2,LQR,-1,100,1.0,0.0,-1,,,,0.11247289770438412,0.24004221661216563,0.33741869311315237,0.19849838344035325,0.03633922152221203,0.16459500188256312,6.555881872897048,0.0125,,
mismatch,2,SMC,-1,100,1.0,0.0,-1,,16.0,0.5,0.10392574417766366,0.2379392375774965,0.311777232532991,0.11436590992696123,0.01989513263106346,0.18139835601265222,8.90261829814901,0.0225,,
mismatch,2,PPO,1024,100,1.0,0.0,-1,,,,0.07774929102728528,0.23672330735644612,0.23324787308185588,0.05454586582534291,0.02091650664806366,0.23132562670773105,13.666081164562167,0.0325,,
mismatch,2,PPO,123,100,1.0,0.0,-1,,,,0.088116332223594,0.23522779642810243,0.264348996670782,0.0832722181868222,0.026129459962248802,0.2134932168664183,11.403988223281928,0.025,,
mismatch,2,PPO,42,100,1.0,0.0,-1,,,,0.0883385145845912,0.23545094317893803,0.2650155437537736,0.09069750850939733,0.026144035160541534,0.22109032906313192,12.13893677779118,0.0275,,
mismatch,2,Linear,-1,101,1.0,0.0,-1,8.0,,,2.4533803972383885,3.287671838439963,7.360141191715165,5.719660299427716,5.236879676580429,1.4770350695548211,51.54768947312264,0.01,,
mismatch,2,LQR,-1,101,1.0,0.0,-1,,,,0.33735601285182976,0.7657818820197487,1.0120680385554892,0.2537917536165979,0.45202985405921936,0.22167319934809362,9.391157829299324,0.02,,
mismatch,2,SMC,-1,101,1.0,0.0,-1,,16.0,0.5,0.327516355722096,0.7616225692999823,0.9825490671662879,0.2617558949155572,0.5566377937793732,0.2196830276685373,11.404867331042967,0.0325,,
mismatch,2,PPO,1024,101,1.0,0.0,-1,,,,0.3242054886183859,0.8036323129291978,0.9726164658551576,0.07351723267340365,0.06297335028648376,0.48966265393611497,29.867321556956565,0.08,,
mismatch,2,PPO,123,101,1.0,0.0,-1,,,,0.30578260202385044,0.7555528096405094,0.9173478060715513,0.07184357196092606,0.07842433452606201,0.3598841963674957,19.137361951142253,0.0425,,
mismatch,2,PPO,42,101,1.0,0.0,-1,,,,0.3160052094523387,0.7611495385323115,0.9480156283570161,0.12084574362745991,0.10751372575759888,0.37925661463950044,20.335533216634275,0.045,,
mismatch,2,Linear,-1,102,1.0,0.0,-1,8.0,,,2.188458312813778,3.0803395144707904,6.565374938441334,8.103877153845481,8.94588528573513,1.2990844701590978,46.46919516337235,0.0125,,
mismatch,2,LQR,-1,102,1.0,0.0,-1,,,,0.21974540327800282,0.3659384258025939,0.6592362098340084,0.49378337766285296,0.12377074360847473,0.15114231568061806,2.6707101826739166,0.0,,
mismatch,2,SMC,-1,102,1.0,0.0,-1,,16.0,0.5,0.20910909313264173,0.3591111536319557,0.6273272793979252,0.42536370603390683,0.1020989865064621,0.1641361877301367,4.938536594991605,0.0075,,
mismatch,2,PPO,1024,102,1.0,0.0,-1,,,,0.11128998860284835,0.30507181118537785,0.33386996580854506,0.08673947533293638,0.0249217227101326,0.1737614543434985,6.652778343928903,0.0125,,
mismatch,2,PPO,123,102,1.0,0.0,-1,,,,0.133041664790006,0.3082941591037089,0.399124994370018,0.14294608147745883,0.04694946110248566,0.1686228009828011,5.458163477563201,0.01,,
mismatch,2,PPO,42,102,1.0,0.0,-1,,,,0.1331626591113948,0.30726453472447063,0.3994879773341844,0.1370209726838418,0.07803191989660263,0.16370746294533522,5.208696421542585,0.01,,
mismatch,2,Linear,-1,103,1.0,0.0,-1,8.0,,,2.3095451442653303,3.08385519134888,6.928635432795991,5.238007894084777,9.554459869861603,1.3236733585819045,43.26458215236302,0.005,,
mismatch,2,LQR,-1,103,1.0,0.0,-1,,,,0.23767110474519154,0.5879608843127857,0.7130133142355746,0.3048684510551853,0.14833679795265198,0.2267164696461435,9.1202480599158,0.02,,
mismatch,2,SMC,-1,103,1.0,0.0,-1,,16.0,0.5,0.24238907870877588,0.6128244001134692,0.7271672361263276,0.1805814818283658,0.10245764255523682,0.2432603114397797,11.15946988257215,0.03,,
mismatch,2,PPO,1024,103,1.0,0.0,-1,,,,0.21530666124115908,0.5897250150482027,0.6459199837234773,0.0905150384814651,0.0533413290977478,0.4086511607219156,23.208744938949977,0.0625,,
mismatch,2,PPO,123,103,1.0,0.0,-1,,,,0.21080445166652464,0.5726396741722639,0.6324133549995739,0.146825386878149,0.07739493250846863,0.3239887687482144,16.589601165775733,0.04,,
mismatch,2,PPO,42,103,1.0,0.0,-1,,,,0.20443237486511395,0.5739672933177432,0.6132971245953418,0.08595988733900918,0.061076849699020386,0.3346985124441751,17.348969312820426,0.0425,,
mismatch,2,Linear,-1,104,1.0,0.0,-1,8.0,,,3.150825258911102,4.157052267279492,9.452475776733305,7.996290343319193,8.1399687230587,1.7549152365349177,72.81811444550364,0.0075,,
mismatch,2,LQR,-1,104,1.0,0.0,-1,,,,0.2067974052896703,0.6141100224824246,0.6203922158690109,0.04935109167486245,0.02897132048383355,0.2380394890676241,11.984961640075795,0.0275,,
mismatch,2,SMC,-1,104,1.0,0.0,-1,,16.0,0.5,0.23528507134798954,0.6312871088177915,0.7058552140439687,0.08266495862676773,0.018406013026833534,0.2637779880757792,14.991788403245355,0.0375,,
mismatch,2,PPO,1024,104,1.0,0.0,-1,,,,0.22848161520240542,0.6404617394430531,0.6854448456072163,0.056311927241399704,0.02169801015406847,0.4056577950047139,26.30430310116286,0.08,,
mismatch,2,PPO,123,104,1.0,0.0,-1,,,,0.21892910175819372,0.6279277106319205,0.6567873052745812,0.06622230216147906,0.04095549788326025,0.335796482582342,20.805710303787023,0.05,,
mismatch,2,PPO,42,104,1.0,0.0,-1,,,,0.2174199351132015,0.6288618481501155,0.6522598053396046,0.04556298405391934,0.019141115248203278,0.3576165771302291,22.64581729163817,0.06,,
mismatch,2,Linear,-1,105,1.0,0.0,-1,8.0,,,3.2126575893755764,4.111852145056293,9.63797276812673,10.634842922106202,12.307418525218964,1.6784690147326178,60.78594699926587,0.0025,,
mismatch,2,LQR,-1,105,1.0,0.0,-1,,,,0.09043231054502582,0.26712434041999017,0.27129693163507745,0.05804467421990854,0.10028469562530518,0.07976888597880036,1.2688803374434428,0.0,,
mismatch,2,SMC,-1,105,1.0,0.0,-1,,16.0,0.5,0.12060331208639138,0.2973333605019069,0.3618099362591741,0.06054530265154662,0.10317939519882202,0.10527450295406576,3.507337573322309,0.0075,,
mismatch,2,PPO,1024,105,1.0,0.0,-1,,,,0.0751626634341684,0.23041239925684123,0.2254879903025052,0.05969217327641852,0.09577286243438721,0.13753482968804248,6.014147496947997,0.0125,,
mismatch,2,PPO,123,105,1.0,0.0,-1,,,,0.08243529140447589,0.23624534869451072,0.24730587421342767,0.07491953192669669,0.11099421977996826,0.11098232071967494,4.1281054379970445,0.0075,,
mismatch,2,PPO,42,105,1.0,0.0,-1,,,,0.07775986062499043,0.2334786904634893,0.2332795818749713,0.05710591191862836,0.09605920314788818,0.14050990358886872,5.648147792889569,0.01,,
mismatch,2,Linear,-1,106,1.0,0.0,-1,8.0,,,2.900229909400752,3.8496980603839637,8.700689728202256,7.415855813633512,7.672219023108482,1.5559877680795746,57.894318805948174,0.005,,
mismatch,2,LQR,-1,106,1.0,0.0,-1,,,,0.06037000585146131,0.1580251330201755,0.1811100175543839,0.08270989512495788,0.043858448043465614,0.13555952868766344,5.2034773133735746,0.01,,
mismatch,2,SMC,-1,106,1.0,0.0,-1,,16.0,0.5,0.06768729316391181,0.16296553186061624,0.20306187949173543,0.06361539968875823,0.010402575135231018,0.1551523312811873,7.828442502897548,0.02,,
mismatch,2,PPO,1024,106,1.0,0.0,-1,,,,0.05894077723073221,0.15696911137607442,0.17682233169219663,0.05606268016897418,0.02639084681868553,0.1635388944883299,7.8898499832172195,0.02,,
mismatch,2,PPO,123,106,1.0,0.0,-1,,,,0.06274525268840993,0.15880327721804596,0.1882357580652298,0.07740862944082898,0.054611317813396454,0.1598897348727074,7.732569574077875,0.02,,
mismatch,2,PPO,42,106,1.0,0.0,-1,,,,0.0579269300663963,0.1573531534546025,0.17378079019918888,0.04605397578029905,0.011998937465250492,0.15916602785450562,7.6946003456213905,0.02,,
mismatch,2,Linear,-1,107,1.0,0.0,-1,8.0,,,1.822089862843305,2.380985636759407,5.466269588529915,4.428981231870474,2.715348541736603,1.0588350628974135,25.342350645779682,0.0,,
mismatch,2,LQR,-1,107,1.0,0.0,-1,,,,0.16950177201724062,0.41915865054149815,0.5085053160517219,0.1858437114659651,0.48007357120513916,0.14518955991331411,5.25723549213012,0.01,,
mismatch,2,SMC,-1,107,1.0,0.0,-1,,16.0,0.5,0.19607410446047033,0.4248972390845888,0.588222313381411,0.2630612429599335,0.5151998400688171,0.15949720128565942,7.013185779532492,0.02,,
mismatch,2,PPO,1024,107,1.0,0.0,-1,,,,0.14196012565302518,0.3936450452586073,0.4258803769590756,0.13850992186753838,0.37833094596862793,0.27503960884345735,15.494652189936904,0.0325,,
mismatch,2,PPO,123,107,1.0,0.0,-1,,,,0.15861844181269716,0.3903380589113187,0.4758553254380915,0.19131920022177107,0.4736858606338501,0.21838748206075587,10.798058792096281,0.0275,,
mismatch,2,PPO,42,107,1.0,0.0,-1,,,,0.14758528163346926,0.3884046209164129,0.44275584490040776,0.14400445467528003,0.4421004056930542,0.24262356152409628,12.428634519451423,0.0275,,
mismatch,2,Linear,-1,108,1.0,0.0,-1,8.0,,,3.366315693505486,4.342443543189676,10.098947080516458,12.118277241970286,13.489702880382538,1.7211340995798088,63.8313245146117,0.005,,
mismatch,2,LQR,-1,108,1.0,0.0,-1,,,,0.20483496176649477,0.4781236132548065,0.6145048852994843,0.1673638848932805,0.430580198764801,0.1507717533709648,6.808749523463558,0.015,,
mismatch,2,SMC,-1,108,1.0,0.0,-1,,16.0,0.5,0.21414187835670345,0.4856701202232072,0.6424256350701103,0.1705749436845014,0.4428858757019043,0.16648660977523633,8.677979715609712,0.025,,
mismatch,2,PPO,1024,108,1.0,0.0,-1,,,,0.16816720267113666,0.4557030060135401,0.50450160801341,0.1064663769585299,0.186226487159729,0.25960524164679044,14.695458359454364,0.0375,,
mismatch,2,PPO,123,108,1.0,0.0,-1,,,,0.17077022046934587,0.4430874350117726,0.5123106614080376,0.12440408607599912,0.24629342555999756,0.20041265849609327,11.283407636119472,0.03,,
mismatch,2,PPO,42,108,1.0,0.0,-1,,,,0.1728381482959382,0.4439143412402827,0.5185144448878146,0.12590143302984444,0.3042284846305847,0.21286490990633977,11.58790027037469,0.0325,,
mismatch,2,Linear,-1,109,1.0,0.0,-1,8.0,,,3.28315136804929,4.365564123861314,9.84945410414787,9.275044114409406,7.873504027724266,1.6743772365059937,68.3938472930256,0.01,,
mismatch,2,LQR,-1,109,1.0,0.0,-1,,,,0.2328437919483047,0.604346240924233,0.6985313758449141,0.24716775238881877,0.09948582574725151,0.2624718954762635,12.775027286906234,0.025,,
mismatch,2,SMC,-1,109,1.0,0.0,-1,,16.0,0.5,0.22012436123629095,0.6098151211153844,0.6603730837088728,0.1742765072181269,0.08374623209238052,0.27690333570292,16.047090446637483,0.0425,,
mismatch,2,PPO,1024,109,1.0,0.0,-1,,,,0.21145443586711574,0.6329190089511083,0.6343633076013472,0.0255233912418286,0.011070840060710907,0.41941679144589383,28.40033512818767,0.0875,,
mismatch,2,PPO,123,109,1.0,0.0,-1,,,,0.21274552242605888,0.621373863737723,0.6382365672781766,0.07979739971320939,0.035623010247945786,0.3674179145745803,23.078770583676857,0.055,,
mismatch,2,PPO,42,109,1.0,0.0,-1,,,,0.20706048159544987,0.6214801008528743,0.6211814447863496,0.037116101241590066,0.02060043439269066,0.3787452195796586,24.01649448370592,0.06,,
mismatch,2,Linear,-1,110,1.0,0.0,-1,8.0,,,2.1099711107500423,2.816836408385411,6.329913332250127,5.213097722626027,7.599204644560814,1.3271312916516662,40.84583037903699,0.0,,
mismatch,2,LQR,-1,110,1.0,0.0,-1,,,,0.1223602305286032,0.1730004092679043,0.36708069158580964,0.30443429361373464,0.10839717835187912,0.06854533349692779,0.3954856212058793,0.0,,
mismatch,2,SMC,-1,110,1.0,0.0,-1,,16.0,0.5,0.10740485551348226,0.15788728597456528,0.32221456654044683,0.2653511880126632,0.10018767416477203,0.07940758458464092,1.8597263561361157,0.005,,
mismatch,2,PPO,1024,110,1.0,0.0,-1,,,,0.05865664332981221,0.106085564177521,0.1759699299894366,0.13172802632030697,0.07343409955501556,0.12757216031637572,4.616237430950189,0.0125,,
mismatch,2,PPO,123,110,1.0,0.0,-1,,,,0.07806071844099033,0.11966034619015194,0.23418215532297096,0.20686885946786698,0.07611095160245895,0.10567460393073255,2.8646100948391626,0.0075,,
mismatch,2,PPO,42,110,1.0,0.0,-1,,,,0.07173674121144494,0.11644030700699075,0.21521022363433479,0.16675630756826312,0.1020660549402237,0.12261888284487023,3.292714316056083,0.0075,,
mismatch,2,Linear,-1,111,1.0,0.0,-1,8.0,,,3.0901847754822653,4.093036094470165,9.270554326446797,7.889662773336894,8.201707899570465,1.568995014613406,57.94864515409312,0.0,,
mismatch,2,LQR,-1,111,1.0,0.0,-1,,,,0.16888678944201294,0.2862093380119065,0.5066603683260388,0.2105187326784671,0.038150074891746044,0.139653782184036,3.4805200937885865,0.0025,,
mismatch,2,SMC,-1,111,1.0,0.0,-1,,16.0,0.5,0.18505018934025333,0.29881913008829014,0.55515056802076,0.2385736267875742,0.06893576495349407,0.1570763430970516,6.3394779682522655,0.0125,,
mismatch,2,PPO,1024,111,1.0,0.0,-1,,,,0.11504321601450852,0.24312820821656847,0.3451296480435256,0.10329207698067214,0.025163460988551378,0.21177286697444772,10.268281193056621,0.0225,,
mismatch,2,PPO,123,111,1.0,0.0,-1,,,,0.1401353231758957,0.2528664244206371,0.42040596952768705,0.14653077437599868,0.05713280430063605,0.1807706469200793,7.565588770026425,0.0175,,
mismatch,2,PPO,42,111,1.0,0.0,-1,,,,0.1374555112842814,0.2525998391939267,0.4123665338528442,0.15424977470028364,0.039863298181444407,0.21795450257801652,10.180649099368281,0.0175,,
mismatch,2,Linear,-1,112,1.0,0.0,-1,8.0,,,2.1523529904014302,3.31739621312309,6.457058971204291,8.834164835144708,8.318514466285706,1.238870768104111,46.05077680892728,0.0125,,
mismatch,2,LQR,-1,112,1.0,0.0,-1,,,,0.07404954215966116,0.12111801926611812,0.22214862647898345,0.21132059682758503,0.04224313795566559,0.11441814296538047,3.7329852893955335,0.0,,
mismatch,2,SMC,-1,112,1.0,0.0,-1,,16.0,0.5,0.056550481247522884,0.10156907469231306,0.16965144374256866,0.1609969449080067,0.06939409673213959,0.11909091633574995,5.754959555902468,0.0175,,
mismatch,2,PPO,1024,112,1.0,0.0,-1,,,,0.054664606355627685,0.10250041527093438,0.16399381906688307,0.12500525115023334,0.03071659803390503,0.13921533445096076,6.5941347958297385,0.02,,
mismatch,2,PPO,123,112,1.0,0.0,-1,,,,0.06317961251313611,0.1100942169310479,0.18953883753940834,0.16477666476189537,0.047788675874471664,0.12869373800005401,5.944994922481528,0.0175,,
mismatch,2,PPO,42,112,1.0,0.0,-1,,,,0.06641791619790884,0.11375492712613368,0.19925374859372652,0.18161384054218177,0.021713145077228546,0.15950730695688814,6.853082377176761,0.02,,
mismatch,2,Linear,-1,113,1.0,0.0,-1,8.0,,,2.648607947830349,3.546624946324024,7.9458238434910475,6.6368659828548076,7.229617089033127,1.5869899328212786,57.75225736932592,0.005,,
mismatch,2,LQR,-1,113,1.0,0.0,-1,,,,0.14368932409961388,0.25388202872536936,0.4310679722988416,0.3076406263826806,0.09759831428527832,0.09485756206161289,0.6556765551110417,0.0,,
mismatch,2,SMC,-1,113,1.0,0.0,-1,,16.0,0.5,0.14004148801607533,0.26665408008679303,0.42012446404822595,0.2437438074223421,0.033438339829444885,0.10940455869400521,1.826677663080578,0.0025,,
mismatch,2,PPO,1024,113,1.0,0.0,-1,,,,0.07809143913453034,0.20385650595493274,0.23427431740359103,0.08438356590951666,0.03742876648902893,0.12930583637997398,2.1550222609647958,0.0,,
mismatch,2,PPO,123,113,1.0,0.0,-1,,,,0.0943235439911844,0.21356606501848435,0.28297063197355316,0.1163827621228533,0.029938265681266785,0.11043466198399775,1.7000069765270842,0.0025,,
mismatch,2,PPO,42,113,1.0,0.0,-1,,,,0.09141966783738109,0.2120077557723272,0.2742590035121433,0.13399397924450446,0.03833022713661194,0.11406338584616298,1.7386231056640455,0.0025,,
mismatch,2,Linear,-1,114,1.0,0.0,-1,8.0,,,2.8124638981435908,3.7098543638989008,8.437391694430772,7.657407934650963,6.669990509748459,1.505556996103534,52.646437663491376,0.0,,
mismatch,2,LQR,-1,114,1.0,0.0,-1,,,,0.16884699390608127,0.2566858413285542,0.5065409817182438,0.17329152701077638,0.14936411380767822,0.10835813705095536,1.7631721521830803,0.0,,
mismatch,2,SMC,-1,114,1.0,0.0,-1,,16.0,0.5,0.16759821805671007,0.27242344845017125,0.5027946541701301,0.12642464914393645,0.10176366567611694,0.11587454364655372,3.671783743638176,0.01,,
mismatch,2,PPO,1024,114,1.0,0.0,-1,,,,0.07279418305771043,0.15059736107951713,0.2183825491731313,0.034827044084208246,0.05705651640892029,0.12995917084359765,3.884147264765631,0.01,,
mismatch,2,PPO,123,114,1.0,0.0,-1,,,,0.0929523390758061,0.1674759316959543,0.27885701722741835,0.06278285507204724,0.04699729382991791,0.12647475265059388,3.7197352348168247,0.01,,
mismatch,2,PPO,42,114,1.0,0.0,-1,,,,0.09141433408757918,0.17003609971539227,0.2742430022627375,0.0647210290276066,0.09164723753929138,0.14456984504797216,4.420010432316741,0.01,,
mismatch,2,Linear,-1,115,1.0,0.0,-1,8.0,,,2.801702316934034,3.7783694961698844,8.405106950802102,10.229913131690319,11.930655837059021,1.4246327327076633,47.6505087083782,0.0,,
mismatch,2,LQR,-1,115,1.0,0.0,-1,,,,0.09253222222694646,0.20501451454755956,0.2775966666808394,0.0805201669924973,0.12484276294708252,0.08804922500561965,1.3941368777247156,0.0,,
mismatch,2,SMC,-1,115,1.0,0.0,-1,,16.0,0.5,0.10289491736426863,0.19385059715284864,0.3086847520928059,0.12379554514255789,0.22863155603408813,0.10297919548380954,3.7084676170073956,0.01,,
mismatch,2,PPO,1024,115,1.0,0.0,-1,,,,0.06132013634341155,0.13449700671683726,0.18396040903023464,0.049567765843721086,0.07609418034553528,0.12998962348461746,4.702109388933919,0.0125,,
mismatch,2,PPO,123,115,1.0,0.0,-1,,,,0.07281396714064695,0.14842474106772335,0.21844190142194084,0.047261104033685025,0.06664049625396729,0.11729388364458322,3.9294585690287684,0.01,,
mismatch,2,PPO,42,115,1.0,0.0,-1,,,,0.07635857388245582,0.15059565039446016,0.22907572164736745,0.06625844735974147,0.10747340321540833,0.20327914806264,7.559787830545982,0.015,,
mismatch,2,Linear,-1,116,1.0,0.0,-1,8.0,,,2.595491464831189,3.540133313380066,7.786474394493567,5.083125794191419,6.765990242362022,1.4410546283769488,48.58247157815477,0.01,,
mismatch,2,LQR,-1,116,1.0,0.0,-1,,,,0.12873097672262668,0.29463013355782763,0.38619293016788,0.09890530653941779,0.038601509761065245,0.12570165352553433,5.527845861748193,0.0125,,
mismatch,2,SMC,-1,116,1.0,0.0,-1,,16.0,0.5,0.13163360404911284,0.2928988357087899,0.39490081214733846,0.10443287282998179,0.14245056360960007,0.13612466426249803,7.302169882508306,0.0225,,
mismatch,2,PPO,1024,116,1.0,0.0,-1,,,,0.0937489853507637,0.22662920804062894,0.2812469560522911,0.09521050288997314,0.02490231767296791,0.19816081272322045,10.266006243546368,0.0275,,
mismatch,2,PPO,123,116,1.0,0.0,-1,,,,0.10229880897504767,0.23318414724061504,0.306896426925143,0.09753132651180581,0.02680373890325427,0.15906913472604275,8.313000191495528,0.025,,
mismatch,2,PPO,42,116,1.0,0.0,-1,,,,0.10396560160212873,0.23145205367422902,0.31189680480638615,0.11898586656438348,0.10615392401814461,0.3246835392813879,15.744935333377079,0.03,,
mismatch,2,Linear,-1,117,1.0,0.0,-1,8.0,,,3.1946196952062107,4.241017684323187,9.583859085618633,8.232611479122697,8.180338442325592,1.651105559897839,65.07850181394375,0.0,,
mismatch,2,LQR,-1,117,1.0,0.0,-1,,,,0.22033351497412662,0.4985696729205582,0.6610005449223799,0.2682846775278449,0.04140905663371086,0.17738457328606247,7.013320070316659,0.01,,
mismatch,2,SMC,-1,117,1.0,0.0,-1,,16.0,0.5,0.2324911761751781,0.5110070443669527,0.6974735285255342,0.2664481670262269,0.05030204355716705,0.19105465767753863,9.839761855944243,0.025,,
mismatch,2,PPO,1024,117,1.0,0.0,-1,,,,0.17237655212212408,0.5061267391857298,0.5171296563663722,0.1287465762220507,0.0310587165877223,0.30577076752286897,20.429802550464878,0.06,,
mismatch,2,PPO,123,117,1.0,0.0,-1,,,,0.18643612776714952,0.49982582719834523,0.5593083833014486,0.17494569965465753,0.03319201432168484,0.2572211379236414,15.287330616811662,0.035,,
mismatch,2,PPO,42,117,1.0,0.0,-1,,,,0.18958771674497424,0.5014122093180122,0.5687631502349227,0.19242385849874052,0.051296223886311054,0.27413239261307326,16.660562321736627,0.04,,
mismatch,2,Linear,-1,118,1.0,0.0,-1,8.0,,,2.8929176709164905,3.8776343224186265,8.678753012749471,8.38551123044741,8.125381857156754,1.5214294657445608,56.46312564463484,0.0025,,
mismatch,2,LQR,-1,118,1.0,0.0,-1,,,,0.12554000719610667,0.20762862154977266,0.37662002158832,0.2571087618024997,0.03755480423569679,0.1277548501744069,5.372379182296218,0.01,,
mismatch,2,SMC,-1,118,1.0,0.0,-1,,16.0,0.5,0.13153140837247682,0.21197429188900926,0.3945942251174304,0.2653756578809317,0.041091438382864,0.14509568399856895,7.85775118467064,0.02,,
mismatch,2,PPO,1024,118,1.0,0.0,-1,,,,0.08530889080774662,0.17435786201834708,0.25592667242323985,0.10717630509379102,0.05928798019886017,0.1842525940286251,11.21741934351409,0.0275,,
mismatch,2,PPO,123,118,1.0,0.0,-1,,,,0.10794769851483113,0.18786908418403242,0.3238430955444934,0.17128404678293951,0.09932465106248856,0.17159183804605369,9.189926386490589,0.0225,,
mismatch,2,PPO,42,118,1.0,0.0,-1,,,,0.10251894114339292,0.18487471401535147,0.30755682343017876,0.163929562555787,0.07013052515685558,0.17741950912554366,9.50834612432603,0.0225,,
mismatch,2,Linear,-1,119,1.0,0.0,-1,8.0,,,3.0132243191190096,4.028717284520404,9.039672957357029,8.517354002705327,8.464833036065102,1.565879076199044,59.214487313555495,0.005,,
mismatch,2,LQR,-1,119,1.0,0.0,-1,,,,0.15030884730969482,0.24075089573431038,0.4509265419290845,0.38387269869354773,0.08197854831814766,0.19709779091784382,6.547123500880595,0.0125,,
mismatch,2,SMC,-1,119,1.0,0.0,-1,,16.0,0.5,0.10637127297271604,0.19504656978769208,0.3191138189181481,0.26415680737499103,0.03860298916697502,0.21108390215945144,9.403587156449232,0.025,,
mismatch,2,PPO,1024,119,1.0,0.0,-1,,,,0.05660797583565568,0.16602887624517274,0.16982392750696704,0.04129468692167674,0.017576951533555984,0.23237697945494307,11.132605920984716,0.0275,,
mismatch,2,PPO,123,119,1.0,0.0,-1,,,,0.06970565561599974,0.16988350654130743,0.2091169668479992,0.08611261653771371,0.032194122672080994,0.22047921625010095,9.548965418726956,0.0225,,
mismatch,2,PPO,42,119,1.0,0.0,-1,,,,0.06672595694068129,0.1681375993159516,0.20017787082204386,0.06120419105583871,0.008807267993688583,0.23076549229070434,10.605526370795456,0.0275,,
mismatch,3,Linear,-1,100,1.0,0.0,-1,8.0,,,0.05459882496335139,0.09648692669904685,0.16379647489005417,0.08551059834038217,0.04430067352950573,0.12135218665412537,3.8480041734296777,0.0075,,
mismatch,3,LQR,-1,100,1.0,0.0,-1,,,,0.053608295174450274,0.09301443491562199,0.16082488552335084,0.08079446334230864,0.039177194237709045,0.1287706915084203,3.492221459969304,0.0,,
mismatch,3,SMC,-1,100,1.0,0.0,-1,,16.0,0.5,0.06984423322514852,0.10054221141188138,0.20953269967544555,0.19042078320534878,0.09325030073523521,0.1432962139996995,5.862378997754032,0.0175,,
mismatch,3,PPO,1024,100,1.0,0.0,-1,,,,0.054867532755327984,0.10540377223347684,0.16460259826598397,0.07100915509839485,0.03920408897101879,0.1425509063940393,6.296552630909894,0.0175,,
mismatch,3,PPO,123,100,1.0,0.0,-1,,,,0.05075863636147575,0.09028646500790669,0.15227590908442723,0.06400877311480818,0.02674277499318123,0.13947522150935546,5.419232726715597,0.015,,
mismatch,3,PPO,42,100,1.0,0.0,-1,,,,0.04907013241438534,0.08725849695906206,0.14721039724315602,0.06370562980135466,0.027084780856966972,0.13695999047256766,5.1635356506681305,0.015,,
mismatch,3,Linear,-1,101,1.0,0.0,-1,8.0,,,0.07532721722238415,0.19202584254397007,0.22598165166715248,0.03384901831547419,0.033930569887161255,0.16296034551543784,5.829574429824682,0.0,,
mismatch,3,LQR,-1,101,1.0,0.0,-1,,,,0.10954912962292879,0.19985228038621944,0.32864738886878636,0.14845449532623645,0.22858038544654846,0.1746910051995229,6.62943281443685,0.0075,,
mismatch,3,SMC,-1,101,1.0,0.0,-1,,16.0,0.5,0.14208913934575773,0.2525361168585058,0.4262674180372732,0.13468077576454776,0.2769699990749359,0.17445993378483432,8.517847810120193,0.025,,
mismatch,3,PPO,1024,101,1.0,0.0,-1,,,,0.06825892013015344,0.19032884998285288,0.20477676039046033,0.028541298192224385,0.03532019257545471,0.1997431505685138,11.114478490323556,0.03,,
mismatch,3,PPO,123,101,1.0,0.0,-1,,,,0.05805605306837426,0.16546439107883076,0.17416815920512277,0.047706662504761306,0.04990747570991516,0.17344962639741116,8.13968376318442,0.02,,
mismatch,3,PPO,42,101,1.0,0.0,-1,,,,0.056068759100358384,0.16451989686693125,0.16820627730107515,0.040661857543904105,0.04515746235847473,0.16553233065026954,7.535190979196726,0.02,,
mismatch,3,Linear,-1,102,1.0,0.0,-1,8.0,,,0.07137329791554854,0.17720885776846776,0.21411989374664564,0.06284822901871837,0.02166687697172165,0.16620282618389315,6.1303016822669365,0.0125,,
mismatch,3,LQR,-1,102,1.0,0.0,-1,,,,0.11390182503490574,0.24075574275221476,0.34170547510471727,0.11046217329064269,0.04668938368558884,0.12341095749432503,1.8716314828230243,0.0,,
mismatch,3,SMC,-1,102,1.0,0.0,-1,,16.0,0.5,0.11305062128548338,0.24363710862496807,0.33915186385645013,0.05746831888631906,0.02687978744506836,0.15298640511060793,4.741088716615904,0.0075,,
mismatch,3,PPO,1024,102,1.0,0.0,-1,,,,0.06380965748564932,0.1732398451628572,0.19142897245694798,0.042166182184936826,0.01555611938238144,0.19974954656680624,10.642139498629081,0.03,,
mismatch,3,PPO,123,102,1.0,0.0,-1,,,,0.058016154892449996,0.16292413376149467,0.17404846467735,0.04005182826500616,0.012909986078739166,0.18108651196256634,8.34759443511503,0.02,,
mismatch,3,PPO,42,102,1.0,0.0,-1,,,,0.05741836213106514,0.1626367515879634,0.17225508639319542,0.04099057112349036,0.014416813850402832,0.17178735248465787,7.20243228348021,0.015,,
mismatch,3,Linear,-1,103,1.0,0.0,-1,8.0,,,0.06144051589125942,0.154671800067583,0.18432154767377826,0.08202877909772927,0.04835781455039978,0.16075237581223026,5.7658440624904586,0.015,,
mismatch,3,LQR,-1,103,1.0,0.0,-1,,,,0.05957334835379573,0.14836993407487495,0.17872004506138717,0.07319705397534518,0.051090627908706665,0.16907307880459135,5.783454084988413,0.01,,
mismatch,3,SMC,-1,103,1.0,0.0,-1,,16.0,0.5,0.09549648971440068,0.15787315507655195,0.28648946914320206,0.2704817246139785,0.07215416431427002,0.18694758963825744,8.095443464600129,0.0225,,
mismatch,3,PPO,1024,103,1.0,0.0,-1,,,,0.05531564709774574,0.14034451448857976,0.16594694129323723,0.07614205280939738,0.03965401649475098,0.16679460174424987,7.380821970219209,0.0225,,
mismatch,3,PPO,123,103,1.0,0.0,-1,,,,0.05368771841045057,0.1395813986711005,0.16106315523135173,0.0643822042685416,0.03062257170677185,0.19051324292562177,9.592865344892806,0.0275,,
mismatch,3,PPO,42,103,1.0,0.0,-1,,,,0.05238217416165996,0.13913088014285493,0.15714652248497987,0.06052150641694481,0.029722005128860474,0.17684307622902115,8.396407483903678,0.025,,
mismatch,3,Linear,-1,104,1.0,0.0,-1,8.0,,,0.10101502412366538,0.2147986640780704,0.30304507237099615,0.08842272834024495,0.05121214687824249,0.16722256628020743,6.603474739726209,0.015,,
mismatch,3,LQR,-1,104,1.0,0.0,-1,,,,0.10814595785505252,0.20810501868831013,0.3244378735651576,0.10548247496689452,0.03322587930597365,0.18890092770163025,7.694565828353804,0.015,,
mismatch,3,SMC,-1,104,1.0,0.0,-1,,16.0,0.5,0.12949069439342936,0.2167327655323752,0.38847208318028814,0.22708310469709062,0.10299914330244064,0.20074552092845627,10.05059101915029,0.03,,
mismatch,3,PPO,1024,104,1.0,0.0,-1,,,,0.10234406220932597,0.2260695308480993,0.30703218662797793,0.07574802892639038,0.04509114637039602,0.18153880932310276,9.12288060921228,0.0275,,
mismatch,3,PPO,123,104,1.0,0.0,-1,,,,0.09687795791409581,0.20251104343399198,0.29063387374228744,0.06794833021675363,0.030124215874820948,0.1972431123821051,10.17349974912396,0.03,,
mismatch,3,PPO,42,104,1.0,0.0,-1,,,,0.09647690227521538,0.20144289723467465,0.28943070682564614,0.06821891590722917,0.03109489567577839,0.1943219994238933,9.976443546689094,0.03,,
mismatch,3,Linear,-1,105,1.0,0.0,-1,8.0,,,0.03785510729968932,0.0906415370468014,0.11356532189906796,0.056764271708182344,0.10618877410888672,0.1037763524568289,3.217664905331105,0.005,,
mismatch,3,LQR,-1,105,1.0,0.0,-1,,,,0.06286682579619926,0.1477975375302875,0.18860047738859778,0.05075054661727246,0.09871536493301392,0.09261458623963303,1.0328892639226497,0.0,,
mismatch,3,SMC,-1,105,1.0,0.0,-1,,16.0,0.5,0.11182260386419737,0.21712187532914287,0.3354678115925921,0.07028085894790696,0.14477241039276123,0.1384172306390152,3.591610799483116,0.005,,
mismatch,3,PPO,1024,105,1.0,0.0,-1,,,,0.03371495630705136,0.08624685016137439,0.10114486892115408,0.04664160918306421,0.07399821281433105,0.12838009874942594,5.661189751668474,0.0125,,
mismatch,3,PPO,123,105,1.0,0.0,-1,,,,0.030919058564647797,0.08473679406540675,0.09275717569394339,0.04139918475239365,0.07008242607116699,0.132731956134822,6.06139449461171,0.015,,
mismatch,3,PPO,42,105,1.0,0.0,-1,,,,0.030643161006135587,0.08541925155617931,0.09192948301840675,0.04325151461877941,0.07184839248657227,0.12348835868877069,4.807986844088603,0.01,,
mismatch,3,Linear,-1,106,1.0,0.0,-1,8.0,,,0.03967496731584847,0.12073448929125218,0.1190249019475454,0.026155929931979856,0.02303625550121069,0.0907442706713727,2.8557972905319597,0.0,,
mismatch,3,LQR,-1,106,1.0,0.0,-1,,,,0.04185108450653244,0.1205341783487004,0.1255532535195973,0.03313751251114831,0.01517099910415709,0.09160976460467132,2.6763963307780383,0.0,,
mismatch,3,SMC,-1,106,1.0,0.0,-1,,16.0,0.5,0.05506200627605752,0.1325875716541939,0.16518601882817255,0.05267055486156433,0.014815055765211582,0.0975861005879012,4.923019300206046,0.015,,
mismatch,3,PPO,1024,106,1.0,0.0,-1,,,,0.033758285365505604,0.12148791922142828,0.1012748560965168,0.019281290218601994,0.01920537929981947,0.1363726544595716,7.950882907029622,0.0225,,
mismatch,3,PPO,123,106,1.0,0.0,-1,,,,0.03396843042799851,0.12392701624442291,0.10190529128399554,0.018805350179864483,0.01614108681678772,0.15242029133454857,8.955318621859167,0.025,,
mismatch,3,PPO,42,106,1.0,0.0,-1,,,,0.030080381397166425,0.10974700175364745,0.09024114419149927,0.017906851066207444,0.014417591504752636,0.11613589952562813,5.824356431985805,0.015,,
mismatch,3,Linear,-1,107,1.0,0.0,-1,8.0,,,0.09524941902548843,0.2122077032526795,0.2857482570764653,0.10353938205006682,0.0975603461265564,0.15731379597858894,4.601981126796883,0.01,,
mismatch,3,LQR,-1,107,1.0,0.0,-1,,,,0.10233155883854861,0.21127611084080136,0.3069946765156458,0.17053247215571227,0.33748161792755127,0.16729843083856466,4.003431660944421,0.005,,
mismatch,3,SMC,-1,107,1.0,0.0,-1,,16.0,0.5,0.1553315779911114,0.2360000677591184,0.46599473397333424,0.3811094093101996,0.4381145238876343,0.18463621936399405,6.2499551575717165,0.0175,,
mismatch,3,PPO,1024,107,1.0,0.0,-1,,,,0.08035586886293722,0.1901643985297227,0.24106760658881166,0.0993025571015882,0.11712902784347534,0.2033743505688974,8.217894319021873,0.02,,
mismatch,3,PPO,123,107,1.0,0.0,-1,,,,0.07192950245884812,0.18454519753716758,0.21578850737654434,0.09417619970109728,0.0987737774848938,0.21612105462723352,9.473002974669233,0.025,,
mismatch,3,PPO,42,107,1.0,0.0,-1,,,,0.07067055795697846,0.18446925095668076,0.2120116738709354,0.09177371454827579,0.09742945432662964,0.21379271224884322,9.256678795488725,0.0225,,
mismatch,3,Linear,-1,108,1.0,0.0,-1,8.0,,,0.10101068158520204,0.19729878752476654,0.30303204475560613,0.11421245124972897,0.1558361053466797,0.19403283043469574,6.257478421909572,0.0125,,
mismatch,3,LQR,-1,108,1.0,0.0,-1,,,,0.08220620559108871,0.17489393538904574,0.24661861677326616,0.13329135260924144,0.269364595413208,0.1723422367744333,5.999420047889707,0.0075,,
mismatch,3,SMC,-1,108,1.0,0.0,-1,,16.0,0.5,0.10151166518250557,0.1970040502544281,0.3045349955475167,0.13566650162784405,0.26435840129852295,0.15830568045889878,7.723584785450417,0.0225,,
mismatch,3,PPO,1024,108,1.0,0.0,-1,,,,0.07980035373465726,0.16663828952990895,0.23940106120397175,0.08234219868196013,0.06632775068283081,0.21229891746567373,8.529634299082387,0.0225,,
mismatch,3,PPO,123,108,1.0,0.0,-1,,,,0.06697609599955312,0.15521681928662548,0.20092828799865936,0.07213778607547283,0.06351876258850098,0.21934343048863744,9.75254745497056,0.025,,
mismatch,3,PPO,42,108,1.0,0.0,-1,,,,0.06690341578711348,0.15523926190938,0.20071024736134044,0.07488011718256238,0.06526684761047363,0.21465392965368202,9.53573056331979,0.025,,
mismatch,3,Linear,-1,109,1.0,0.0,-1,8.0,,,0.08614145947971745,0.24259387477782923,0.25842437843915234,0.05145023365930459,0.024491969496011734,0.16197177288389564,5.5766617815646065,0.0,,
mismatch,3,LQR,-1,109,1.0,0.0,-1,,,,0.08221707001896707,0.21542591348370338,0.2466512100569012,0.04768828500959056,0.021766647696495056,0.18056846698004336,7.202395439620779,0.01,,
mismatch,3,SMC,-1,109,1.0,0.0,-1,,16.0,0.5,0.09111790411973238,0.2201231112681644,0.27335371235919714,0.09158472844434005,0.04597312584519386,0.19761263744797014,9.97251568442588,0.0275,,
mismatch,3,PPO,1024,109,1.0,0.0,-1,,,,0.07615730016711396,0.22047248853091092,0.2284719005013419,0.04140856574048047,0.01738883927464485,0.16970191975855767,6.717421959588916,0.0125,,
mismatch,3,PPO,123,109,1.0,0.0,-1,,,,0.07810413663922744,0.21387089064606243,0.2343124099176823,0.03933538400487584,0.016616307199001312,0.19386357445028282,9.609298823145725,0.025,,
mismatch,3,PPO,42,109,1.0,0.0,-1,,,,0.07738437673660709,0.2128548731939715,0.23215313020982126,0.03986902150359971,0.015253350138664246,0.18560102109116805,8.844255488673776,0.0225,,
mismatch,3,Linear,-1,110,1.0,0.0,-1,8.0,,,0.027801243946380474,0.06603733309532195,0.08340373183914142,0.06705813597956742,0.04725740849971771,0.08225436567182552,1.0710608596652758,0.0,,
mismatch,3,LQR,-1,110,1.0,0.0,-1,,,,0.033253849916785636,0.08120536261899147,0.0997615497503569,0.06793947350003837,0.0556013397872448,0.07210583503898338,0.35088795169663173,0.0,,
mismatch,3,SMC,-1,110,1.0,0.0,-1,,16.0,0.5,0.04912484276161861,0.07981758728899148,0.14737452828485584,0.17658930782366683,0.14836806803941727,0.10218309540943026,2.041290705609577,0.005,,
mismatch,3,PPO,1024,110,1.0,0.0,-1,,,,0.022747041198679697,0.05773984949593323,0.0682411235960391,0.051054668661643876,0.05097192898392677,0.11643211311310009,3.5548816113124193,0.0075,,
mismatch,3,PPO,123,110,1.0,0.0,-1,,,,0.022836653921359893,0.059239502756614104,0.06850996176407967,0.05223811535095727,0.041123148053884506,0.12714332131671247,4.392325676047818,0.0125,,
mismatch,3,PPO,42,110,1.0,0.0,-1,,,,0.021644630243712208,0.05837976017476616,0.06493389073113662,0.04715763757948154,0.036665599793195724,0.1189087762629748,3.7234750702915522,0.0075,,
mismatch,3,Linear,-1,111,1.0,0.0,-1,8.0,,,0.030226105148265337,0.05010204552413281,0.09067831544479601,0.04338129969704666,0.006181837059557438,0.08127867711935555,2.533820132593388,0.005,,
mismatch,3,LQR,-1,111,1.0,0.0,-1,,,,0.06781750271489329,0.10321158299834032,0.20345250814467986,0.07374269420993917,0.00832215603441,0.08842762470444733,1.5098438013846156,0.0,,
mismatch,3,SMC,-1,111,1.0,0.0,-1,,16.0,0.5,0.055072068708235784,0.07468713456454203,0.16521620612470736,0.11899578014825597,0.013932459987699986,0.08959457764135018,3.317429477049284,0.01,,
mismatch,3,PPO,1024,111,1.0,0.0,-1,,,,0.026329198537095574,0.04539392375767147,0.07898759561128672,0.03129137107343585,0.0053400760516524315,0.0927473845104327,3.8030856064327128,0.01,,
mismatch,3,PPO,123,111,1.0,0.0,-1,,,,0.02579569447892451,0.044115161636764925,0.07738708343677353,0.027835249693857297,0.0056902337819337845,0.09783419418819898,4.127801288458531,0.0125,,
mismatch,3,PPO,42,111,1.0,0.0,-1,,,,0.025178175124805035,0.04356317243794095,0.0755345253744151,0.028444089173672745,0.0058926772326231,0.09926809802502766,4.2882608476653195,0.01,,
mismatch,3,Linear,-1,112,1.0,0.0,-1,8.0,,,0.06259858151081042,0.18045044204281813,0.18779574453243125,0.03148021469364104,0.001628730446100235,0.11797263010165787,1.8830531516927023,0.0,,
mismatch,3,LQR,-1,112,1.0,0.0,-1,,,,0.07340572515161164,0.184573539026541,0.22021717545483493,0.03460577522392994,0.010998990386724472,0.12414236112967582,2.2395738111587944,0.0,,
mismatch,3,SMC,-1,112,1.0,0.0,-1,,16.0,0.5,0.0924993764825091,0.2035383339112352,0.2774981294475273,0.08391390508040786,0.008843731135129929,0.14429724609515307,4.949176536341832,0.01,,
mismatch,3,PPO,1024,112,1.0,0.0,-1,,,,0.06034984358730366,0.18221046005898364,0.18104953076191097,0.024802563168729346,0.005538474768400192,0.1453600651271028,4.626943812230134,0.0075,,
mismatch,3,PPO,123,112,1.0,0.0,-1,,,,0.061820286838221654,0.17951344876844058,0.18546086051466495,0.02194401718687588,0.0020064599812030792,0.12217942417391398,2.4270487679082136,0.0,,
mismatch,3,PPO,42,112,1.0,0.0,-1,,,,0.06159457166199994,0.17897621649551998,0.18478371498599983,0.02368969482910118,0.004555564373731613,0.12122388656931625,2.2934786897998016,0.0,,
mismatch,3,Linear,-1,113,1.0,0.0,-1,8.0,,,0.06214106366106449,0.13918782386408507,0.1864231909831935,0.061406023898104456,0.034846290946006775,0.1348817826357863,3.01303410123497,0.005,,
mismatch,3,LQR,-1,113,1.0,0.0,-1,,,,0.07561985820342948,0.17017486874545917,0.22685957461028844,0.06426856516182054,0.03563383221626282,0.12389312585524895,0.8945735656688559,0.0,,
mismatch,3,SMC,-1,113,1.0,0.0,-1,,16.0,0.5,0.1406240995028091,0.25984417414054467,0.42187229850842733,0.1809321589032073,0.018651902675628662,0.1729007815132414,2.5444224496138172,0.0025,,
mismatch,3,PPO,1024,113,1.0,0.0,-1,,,,0.05495511514853906,0.1269474461729713,0.16486534544561718,0.052231320490439735,0.030237868428230286,0.16278705822113446,4.720473853300733,0.01,,
mismatch,3,PPO,123,113,1.0,0.0,-1,,,,0.051163040119334,0.1233810887546973,0.153489120358002,0.045767073048117723,0.026013851165771484,0.14784367300948578,2.761565834630604,0.0025,,
mismatch,3,PPO,42,113,1.0,0.0,-1,,,,0.05116145280387225,0.12400951239470806,0.15348435841161673,0.04718336591750016,0.027732640504837036,0.14678553888513857,2.6479002159010867,0.005,,
mismatch,3,Linear,-1,114,1.0,0.0,-1,8.0,,,0.021509465369173725,0.06421790187260241,0.06452839610752117,0.007296712109014208,0.012289091944694519,0.07791209064814218,2.141379328272129,0.0025,,
mismatch,3,LQR,-1,114,1.0,0.0,-1,,,,0.04771445131398496,0.08465992346753673,0.14314335394195488,0.036650135917704045,0.05574071407318115,0.07032656283490156,0.8291935986132837,0.0,,
mismatch,3,SMC,-1,114,1.0,0.0,-1,,16.0,0.5,0.034165922950462425,0.07508568971173145,0.10249776885138727,0.00598306328713618,0.012373998761177063,0.0712036491129135,2.4540623004771587,0.0075,,
mismatch,3,PPO,1024,114,1.0,0.0,-1,,,,0.020093323605201663,0.06267764808428,0.06027997081560498,0.006881097124682533,0.015127062797546387,0.0742257347799596,2.284237382785034,0.005,,
mismatch,3,PPO,123,114,1.0,0.0,-1,,,,0.020218911058565946,0.06248602621843312,0.06065673317569784,0.011506289467905407,0.02740485966205597,0.07148787102829247,2.069992801323443,0.005,,
mismatch,3,PPO,42,114,1.0,0.0,-1,,,,0.019738488589473076,0.06195596716985889,0.059215465768419226,0.00758429235537295,0.01533287763595581,0.06968705178682048,1.595545385103447,0.0,,
mismatch,3,Linear,-1,115,1.0,0.0,-1,8.0,,,0.025389924441430956,0.038186021234732366,0.07616977332429287,0.06657046171618097,0.10821095108985901,0.06239031703952245,1.514998599035841,0.0,,
mismatch,3,LQR,-1,115,1.0,0.0,-1,,,,0.04965481966778834,0.0777101274253503,0.14896445900336502,0.085374338839801,0.1600910723209381,0.07470312422284629,0.7907674297267866,0.0,,
mismatch,3,SMC,-1,115,1.0,0.0,-1,,16.0,0.5,0.05691740718296267,0.07731781608113966,0.170752221548888,0.1236468327726111,0.32064566016197205,0.08098008530693444,2.6097377449781374,0.0075,,
mismatch,3,PPO,1024,115,1.0,0.0,-1,,,,0.021812945748706437,0.03338119047823468,0.0654388372461193,0.05618261333187053,0.0981951653957367,0.07046429461746144,2.5809376838745828,0.0075,,
mismatch,3,PPO,123,115,1.0,0.0,-1,,,,0.01969732297894081,0.032513097861821216,0.059091968936822434,0.051283277921884515,0.09107339382171631,0.07407293682964403,2.736988876057593,0.0075,,
mismatch,3,PPO,42,115,1.0,0.0,-1,,,,0.01828709675784123,0.032420078789174224,0.05486129027352369,0.04749613266185294,0.08838832378387451,0.07101121334883935,2.5665875305113475,0.0075,,
mismatch,3,Linear,-1,116,1.0,0.0,-1,8.0,,,0.10331158632728413,0.2455139685875517,0.3099347589818524,0.15663675171679553,0.1434021284803748,0.15282454790357045,3.1447388605893174,0.0,,
mismatch,3,LQR,-1,116,1.0,0.0,-1,,,,0.09339156306711825,0.20677094684508424,0.28017468920135474,0.13392736463819022,0.115038201212883,0.191903655456492,4.907290733378026,0.0,,
mismatch,3,SMC,-1,116,1.0,0.0,-1,,16.0,0.5,0.17659144107397903,0.3631425622397507,0.5297743232219371,0.17917989332366874,0.36048732697963715,0.22094406567277627,7.552591382459507,0.0175,,
mismatch,3,PPO,1024,116,1.0,0.0,-1,,,,0.09109108767635557,0.2082898581577811,0.2732732630290667,0.14034941151485214,0.12056434201076627,0.17855312768137663,4.42369532103975,0.005,,
mismatch,3,PPO,123,116,1.0,0.0,-1,,,,0.08694600015421919,0.20040656102657198,0.2608380004626576,0.13575867509446393,0.11275588907301426,0.21187538519023252,7.045641881697505,0.015,,
mismatch,3,PPO,42,116,1.0,0.0,-1,,,,0.08626179515263367,0.200739366354491,0.25878538545790103,0.13365797177646999,0.11182647943496704,0.2055142918355447,6.568199841068216,0.015,,
mismatch,3,Linear,-1,117,1.0,0.0,-1,8.0,,,0.03908653243046938,0.16895210274562023,0.11725959729140815,0.012630032056390687,0.004608269780874252,0.09630408332662244,4.648488471628835,0.0125,,
mismatch,3,LQR,-1,117,1.0,0.0,-1,,,,0.061332101647022894,0.18353830755443848,0.18399630494106867,0.08205128364540913,0.014364825561642647,0.09534673108592095,3.5039504125716565,0.005,,
mismatch,3,SMC,-1,117,1.0,0.0,-1,,16.0,0.5,0.045225790468588815,0.1666826567296068,0.13567737140576647,0.048569177783289806,0.010601529851555824,0.11811072420415368,6.237558799564193,0.0175,,
mismatch,3,PPO,1024,117,1.0,0.0,-1,,,,0.04036723664038174,0.1637829784867288,0.12110170992114523,0.013790541518203638,0.006721293553709984,0.12876340475611556,7.583493518722037,0.02,,
mismatch,3,PPO,123,117,1.0,0.0,-1,,,,0.04305117859807816,0.16770564832297188,0.1291535357942345,0.013132760594426482,0.009665262885391712,0.1350534504449037,8.320697746783182,0.025,,
mismatch,3,PPO,42,117,1.0,0.0,-1,,,,0.04115437447919463,0.16527219404663082,0.1234631234375839,0.011912003889633918,0.0036755669862031937,0.1238361919888683,7.368491772569725,0.0225,,
mismatch,3,Linear,-1,118,1.0,0.0,-1,8.0,,,0.045129872473376374,0.0909099044272656,0.13538961742012912,0.04750354394868568,0.018663998693227768,0.08812586733713709,3.417832436405683,0.005,,
mismatch,3,LQR,-1,118,1.0,0.0,-1,,,,0.06264736350426019,0.10319451103792064,0.18794209051278055,0.11114407010537422,0.036947544664144516,0.09181253853388253,3.162223701724133,0.0,,
mismatch,3,SMC,-1,118,1.0,0.0,-1,,16.0,0.5,0.05745945402969942,0.09402923387407155,0.17237836208909824,0.10250671912720542,0.03682168573141098,0.1032994181336053,5.614851439587646,0.015,,
mismatch,3,PPO,1024,118,1.0,0.0,-1,,,,0.035772666725092384,0.0797346264474783,0.10731800017527715,0.027381635779790855,0.018526311963796616,0.09370734202594234,3.910983073790461,0.01,,
mismatch,3,PPO,123,118,1.0,0.0,-1,,,,0.03678975178738584,0.07944206078475827,0.11036925536215751,0.02741841565426669,0.011032596230506897,0.10338055176899635,5.2085066821668065,0.015,,
mismatch,3,PPO,42,118,1.0,0.0,-1,,,,0.036628145688342696,0.07850443615654289,0.10988443706502808,0.02895406841725847,0.01306280866265297,0.10108232908786978,5.088144210804375,0.015,,
mismatch,3,Linear,-1,119,1.0,0.0,-1,8.0,,,0.03923027793600449,0.10960645470417765,0.11769083380801348,0.040330817761980456,0.0037385746836662292,0.11806927719838602,3.8587416642136443,0.005,,
mismatch,3,LQR,-1,119,1.0,0.0,-1,,,,0.04018289574204401,0.1095717250987259,0.12054868722613205,0.040772781103711436,0.019770067185163498,0.12354129704972207,3.7568418339882883,0.0025,,
mismatch,3,SMC,-1,119,1.0,0.0,-1,,16.0,0.5,0.050768983269347215,0.11630844699359037,0.15230694980804166,0.09087547217208294,0.012599103152751923,0.13358818934162026,6.187514398422756,0.0175,,
mismatch,3,PPO,1024,119,1.0,0.0,-1,,,,0.032524047290723605,0.10905614293585107,0.09757214187217082,0.029680890381842115,0.007011588662862778,0.13950115278771988,6.876477867323117,0.02,,
mismatch,3,PPO,123,119,1.0,0.0,-1,,,,0.03256640282880704,0.10632464461253632,0.09769920848642111,0.02516499062264223,0.002411428838968277,0.14982147269738266,7.688220442224327,0.0225,,
mismatch,3,PPO,42,119,1.0,0.0,-1,,,,0.031627275928172126,0.10593143276449035,0.09488182778451638,0.026029543669457422,0.0047530122101306915,0.14380565940627732,7.38960634840892,0.0225,,
mismatch,2,Linear,-1,100,1.5,0.0,-1,8.0,,,3.0673762952455212,4.067529037644366,9.202128885736563,8.491461511747337,8.070526704192162,1.706229665109939,68.79476918357953,0.0025,,
mismatch,2,LQR,-1,100,1.5,0.0,-1,,,,0.138957011429802,0.25824080413917244,0.416871034289406,0.28860676008058184,0.05141155235469341,0.18248940094901328,6.565481470792313,0.0125,,
mismatch,2,SMC,-1,100,1.5,0.0,-1,,16.0,0.5,0.12089170529859346,0.24805464136344021,0.3626751158957804,0.16720125952988496,0.028613755479454994,0.19990066865959438,8.934133085455855,0.0225,,
mismatch,2,PPO,1024,100,1.5,0.0,-1,,,,0.08445901897560158,0.23775863138790354,0.25337705692680473,0.06597494378823925,0.026832761242985725,0.24979650390861635,13.75223660266928,0.0325,,
mismatch,2,PPO,123,100,1.5,0.0,-1,,,,0.0978283656235391,0.2382456873167155,0.2934850968706173,0.10324486967659106,0.028356824070215225,0.23100209247293021,11.311640212318848,0.025,,
mismatch,2,PPO,42,100,1.5,0.0,-1,,,,0.09650697470514889,0.2381313734882112,0.28952092411544667,0.10485231388291275,0.035166800022125244,0.23688468607398042,12.2573850359653,0.03,,
mismatch,2,Linear,-1,101,1.5,0.0,-1,8.0,,,2.4844167420821743,3.3197937426866653,7.453250226246523,5.819156297563035,5.348671227693558,1.5079744689333765,53.37355994603262,0.01,,
mismatch,2,LQR,-1,101,1.5,0.0,-1,,,,0.4147124495759842,0.8379304292297199,1.2441373487279526,0.4027230539991532,0.7430319488048553,0.24762519695630594,9.643489536822292,0.02,,
mismatch,2,SMC,-1,101,1.5,0.0,-1,,16.0,0.5,0.38892798855008925,0.8282454358381133,1.1667839656502677,0.40181764491178373,0.8822884261608124,0.2399516976316713,11.619158904931966,0.0325,,
mismatch,2,PPO,1024,101,1.5,0.0,-1,,,,0.3923270931027687,0.8835607565281529,1.176981279308306,0.1316157740391331,0.12446123361587524,0.5648805381279633,32.94188416673169,0.085,,
mismatch,2,PPO,123,101,1.5,0.0,-1,,,,0.36935179193325324,0.8248307834396762,1.1080553757997598,0.15426483888317039,0.1895597279071808,0.4063614379809682,20.459318628459048,0.0425,,
mismatch,2,PPO,42,101,1.5,0.0,-1,,,,0.3809408441240917,0.8322800884852081,1.1428225323722752,0.20263532218005922,0.21314412355422974,0.43015044368339,21.869390384499063,0.0475,,
mismatch,2,Linear,-1,102,1.5,0.0,-1,8.0,,,2.238377090007785,3.137530352754349,6.715131270023355,8.258648255173071,9.083020016551018,1.3090461123911223,46.983226700087876,0.0125,,
mismatch,2,LQR,-1,102,1.5,0.0,-1,,,,0.3078416464579348,0.4541686198586417,0.9235249393738044,0.8226105362452842,0.2185405045747757,0.18860719161412384,2.899159196968192,0.0,,
mismatch,2,SMC,-1,102,1.5,0.0,-1,,16.0,0.5,0.2792557208784891,0.42851290853374185,0.8377671626354672,0.6893496218332906,0.16619500517845154,0.196155349757671,5.201951590128183,0.0075,,
mismatch,2,PPO,1024,102,1.5,0.0,-1,,,,0.1418379847516158,0.3210784875837356,0.42551395425484734,0.14715799229380525,0.055667392909526825,0.2076755850541027,6.8568182457929,0.0125,,
mismatch,2,PPO,123,102,1.5,0.0,-1,,,,0.17922984619167381,0.33557790692896367,0.5376895385750214,0.25096675128112605,0.09087326377630234,0.20640477422912817,5.685235301496426,0.01,,
mismatch,2,PPO,42,102,1.5,0.0,-1,,,,0.1763851510597732,0.33194536999173097,0.5291554531793196,0.23435473032755616,0.1358645185828209,0.20452898855035442,5.574324801846113,0.01,,
mismatch,2,Linear,-1,103,1.5,0.0,-1,8.0,,,2.3065535348568327,3.0740295854526676,6.919660604570498,5.234150481444818,9.551450222730637,1.2876312274142097,41.40408761311233,0.005,,
mismatch,2,LQR,-1,103,1.5,0.0,-1,,,,0.27718573916124384,0.6082558960322553,0.8315572174837316,0.4680975690300082,0.23869895935058594,0.2602782287271873,9.387134751751557,0.02,,
mismatch,2,SMC,-1,103,1.5,0.0,-1,,16.0,0.5,0.2612362313513967,0.6244022706269909,0.7837086940541901,0.2754993810329908,0.15826666355133057,0.27357650232962055,11.682467740071246,0.03,,
mismatch,2,PPO,1024,103,1.5,0.0,-1,,,,0.2361221221997151,0.6056346999375881,0.7083663665991453,0.1451398773509779,0.08819171786308289,0.457927543344789,24.411731849996976,0.065,,
mismatch,2,PPO,123,103,1.5,0.0,-1,,,,0.23183613069702314,0.5866811349838018,0.6955083920910694,0.21232705416134845,0.11501282453536987,0.3626470200141469,17.167916311972224,0.04,,
mismatch,2,PPO,42,103,1.5,0.0,-1,,,,0.2259090491090549,0.5880562225992406,0.6777271473271647,0.15035066493775373,0.11841028928756714,0.3813309819806841,18.17244958302073,0.0425,,
mismatch,2,Linear,-1,104,1.5,0.0,-1,8.0,,,3.1304921789663043,4.124763207690681,9.391476536898914,7.92883534481128,8.072295278310776,1.7845261671447992,74.8997230163939,0.0075,,
mismatch,2,LQR,-1,104,1.5,0.0,-1,,,,0.22062055741228528,0.6202757851564352,0.6618616722368559,0.07402109911803294,0.04397694580256939,0.25438907374282416,12.013640196795627,0.0275,,
mismatch,2,SMC,-1,104,1.5,0.0,-1,,16.0,0.5,0.24644355335391296,0.6369729752507999,0.7393306600617389,0.12882699892154814,0.027582737617194653,0.27774961051697195,14.976395920799986,0.0375,,
mismatch,2,PPO,1024,104,1.5,0.0,-1,,,,0.24843703104525258,0.6495741468921694,0.7453110931357578,0.09463823393539146,0.02221988420933485,0.4309339186088403,26.608472457347013,0.08,,
mismatch,2,PPO,123,104,1.5,0.0,-1,,,,0.23688503700008126,0.6354601105261739,0.7106551110002437,0.09843068890687492,0.04193092416971922,0.3541147768720427,20.863666639006823,0.05,,
mismatch,2,PPO,42,104,1.5,0.0,-1,,,,0.23705073281370123,0.6367749612981985,0.7111521984411037,0.08491110317638995,0.020530007779598236,0.37611439289929266,22.6210725115853,0.055,,
mismatch,2,Linear,-1,105,1.5,0.0,-1,8.0,,,3.1884339114686697,4.074604994008468,9.565301734406008,10.555687822861437,12.231301218271255,1.657551684135808,59.40424830903496,0.0025,,
mismatch,2,LQR,-1,105,1.5,0.0,-1,,,,0.09965695715598384,0.2721032969409834,0.29897087146795154,0.08780453197750045,0.1507510542869568,0.08842315313877588,1.3067853496421444,0.0,,
mismatch,2,SMC,-1,105,1.5,0.0,-1,,16.0,0.5,0.12842621866645368,0.3034484526337933,0.385278655999361,0.09127201765407751,0.15467619895935059,0.1110312482317266,3.4967328123535006,0.0075,,
mismatch,2,PPO,1024,105,1.5,0.0,-1,,,,0.08482264016978659,0.2340536926811653,0.2544679205093598,0.0876067335958834,0.14172399044036865,0.14623229064400356,6.049059309005916,0.0125,,
mismatch,2,PPO,123,105,1.5,0.0,-1,,,,0.09093256203453068,0.24073938300832173,0.27279768610359206,0.10046078117541325,0.15741342306137085,0.1194156276391926,4.178880278022312,0.0075,,
mismatch,2,PPO,42,105,1.5,0.0,-1,,,,0.08740533319714534,0.23748119561611877,0.26221599959143604,0.08581801917817858,0.14305341243743896,0.14536554047703149,5.553897859559548,0.01,,
mismatch,2,Linear,-1,106,1.5,0.0,-1,8.0,,,2.8648765912064267,3.8008487291151196,8.59462977361928,7.31027358715181,7.566392734646797,1.5310030443932945,56.322263689112816,0.005,,
mismatch,2,LQR,-1,106,1.5,0.0,-1,,,,0.07740690045179498,0.1660845952388644,0.23222070135538492,0.12588741817730076,0.06485911086201668,0.15330176715801408,5.257109495518607,0.01,,
mismatch,2,SMC,-1,106,1.5,0.0,-1,,16.0,0.5,0.08080667858875216,0.17178484258424181,0.24242003576625648,0.0960864123692851,0.01376831904053688,0.17065080372074073,7.841146389147891,0.02,,
mismatch,2,PPO,1024,106,1.5,0.0,-1,,,,0.07321979886181003,0.16348806591808707,0.21965939658543007,0.08445416031014404,0.03727171570062637,0.18684677826124535,7.984463457122539,0.02,,
mismatch,2,PPO,123,106,1.5,0.0,-1,,,,0.07603672340106613,0.16563864334569856,0.22811017020319838,0.10583885999994329,0.06865782663226128,0.18003616539617429,7.791977890404984,0.02,,
mismatch,2,PPO,42,106,1.5,0.0,-1,,,,0.07070236176280235,0.1629749930686227,0.21210708528840705,0.07894932390708062,0.026062405668199062,0.17955119486089954,7.746172232153362,0.02,,
mismatch,2,Linear,-1,107,1.5,0.0,-1,8.0,,,1.7995378339194004,2.3619084782121,5.3986135017582,4.350547752078668,2.588900089263916,1.0152741770197329,23.527600979065014,0.0,,
mismatch,2,LQR,-1,107,1.5,0.0,-1,,,,0.19103615221599193,0.4208125612645454,0.5731084566479758,0.2641486517947029,0.6933530569076538,0.1588445423940833,5.294951214669498,0.01,,
mismatch,2,SMC,-1,107,1.5,0.0,-1,,16.0,0.5,0.2246352334693384,0.4327332359173034,0.6739057004080151,0.35987730174796817,0.7498472332954407,0.1742675112937217,7.059504788888777,0.02,,
mismatch,2,PPO,1024,107,1.5,0.0,-1,,,,0.15283946388076716,0.39038920957240497,0.45851839164230146,0.19236983430146434,0.5057016611099243,0.279225654732854,15.320343199634099,0.0325,,
mismatch,2,PPO,123,107,1.5,0.0,-1,,,,0.17383564026145293,0.3900132970521574,0.5215069207843588,0.2537946773486005,0.6306391358375549,0.2288339803566659,10.828062288717426,0.0275,,
mismatch,2,PPO,42,107,1.5,0.0,-1,,,,0.1623866808401763,0.387359422427514,0.48716004252052886,0.20654523779672604,0.5999293327331543,0.24486397590460326,12.008221850250418,0.0275,,
mismatch,2,Linear,-1,108,1.5,0.0,-1,8.0,,,3.3368890298188276,4.299607678103948,10.010667089456483,12.027040622300571,13.406652092933655,1.694580726938652,62.010289119939046,0.005,,
mismatch,2,LQR,-1,108,1.5,0.0,-1,,,,0.21472570233852917,0.4642922014222895,0.6441771070155875,0.24786672727377326,0.634921133518219,0.1545491028793227,6.834357875631415,0.015,,
mismatch,2,SMC,-1,108,1.5,0.0,-1,,16.0,0.5,0.22488652820081906,0.4722844772670392,0.6746595846024572,0.25258004159471137,0.6554236114025116,0.1705774561464081,8.73902206336752,0.025,,
mismatch,2,PPO,1024,108,1.5,0.0,-1,,,,0.16986781189989233,0.44054333917205807,0.509603435699677,0.15253447380238844,0.24815893173217773,0.25626438681472863,14.487958410259433,0.0375,,
mismatch,2,PPO,123,108,1.5,0.0,-1,,,,0.17459944127427904,0.4293630334563924,0.5237983238228372,0.181497122908448,0.35697269439697266,0.20058156722724588,11.217667321974824,0.03,,
mismatch,2,PPO,42,108,1.5,0.0,-1,,,,0.17580826713758538,0.4301925907313468,0.5274248014127562,0.18021271267422923,0.4024999737739563,0.21899056874048384,11.674899115315242,0.0325,,
mismatch,2,Linear,-1,109,1.5,0.0,-1,8.0,,,3.3055189175628814,4.395924394631889,9.916556752688644,9.344340106311403,7.94109234213829,1.6587065057712898,67.3508986094282,0.01,,
mismatch,2,LQR,-1,109,1.5,0.0,-1,,,,0.26466143417388127,0.6171572995314422,0.7939843025216438,0.38112714516435875,0.16649166122078896,0.28555348819315357,13.006539412464143,0.025,,
mismatch,2,SMC,-1,109,1.5,0.0,-1,,16.0,0.5,0.23719814226166008,0.6169358822580631,0.7115944267849803,0.26669665198359227,0.1309853419661522,0.2984273058057187,16.275281178058773,0.0425,,
mismatch,2,PPO,1024,109,1.5,0.0,-1,,,,0.22079740217534619,0.6398005915714062,0.6623922065260386,0.032333130896505385,0.0092371366918087,0.4514739867160445,29.494798133264478,0.0875,,
mismatch,2,PPO,123,109,1.5,0.0,-1,,,,0.2248388696136766,0.6280941871609313,0.6745166088410298,0.1013828027119607,0.03408974036574364,0.392220363856997,23.48953207520648,0.055,,
mismatch,2,PPO,42,109,1.5,0.0,-1,,,,0.21805498290827138,0.6277577818738709,0.6541649487248141,0.05214812338099251,0.01974819228053093,0.39940915521503684,24.239163164132137,0.0625,,
mismatch,2,Linear,-1,110,1.5,0.0,-1,8.0,,,2.1012229449080855,2.814944476922909,6.303668834724257,5.15554145971934,7.539998635649681,1.3485653126180321,42.020682361614426,0.0,,
mismatch,2,LQR,-1,110,1.5,0.0,-1,,,,0.15921516541015365,0.21364962001531762,0.477645496230461,0.4240743195189646,0.15111390501260757,0.08596013832488678,0.4641837557774311,0.0,,
mismatch,2,SMC,-1,110,1.5,0.0,-1,,16.0,0.5,0.13894853450076117,0.1917331912536644,0.4168456035022835,0.3746018268995815,0.13077585399150848,0.09835343902563082,1.9096827929519222,0.005,,
mismatch,2,PPO,1024,110,1.5,0.0,-1,,,,0.07371964621654126,0.11646895778350005,0.22115893864962377,0.1735595119542178,0.09425555169582367,0.14929644785765697,4.6833785466745175,0.0125,,
mismatch,2,PPO,123,110,1.5,0.0,-1,,,,0.09749612607354498,0.13581386489494435,0.29248837822063495,0.2612411953784801,0.10409098863601685,0.12646816918008644,2.9192744058912066,0.0075,,
mismatch,2,PPO,42,110,1.5,0.0,-1,,,,0.0907170824050061,0.13197195966870723,0.2721512472150183,0.2201197238891949,0.13058581203222275,0.14361392438151593,3.403757637243645,0.0075,,
mismatch,2,Linear,-1,111,1.5,0.0,-1,8.0,,,3.0815487741194634,4.090542672234931,9.24464632235839,7.867284594034707,8.179508939385414,1.5340497433916291,55.74578744064959,0.0,,
mismatch,2,LQR,-1,111,1.5,0.0,-1,,,,0.20606022218013134,0.31951869815887113,0.618180666540394,0.2741600621123741,0.04681745916604996,0.15829970685893174,3.562643237352934,0.0025,,
mismatch,2,SMC,-1,111,1.5,0.0,-1,,16.0,0.5,0.22582453158773105,0.33680873943889633,0.6774735947631931,0.32102538028984895,0.09246279671788216,0.17280021129887868,6.314603037041889,0.0125,,
mismatch,2,PPO,1024,111,1.5,0.0,-1,,,,0.13576679120029161,0.25217322212506016,0.40730037360087484,0.13380008108660946,0.0269889528863132,0.22780253019118843,10.321648812179156,0.02,,
mismatch,2,PPO,123,111,1.5,0.0,-1,,,,0.16610730732562748,0.2694466948956536,0.4983219219768824,0.18682372798269362,0.06085158186033368,0.1966094371869677,7.653016314021325,0.0175,,
mismatch,2,PPO,42,111,1.5,0.0,-1,,,,0.16376466719907457,0.2692601311209421,0.49129400159722364,0.19517007343655016,0.04382631042972207,0.22391707131504418,9.499393172258136,0.0175,,
mismatch,2,Linear,-1,112,1.5,0.0,-1,8.0,,,2.203116669283184,3.3597114798319945,6.609350007849553,8.875919138023884,8.355523139238358,1.2688184702708536,47.3466452819694,0.0125,,
mismatch,2,LQR,-1,112,1.5,0.0,-1,,,,0.10156965920611045,0.14782079760668934,0.3047089776183314,0.3110479505525695,0.06276742368936539,0.13487661031319845,3.8266223397552004,0.0,,
mismatch,2,SMC,-1,112,1.5,0.0,-1,,16.0,0.5,0.07899217624975956,0.12031470656777939,0.23697652874927866,0.23962904678450692,0.09704902023077011,0.1406955696868879,5.859357520935859,0.0175,,
mismatch,2,PPO,1024,112,1.5,0.0,-1,,,,0.0710427450606056,0.11630284797144272,0.21312823518181678,0.16606389405780736,0.030598515644669533,0.1607746919454482,6.68516185090179,0.02,,
mismatch,2,PPO,123,112,1.5,0.0,-1,,,,0.08133030645177697,0.12642472322156278,0.24399091935533093,0.2156708610623523,0.04566387087106705,0.1503217186862394,6.0622516649166265,0.0175,,
mismatch,2,PPO,42,112,1.5,0.0,-1,,,,0.08557029447192364,0.13157692446539612,0.256710883415771,0.2352781112961195,0.029576007276773453,0.17150758774463376,6.795815816763943,0.02,,
mismatch,2,Linear,-1,113,1.5,0.0,-1,8.0,,,2.6070009733233617,3.4983173126583305,7.821002919970085,6.488405509311476,7.099585056304932,1.6144260964786026,59.50287049233389,0.005,,
mismatch,2,LQR,-1,113,1.5,0.0,-1,,,,0.1809931719847525,0.28278134753885104,0.5429795159542575,0.42869742022666296,0.1429809182882309,0.112777833563091,0.7118026257426898,0.0,,
mismatch,2,SMC,-1,113,1.5,0.0,-1,,16.0,0.5,0.16867551206961795,0.2853400311717067,0.5060265362088538,0.34803738495633924,0.055191218852996826,0.12806561898651578,1.8880344261760045,0.0025,,
mismatch,2,PPO,1024,113,1.5,0.0,-1,,,,0.08887925501974765,0.2079431249358005,0.26663776505924297,0.11260864968745062,0.05795828998088837,0.1492876271691703,2.1304771688700166,0.0,,
mismatch,2,PPO,123,113,1.5,0.0,-1,,,,0.11006084073053135,0.22137900669910654,0.33018252219159405,0.16137180475081192,0.057495325803756714,0.13046938307267472,1.7269376117040285,0.0025,,
mismatch,2,PPO,42,113,1.5,0.0,-1,,,,0.1056664618729294,0.21878135813978336,0.3169993856187882,0.17412505290804453,0.06399369239807129,0.1344382879684245,1.778428301493176,0.0025,,
mismatch,2,Linear,-1,114,1.5,0.0,-1,8.0,,,2.822073997147784,3.713403837297978,8.466221991443351,7.690840959364985,6.703111827373505,1.5119520378974904,53.03885422187558,0.0,,
mismatch,2,LQR,-1,114,1.5,0.0,-1,,,,0.2196981454096233,0.3073460228963091,0.6590944362288699,0.27783541953950014,0.2288951575756073,0.13506648368988897,1.8934058155940001,0.0,,
mismatch,2,SMC,-1,114,1.5,0.0,-1,,16.0,0.5,0.2093405634136166,0.3047233494390698,0.6280216902408498,0.19427393116401853,0.15049013495445251,0.13812157585936774,3.791275511235783,0.01,,
mismatch,2,PPO,1024,114,1.5,0.0,-1,,,,0.09462371443828733,0.1608763983012373,0.283871143314862,0.0676178683952233,0.0968133807182312,0.1631986564048508,4.0476408454079476,0.01,,
mismatch,2,PPO,123,114,1.5,0.0,-1,,,,0.11954666232784664,0.18338866258067701,0.3586399869835399,0.11572915608822196,0.08624973893165588,0.15776495184015454,3.886270704201296,0.01,,
mismatch,2,PPO,42,114,1.5,0.0,-1,,,,0.11834330149153627,0.18264831587287692,0.3550299044746088,0.12120423826710953,0.14101526141166687,0.16732679178329773,4.396201243057197,0.01,,
mismatch,2,Linear,-1,115,1.5,0.0,-1,8.0,,,2.7888092471415167,3.770075939620414,8.36642774142455,10.199545174837112,11.902126908302307,1.3854175260536687,45.424356368377055,0.0,,
mismatch,2,LQR,-1,115,1.5,0.0,-1,,,,0.10949513899643944,0.21206499395285106,0.3284854169893183,0.1180343572165311,0.18382355570793152,0.10447308831636856,1.4341508861727963,0.0,,
mismatch,2,SMC,-1,115,1.5,0.0,-1,,16.0,0.5,0.126844272876804,0.20970997269757674,0.38053281863041205,0.18202019078128132,0.33605772256851196,0.12078904518927273,3.757045268950726,0.01,,
mismatch,2,PPO,1024,115,1.5,0.0,-1,,,,0.07264331530923596,0.14002223472568637,0.21792994592770784,0.07593078982016002,0.11642923951148987,0.14565905521709724,4.747331735667539,0.0125,,
mismatch,2,PPO,123,115,1.5,0.0,-1,,,,0.08699472460946872,0.1562448217348714,0.26098417382840616,0.07930925180330689,0.11923405528068542,0.13371595049142243,3.975910515143629,0.01,,
mismatch,2,PPO,42,115,1.5,0.0,-1,,,,0.0907146414371822,0.15887929209789362,0.2721439243115466,0.09901418048244567,0.15944671630859375,0.2170444903918484,7.610174621791223,0.015,,
mismatch,2,Linear,-1,116,1.5,0.0,-1,8.0,,,2.62050407185395,3.5840289018770073,7.861512215561849,5.157198681323616,6.832727208733559,1.433005465087748,48.13894311798664,0.01,,
mismatch,2,LQR,-1,116,1.5,0.0,-1,,,,0.13458268703518905,0.2944469522685945,0.40374806110556716,0.14802393810478626,0.05963148595765233,0.13277529880410713,5.518013435807495,0.0125,,
mismatch,2,SMC,-1,116,1.5,0.0,-1,,16.0,0.5,0.1381113474649793,0.2928797361353345,0.4143340423949379,0.15327701579641412,0.2024735063314438,0.1450707841979687,7.320633423198737,0.0225,,
mismatch,2,PPO,1024,116,1.5,0.0,-1,,,,0.10308812072571036,0.23053079043208252,0.30926436217713105,0.13823349015603278,0.03904511174187064,0.21310495025945125,10.411190149813988,0.0275,,
mismatch,2,PPO,123,116,1.5,0.0,-1,,,,0.10998168283630648,0.23598785355216548,0.3299450485089195,0.14193269546017234,0.044596942607313395,0.17007314915445976,8.336762944778092,0.025,,
mismatch,2,PPO,42,116,1.5,0.0,-1,,,,0.11294044065579512,0.2350773510173613,0.33882132196738535,0.1647060585472687,0.13583621568977833,0.333211912162732,15.708182444948418,0.03,,
mismatch,2,Linear,-1,117,1.5,0.0,-1,8.0,,,3.1794159550154744,4.228908337735935,9.538247865046424,8.193615432874656,8.138268694281578,1.6379467618287056,64.18439606512493,0.0,,
mismatch,2,LQR,-1,117,1.5,0.0,-1,,,,0.2550486808771257,0.5102076878502311,0.765146042631377,0.3760120625389211,0.05931822210550308,0.18940454486246858,6.96991378126058,0.01,,
mismatch,2,SMC,-1,117,1.5,0.0,-1,,16.0,0.5,0.26490391055485873,0.521952647893807,0.7947117316645763,0.3797736634718783,0.06940193101763725,0.20272514869613129,9.84130318359916,0.025,,
mismatch,2,PPO,1024,117,1.5,0.0,-1,,,,0.1882738796413465,0.5034762765741916,0.5648216389240395,0.16899484072317494,0.04074347298592329,0.31329651474209497,19.79639564771225,0.0575,,
mismatch,2,PPO,123,117,1.5,0.0,-1,,,,0.20778206594292994,0.5001670220693999,0.6233461978287899,0.23272083327749077,0.04097958654165268,0.27146816705156146,15.230154583845232,0.035,,
mismatch,2,PPO,42,117,1.5,0.0,-1,,,,0.2104727395774188,0.501996101854242,0.6314182187322565,0.2478466222183434,0.06586756929755211,0.2825919469154238,16.307978009722575,0.0425,,
mismatch,2,Linear,-1,118,1.5,0.0,-1,8.0,,,2.8738436349501164,3.8531262312864114,8.62153090485035,8.311487542442334,8.043901324272156,1.4985098158406498,55.01982679874567,0.0025,,
mismatch,2,LQR,-1,118,1.5,0.0,-1,,,,0.1638179526270266,0.25170178449146413,0.49145385788107976,0.356691861341213,0.05284556746482849,0.13708912383891966,5.394947330070046,0.01,,
mismatch,2,SMC,-1,118,1.5,0.0,-1,,16.0,0.5,0.16973439549542624,0.25561056760964074,0.5092031864862787,0.3715914140144984,0.05533070117235184,0.1534399226520668,8.031134228092037,0.02,,
mismatch,2,PPO,1024,118,1.5,0.0,-1,,,,0.10241638566193141,0.18609051855502678,0.30724915698579425,0.1372940579061339,0.07177586853504181,0.18909945773736497,10.957941539289727,0.0275,,
mismatch,2,PPO,123,118,1.5,0.0,-1,,,,0.13112828324367745,0.20857540330959937,0.3933848497310323,0.21708763701220354,0.11735012754797935,0.1798644784531391,9.292585296226349,0.0225,,
mismatch,2,PPO,42,118,1.5,0.0,-1,,,,0.12447922753831271,0.20364103781959264,0.37343768261493815,0.20661033899235873,0.0881672091782093,0.17882513357999913,9.255081004096763,0.0225,,
mismatch,2,Linear,-1,119,1.5,0.0,-1,8.0,,,3.0266937572828008,4.048881730263357,9.080081271848401,8.579029593616724,8.531540244817734,1.5429109729584911,57.71588884593366,0.005,,
mismatch,2,LQR,-1,119,1.5,0.0,-1,,,,0.21916819880201682,0.32686333992788297,0.6575045964060504,0.6285437807716705,0.1040717251598835,0.24374481334234588,6.908908457323361,0.0125,,
mismatch,2,SMC,-1,119,1.5,0.0,-1,,16.0,0.5,0.15206607946265158,0.24681623123311427,0.4561982383879547,0.4248561890864814,0.06141367182135582,0.2516693030439748,9.663088810489844,0.025,,
mismatch,2,PPO,1024,119,1.5,0.0,-1,,,,0.08131659296453495,0.17949318861508487,0.24394977889360484,0.08120159425968189,0.01586798205971718,0.28058220988645816,11.538781224337948,0.0275,,
mismatch,2,PPO,123,119,1.5,0.0,-1,,,,0.10365631343473247,0.19393524424924444,0.3109689403041974,0.158720993252908,0.029709722846746445,0.271208693187433,9.987729057714564,0.0225,,
mismatch,2,PPO,42,119,1.5,0.0,-1,,,,0.09918736129478921,0.1889984979556367,0.2975620838843676,0.12850865711929438,0.02902660146355629,0.281442255013973,11.075203256820542,0.0275,,
mismatch,3,Linear,-1,100,1.5,0.0,-1,8.0,,,0.07224005008277391,0.11535345304385901,0.21672015024832172,0.12771256299643421,0.06617109477519989,0.144054776591776,3.908811251414841,0.0075,,
mismatch,3,LQR,-1,100,1.5,0.0,-1,,,,0.0699140621323668,0.10708765362863236,0.2097421863971004,0.11956182941449461,0.05655724182724953,0.15408589965065805,3.5838508932158164,0.0,,
mismatch,3,SMC,-1,100,1.5,0.0,-1,,16.0,0.5,0.09439755863171762,0.12292082388830153,0.28319267589515285,0.2853141924665298,0.1343560479581356,0.1711594734286908,5.988345111782267,0.0175,,
mismatch,3,PPO,1024,100,1.5,0.0,-1,,,,0.07052740117272553,0.11744046068790864,0.21158220351817658,0.10615349439961583,0.057373831048607826,0.16713492005617542,6.368256065589355,0.0175,,
mismatch,3,PPO,123,100,1.5,0.0,-1,,,,0.06643650660729493,0.10290492368188468,0.19930951982188477,0.09644882646561773,0.041406068950891495,0.16622277345691813,5.5456319712499065,0.015,,
mismatch,3,PPO,42,100,1.5,0.0,-1,,,,0.06475362224591058,0.10007737836925448,0.19426086673773174,0.09639882295173996,0.041595811024308205,0.16351172019567276,5.288369243541336,0.015,,
mismatch,3,Linear,-1,101,1.5,0.0,-1,8.0,,,0.07985751251190752,0.19158355088822554,0.23957253753572255,0.05141592090144569,0.050202369689941406,0.1673928625751612,5.829018468666682,0.0,,
mismatch,3,LQR,-1,101,1.5,0.0,-1,,,,0.13577830634627208,0.22035154171201493,0.4073349190388163,0.2299199077634164,0.3625560998916626,0.18482610227411236,6.660014779887465,0.0075,,
mismatch,3,SMC,-1,101,1.5,0.0,-1,,16.0,0.5,0.16325949544918508,0.26929099376074883,0.4897784863475552,0.20457438655473567,0.42304766178131104,0.18280186305892945,8.520977915082435,0.025,,
mismatch,3,PPO,1024,101,1.5,0.0,-1,,,,0.07170199150651545,0.19118674309115785,0.21510597451954633,0.04244182571584796,0.053589463233947754,0.2055310181102848,11.301116464253624,0.0325,,
mismatch,3,PPO,123,101,1.5,0.0,-1,,,,0.060995032306348694,0.16666722167599157,0.18298509691904608,0.0589858509692145,0.06269755959510803,0.17967149550257774,8.359156164233779,0.02,,
mismatch,3,PPO,42,101,1.5,0.0,-1,,,,0.05957537587749109,0.16584345577858398,0.17872612763247325,0.053962334162659116,0.0600358247756958,0.17005271146868234,7.600713359312599,0.02,,
mismatch,3,Linear,-1,102,1.5,0.0,-1,8.0,,,0.08140130512550293,0.1806227357101269,0.24420391537650882,0.09481935195026943,0.0324925035238266,0.18131547819293498,6.154250790293733,0.0125,,
mismatch,3,LQR,-1,102,1.5,0.0,-1,,,,0.1354679102201947,0.25528462501034116,0.40640373066058405,0.16892759621511272,0.07205478847026825,0.13972549584007327,1.881715306345857,0.0,,
mismatch,3,SMC,-1,102,1.5,0.0,-1,,16.0,0.5,0.12431259649315678,0.25174573606048867,0.3729377894794703,0.08585553581791895,0.03983733803033829,0.16680226966576597,4.810812722097495,0.0075,,
mismatch,3,PPO,1024,102,1.5,0.0,-1,,,,0.06975319147061987,0.17372411021724027,0.2092595744118596,0.06182090969135364,0.022739969193935394,0.21424200610626962,10.937498171248082,0.03,,
mismatch,3,PPO,123,102,1.5,0.0,-1,,,,0.06406324058169219,0.16345921106474257,0.19218972174507656,0.05873126660784086,0.0186455175280571,0.1931286461789514,8.55906965813517,0.0225,,
mismatch,3,PPO,42,102,1.5,0.0,-1,,,,0.06343117854612124,0.16328462855665252,0.19029353563836368,0.0601312365428901,0.019239984452724457,0.1817199870052183,7.240819477890452,0.0175,,
mismatch,3,Linear,-1,103,1.5,0.0,-1,8.0,,,0.071021190202692,0.15801393339414677,0.21306357060807601,0.12400018023671927,0.07345163822174072,0.19300741332576163,5.918487164489154,0.015,,
mismatch,3,LQR,-1,103,1.5,0.0,-1,,,,0.06424766105924078,0.15003931005220564,0.19274298317772232,0.10705007279268754,0.07697716355323792,0.20085235247942979,5.931742438348083,0.01,,
mismatch,3,SMC,-1,103,1.5,0.0,-1,,16.0,0.5,0.11147915665640906,0.17360559850252463,0.3344374699692272,0.39674215524652856,0.09625956416130066,0.21992920894326584,8.29038863709305,0.0225,,
mismatch,3,PPO,1024,103,1.5,0.0,-1,,,,0.06263337726840255,0.14247405166795205,0.18790013180520768,0.1131957883797126,0.06080657243728638,0.19984414053156488,7.5329306526993625,0.0225,,
mismatch,3,PPO,123,103,1.5,0.0,-1,,,,0.05925448917329361,0.1413091688773738,0.17776346751988084,0.09385959282057521,0.04698649048805237,0.2236038383103424,9.644588007522797,0.0275,,
mismatch,3,PPO,42,103,1.5,0.0,-1,,,,0.058074352834280814,0.14097683791022483,0.17422305850284245,0.09144981847041184,0.045884400606155396,0.2115427379930703,8.598461718561136,0.025,,
mismatch,3,Linear,-1,104,1.5,0.0,-1,8.0,,,0.12109371624284689,0.23008519532412694,0.3632811487285406,0.13185226892546556,0.0756822475232184,0.18440472657915363,6.621321713185484,0.015,,
mismatch,3,LQR,-1,104,1.5,0.0,-1,,,,0.13104734024735895,0.22348071146668694,0.3931420207420768,0.163898017136725,0.05021487548947334,0.21009119580661095,7.769756242241154,0.015,,
mismatch,3,SMC,-1,104,1.5,0.0,-1,,16.0,0.5,0.16008557185704075,0.23799635746859685,0.48025671557112226,0.34229489471073504,0.15191850811243057,0.22316252909758375,10.165603062028964,0.03,,
mismatch,3,PPO,1024,104,1.5,0.0,-1,,,,0.12104632888579198,0.23655366862081323,0.36313898665737593,0.1133430356355269,0.06489403685554862,0.19950516434604687,9.171110527640655,0.0275,,
mismatch,3,PPO,123,104,1.5,0.0,-1,,,,0.1159116501292076,0.214024402298186,0.3477349503876228,0.10273088458465574,0.04597331862896681,0.2189812066522369,10.258764599393295,0.03,,
mismatch,3,PPO,42,104,1.5,0.0,-1,,,,0.11547416160138617,0.21295921416149854,0.3464224848041585,0.1031593287386644,0.04651010222733021,0.21652741128221117,10.086842665519455,0.03,,
mismatch,3,Linear,-1,105,1.5,0.0,-1,8.0,,,0.04256911558220635,0.09387187756353736,0.12770734674661904,0.0848147295139454,0.15875208377838135,0.11263636355648314,3.2574867679102493,0.005,,
mismatch,3,LQR,-1,105,1.5,0.0,-1,,,,0.07084735137691485,0.15353873845946378,0.21254205413074453,0.07597286116193842,0.14731329679489136,0.09991347797370592,1.0700788660707112,0.0,,
mismatch,3,SMC,-1,105,1.5,0.0,-1,,16.0,0.5,0.12192357134334093,0.22661001472474923,0.36577071403002276,0.1040460803994426,0.21362847089767456,0.14600291103033441,3.6480314243797936,0.005,,
mismatch,3,PPO,1024,105,1.5,0.0,-1,,,,0.03767833822768364,0.08720993220129683,0.11303501468305092,0.07005340192053053,0.11184293031692505,0.13558771388786392,5.6859120757065735,0.0125,,
mismatch,3,PPO,123,105,1.5,0.0,-1,,,,0.03474881048047186,0.08573334605672107,0.10424643144141557,0.06469805741015776,0.10801023244857788,0.13882501390437477,6.046756659410622,0.015,,
mismatch,3,PPO,42,105,1.5,0.0,-1,,,,0.035134455271557605,0.086825944526671,0.10540336581467281,0.06645401447643469,0.10968738794326782,0.12982523623398712,4.83806358610159,0.01,,
mismatch,3,Linear,-1,106,1.5,0.0,-1,8.0,,,0.04918541804744521,0.12515416706035684,0.1475562541423356,0.03915566779431646,0.03392242360860109,0.1041750954464078,2.8750020946570536,0.0,,
mismatch,3,LQR,-1,106,1.5,0.0,-1,,,,0.05285074466650536,0.1264820266240808,0.15855223399951607,0.049619411515003,0.02241567336022854,0.10424897698016719,2.685081938764542,0.0,,
mismatch,3,SMC,-1,106,1.5,0.0,-1,,16.0,0.5,0.0693725010315119,0.1411747377708731,0.20811750309453567,0.07763566610828777,0.021549824625253677,0.11013790788172882,4.932260155262408,0.015,,
mismatch,3,PPO,1024,106,1.5,0.0,-1,,,,0.04176902342678674,0.12471946231590936,0.12530707028036023,0.029355136990938106,0.027764933183789253,0.15161697295241225,7.9893226070395915,0.0225,,
mismatch,3,PPO,123,106,1.5,0.0,-1,,,,0.04121777623294174,0.126789787688089,0.12365332869882521,0.02781861057551003,0.020542697980999947,0.16694385777030168,9.007846204437719,0.025,,
mismatch,3,PPO,42,106,1.5,0.0,-1,,,,0.03721375191500619,0.11192473573171696,0.11164125574501858,0.028152457507396186,0.02224850095808506,0.1312487967628196,5.8847544741280355,0.015,,
mismatch,3,Linear,-1,107,1.5,0.0,-1,8.0,,,0.10818473758727176,0.21720149988233092,0.3245542127618153,0.15651014727758772,0.14768129587173462,0.17244099871141655,4.681908129060578,0.01,,
mismatch,3,LQR,-1,107,1.5,0.0,-1,,,,0.12054728219093613,0.2195133590861127,0.3616418465728084,0.24390217441099662,0.48911696672439575,0.1940711313193123,4.156661943882984,0.005,,
mismatch,3,SMC,-1,107,1.5,0.0,-1,,16.0,0.5,0.18803898263443958,0.2583094539882815,0.5641169479033188,0.534132476206179,0.6398701071739197,0.2129526888420242,6.32350432386459,0.0175,,
mismatch,3,PPO,1024,107,1.5,0.0,-1,,,,0.09140089355681652,0.1939513882284672,0.27420268067044956,0.1492521297416569,0.1715604066848755,0.2158507341681573,8.115623620548897,0.02,,
mismatch,3,PPO,123,107,1.5,0.0,-1,,,,0.08154215539417733,0.18778692209551023,0.244626466182532,0.1400782361994555,0.14777374267578125,0.23046850030684374,9.332088103340473,0.0225,,
mismatch,3,PPO,42,107,1.5,0.0,-1,,,,0.08027950616620004,0.1878718755965921,0.24083851849860013,0.13779060947306362,0.14609599113464355,0.23085550333087582,9.486558023117512,0.025,,
mismatch,3,Linear,-1,108,1.5,0.0,-1,8.0,,,0.11078973045047753,0.20202100811778387,0.3323691913514326,0.17039667479233978,0.23232495784759521,0.19781997008365287,6.306752665356697,0.0125,,
mismatch,3,LQR,-1,108,1.5,0.0,-1,,,,0.09492548344872044,0.1813896190216758,0.2847764503461613,0.19854996010753106,0.39695507287979126,0.17692829431220425,6.056132021948165,0.0075,,
mismatch,3,SMC,-1,108,1.5,0.0,-1,,16.0,0.5,0.11506370633510767,0.2027909056632036,0.34519111900532296,0.2020527447723312,0.3927691578865051,0.1648073238541286,7.817660575736757,0.0225,,
mismatch,3,PPO,1024,108,1.5,0.0,-1,,,,0.0868161527179832,0.1681130839395373,0.26044845815394957,0.12364000353364298,0.10139375925064087,0.21655917385049592,8.508327903959948,0.0225,,
mismatch,3,PPO,123,108,1.5,0.0,-1,,,,0.07416406551070963,0.15625389554471517,0.2224921965321289,0.10992287297123744,0.09736448526382446,0.2238295105427615,9.760205982797878,0.025,,
mismatch,3,PPO,42,108,1.5,0.0,-1,,,,0.0742489073382178,0.15652729663090953,0.22274672201465343,0.11439924756133998,0.10020333528518677,0.21905472540201393,9.483515708089389,0.025,,
mismatch,3,Linear,-1,109,1.5,0.0,-1,8.0,,,0.0918716078251368,0.2417657936116446,0.2756148234754104,0.07760456072764448,0.036958958953619,0.174872375100368,5.58219265769291,0.0,,
mismatch,3,LQR,-1,109,1.5,0.0,-1,,,,0.08606658101678731,0.21433938653367127,0.2581997430503619,0.0717831510550308,0.03286987170577049,0.19264918576629583,7.187228610257122,0.01,,
mismatch,3,SMC,-1,109,1.5,0.0,-1,,16.0,0.5,0.0961419645207605,0.219515250014787,0.28842589356228154,0.13617396968658324,0.06872771307826042,0.20976248932992916,9.944318452318786,0.0275,,
mismatch,3,PPO,1024,109,1.5,0.0,-1,,,,0.07996347094851168,0.21896139813259133,0.23989041284553503,0.06075542505807531,0.02525094896554947,0.18213942050562237,6.696246127133552,0.0125,,
mismatch,3,PPO,123,109,1.5,0.0,-1,,,,0.08166215985495495,0.21214373300688638,0.24498647956486486,0.05741452772377266,0.022022869437932968,0.20683941585964005,9.5596546451941,0.025,,
mismatch,3,PPO,42,109,1.5,0.0,-1,,,,0.08090506507283508,0.21116738542233066,0.24271519521850526,0.05810403417404971,0.021582070738077164,0.19829446591083844,8.794393517534921,0.0225,,
mismatch,3,Linear,-1,110,1.5,0.0,-1,8.0,,,0.03584386915892072,0.07014090528939791,0.10753160747676214,0.10008749363794463,0.07061511278152466,0.11117948673925644,1.1894208011018748,0.0,,
mismatch,3,LQR,-1,110,1.5,0.0,-1,,,,0.0425342056162482,0.08557908005557044,0.12760261684874458,0.10135457946424499,0.08109230548143387,0.10157250954236538,0.46759488856573406,0.0,,
mismatch,3,SMC,-1,110,1.5,0.0,-1,,16.0,0.5,0.06887758310717017,0.09853119526191613,0.20663274932151052,0.2691682695330661,0.23358360677957535,0.1386050796355446,2.1884534053490934,0.005,,
mismatch,3,PPO,1024,110,1.5,0.0,-1,,,,0.029079930430258055,0.06060134459083878,0.08723979129077417,0.07662084652685824,0.07221932709217072,0.14627244152556038,3.6710399385983914,0.0075,,
mismatch,3,PPO,123,110,1.5,0.0,-1,,,,0.027166584120708784,0.06218790182153237,0.08149975236212635,0.06959432339364732,0.053877826780080795,0.15735392798808986,4.489340845493666,0.0125,,
mismatch,3,PPO,42,110,1.5,0.0,-1,,,,0.026169458102645447,0.06142392369415107,0.07850837430793633,0.06570187249554345,0.054964687675237656,0.149610186148983,3.852218796363485,0.0075,,
mismatch,3,Linear,-1,111,1.5,0.0,-1,8.0,,,0.04271897621834472,0.06299224237496184,0.12815692865503417,0.06490041394028123,0.008846906013786793,0.10086746354520024,2.5958960657327896,0.005,,
mismatch,3,LQR,-1,111,1.5,0.0,-1,,,,0.08949291228656583,0.12657630783549445,0.26847873685969753,0.10416425364436926,0.012051202356815338,0.10970721614867579,1.6058234217059564,0.0,,
mismatch,3,SMC,-1,111,1.5,0.0,-1,,16.0,0.5,0.07942315405900478,0.10480878873027179,0.23826946217701434,0.17305186003975478,0.01786946691572666,0.111551382438507,3.4067251502102978,0.01,,
mismatch,3,PPO,1024,111,1.5,0.0,-1,,,,0.03757615748240132,0.05798215893648223,0.11272847244720395,0.046526211630093094,0.007959126494824886,0.11227840946945467,3.865270264053388,0.01,,
mismatch,3,PPO,123,111,1.5,0.0,-1,,,,0.03657957798443697,0.055574044798733575,0.10973873395331092,0.04132496383627532,0.007563022896647453,0.11795543282794443,4.189522859750719,0.0125,,
mismatch,3,PPO,42,111,1.5,0.0,-1,,,,0.03598916652230724,0.05518967245591774,0.10796749956692171,0.04160710477074723,0.007536976598203182,0.1195172532519646,4.347831148376147,0.01,,
mismatch,3,Linear,-1,112,1.5,0.0,-1,8.0,,,0.06788468417318279,0.17998392543018216,0.20365405251954838,0.04728646349322833,0.0024498924612998962,0.13726538354693504,1.9696642318519606,0.0,,
mismatch,3,LQR,-1,112,1.5,0.0,-1,,,,0.08001031869587334,0.18691887968651605,0.24003095608762004,0.051776043518825816,0.016635417938232422,0.14249984162207577,2.318945121962683,0.0,,
mismatch,3,SMC,-1,112,1.5,0.0,-1,,16.0,0.5,0.10589248046522041,0.21083909011140545,0.31767744139566123,0.12780911263860303,0.014038482680916786,0.16497897993723287,5.058080411255501,0.01,,
mismatch,3,PPO,1024,112,1.5,0.0,-1,,,,0.06407745593403182,0.18093470366784317,0.19223236780209546,0.03487360606222977,0.005726214498281479,0.1628518082443021,4.6701842831409435,0.0075,,
mismatch,3,PPO,123,112,1.5,0.0,-1,,,,0.06463352142711629,0.17862294576325663,0.19390056428134889,0.030867940582403983,0.0035319775342941284,0.13900587838921147,2.4336242368549295,0.0,,
mismatch,3,PPO,42,112,1.5,0.0,-1,,,,0.0647273002312761,0.17832763638195354,0.1941819006938283,0.033071352542596466,0.005030732601881027,0.13844883134426025,2.3177582799005085,0.0,,
mismatch,3,Linear,-1,113,1.5,0.0,-1,8.0,,,0.06985933532557471,0.13976525566908468,0.20957800597672413,0.09102361763678031,0.05180414021015167,0.1513828845820076,3.0057146383400184,0.005,,
mismatch,3,LQR,-1,113,1.5,0.0,-1,,,,0.08747354602512415,0.1755692480909575,0.26242063807537247,0.09626710036033649,0.052953675389289856,0.14201142908709166,0.9043317740354034,0.0,,
mismatch,3,SMC,-1,113,1.5,0.0,-1,,16.0,0.5,0.15843730264576344,0.266029237313522,0.4753119079372904,0.2761487538385906,0.026995867490768433,0.19789802458841935,2.5968070734358495,0.0025,,
mismatch,3,PPO,1024,113,1.5,0.0,-1,,,,0.061235220827617474,0.12723316353070238,0.18370566248285242,0.07650192505047645,0.043572038412094116,0.17882296723543556,4.688175014654187,0.01,,
mismatch,3,PPO,123,113,1.5,0.0,-1,,,,0.05735456976336632,0.12426442381626669,0.17206370929009895,0.06876146626647239,0.03919878602027893,0.16527426154166924,2.7449915912118628,0.0025,,
mismatch,3,PPO,42,113,1.5,0.0,-1,,,,0.057464019454247686,0.12497255121200206,0.17239205836274304,0.06982182741257144,0.0407881885766983,0.16409836007175302,2.6354962118148246,0.005,,
mismatch,3,Linear,-1,114,1.5,0.0,-1,8.0,,,0.023597445166518825,0.06440581462065434,0.07079233549955646,0.011019015612862544,0.018549665808677673,0.09638979456426942,2.178502461449455,0.0025,,
mismatch,3,LQR,-1,114,1.5,0.0,-1,,,,0.057021828537074506,0.0893463606722617,0.17106548561122353,0.056374258603210804,0.08490264415740967,0.08846731999445619,0.8677624369483873,0.0,,
mismatch,3,SMC,-1,114,1.5,0.0,-1,,16.0,0.5,0.03614353871163436,0.07486209676752265,0.10843061613490308,0.00906049321624048,0.018600642681121826,0.08812618940658437,2.493455488893619,0.0075,,
mismatch,3,PPO,1024,114,1.5,0.0,-1,,,,0.021606493809013468,0.06255244962591651,0.0648194814270404,0.008898134395066235,0.022042497992515564,0.09185749266361655,2.302386548173162,0.005,,
mismatch,3,PPO,123,114,1.5,0.0,-1,,,,0.020939101954900403,0.06241071641066011,0.0628173058647012,0.012689540703079583,0.030507072806358337,0.08811996543217925,2.0766426901810595,0.005,,
mismatch,3,PPO,42,114,1.5,0.0,-1,,,,0.02086415284074044,0.06187964420505006,0.06259245852222133,0.008766944244228027,0.01857750117778778,0.08631654367073813,1.6157233506093789,0.0,,
mismatch,3,Linear,-1,115,1.5,0.0,-1,8.0,,,0.03652878696290917,0.050175247309463634,0.10958636088872752,0.10155016194201177,0.16404175758361816,0.07972213695582904,1.559204369682929,0.0,,
mismatch,3,LQR,-1,115,1.5,0.0,-1,,,,0.06629216204864202,0.0949768166052139,0.1988764861459261,0.12565621685374667,0.23372381925582886,0.09521889953951419,0.861675762508072,0.0,,
mismatch,3,SMC,-1,115,1.5,0.0,-1,,16.0,0.5,0.08297668595303621,0.11177143188755215,0.24893005785910863,0.18497692162377966,0.4770106375217438,0.10240915006632217,2.6890282703401422,0.0075,,
mismatch,3,PPO,1024,115,1.5,0.0,-1,,,,0.0318259683755828,0.04468331781489292,0.09547790512674839,0.08622702873415417,0.14784035086631775,0.08742450463801547,2.625064170085736,0.0075,,
mismatch,3,PPO,123,115,1.5,0.0,-1,,,,0.02784426515288682,0.04323501807944557,0.08353279545866046,0.0754246128562056,0.13610312342643738,0.09181870429305142,2.789695778784094,0.0075,,
mismatch,3,PPO,42,115,1.5,0.0,-1,,,,0.026484241403704346,0.043427574588822834,0.07945272421111305,0.07152107961613823,0.13298627734184265,0.08864481675617415,2.6151251004235014,0.0075,,
mismatch,3,Linear,-1,116,1.5,0.0,-1,8.0,,,0.11869936218719035,0.2605084081436896,0.35609808656157105,0.2365327436522937,0.21673952415585518,0.1609186754002238,3.1607221120162077,0.0,,
mismatch,3,LQR,-1,116,1.5,0.0,-1,,,,0.10748589134245572,0.21549589443388234,0.32245767402736714,0.20036761929499514,0.16687479242682457,0.20743923587264604,5.00519807531462,0.0,,
mismatch,3,SMC,-1,116,1.5,0.0,-1,,16.0,0.5,0.19624537888895766,0.37337744190757505,0.588736136666873,0.2727121738372026,0.5446868687868118,0.24070818253683665,7.670247099221354,0.0175,,
mismatch,3,PPO,1024,116,1.5,0.0,-1,,,,0.10489006560328336,0.21777169587801365,0.31467019680985003,0.2112229361060869,0.18155051534995437,0.191527059510759,4.513669717298526,0.005,,
mismatch,3,PPO,123,116,1.5,0.0,-1,,,,0.09967932241753205,0.20831440705413953,0.2990379672525961,0.2023394217737663,0.16956853494048119,0.22884283193788885,7.297219162303508,0.015,,
mismatch,3,PPO,42,116,1.5,0.0,-1,,,,0.09902087906867123,0.20860492279833154,0.2970626372060137,0.20015088756235294,0.1682109422981739,0.2219011852438759,6.733664242434067,0.015,,
mismatch,3,Linear,-1,117,1.5,0.0,-1,8.0,,,0.041121073865741244,0.16829232767751484,0.12336322159722372,0.01886568649062588,0.006934314966201782,0.11075232103188287,4.672996216412458,0.0125,,
mismatch,3,LQR,-1,117,1.5,0.0,-1,,,,0.07392936788483098,0.18692873593971196,0.22178810365449295,0.12072593473863823,0.02130763605237007,0.11091988422614528,3.5329605982731347,0.005,,
mismatch,3,SMC,-1,117,1.5,0.0,-1,,16.0,0.5,0.05108801691141831,0.1670101803393451,0.15326405073425492,0.07242382053331828,0.015809549018740654,0.13293657701257403,6.2454033986860225,0.015,,
mismatch,3,PPO,1024,117,1.5,0.0,-1,,,,0.04143428302126923,0.16305584869697953,0.1243028490638077,0.018702950929349035,0.008344372734427452,0.14276003046077385,7.597955653654535,0.02,,
mismatch,3,PPO,123,117,1.5,0.0,-1,,,,0.04399658927147401,0.1668292178265,0.13198976781442204,0.01748778156499252,0.010552475228905678,0.1478465671152889,8.323535591241166,0.025,,
mismatch,3,PPO,42,117,1.5,0.0,-1,,,,0.042181190298576025,0.16443577125361816,0.12654357089572807,0.016350589801821813,0.004654735326766968,0.1380939983165918,7.388770157918626,0.0225,,
mismatch,3,Linear,-1,118,1.5,0.0,-1,8.0,,,0.057407780365394435,0.10461503197120188,0.1722233410961833,0.0704091507366594,0.027534138411283493,0.09541391460526912,3.4330438501746636,0.005,,
mismatch,3,LQR,-1,118,1.5,0.0,-1,,,,0.08393819791017873,0.12801793184398974,0.25181459373053616,0.16062869286785522,0.05333786644041538,0.09896807288894711,3.164062856437992,0.0,,
mismatch,3,SMC,-1,118,1.5,0.0,-1,,16.0,0.5,0.07634520926899861,0.1151194042365548,0.22903562780699582,0.15039688889454636,0.0542709045112133,0.10956140293893711,5.585048278750691,0.015,,
mismatch,3,PPO,1024,118,1.5,0.0,-1,,,,0.04356097483543752,0.0860851518524584,0.13068292450631255,0.041437296119208135,0.025787070393562317,0.10264165673469962,3.9789515155012043,0.01,,
mismatch,3,PPO,123,118,1.5,0.0,-1,,,,0.04434099708275803,0.08524197496009846,0.13302299124827408,0.0415893705205325,0.015555471181869507,0.11289883209938216,5.285967303282828,0.015,,
mismatch,3,PPO,42,118,1.5,0.0,-1,,,,0.04456514510185189,0.08458555424021995,0.13369543530555567,0.04376094193301267,0.017883900552988052,0.11003055482954159,5.137007600080155,0.015,,
mismatch,3,Linear,-1,119,1.5,0.0,-1,8.0,,,0.0497016445915536,0.11532548200843089,0.1491049337746608,0.06080864892157232,0.005717471241950989,0.14001893621876352,3.8925949396302877,0.005,,
mismatch,3,LQR,-1,119,1.5,0.0,-1,,,,0.04888285807173634,0.11383868867131107,0.14664857421520902,0.0613372635130805,0.029775217175483704,0.14483883339965717,3.7804734775308577,0.0025,,
mismatch,3,SMC,-1,119,1.5,0.0,-1,,16.0,0.5,0.06321869079210948,0.12239689366401345,0.18965607237632845,0.13437819841927218,0.018960893154144287,0.15361204999020006,6.141123270312003,0.0175,,
mismatch,3,PPO,1024,119,1.5,0.0,-1,,,,0.03903947156932939,0.11113606019195856,0.11711841470798817,0.042772546554283225,0.007318858057260513,0.16072849195422675,6.924591743982345,0.02,,
mismatch,3,PPO,123,119,1.5,0.0,-1,,,,0.03891290040243129,0.10797002145127997,0.11673870120729388,0.037022939773943324,0.00266086682677269,0.17031620340212772,7.624633998556501,0.0225,,
mismatch,3,PPO,42,119,1.5,0.0,-1,,,,0.03804154301771363,0.1075970784328244,0.11412462905314089,0.03795727836198093,0.005667820572853088,0.1649726864572921,7.405893658313689,0.0225,,
mismatch,2,Linear,-1,100,2.0,0.0,-1,8.0,,,3.053405921276061,4.044943774394641,9.160217763828184,8.44322020597296,8.016891866922379,1.7254419156961014,70.12721871396047,0.0025,,
mismatch,2,LQR,-1,100,2.0,0.0,-1,,,,0.16447942878304672,0.2807124474423188,0.4934382863491402,0.3726515380412708,0.06458660215139389,0.20005862927049783,6.596449297039782,0.0125,,
mismatch,2,SMC,-1,100,2.0,0.0,-1,,16.0,0.5,0.1373566811600838,0.26055696071721596,0.41207004348025134,0.21720903247226903,0.036580467596650124,0.2184893839894312,9.002263142290781,0.0225,,
mismatch,2,PPO,1024,100,2.0,0.0,-1,,,,0.0912359211476193,0.23960422459748434,0.2737077634428579,0.07801068038392214,0.03258253075182438,0.26880424956505433,13.91836690771286,0.035,,
mismatch,2,PPO,123,100,2.0,0.0,-1,,,,0.10738323772549072,0.24247293044723423,0.3221497131764722,0.12280203537141651,0.03046824410557747,0.24859987061814476,11.252089687696746,0.025,,
mismatch,2,PPO,42,100,2.0,0.0,-1,,,,0.10460700982785222,0.24179310135435256,0.31382102948355667,0.11892387532502596,0.04379919357597828,0.25765671249376865,12.334270409683759,0.03,,
mismatch,2,Linear,-1,101,2.0,0.0,-1,8.0,,,2.5151681705522764,3.3517112547493486,7.545504511656829,5.917765615898886,5.458649545907974,1.5386848246813416,55.22551413182166,0.01,,
mismatch,2,LQR,-1,101,2.0,0.0,-1,,,,0.503728141792967,0.927616454771544,1.511184425378901,0.5672738480347174,1.0845954716205597,0.274943182418785,9.945440359062657,0.02,,
mismatch,2,SMC,-1,101,2.0,0.0,-1,,16.0,0.5,0.4624441296654945,0.9108517423816792,1.3873323889964835,0.5432904904455315,1.229690045118332,0.26123958416112936,11.904153365604774,0.0325,,
mismatch,2,PPO,1024,101,2.0,0.0,-1,,,,0.48025440728850816,0.9870629449606207,1.4407632218655246,0.19432899309897128,0.19366338849067688,0.6654107239180966,37.40585021633169,0.0925,,
mismatch,2,PPO,123,101,2.0,0.0,-1,,,,0.4457983377204584,0.9097883383504622,1.3373950131613752,0.24661574475927117,0.31910040974617004,0.4629849454857167,22.087261211649988,0.045,,
mismatch,2,PPO,42,101,2.0,0.0,-1,,,,0.45931972874094695,0.9198867469272245,1.3779591862228409,0.29351776792311374,0.3358220160007477,0.49221133812332984,23.635535345476427,0.0475,,
mismatch,2,Linear,-1,102,2.0,0.0,-1,8.0,,,2.2870042477722774,3.1934414246972462,6.861012743316833,8.410633454536214,9.219468459486961,1.3179775026076452,47.44290102482385,0.0125,,
mismatch,2,LQR,-1,102,2.0,0.0,-1,,,,0.40733837541920487,0.5713149433899548,1.2220151262576147,1.2160820852919125,0.32814502716064453,0.23012957874943324,3.274106939677722,0.0,,
mismatch,2,SMC,-1,102,2.0,0.0,-1,,16.0,0.5,0.35628342637536753,0.5194038405440506,1.0688502791261025,0.9941111711992158,0.29809563234448433,0.232355346464833,5.590814927319914,0.0075,,
mismatch,2,PPO,1024,102,2.0,0.0,-1,,,,0.17809088721620547,0.3445570781071165,0.5342726616486164,0.2169918265009736,0.08901526778936386,0.24994694880044965,7.305267228396295,0.0125,,
mismatch,2,PPO,123,102,2.0,0.0,-1,,,,0.23511535792626248,0.37870433445570856,0.7053460737787874,0.38415445978350843,0.16032114624977112,0.2552274603238724,6.201620013284952,0.01,,
mismatch,2,PPO,42,102,2.0,0.0,-1,,,,0.22904316081060833,0.3708000264406134,0.6871294824318249,0.3539483684264583,0.20637976378202438,0.2590835004060197,6.392536547313927,0.01,,
mismatch,2,Linear,-1,103,2.0,0.0,-1,8.0,,,2.303287022577557,3.0641973584977853,6.90986106773267,5.228811098653593,9.546946823596954,1.2513364556424338,39.58401433905936,0.005,,
mismatch,2,LQR,-1,103,2.0,0.0,-1,,,,0.3195177225368167,0.6342429731119936,0.9585531676104502,0.6387543836493551,0.33905068039894104,0.295104926458863,9.716666589198413,0.02,,
mismatch,2,SMC,-1,103,2.0,0.0,-1,,16.0,0.5,0.2814808780836841,0.6381353630011363,0.8444426342510523,0.37390359261153655,0.21694302558898926,0.3009693716361508,11.998695317510924,0.0325,,
mismatch,2,PPO,1024,103,2.0,0.0,-1,,,,0.25880643424321764,0.6234260165420648,0.7764193027296529,0.20392826167337688,0.14292219281196594,0.5038031755651619,25.416913103030712,0.0675,,
mismatch,2,PPO,123,103,2.0,0.0,-1,,,,0.25438116537523164,0.6024076006821442,0.763143496125695,0.2812069715173156,0.15639489889144897,0.4031526478671671,17.865269736963675,0.0425,,
mismatch,2,PPO,42,103,2.0,0.0,-1,,,,0.2488677775311568,0.6038923659602615,0.7466033325934703,0.21804665525754294,0.1771349012851715,0.43497015962242486,19.99838433024536,0.0425,,
mismatch,2,Linear,-1,104,2.0,0.0,-1,8.0,,,3.1101495652077897,4.092629486603231,9.33044869562337,7.861366710821052,8.004599213600159,1.8141428348132203,77.01802640010244,0.0075,,
mismatch,2,LQR,-1,104,2.0,0.0,-1,,,,0.2354889287913709,0.6272990366630706,0.7064667863741126,0.09899871742904738,0.059450757689774036,0.27080281736845085,12.059524732642412,0.0275,,
mismatch,2,SMC,-1,104,2.0,0.0,-1,,16.0,0.5,0.2586451861577717,0.6436011333484873,0.7759355584733151,0.17856568169929546,0.03737510135397315,0.29330884566435655,14.982740644243732,0.0375,,
mismatch,2,PPO,1024,104,2.0,0.0,-1,,,,0.27014260866244943,0.6605027706517251,0.8104278259873483,0.13968425434094245,0.02692492608912289,0.45694712837438034,27.051793075106474,0.0775,,
mismatch,2,PPO,123,104,2.0,0.0,-1,,,,0.2563752441987138,0.6443534340898526,0.7691257325961415,0.14080867830686916,0.043240171391516924,0.372833376643515,20.961777986950192,0.05,,
mismatch,2,PPO,42,104,2.0,0.0,-1,,,,0.258941646808362,0.6462904703850432,0.776824940425086,0.1372966548991332,0.029170614201575518,0.3949807204417606,22.616734385492112,0.055,,
mismatch,2,Linear,-1,105,2.0,0.0,-1,8.0,,,3.164232861835909,4.037604468257698,9.492698585507727,10.476615635885132,12.155269026756287,1.6366276418479007,58.040204673144174,0.0025,,
mismatch,2,LQR,-1,105,2.0,0.0,-1,,,,0.10914583309806716,0.2777987911701758,0.32743749929420146,0.11813174758428409,0.201501727104187,0.09730530992248959,1.3498755038242083,0.0,,
mismatch,2,SMC,-1,105,2.0,0.0,-1,,16.0,0.5,0.13628513525442956,0.310156006430425,0.40885540576328866,0.12236359108377386,0.20621776580810547,0.11705893368080728,3.490152018876815,0.0075,,
mismatch,2,PPO,1024,105,2.0,0.0,-1,,,,0.09506259119898354,0.23848724885824793,0.2851877735969506,0.11635925114890676,0.18877583742141724,0.15576738000213355,6.094631418315047,0.0125,,
mismatch,2,PPO,123,105,2.0,0.0,-1,,,,0.10050533091647865,0.24595663927358027,0.30151599274943597,0.1290423756028399,0.20518094301223755,0.12827991404363936,4.2357326038689544,0.0075,,
mismatch,2,PPO,42,105,2.0,0.0,-1,,,,0.09755157767419556,0.24226778436327914,0.29265473302258666,0.11531092686417663,0.19095712900161743,0.1507129531697442,5.472651395472191,0.01,,
mismatch,2,Linear,-1,106,2.0,0.0,-1,8.0,,,2.8294795155788424,3.7520756805924265,8.488438546736527,7.20449683226553,7.460350871086121,1.5061913470451969,54.777416280040825,0.005,,
mismatch,2,LQR,-1,106,2.0,0.0,-1,,,,0.09470121118728557,0.17708769848257974,0.28410363356185675,0.17028497807957507,0.08462812937796116,0.1710763664418562,5.3273909320415695,0.01,,
mismatch,2,SMC,-1,106,2.0,0.0,-1,,16.0,0.5,0.09431432198782638,0.18306302309127762,0.2829429659634791,0.12910285131017,0.01582091487944126,0.1862598580511187,7.869309282506028,0.02,,
mismatch,2,PPO,1024,106,2.0,0.0,-1,,,,0.08879385832333295,0.17287939739256444,0.26638157496999887,0.11586576237998626,0.048694055527448654,0.21110356110438444,8.126581316624579,0.02,,
mismatch,2,PPO,123,106,2.0,0.0,-1,,,,0.09093959305895274,0.1751425831481535,0.2728187791768582,0.13901537079594017,0.08285731263458729,0.20069004136353658,7.877287953992358,0.02,,
mismatch,2,PPO,42,106,2.0,0.0,-1,,,,0.08585178473436351,0.17156831588682414,0.25755535420309056,0.11527307529899257,0.040725015103816986,0.20074141003247212,7.827306933544856,0.02,,
mismatch,2,Linear,-1,107,2.0,0.0,-1,8.0,,,1.7759932332353996,2.341794885954437,5.327979699706199,4.2687563436266815,2.4524583220481873,0.9710228122083326,21.762446222148938,0.0,,
mismatch,2,LQR,-1,107,2.0,0.0,-1,,,,0.20950929822163317,0.4238327116796745,0.6285278946648996,0.33565412698612535,0.8878955245018005,0.17187780311888262,5.339026310033042,0.01,,
mismatch,2,SMC,-1,107,2.0,0.0,-1,,16.0,0.5,0.24931379190877587,0.442396838447936,0.7479413757263277,0.4453374539260511,0.9700578451156616,0.18820706309409269,7.113598014924978,0.02,,
mismatch,2,PPO,1024,107,2.0,0.0,-1,,,,0.16294241851158534,0.3881016166774903,0.488827255534756,0.24269758151085288,0.6183663010597229,0.28753720864913707,15.236354229974959,0.0325,,
mismatch,2,PPO,123,107,2.0,0.0,-1,,,,0.1875618605735903,0.39072708280486335,0.5626855817207709,0.3122566652794679,0.7711600065231323,0.23929570169371558,10.868747151988956,0.0275,,
mismatch,2,PPO,42,107,2.0,0.0,-1,,,,0.17620537757714058,0.3874328721829847,0.5286161327314217,0.2652509644121667,0.7411473989486694,0.24834476873984657,11.669450692138678,0.0275,,
mismatch,2,Linear,-1,108,2.0,0.0,-1,8.0,,,3.307530385362339,4.257000920653065,9.922591156087018,11.935982377624805,13.323718190193176,1.6680392912795716,60.21886180334468,0.005,,
mismatch,2,LQR,-1,108,2.0,0.0,-1,,,,0.22422667616608236,0.45402310279692365,0.672680028498247,0.326356137516322,0.8309457004070282,0.15806997924731891,6.8617565966962175,0.015,,
mismatch,2,SMC,-1,108,2.0,0.0,-1,,16.0,0.5,0.23538102711150646,0.4628184528288369,0.7061430813345194,0.33281290416180354,0.8607471287250519,0.17447754235117624,8.806453829748142,0.025,,
mismatch,2,PPO,1024,108,2.0,0.0,-1,,,,0.17217362289690874,0.4272310670735199,0.5165208686907262,0.19818124871838977,0.3081507086753845,0.25352121904455216,14.346514794465685,0.0375,,
mismatch,2,PPO,123,108,2.0,0.0,-1,,,,0.17896359804351927,0.4178202739104663,0.5368907941305577,0.23763650264820935,0.4604594111442566,0.20110814934805443,11.159107017667306,0.03,,
mismatch,2,PPO,42,108,2.0,0.0,-1,,,,0.17940477262919186,0.418525652186344,0.5382143178875756,0.23373811282677415,0.4940003752708435,0.2255864443067006,11.821267835454677,0.0325,,
mismatch,2,Linear,-1,109,2.0,0.0,-1,8.0,,,3.327877765674692,4.42630497997741,9.983633297024076,9.413645535983422,8.008635744452477,1.6430582615205476,66.31551831982057,0.01,,
mismatch,2,LQR,-1,109,2.0,0.0,-1,,,,0.29818933741255343,0.6342609522435408,0.8945680122376604,0.5217371455819151,0.24622857756912708,0.3093393839863777,13.272184495227306,0.025,,
mismatch,2,SMC,-1,109,2.0,0.0,-1,,16.0,0.5,0.2578368380871707,0.626245314767184,0.7735105142615123,0.36276882512058006,0.18161662109196186,0.3215302595670714,16.586660014490903,0.0425,,
mismatch,2,PPO,1024,109,2.0,0.0,-1,,,,0.2317858212077812,0.647154723272958,0.6953574636233436,0.04875004128840418,0.007347557693719864,0.47748467565846264,30.21546739704515,0.0925,,
mismatch,2,PPO,123,109,2.0,0.0,-1,,,,0.23947216533217347,0.6359045879124318,0.7184164959965204,0.13677806770543993,0.032224174588918686,0.41799632877928955,23.998854365670304,0.0575,,
mismatch,2,PPO,42,109,2.0,0.0,-1,,,,0.23130262983848318,0.6350251841378772,0.6939078895154495,0.08007717174535364,0.018727410584688187,0.4267808618372367,24.93122893616437,0.0675,,
mismatch,2,Linear,-1,110,2.0,0.0,-1,8.0,,,2.090895986960193,2.8114540928456306,6.272687960880579,5.092818116148313,7.474702417850494,1.368853435774991,43.14710078228476,0.0,,
mismatch,2,LQR,-1,110,2.0,0.0,-1,,,,0.1908388033691958,0.2508858058971374,0.5725164101075874,0.5275573003462252,0.1829947829246521,0.10079277292453681,0.5405411703204057,0.0,,
mismatch,2,SMC,-1,110,2.0,0.0,-1,,16.0,0.5,0.16699716199269937,0.2241305511946375,0.5009914859780982,0.4711085103314232,0.15243233740329742,0.11536640140745891,1.9735407620758971,0.005,,
mismatch,2,PPO,1024,110,2.0,0.0,-1,,,,0.08751786144408502,0.12767257641326488,0.26255358433225506,0.21218680716867064,0.11238710582256317,0.16914774886241873,4.720297458104357,0.01,,
mismatch,2,PPO,123,110,2.0,0.0,-1,,,,0.1149862970206933,0.15222552192058905,0.3449588910620799,0.31104613154160754,0.12775228917598724,0.14516518278014928,2.992717816958984,0.0075,,
mismatch,2,PPO,42,110,2.0,0.0,-1,,,,0.10783113524083943,0.14775376804588777,0.3234934057225183,0.26893145872716917,0.15477242320775986,0.16285189030287867,3.536692387820384,0.0075,,
mismatch,2,Linear,-1,111,2.0,0.0,-1,8.0,,,3.0726256056488217,4.0878132939592655,9.217876816946465,7.844595447458603,8.15690977871418,1.4992599795175312,53.58356896795763,0.0,,
mismatch,2,LQR,-1,111,2.0,0.0,-1,,,,0.23663391223632524,0.350694161717256,0.7099017367089757,0.3218838157431211,0.05245429836213589,0.17466749161124193,3.6529279566852453,0.0025,,
mismatch,2,SMC,-1,111,2.0,0.0,-1,,16.0,0.5,0.26112388727446384,0.37379110591650255,0.7833716618233916,0.3868809703415559,0.10933104529976845,0.18739792990394893,6.303747532815452,0.0125,,
mismatch,2,PPO,1024,111,2.0,0.0,-1,,,,0.15384794087578865,0.26222041597349127,0.461543822627366,0.16039783264981744,0.028198499232530594,0.23981523547237948,10.152237128234562,0.02,,
mismatch,2,PPO,123,111,2.0,0.0,-1,,,,0.18833599015505223,0.2863458391121111,0.5650079704651567,0.2207255200482905,0.06332435691729188,0.21055624793815494,7.75280955771937,0.0175,,
mismatch,2,PPO,42,111,2.0,0.0,-1,,,,0.18626681668180678,0.2862688028871729,0.5588004500454203,0.22939281961248245,0.046587543562054634,0.2301454647465091,8.956105526732093,0.0175,,
mismatch,2,Linear,-1,112,2.0,0.0,-1,8.0,,,2.2483356986752248,3.4013204181727494,6.745007096025675,8.917392711120623,8.391935914754868,1.2956325432234572,48.591777617351205,0.0125,,
mismatch,2,LQR,-1,112,2.0,0.0,-1,,,,0.12876710253465745,0.17773462567778492,0.3863013076039723,0.40679290807909435,0.08238130062818527,0.15502083048497362,3.942874836520126,0.0,,
mismatch,2,SMC,-1,112,2.0,0.0,-1,,16.0,0.5,0.10146656335065961,0.1425075605404151,0.3043996900519788,0.317034659470305,0.11985490471124649,0.16199573952451515,5.9939933174937625,0.0175,,
mismatch,2,PPO,1024,112,2.0,0.0,-1,,,,0.08764327469367784,0.1320291454360652,0.26292982408103355,0.20588105611135193,0.030613530427217484,0.1813706038264265,6.802284598209752,0.02,,
mismatch,2,PPO,123,112,2.0,0.0,-1,,,,0.09981984225762133,0.14478176461305373,0.29945952677286397,0.26571282942169977,0.044340791180729866,0.1711816930228338,6.20489886590825,0.0175,,
mismatch,2,PPO,42,112,2.0,0.0,-1,,,,0.1047730501787621,0.15107800277135838,0.3143191505362863,0.28699997076649725,0.03721368685364723,0.18341678351238183,6.806962440997328,0.02,,
mismatch,2,Linear,-1,113,2.0,0.0,-1,8.0,,,2.5647313438560304,3.4495151016409786,7.694194031568091,6.333625342742897,6.967303484678268,1.6409573199743048,61.22827990610705,0.005,,
mismatch,2,LQR,-1,113,2.0,0.0,-1,,,,0.21462024765898932,0.3138628739984873,0.6438607429769679,0.5320609549382402,0.18515709787607193,0.12867289499357631,0.7828275516941207,0.0,,
mismatch,2,SMC,-1,113,2.0,0.0,-1,,16.0,0.5,0.1956696094730629,0.3068677250150252,0.5870088284191887,0.4421720109236093,0.07906967401504517,0.14579560375370915,1.9701231969980406,0.0025,,
mismatch,2,PPO,1024,113,2.0,0.0,-1,,,,0.09994084757411309,0.2130985300738375,0.29982254272233927,0.1401200744518895,0.07839462161064148,0.1690142098396199,2.141228082360695,0.0,,
mismatch,2,PPO,123,113,2.0,0.0,-1,,,,0.12598989960828105,0.2307355851087505,0.3779696988248431,0.20459184112648168,0.08430595695972443,0.14979532028448553,1.7830200849242293,0.0025,,
mismatch,2,PPO,42,113,2.0,0.0,-1,,,,0.11985736634003204,0.22696187937438583,0.3595720990200961,0.2125758153075973,0.08906655013561249,0.15423304219718587,1.8505743450916166,0.0025,,
mismatch,2,Linear,-1,114,2.0,0.0,-1,8.0,,,2.8313644334754393,3.7168385281962903,8.494093300426318,7.723676499761181,6.735669493675232,1.518127614646184,53.41935209517328,0.0,,
mismatch,2,LQR,-1,114,2.0,0.0,-1,,,,0.2772586167227176,0.3876970202996487,0.8317758501681529,0.38688164326235835,0.3080231845378876,0.16618410417871918,2.100725105729855,0.0,,
mismatch,2,SMC,-1,114,2.0,0.0,-1,,16.0,0.5,0.2562081632339833,0.35990880942456255,0.7686244897019499,0.2640346446660934,0.19778656959533691,0.1629557856991469,3.965848363875249,0.01,,
mismatch,2,PPO,1024,114,2.0,0.0,-1,,,,0.1232362505399211,0.1839648189260856,0.3697087516197633,0.10929592323409003,0.137978196144104,0.2062741469341026,4.403949281275846,0.01,,
mismatch,2,PPO,123,114,2.0,0.0,-1,,,,0.15456003033968674,0.21746849545727298,0.46368009101906027,0.18816790032993863,0.1381860375404358,0.1990355834959451,4.217746126126911,0.01,,
mismatch,2,PPO,42,114,2.0,0.0,-1,,,,0.15213612000886056,0.2128362649057655,0.4564083600265817,0.19427301885882092,0.19386091828346252,0.20044170152814014,4.558115359235839,0.01,,
mismatch,2,Linear,-1,115,2.0,0.0,-1,8.0,,,2.775540075542797,3.7614815532298147,8.32662022662839,10.168930598247199,11.873439267277718,1.3460083188410115,43.250981284962386,0.0,,
mismatch,2,LQR,-1,115,2.0,0.0,-1,,,,0.12537653270972612,0.22064721337740636,0.37612959812917834,0.15401251425529705,0.2407715618610382,0.12039470810179269,1.4867370963951936,0.0,,
mismatch,2,SMC,-1,115,2.0,0.0,-1,,16.0,0.5,0.149610385897934,0.228393595546745,0.448831157693802,0.23776869411453788,0.4387945234775543,0.1380954043600915,3.8198509175983326,0.01,,
mismatch,2,PPO,1024,115,2.0,0.0,-1,,,,0.08354565291491307,0.1464245179815292,0.25063695874473924,0.10188806634741249,0.15585651993751526,0.16123402209724869,4.805087945385177,0.0125,,
mismatch,2,PPO,123,115,2.0,0.0,-1,,,,0.10064828307743331,0.16519983607922054,0.30194484923229997,0.11116770533039982,0.17039799690246582,0.14980526627076238,4.034897760630998,0.01,,
mismatch,2,PPO,42,115,2.0,0.0,-1,,,,0.1044462974952009,0.16818734642549032,0.3133388924856027,0.13113582286017914,0.21002846956253052,0.23062812051087841,7.672860975460644,0.015,,
mismatch,2,Linear,-1,116,2.0,0.0,-1,8.0,,,2.6453527706185183,3.628110392085733,7.936058311855555,5.230721241530077,6.89842489361763,1.424841583072396,47.692186470733105,0.01,,
mismatch,2,LQR,-1,116,2.0,0.0,-1,,,,0.1407549202152631,0.29591358768108716,0.42226476064578927,0.19707196274266384,0.08204662939533591,0.1408094907432192,5.521275958825188,0.0125,,
mismatch,2,SMC,-1,116,2.0,0.0,-1,,16.0,0.5,0.1446433024889699,0.29427248968518344,0.4339299074669097,0.20005899672338992,0.255920447409153,0.15493907514521418,7.356315561291729,0.0225,,
mismatch,2,PPO,1024,116,2.0,0.0,-1,,,,0.11236910076141482,0.23531606413061246,0.33710730228424446,0.17923245596825893,0.05470943497493863,0.22741823268129938,10.481843951067233,0.03,,
mismatch,2,PPO,123,116,2.0,0.0,-1,,,,0.11815210742545365,0.23994389027547472,0.3544563222763609,0.1855345220638462,0.07152489386498928,0.18217434288186027,8.377415078086907,0.025,,
mismatch,2,PPO,42,116,2.0,0.0,-1,,,,0.12212097379189303,0.2398405439389309,0.3663629213756791,0.20833441902549915,0.16142462007701397,0.3422891295182883,15.694058584226816,0.03,,
mismatch,2,Linear,-1,117,2.0,0.0,-1,8.0,,,3.163844441745743,4.21649913915645,9.49153332523723,8.154057965142492,8.095084384083748,1.6245626023879967,63.282383476884775,0.0,,
mismatch,2,LQR,-1,117,2.0,0.0,-1,,,,0.2866890434627069,0.524775514830631,0.8600671303881207,0.46943303468970604,0.07477455027401447,0.19987643940578637,6.938100883418037,0.01,,
mismatch,2,SMC,-1,117,2.0,0.0,-1,,16.0,0.5,0.2952093066893834,0.535741187625934,0.8856279200681502,0.48132434560928816,0.08482493460178375,0.21447577975569015,9.879995764051458,0.025,,
mismatch,2,PPO,1024,117,2.0,0.0,-1,,,,0.20346320844011526,0.5021206256176799,0.6103896253203458,0.2059816055195291,0.04962419345974922,0.32002663536187714,19.230612544053365,0.0575,,
mismatch,2,PPO,123,117,2.0,0.0,-1,,,,0.22772458047297933,0.5020906028777039,0.6831737414189379,0.28514997685546584,0.05367300100624561,0.28316409321051283,15.09835591526521,0.0325,,
mismatch,2,PPO,42,117,2.0,0.0,-1,,,,0.23011587007092785,0.5041443086988948,0.6903476102127836,0.29802483482067876,0.07854106463491917,0.2898268822181106,15.879712293468257,0.04,,
mismatch,2,Linear,-1,118,2.0,0.0,-1,8.0,,,2.8546747493225513,3.8286428268655954,8.564024247967655,8.237687131780902,7.962656259536743,1.4756080177879691,53.596845887187776,0.0025,,
mismatch,2,LQR,-1,118,2.0,0.0,-1,,,,0.19814252380609934,0.29551440702801895,0.594427571418298,0.44099406166761007,0.06573425978422165,0.14497088128700852,5.41988400696771,0.01,,
mismatch,2,SMC,-1,118,2.0,0.0,-1,,16.0,0.5,0.204547069288623,0.2993592130020958,0.6136412078658691,0.4630239289943819,0.06650420278310776,0.16061960840651457,8.22786743754447,0.02,,
mismatch,2,PPO,1024,118,2.0,0.0,-1,,,,0.11827081408686874,0.19922796808574195,0.3548124422606062,0.16546939025966473,0.08351732790470123,0.19302845049528708,10.730860712186557,0.0275,,
mismatch,2,PPO,123,118,2.0,0.0,-1,,,,0.15232708542325155,0.2301986018233242,0.4569812562697546,0.25843485516070586,0.133333258330822,0.18686204884860877,9.405298054023351,0.0225,,
mismatch,2,PPO,42,118,2.0,0.0,-1,,,,0.144572580682233,0.22340605460999663,0.43371774204669894,0.24519088563083866,0.10428576543927193,0.1836071641200647,9.253710886380313,0.0225,,
mismatch,2,Linear,-1,119,2.0,0.0,-1,8.0,,,3.039820762413863,4.068737169692055,9.11946228724159,8.640540386837573,8.59801098704338,1.5200044072588483,56.23380297748352,0.005,,
mismatch,2,LQR,-1,119,2.0,0.0,-1,,,,0.2942363691352871,0.4306170298719109,0.8827091074058614,0.9121894437911702,0.15185160748660564,0.29268611630394664,7.406359763281957,0.0125,,
mismatch,2,SMC,-1,119,2.0,0.0,-1,,16.0,0.5,0.20216393976256325,0.31478326582895005,0.6064918192876898,0.608542591471363,0.08588696271181107,0.29466603482269826,10.046455254176097,0.025,,
mismatch,2,PPO,1024,119,2.0,0.0,-1,,,,0.11131113467498815,0.2047332508966442,0.33393340402496446,0.13043403960936875,0.013916883617639542,0.3375944045750875,12.272724746872063,0.0275,,
mismatch,2,PPO,123,119,2.0,0.0,-1,,,,0.14454011659502536,0.23504947385994043,0.43362034978507613,0.24997524930923073,0.039799150079488754,0.33059293516630545,10.735733212269414,0.0225,,
mismatch,2,PPO,42,119,2.0,0.0,-1,,,,0.13833636748708988,0.2261559461631452,0.41500910246126965,0.2134248811268696,0.05761188641190529,0.34099271165165224,11.856390610255664,0.0275,,
mismatch,3,Linear,-1,100,2.0,0.0,-1,8.0,,,0.08971632397729758,0.13626980403569394,0.26914897193189274,0.16950894265585106,0.08782175183296204,0.1668635658046551,3.995204443868703,0.0075,,
mismatch,3,LQR,-1,100,2.0,0.0,-1,,,,0.08613664722372023,0.12317202573191828,0.2584099416711607,0.15735894190952365,0.07257950119674206,0.17949745262660344,3.7080507685736195,0.0,,
mismatch,3,SMC,-1,100,2.0,0.0,-1,,16.0,0.5,0.11903259020023116,0.14794581273533947,0.3570977706006935,0.3797936770651076,0.17099562659859657,0.19920408151239072,6.1589773312864065,0.0175,,
mismatch,3,PPO,1024,100,2.0,0.0,-1,,,,0.086131341791776,0.13150462466843257,0.258394025375328,0.1411513631766731,0.07543060928583145,0.1917411873019544,6.470022830791954,0.0175,,
mismatch,3,PPO,123,100,2.0,0.0,-1,,,,0.08219852548050799,0.11750088063477665,0.24659557644152397,0.12897228797391794,0.05615520477294922,0.19303483349686845,5.710407709892388,0.015,,
mismatch,3,PPO,42,100,2.0,0.0,-1,,,,0.08049552138981503,0.11487141316093376,0.24148656416944508,0.12915153080528533,0.05617023445665836,0.1901272962664131,5.450741620108416,0.015,,
mismatch,3,Linear,-1,101,2.0,0.0,-1,8.0,,,0.08452641174308677,0.19177553996840582,0.2535792352292603,0.06944132117945472,0.06600749492645264,0.17359625529544312,5.84025027227409,0.0,,
mismatch,3,LQR,-1,101,2.0,0.0,-1,,,,0.16361405657556338,0.24571860034039805,0.49084216972669015,0.3166153891770928,0.5113940238952637,0.19624913891014165,6.716556448827912,0.0075,,
mismatch,3,SMC,-1,101,2.0,0.0,-1,,16.0,0.5,0.18545636663473491,0.28859280974194396,0.5563690999042048,0.27610017202886533,0.5738300979137421,0.19224828189692375,8.543339945073823,0.025,,
mismatch,3,PPO,1024,101,2.0,0.0,-1,,,,0.07541568924387235,0.19227472970202253,0.226247067731617,0.05612785773880688,0.07162225246429443,0.2094304208594962,11.167174206752108,0.0325,,
mismatch,3,PPO,123,101,2.0,0.0,-1,,,,0.06420696244001425,0.16810234891973788,0.19262088732004276,0.07020817117558585,0.07542240619659424,0.18698558714786576,8.641031436137771,0.02,,
mismatch,3,PPO,42,101,2.0,0.0,-1,,,,0.06327946115585535,0.16743559801652722,0.18983838346756604,0.06722634690411297,0.07487466931343079,0.17603965308006267,7.695162766950389,0.02,,
mismatch,3,Linear,-1,102,2.0,0.0,-1,8.0,,,0.09238104322599673,0.18723711351733735,0.2771431296779902,0.12714449505977057,0.04328880459070206,0.1975300306537911,6.204587264427803,0.0125,,
mismatch,3,LQR,-1,102,2.0,0.0,-1,,,,0.1575511984359891,0.2733506094386164,0.4726535953079673,0.22963830267573582,0.0988282673060894,0.15734064997016498,1.922292501363822,0.0,,
mismatch,3,SMC,-1,102,2.0,0.0,-1,,16.0,0.5,0.13575157146755348,0.26147491375265447,0.4072547144026605,0.11403410839215841,0.05242975801229477,0.18156410967208272,4.912866205092191,0.0075,,
mismatch,3,PPO,1024,102,2.0,0.0,-1,,,,0.0766499288128929,0.17530521203088306,0.22994978643867867,0.08120788687288209,0.02980349212884903,0.2296417737356445,11.414562536943453,0.03,,
mismatch,3,PPO,123,102,2.0,0.0,-1,,,,0.07081704844986975,0.16492455237730547,0.21245114534960924,0.0770468535821563,0.024202965199947357,0.20595918191327456,8.768350636762698,0.0225,,
mismatch,3,PPO,42,102,2.0,0.0,-1,,,,0.07018326660881402,0.16490418931704384,0.2105497998264421,0.07893195665544933,0.023953676223754883,0.19425666966751923,7.3020164028343935,0.0175,,
mismatch,3,Linear,-1,103,2.0,0.0,-1,8.0,,,0.0813265150797678,0.1625382755373013,0.2439795452393034,0.16661201136899584,0.09914630651473999,0.2273772268131041,6.1480894482216515,0.015,,
mismatch,3,LQR,-1,103,2.0,0.0,-1,,,,0.0699365713137356,0.15308981769935678,0.20980971394120682,0.13945568094236982,0.10304364562034607,0.23487998572604363,6.153896895344527,0.01,,
mismatch,3,SMC,-1,103,2.0,0.0,-1,,16.0,0.5,0.1346391367777123,0.19481888775506442,0.4039174103331369,0.5174740453561147,0.11296957731246948,0.25549260812367086,8.566541231452893,0.0225,,
mismatch,3,PPO,1024,103,2.0,0.0,-1,,,,0.07083035233730167,0.14562077607205492,0.21249105701190502,0.15051941109108335,0.08229190111160278,0.23479701978087128,7.764538987484312,0.0225,,
mismatch,3,PPO,123,103,2.0,0.0,-1,,,,0.06558226748986645,0.14405534889419574,0.19674680246959936,0.12342899921637626,0.06337818503379822,0.25985676294687365,9.778880825437,0.0275,,
mismatch,3,PPO,42,103,2.0,0.0,-1,,,,0.06460626603817182,0.1438857942494834,0.19381879811451544,0.12275615464436052,0.06205049157142639,0.2493041168405974,8.880481246697997,0.025,,
mismatch,3,Linear,-1,104,2.0,0.0,-1,8.0,,,0.1409439697864768,0.2477204136682371,0.42283190935943044,0.17474236718758387,0.09938654489815235,0.20092594749909684,6.656098753163056,0.015,,
mismatch,3,LQR,-1,104,2.0,0.0,-1,,,,0.15463074048940814,0.2419643178275874,0.4638922214682244,0.22646808377639563,0.0674126804806292,0.230642124456556,7.874727379757736,0.015,,
mismatch,3,SMC,-1,104,2.0,0.0,-1,,16.0,0.5,0.19106313944829076,0.2632204464085649,0.5731894183448722,0.45800288886199764,0.19697559252381325,0.24485006271379575,10.319810607685026,0.03,,
mismatch,3,PPO,1024,104,2.0,0.0,-1,,,,0.13973833390736856,0.24906467251107095,0.41921500172210563,0.15085813884887797,0.0844164565205574,0.2167644027871384,9.241752531129277,0.0275,,
mismatch,3,PPO,123,104,2.0,0.0,-1,,,,0.1351306307511226,0.2276416755134857,0.4053918922533678,0.1376853846128524,0.06209380645304918,0.24024186274350304,10.373898211879656,0.03,,
mismatch,3,PPO,42,104,2.0,0.0,-1,,,,0.13464213820779736,0.2265842274500962,0.40392641462339207,0.13825896443270239,0.06221544183790684,0.23818974325112868,10.225910243412246,0.03,,
mismatch,3,Linear,-1,105,2.0,0.0,-1,8.0,,,0.04861032674654216,0.0996068239278427,0.14583098023962648,0.11262995795703229,0.2109379768371582,0.12216623985856548,3.302635841227187,0.005,,
mismatch,3,LQR,-1,105,2.0,0.0,-1,,,,0.07877652757396227,0.16035097299770706,0.23632958272188678,0.10111409536114445,0.19541049003601074,0.10730417172205019,1.1115494481673789,0.0,,
mismatch,3,SMC,-1,105,2.0,0.0,-1,,16.0,0.5,0.13176072812434023,0.23688892680202714,0.3952821843730207,0.136929295865106,0.28019362688064575,0.15358599397022363,3.7078769679423624,0.005,,
mismatch,3,PPO,1024,105,2.0,0.0,-1,,,,0.04198219902125975,0.08932432003981182,0.12594659706377923,0.09389062575352045,0.15042990446090698,0.1437863376446793,5.715982315816262,0.0125,,
mismatch,3,PPO,123,105,2.0,0.0,-1,,,,0.03966113978165418,0.08767004875763278,0.11898341934496254,0.08856027600941835,0.1469150185585022,0.1463559385182387,6.039099994525721,0.015,,
mismatch,3,PPO,42,105,2.0,0.0,-1,,,,0.04032948924033459,0.08921806008669468,0.12098846772100377,0.09016495004848198,0.14841210842132568,0.1376160904950929,4.873112920945192,0.01,,
mismatch,3,Linear,-1,106,2.0,0.0,-1,8.0,,,0.05915542065519344,0.1320704584686891,0.17746626196558032,0.05210361839272082,0.04440571740269661,0.11784751896056674,2.9064793364744297,0.0,,
mismatch,3,LQR,-1,106,2.0,0.0,-1,,,,0.06464744263490413,0.13572862281408773,0.19394232790471239,0.06603428227022107,0.029436316341161728,0.11713091633052167,2.7046294920648037,0.0,,
mismatch,3,SMC,-1,106,2.0,0.0,-1,,16.0,0.5,0.08475124898694877,0.15438868683946655,0.2542537469608463,0.10175725778300361,0.02784024551510811,0.12295655361697498,4.954117199235789,0.015,,
mismatch,3,PPO,1024,106,2.0,0.0,-1,,,,0.050129743669850166,0.1290509581326536,0.1503892310095505,0.03951702723107128,0.0361578855663538,0.16699624078306474,8.042823612273363,0.0225,,
mismatch,3,PPO,123,106,2.0,0.0,-1,,,,0.04915595095947614,0.13068460662685868,0.14746785287842842,0.03738625718131201,0.02843202743679285,0.18161573201856876,9.077146572601496,0.025,,
mismatch,3,PPO,42,106,2.0,0.0,-1,,,,0.045020718481283285,0.11539913872958624,0.13506215544384986,0.03858219311906048,0.029992636293172836,0.1464365115876953,5.959863549571953,0.015,,
mismatch,3,Linear,-1,107,2.0,0.0,-1,8.0,,,0.12144099570522805,0.22350721455945988,0.36432298711568417,0.21028935274592153,0.19870340824127197,0.18890099307322442,4.781927780299397,0.01,,
mismatch,3,LQR,-1,107,2.0,0.0,-1,,,,0.13699169888479304,0.22942121090402404,0.41097509665437915,0.310731346960421,0.628657877445221,0.2224185811611185,4.35571068148558,0.005,,
mismatch,3,SMC,-1,107,2.0,0.0,-1,,16.0,0.5,0.21827463308428216,0.28381054687598045,0.6548238992528465,0.6658314609969104,0.8312979936599731,0.24186676633216214,6.471994781399622,0.0175,,
mismatch,3,PPO,1024,107,2.0,0.0,-1,,,,0.10261764525763338,0.1989384440244459,0.3078529357729001,0.1996371046996411,0.22661221027374268,0.22944570555725596,8.053898711558682,0.02,,
mismatch,3,PPO,123,107,2.0,0.0,-1,,,,0.09125000408115926,0.19223973974036868,0.2737500122434778,0.18651551560119348,0.19752556085586548,0.246129595712315,9.239012729541093,0.0225,,
mismatch,3,PPO,42,107,2.0,0.0,-1,,,,0.08990976513933982,0.19241650311643876,0.26972929541801943,0.18389881245883893,0.19550836086273193,0.24695312135163092,9.360993693156564,0.025,,
mismatch,3,Linear,-1,108,2.0,0.0,-1,8.0,,,0.12052000843720853,0.208408006441677,0.36156002531162557,0.22599392356695952,0.3078519105911255,0.20168166922549358,6.3575910656984,0.0125,,
mismatch,3,LQR,-1,108,2.0,0.0,-1,,,,0.1074099058830369,0.19034006500161238,0.3222297176491107,0.2628305700182179,0.5196553468704224,0.1814685021976098,6.114306754739217,0.0075,,
mismatch,3,SMC,-1,108,2.0,0.0,-1,,16.0,0.5,0.12829152852217865,0.21117840504528892,0.3848745855665359,0.2675843654361404,0.5185356140136719,0.171259187450856,7.931438292419007,0.0225,,
mismatch,3,PPO,1024,108,2.0,0.0,-1,,,,0.0939231376649064,0.170410957910994,0.2817694129947192,0.1657619461371207,0.1369648575782776,0.22104187802112013,8.492201003609775,0.0225,,
mismatch,3,PPO,123,108,2.0,0.0,-1,,,,0.081427828925534,0.15802433105685773,0.24428348677660203,0.14829319365966467,0.13184481859207153,0.228765338540839,9.782521457865334,0.025,,
mismatch,3,PPO,42,108,2.0,0.0,-1,,,,0.08169858827946998,0.15860887653762934,0.24509576483840992,0.15489906863665875,0.13574755191802979,0.22367476517720117,9.441665801675812,0.025,,
mismatch,3,Linear,-1,109,2.0,0.0,-1,8.0,,,0.09845528911980347,0.24207696591138456,0.29536586735941045,0.10404670574805802,0.04957756772637367,0.18848171422346274,5.602066658017276,0.0,,
mismatch,3,LQR,-1,109,2.0,0.0,-1,,,,0.09055965779413463,0.2141659288376254,0.27167897338240393,0.09605531418914504,0.04412739351391792,0.2054308705502033,7.187034216261536,0.01,,
mismatch,3,SMC,-1,109,2.0,0.0,-1,,16.0,0.5,0.10343368105893817,0.22005774992566973,0.3103010431768145,0.17996673274463343,0.09127059951424599,0.22293183360913038,9.934096482894605,0.0275,,
mismatch,3,PPO,1024,109,2.0,0.0,-1,,,,0.08461984186351969,0.21812918219073085,0.253859525590559,0.08045212198968654,0.03307243436574936,0.19520722166112534,6.690597278573563,0.0125,,
mismatch,3,PPO,123,109,2.0,0.0,-1,,,,0.0859307924990797,0.21103859352520743,0.2577923774972391,0.07547119349517205,0.028096865862607956,0.22026060891518848,9.528280952024401,0.025,,
mismatch,3,PPO,42,109,2.0,0.0,-1,,,,0.08514730754391238,0.21010248598695558,0.25544192263173715,0.0762885764218223,0.027805395424365997,0.21159146649953434,8.762832074388992,0.0225,,
mismatch,3,Linear,-1,110,2.0,0.0,-1,8.0,,,0.04382000229432126,0.0753836722310174,0.13146000688296378,0.13278045723743645,0.09377292171120644,0.1400157730664101,1.3543621442386853,0.0,,
mismatch,3,LQR,-1,110,2.0,0.0,-1,,,,0.05171546982430968,0.09116014135637572,0.15514640947292904,0.13439769065582458,0.10511725395917892,0.13057012716119534,0.6276307932432537,0.0,,
mismatch,3,SMC,-1,110,2.0,0.0,-1,,16.0,0.5,0.08928899494900135,0.12072762250465377,0.26786698484700405,0.36472673226653796,0.32688579708337784,0.17605136621086173,2.4115368759025078,0.005,,
mismatch,3,PPO,1024,110,2.0,0.0,-1,,,,0.035422398957848884,0.0643388980403192,0.10626719687354665,0.10200961707677278,0.093282051384449,0.1760881781169304,3.838276606620604,0.0075,,
mismatch,3,PPO,123,110,2.0,0.0,-1,,,,0.031670795727663625,0.06597379878426346,0.09501238718299089,0.08804081727601128,0.07230110466480255,0.1877558825861551,4.645382959440067,0.0125,,
mismatch,3,PPO,42,110,2.0,0.0,-1,,,,0.03079416681544008,0.06533118923804664,0.09238250044632025,0.08489466437862979,0.07320604100823402,0.18050568391037106,4.0360554862386,0.0075,,
mismatch,3,Linear,-1,111,2.0,0.0,-1,8.0,,,0.05539600259306239,0.07787168814011146,0.16618800777918719,0.08628358624668585,0.011188575997948647,0.12035202136509436,2.6802171286020813,0.005,,
mismatch,3,LQR,-1,111,2.0,0.0,-1,,,,0.10964186734567123,0.15055323505249532,0.3289256020370137,0.1314537628427332,0.015487881377339363,0.13079252985395065,1.7348079195751098,0.0,,
mismatch,3,SMC,-1,111,2.0,0.0,-1,,16.0,0.5,0.10344008894030281,0.13543341629331418,0.3103202668209084,0.22359620100807076,0.01964176818728447,0.1339104951398814,3.5313992014506193,0.01,,
mismatch,3,PPO,1024,111,2.0,0.0,-1,,,,0.049156189653852135,0.07213780834665837,0.1474685689615564,0.062122875893557514,0.011175607331097126,0.13157532837920058,3.9510692991254617,0.01,,
mismatch,3,PPO,123,111,2.0,0.0,-1,,,,0.04749795640350404,0.06863426344778203,0.1424938692105121,0.054712323310934466,0.009460645727813244,0.13773698832356648,4.276596556858846,0.0125,,
mismatch,3,PPO,42,111,2.0,0.0,-1,,,,0.04685126177282231,0.06837916149668902,0.14055378531846693,0.05471803676222026,0.009192449040710926,0.13939954162089901,4.432898893179767,0.01,,
mismatch,3,Linear,-1,112,2.0,0.0,-1,8.0,,,0.0740574804316209,0.18083217134813448,0.22217244129486272,0.06313833682280448,0.0032792463898658752,0.1564822067272039,2.0728897356262563,0.0,,
mismatch,3,LQR,-1,112,2.0,0.0,-1,,,,0.08706790258672865,0.1905214621434844,0.261203707760186,0.06887442079361206,0.022335253655910492,0.1608254880415905,2.4141899972897023,0.0,,
mismatch,3,SMC,-1,112,2.0,0.0,-1,,16.0,0.5,0.12000053705347985,0.22064337850240542,0.36000161116043955,0.17296307415551979,0.019722454249858856,0.18578190888331023,5.187514274199067,0.01,,
mismatch,3,PPO,1024,112,2.0,0.0,-1,,,,0.06828974920877737,0.1802914120743863,0.20486924762633207,0.04493676494508062,0.005901914089918137,0.18041586870341528,4.729912498636476,0.0075,,
mismatch,3,PPO,123,112,2.0,0.0,-1,,,,0.06802794701131007,0.1783769731978531,0.2040838410339302,0.03981460488320869,0.005191005766391754,0.15594451244226065,2.457686470743356,0.0,,
mismatch,3,PPO,42,112,2.0,0.0,-1,,,,0.06842956730824178,0.17835644953954846,0.20528870192472531,0.04250083584913317,0.005990277975797653,0.1557493419607084,2.3588423043370077,0.0,,
mismatch,3,Linear,-1,113,2.0,0.0,-1,8.0,,,0.07799912773069623,0.14334339347456562,0.23399738319208868,0.11996504479306347,0.0684693455696106,0.17130699579109276,3.0484678084086347,0.005,,
mismatch,3,LQR,-1,113,2.0,0.0,-1,,,,0.09937227982640613,0.1824452866037181,0.2981168394792184,0.12833133311137374,0.06997133791446686,0.16073409800386948,0.9628504160612575,0.0,,
mismatch,3,SMC,-1,113,2.0,0.0,-1,,16.0,0.5,0.17665904547464867,0.2753848930566868,0.5299771364239461,0.37456746165997085,0.03469020128250122,0.22313687775045704,2.70757443091728,0.0025,,
mismatch,3,PPO,1024,113,2.0,0.0,-1,,,,0.06783840593131737,0.1294692786550552,0.20351521779395212,0.10055362532651167,0.056846410036087036,0.19579717072837075,4.713992883406813,0.01,,
mismatch,3,PPO,123,113,2.0,0.0,-1,,,,0.06396103623429203,0.12696215155708954,0.1918831087028761,0.09187352051383552,0.05252395570278168,0.18371538039148225,2.7914840597381088,0.0025,,
mismatch,3,PPO,42,113,2.0,0.0,-1,,,,0.06412505372276442,0.1277400920925447,0.19237516116829323,0.09257285851686273,0.053992509841918945,0.1823416755179366,2.685595423797153,0.005,,
mismatch,3,Linear,-1,114,2.0,0.0,-1,8.0,,,0.02570674812064312,0.06476092473566288,0.07712024436192935,0.014791073455808707,0.024887561798095703,0.11519364052988644,2.2367967886728084,0.0025,,
mismatch,3,LQR,-1,114,2.0,0.0,-1,,,,0.06654358789609653,0.09739705477275507,0.1996307636882896,0.07709350095440944,0.11495447158813477,0.10810740687832679,0.9329222469005263,0.0,,
mismatch,3,SMC,-1,114,2.0,0.0,-1,,16.0,0.5,0.038167312967916915,0.07486055006370076,0.11450193890375074,0.012196773824132518,0.02485351264476776,0.1058251673933856,2.554554351834952,0.0075,,
mismatch,3,PPO,1024,114,2.0,0.0,-1,,,,0.023189870217359833,0.06255262509715476,0.06956961065207949,0.011378264623797603,0.028960883617401123,0.10966960115920278,2.3407054238250566,0.005,,
mismatch,3,PPO,123,114,2.0,0.0,-1,,,,0.021946055552568396,0.06245008021948312,0.06583816665770519,0.01388958562452944,0.03363731503486633,0.10546991552349338,2.1047799175584525,0.005,,
mismatch,3,PPO,42,114,2.0,0.0,-1,,,,0.022160818150417195,0.06191949973744011,0.06648245445125157,0.01010343370338281,0.02388577163219452,0.10364965600265827,1.6559568434666965,0.0,,
mismatch,3,Linear,-1,115,2.0,0.0,-1,8.0,,,0.047951617253772415,0.06352975735152887,0.14385485176131724,0.1376692352839458,0.22101598978042603,0.09750653702087533,1.6209091710316461,0.0,,
mismatch,3,LQR,-1,115,2.0,0.0,-1,,,,0.08216068334374282,0.11318235714093823,0.24648205003122847,0.16452590445125545,0.3038155436515808,0.11591921878405678,0.9589736134351092,0.0,,
mismatch,3,SMC,-1,115,2.0,0.0,-1,,16.0,0.5,0.10841609758742198,0.14580174637745139,0.3252482927622659,0.24607784917325148,0.6302361786365509,0.12409133071044985,2.8002997133980454,0.0075,,
mismatch,3,PPO,1024,115,2.0,0.0,-1,,,,0.04198284408175142,0.057046821884543464,0.1259485322452543,0.11678904927347178,0.19803711771965027,0.10473980381155847,2.6872199101280114,0.0075,,
mismatch,3,PPO,123,115,2.0,0.0,-1,,,,0.0361570846993888,0.05501554563115096,0.10847125409816641,0.10005619140042935,0.18152767419815063,0.1099808946236773,2.8626636013616698,0.0075,,
mismatch,3,PPO,42,115,2.0,0.0,-1,,,,0.03480082019158667,0.05542048633136387,0.10440246057476003,0.09587519272104089,0.1779378354549408,0.1066403778506782,2.684136370155638,0.0075,,
mismatch,3,Linear,-1,116,2.0,0.0,-1,8.0,,,0.13475631527610027,0.2778019390441427,0.4042689458283008,0.3174992906458584,0.29107228480279446,0.16984095312933672,3.18664027017158,0.0,,
mismatch,3,LQR,-1,116,2.0,0.0,-1,,,,0.12200973049527714,0.22557240786196675,0.3660291914858314,0.2668882028464182,0.21575768664479256,0.2249815340490345,5.12451770196122,0.0,,
mismatch,3,SMC,-1,116,2.0,0.0,-1,,16.0,0.5,0.2163480403163437,0.385265203026481,0.6490441209490311,0.36901172480465455,0.7289120554924011,0.2616378300758822,7.818246036929636,0.0175,,
mismatch,3,PPO,1024,116,2.0,0.0,-1,,,,0.11914104172388588,0.22867986010428878,0.35742312517165764,0.28251600248831105,0.24321360932663083,0.2059723823668059,4.622357105715644,0.005,,
mismatch,3,PPO,123,116,2.0,0.0,-1,,,,0.11278158995394107,0.21741316473367703,0.3383447698618232,0.26888802114092275,0.2266551349312067,0.24769822564939886,7.585067445736292,0.015,,
mismatch,3,PPO,42,116,2.0,0.0,-1,,,,0.11229277826831711,0.2176706289000121,0.33687833480495133,0.2666097357639192,0.2248239517211914,0.24016820042024825,6.927627837058707,0.015,,
mismatch,3,Linear,-1,117,2.0,0.0,-1,8.0,,,0.04323728759045359,0.16778100923576175,0.12971186277136076,0.025047462623290443,0.009272074326872826,0.12526037582565572,4.709648918225065,0.0125,,
mismatch,3,LQR,-1,117,2.0,0.0,-1,,,,0.08660632831505899,0.19173563039296188,0.25981898494517697,0.1578828358683551,0.028065822087228298,0.1260853488653047,3.5737156380185717,0.005,,
mismatch,3,SMC,-1,117,2.0,0.0,-1,,16.0,0.5,0.05719993202091626,0.1678887089689734,0.17159979606274878,0.09598926773271811,0.020945576950907707,0.14743920281109055,6.250496601232616,0.015,,
mismatch,3,PPO,1024,117,2.0,0.0,-1,,,,0.04292180290111245,0.16247820626378154,0.12876540870333736,0.023675701687296415,0.009982582181692123,0.15684179095853296,7.625634161765061,0.02,,
mismatch,3,PPO,123,117,2.0,0.0,-1,,,,0.04531415114477308,0.16610085350189652,0.13594245343431924,0.022081528468356457,0.011444231495261192,0.161686717603992,8.33811999090909,0.025,,
mismatch,3,PPO,42,117,2.0,0.0,-1,,,,0.04359826088824146,0.16375065082256046,0.13079478266472438,0.021136857356508203,0.0067132990807294846,0.15237118053874768,7.421221571027262,0.0225,,
mismatch,3,Linear,-1,118,2.0,0.0,-1,8.0,,,0.06967499341791711,0.12012990621201294,0.20902498025375132,0.0927667233713523,0.036098726093769073,0.10236632265150547,3.4503959524886554,0.005,,
mismatch,3,LQR,-1,118,2.0,0.0,-1,,,,0.10472926130426966,0.15485520063355981,0.314187783912809,0.20646927640255955,0.06845087185502052,0.1053543734368421,3.1681292241962526,0.0,,
mismatch,3,SMC,-1,118,2.0,0.0,-1,,16.0,0.5,0.09528227911929965,0.13907809381421427,0.28584683735789895,0.19610833675301645,0.0710185132920742,0.1154343233370275,5.557767027786053,0.015,,
mismatch,3,PPO,1024,118,2.0,0.0,-1,,,,0.051962545942646744,0.0938233743917186,0.15588763782794024,0.055362288003649424,0.03286569193005562,0.11170604654083822,4.05406105294809,0.01,,
mismatch,3,PPO,123,118,2.0,0.0,-1,,,,0.05209988659767996,0.09254303139110222,0.1562996597930399,0.05561247037401722,0.01995616778731346,0.12255959315376444,5.373397250058944,0.015,,
mismatch,3,PPO,42,118,2.0,0.0,-1,,,,0.05281054543049469,0.09223361807652124,0.15843163629148407,0.05841393777410741,0.022584494203329086,0.11905271764333705,5.193018157527195,0.015,,
mismatch,3,Linear,-1,119,2.0,0.0,-1,8.0,,,0.06051235610862276,0.12339091561357678,0.18153706832586827,0.08149727745510546,0.007767375558614731,0.1626830191126191,3.9613257991735793,0.005,,
mismatch,3,LQR,-1,119,2.0,0.0,-1,,,,0.05807255358990291,0.11986872585782982,0.17421766076970874,0.08200420870411175,0.03983272984623909,0.16678223522215097,3.8383327288739553,0.0025,,
mismatch,3,SMC,-1,119,2.0,0.0,-1,,16.0,0.5,0.0761684889112408,0.13084230206122852,0.22850546673372238,0.17661588954060903,0.025310751050710678,0.17402702029972997,6.14068950243079,0.0175,,
mismatch,3,PPO,1024,119,2.0,0.0,-1,,,,0.04633970470117375,0.11462976202798347,0.13901911410352127,0.05587820644363945,0.007619064301252365,0.18254435874354513,7.009572041227395,0.02,,
mismatch,3,PPO,123,119,2.0,0.0,-1,,,,0.04593403183863632,0.11087488857116602,0.13780209551590897,0.04878377102683356,0.0036292262375354767,0.19121805092487065,7.618248412317801,0.0225,,
mismatch,3,PPO,42,119,2.0,0.0,-1,,,,0.045142884325376983,0.11052688409523712,0.13542865297613094,0.049760295963489715,0.006632789969444275,0.186727873925259,7.469086224176822,0.0225,,
pulse,2,Linear,-1,100,0.0,0.0,200,8.0,,,2.15809299607923,3.0576702767177935,6.47427898823769,5.2314792941381905,11.741056025028229,1.3912804263488312,59.409901781628015,0.05,17.540603160858154,5.286604315709712
pulse,2,LQR,-1,100,0.0,0.0,200,,,,0.4497768556896956,1.028457961652213,1.349330567069087,0.10600737859437495,0.005836308002471924,0.17833768173108877,6.0311464180365295,0.01,15.000048637390137,2.453201316334122
pulse,2,SMC,-1,100,0.0,0.0,200,,16.0,0.5,0.49215618097505914,1.071876957293067,1.4764685429251774,0.1592440596425239,0.012399137020111084,0.19702978042461633,8.868784503642862,0.02,15.000078678131104,2.67064718377605
pulse,2,PPO,1024,100,0.0,0.0,200,,,,0.3597241091744778,0.9235581024512539,1.0791723275234333,0.06825267325764821,0.06020742654800415,0.2490681140425794,11.608772076043525,0.025,15.000596046447754,1.909479943433063
pulse,2,PPO,123,100,0.0,0.0,200,,,,0.3970023929323391,0.9502702488895598,1.1910071787970173,0.0820955997907821,0.08557325601577759,0.24617088140171958,10.80284910761014,0.02,14.993513107299805,2.115326482121513
pulse,2,PPO,42,100,0.0,0.0,200,,,,0.4052913954153623,0.9568891614372909,1.215874186246087,0.13015732840623384,0.038045644760131836,0.3026523217187261,13.256275862827454,0.025,15.006716251373291,2.1758926722837324
pulse,2,Linear,-1,101,0.0,0.0,200,8.0,,,1.9017561573367985,2.8602481947963563,5.705268472010395,5.396214114295112,11.81292775273323,1.2634152184772371,53.852338628952936,0.0425,17.044806480407715,5.792980618339347
pulse,2,LQR,-1,101,0.0,0.0,200,,,,0.4173125788516807,1.0049643381572895,1.2519377365550421,0.10006205332867893,0.005171835422515869,0.19088676341698715,6.757772733409118,0.01,15.000061988830566,2.3837467488364794
pulse,2,SMC,-1,101,0.0,0.0,200,,16.0,0.5,0.4572944209565651,1.0552484806146576,1.3718832628696953,0.1541309212276965,0.01164466142654419,0.21266797226403275,10.684759062477232,0.025,14.999984741210938,2.6396387854396406
pulse,2,PPO,1024,101,0.0,0.0,200,,,,0.3343149363672932,0.906879417291895,1.0029448091018796,0.06805331619847337,0.06096625328063965,0.23312894594936895,11.346509593268095,0.025,14.986528873443604,1.8721442763549994
pulse,2,PPO,123,101,0.0,0.0,200,,,,0.36972524112141564,0.9336373234992786,1.109175723364247,0.08129487919080773,0.08717203140258789,0.24247195567944996,11.588804428358607,0.0225,14.972460269927979,2.0742617586108656
pulse,2,PPO,42,101,0.0,0.0,200,,,,0.3802648573828952,0.9389651642397987,1.1407945721486858,0.12908480265810165,0.039906322956085205,0.2576452674265217,10.701936628622128,0.0225,14.983872890472412,2.131897071784186
pulse,2,Linear,-1,102,0.0,0.0,200,8.0,,,2.9590401179060426,4.005789295932211,8.877120353718128,5.650083489992,11.951724141836166,1.6978284790182947,81.67194683466019,0.1,16.39820110797882,10.067059215473298
pulse,2,LQR,-1,102,0.0,0.0,200,,,,0.5841763694896436,1.2285327289263028,1.752529108468931,0.11024231625789846,0.00684279203414917,0.26123148314565736,10.005883237419145,0.0175,15.000016212463379,3.0563412497969185
pulse,2,SMC,-1,102,0.0,0.0,200,,16.0,0.5,0.6541227402296367,1.2857426829278769,1.96236822068891,0.14385781968357386,0.010208368301391602,0.294068038945221,14.672998383121495,0.035,14.998250007629395,3.2898891533618393
pulse,2,PPO,1024,102,0.0,0.0,200,,,,0.4119626712119818,1.0714496622122585,1.2358880136359456,0.06682900644056959,0.06163442134857178,0.41190114968509745,24.643978859377857,0.06,14.997916221618652,2.1143610400022634
pulse,2,PPO,123,102,0.0,0.0,200,,,,0.463176933034375,1.097821892280401,1.3895307991031252,0.07776659663858605,0.08765453100204468,0.35588505172967316,18.665674422798695,0.04,14.991236209869385,2.407098770146235
pulse,2,PPO,42,102,0.0,0.0,200,,,,0.4641435966658207,1.0911582200261225,1.3924307899974622,0.12562479892814601,0.04044985771179199,0.38314886427393874,20.216950849276454,0.0425,14.995655536651611,2.4167595018183268
pulse,2,Linear,-1,103,0.0,0.0,200,8.0,,,3.0863653511747233,4.216823269123016,9.259096053524171,5.6018034010021776,11.859319150447845,1.782606304843824,87.61594347369441,0.105,16.760775566101074,10.509677060235719
pulse,2,LQR,-1,103,0.0,0.0,200,,,,0.511201949010244,1.0681659605911316,1.5336058470307317,0.1048557816395237,0.005798816680908203,0.26832694207701335,11.269486429807714,0.02,15.000043869018555,2.4813438837476705
pulse,2,SMC,-1,103,0.0,0.0,200,,16.0,0.5,0.5445100985942966,1.1137411887459399,1.6335302957828897,0.15618209239601352,0.01177603006362915,0.2901218619274544,16.49716714455057,0.0425,14.99980640411377,2.748691590762331
pulse,2,PPO,1024,103,0.0,0.0,200,,,,0.3791634803194652,0.9370028979416359,1.1374904409583955,0.06803166681187756,0.060856640338897705,0.3167907352236441,16.524761172996264,0.0425,14.993673324584961,1.8950747172881048
pulse,2,PPO,123,103,0.0,0.0,200,,,,0.4229115751573502,0.9677608803846884,1.2687347254720505,0.08115284166724225,0.08681422472000122,0.3134395066750912,16.810067845722113,0.04,14.985715866088867,2.1153870733658695
pulse,2,PPO,42,103,0.0,0.0,200,,,,0.43108309855849536,0.9723460051925937,1.293249295675486,0.12892762240436342,0.039445698261260986,0.31865447393602264,15.598553108574988,0.04,14.99366807937622,2.1726908117755137
pulse,2,Linear,-1,104,0.0,0.0,200,8.0,,,2.3647144429218443,3.436982288154414,7.094143328765533,5.176413425692806,11.760669112205505,1.4899437381442349,67.56428869019808,0.0475,17.993935108184814,4.968765809779885
pulse,2,LQR,-1,104,0.0,0.0,200,,,,0.5562367607604833,1.1370278403891914,1.66871028228145,0.10605203532786281,0.005983114242553711,0.32627220670794593,14.955619703279048,0.03,14.999969482421875,2.4800075540847297
pulse,2,SMC,-1,104,0.0,0.0,200,,16.0,0.5,0.6232125339619289,1.1888954254785604,1.8696376018857868,0.1568182999337161,0.011984586715698242,0.3638113569107637,20.734030626500555,0.0525,14.998658657073975,2.7272868695395505
pulse,2,PPO,1024,104,0.0,0.0,200,,,,0.46510324234658496,1.0390901263524472,1.3953097270397548,0.06789816375591873,0.060580670833587646,0.4566349657879506,27.4205766764248,0.0775,15.00393533706665,1.8900722926436224
pulse,2,PPO,123,104,0.0,0.0,200,,,,0.4984381252068311,1.0625274193642125,1.4953143756204932,0.08093856856870799,0.08616739511489868,0.43015176728553606,24.65823085688069,0.055,14.996872425079346,2.10977747751891
pulse,2,PPO,42,104,0.0,0.0,200,,,,0.505011444652789,1.0656686055201217,1.5150343339583672,0.12891767459151185,0.03872406482696533,0.42945616962643635,24.685290804959806,0.0625,15.00023078918457,2.1640248069938144
pulse,2,Linear,-1,105,0.0,0.0,200,8.0,,,1.3245511815944377,2.1555700777039353,3.9736535447833137,5.27121114657249,11.844897478818893,1.046436233506387,46.049260762192745,0.0525,17.98842692375183,5.049943085518939
pulse,2,LQR,-1,105,0.0,0.0,200,,,,0.4633689554282778,1.088612471283975,1.3901068662848333,0.10647586050132911,0.0062184929847717285,0.2541567341259784,11.138429701707736,0.02,14.999996185302734,2.651392435580863
pulse,2,SMC,-1,105,0.0,0.0,200,,16.0,0.5,0.5143983095353245,1.1510457338303641,1.5431949286059734,0.14985492078150497,0.010867655277252197,0.2738633698238635,15.337280713565418,0.0375,14.999984741210938,2.948638644708849
pulse,2,PPO,1024,105,0.0,0.0,200,,,,0.34480871257456586,0.9520786446694752,1.0344261377236976,0.06749249423313657,0.061465442180633545,0.3245921208525536,18.024129339038264,0.0425,14.996391773223877,1.909630311527915
pulse,2,PPO,123,105,0.0,0.0,200,,,,0.38856839668702453,0.9834335518561718,1.1657051900610735,0.07920859013626605,0.08769750595092773,0.32190243567240207,17.266547024353297,0.04,14.984976768493652,2.166817774764489
pulse,2,PPO,42,105,0.0,0.0,200,,,,0.3983668549015734,0.9822126143008073,1.1951005647047201,0.1269261217503636,0.04048043489456177,0.35455451280510336,17.97033024940247,0.0425,14.985564708709717,2.2061531105963743
pulse,2,Linear,-1,106,0.0,0.0,200,8.0,,,3.059252265497039,4.171421606245323,9.177756796491117,5.6651238743905665,11.967304199934006,1.8075517618150783,89.73569431066574,0.11,16.602124094963074,10.2879641600954
pulse,2,LQR,-1,106,0.0,0.0,200,,,,0.6388210638099933,1.2500712135619647,1.91646319142998,0.11140758840850105,0.006941854953765869,0.31557595213403633,13.599077272616896,0.0275,14.999984741210938,2.9628986222252474
pulse,2,SMC,-1,106,0.0,0.0,200,,16.0,0.5,0.6884547734738762,1.302825609143532,2.0653643204216285,0.14540902679257187,0.010263919830322266,0.3339219069334956,18.381546175167998,0.05,14.99861478805542,3.2292273579749153
pulse,2,PPO,1024,106,0.0,0.0,200,,,,0.4625408830315088,1.0673451899029098,1.3876226490945265,0.06757917374740412,0.06177854537963867,0.4748945350844664,26.60909931155742,0.055,14.992812156677246,2.024011288672241
pulse,2,PPO,123,106,0.0,0.0,200,,,,0.5131156321135771,1.0992482021610048,1.5393468963407315,0.07875312416365852,0.08805757761001587,0.4173896350616826,21.745831935236584,0.05,14.986476421356201,2.324053758291982
pulse,2,PPO,42,106,0.0,0.0,200,,,,0.5191361166196948,1.0988449406236136,1.5574083498590847,0.1263700894275565,0.04082673788070679,0.44240414902121944,23.10180448634763,0.05,14.989648818969727,2.3565603066699126
pulse,2,Linear,-1,107,0.0,0.0,200,8.0,,,3.317803607988833,4.429645889465986,9.9534108239665,5.677182883392145,11.91549813747406,1.8129978251278847,85.90050496466391,0.095,17.15946626663208,10.61110108837819
pulse,2,LQR,-1,107,0.0,0.0,200,,,,0.5159341256408654,1.0911247371544568,1.5478023769225961,0.10035566265844269,0.005322813987731934,0.2672141291116638,9.86947481649132,0.015,14.99999713897705,2.453291833688
pulse,2,SMC,-1,107,0.0,0.0,200,,16.0,0.5,0.574794248570181,1.1545183090865636,1.724382745710543,0.1507321200850937,0.01091378927230835,0.288652638161768,14.740694699763814,0.035,14.998720169067383,2.780604640726204
pulse,2,PPO,1024,107,0.0,0.0,200,,,,0.4037701489813378,0.9750504949194361,1.2113104469440135,0.0677907294191328,0.061689913272857666,0.3800591929557912,19.198895805505497,0.04,14.97930383682251,1.8639996958924319
pulse,2,PPO,123,107,0.0,0.0,200,,,,0.44582208066231144,1.0002507334096802,1.3374662419869343,0.0802148445336907,0.0885116457939148,0.34222711994315025,16.661050636015137,0.035,14.956984996795654,2.088100371011232
pulse,2,PPO,42,107,0.0,0.0,200,,,,0.45221437986069984,1.003999037050011,1.3566431395820995,0.12764665806367073,0.04140591621398926,0.34231585081192917,15.74586679063923,0.035,14.967572212219238,2.143419303027774
pulse,2,Linear,-1,108,0.0,0.0,200,8.0,,,2.1577689504655,3.4801342686784342,6.4733068513965,5.564894002528838,11.83133551478386,1.2977144466596946,66.96467230415838,0.1025,16.577311158180237,10.291061100202487
pulse,2,LQR,-1,108,0.0,0.0,200,,,,0.4385362282420136,1.0259137226491795,1.3156086847260409,0.10620321149443403,0.005980551242828369,0.2090403224765067,7.428992029339375,0.01,15.000001907348633,2.4744212659288993
pulse,2,SMC,-1,108,0.0,0.0,200,,16.0,0.5,0.4711091898479255,1.0730867563583115,1.4133275695437766,0.15744415125637143,0.012096524238586426,0.22107800037442496,12.33509497628727,0.0325,14.999947547912598,2.713561445094682
pulse,2,PPO,1024,108,0.0,0.0,200,,,,0.3390691776489738,0.9113219600841762,1.0172075329469215,0.06795455912059103,0.06047987937927246,0.23288739764333663,11.374163790125408,0.0275,15.004469871520996,1.8935648351212713
pulse,2,PPO,123,108,0.0,0.0,200,,,,0.37717670733488456,0.9409567164071145,1.1315301220046536,0.08114823710495307,0.08598566055297852,0.24250817362061164,12.344250707226696,0.0275,14.997762680053711,2.1105531695859496
pulse,2,PPO,42,108,0.0,0.0,200,,,,0.3874700180164299,0.945050103615718,1.1624100540492897,0.12915235486479454,0.03851526975631714,0.23096615506192097,10.973737431602515,0.0275,15.002838134765625,2.1660805531031455
pulse,2,Linear,-1,109,0.0,0.0,200,8.0,,,2.8194061515129736,3.9619343215832084,8.45821845453892,5.582866614615476,11.833615958690643,1.6408392901804085,80.92301142287872,0.0975,16.67570471763611,10.426555134328222
pulse,2,LQR,-1,109,0.0,0.0,200,,,,0.5054213999796129,1.0642845829935932,1.5162641999388389,0.10265299147799795,0.00550466775894165,0.25575841096184365,9.13145003795888,0.0125,15.000053882598877,2.4092260653394
pulse,2,SMC,-1,109,0.0,0.0,200,,16.0,0.5,0.5615315687148239,1.1137237787434497,1.684594706144472,0.15580003536133855,0.011936545372009277,0.2827754506476261,13.33769211335226,0.0325,15.001109600067139,2.648542229966515
pulse,2,PPO,1024,109,0.0,0.0,200,,,,0.40052200652154185,0.9593023656594025,1.2015660195646254,0.06798119472776666,0.06062877178192139,0.33933009246266693,16.366072620005713,0.035,15.001673221588135,1.8799545264788973
pulse,2,PPO,123,109,0.0,0.0,200,,,,0.44161780062886397,0.9849086524945172,1.3248534018865918,0.08127722794902914,0.08640062808990479,0.3258160639396332,15.319284888210541,0.03,14.993419170379639,2.0860693553156815
pulse,2,PPO,42,109,0.0,0.0,200,,,,0.4534034182186721,0.9893924462935608,1.3602102546560162,0.1292279355779842,0.03901803493499756,0.38023135348448434,18.59154429221796,0.0325,14.996963024139404,2.142151345197686
pulse,2,Linear,-1,110,0.0,0.0,200,8.0,,,2.0394877721760687,3.1705076515732595,6.118463316528206,4.938971990788424,11.722217559814453,1.3649906059007098,58.94755390878018,0.05,18.727960109710693,4.338948998563177
pulse,2,LQR,-1,110,0.0,0.0,200,,,,0.4934062227666384,1.0926759624852727,1.4802186682999152,0.10720960486588287,0.006279647350311279,0.23241836001974323,8.832751356310075,0.01,15.000027656555176,2.6411580660737197
pulse,2,SMC,-1,110,0.0,0.0,200,,16.0,0.5,0.5317802130672786,1.1445328147784932,1.5953406392018359,0.15254695186920372,0.011387884616851807,0.24012426291964564,12.53231433577998,0.03,15.000480651855469,2.912327261511885
pulse,2,PPO,1024,110,0.0,0.0,200,,,,0.35233364535878076,0.9645922084926657,1.0570009360763424,0.06740239584519539,0.06080371141433716,0.30874426426955887,17.06619716075847,0.04,14.99826717376709,1.920736083640388
pulse,2,PPO,123,110,0.0,0.0,200,,,,0.3955620554227812,0.9937105979698968,1.1866861662683437,0.07926500776069767,0.08629697561264038,0.29281884730977015,15.282385211271023,0.035,14.994458198547363,2.172474517825231
pulse,2,PPO,42,110,0.0,0.0,200,,,,0.39976067389829933,0.9870511921966065,1.1992820216948978,0.12751233554732652,0.03895461559295654,0.3293250656113066,14.645010152682685,0.0325,14.999382495880127,2.1972761072823084
pulse,2,Linear,-1,111,0.0,0.0,200,8.0,,,3.3482544550707787,4.559045508750314,10.044763365212335,5.542073604869254,11.7716703414917,1.872010977153766,97.03308114224588,0.1,17.770514011383057,10.805784669412828
pulse,2,LQR,-1,111,0.0,0.0,200,,,,0.6376832401409361,1.2356213426697031,1.9130497204228083,0.10172315238526573,0.0051253437995910645,0.37345532263880565,17.579024179862063,0.035,15.000474452972412,2.3739517612188163
pulse,2,SMC,-1,111,0.0,0.0,200,,16.0,0.5,0.6933821499005505,1.2674854292900706,2.0801464497016515,0.1571831662023877,0.0124625563621521,0.4009940613373566,22.669028205850307,0.06,15.002457618713379,2.531905136418654
pulse,2,PPO,1024,111,0.0,0.0,200,,,,0.5772821791601659,1.1928782944393486,1.7318465374804977,0.06869910526330825,0.06003826856613159,0.5875103773916154,37.598442369854006,0.1075,14.995492935180664,1.9214016968078578
pulse,2,PPO,123,111,0.0,0.0,200,,,,0.5925860729878296,1.1994439512139827,1.7777582189634888,0.08342556450745942,0.0855093002319336,0.5203725948855467,31.44693845505168,0.0725,14.988621711730957,2.0996616296192157
pulse,2,PPO,42,111,0.0,0.0,200,,,,0.6073041058386229,1.206795908598327,1.821912317515869,0.13166879062299375,0.03803342580795288,0.5251861574811085,31.85623304607857,0.0775,15.00470781326294,2.1649925842306654
pulse,2,Linear,-1,112,0.0,0.0,200,8.0,,,2.4973538842606526,3.5668182820091334,7.492061652781957,5.581166880366243,11.861767560243607,1.5769785184812666,76.37534043105454,0.115,16.417444229125977,10.097736339997592
pulse,2,LQR,-1,112,0.0,0.0,200,,,,0.4565918636055398,1.0749510103671243,1.3697755908166196,0.10790489120753827,0.006341338157653809,0.24198450436599456,8.53888128255476,0.01,15.000001430511475,2.5946055631574927
pulse,2,SMC,-1,112,0.0,0.0,200,,16.0,0.5,0.5226192878859608,1.1345709897138858,1.5678578636578826,0.1541117303027415,0.01156848669052124,0.2529389288065295,12.891592528178348,0.03,14.999847888946533,2.8684130109457384
pulse,2,PPO,1024,112,0.0,0.0,200,,,,0.34714373628936357,0.9487003129880552,1.0414312088680906,0.06761706714736826,0.060762643814086914,0.2796608875331439,13.539259230006719,0.03,14.998667240142822,1.8956013528435534
pulse,2,PPO,123,112,0.0,0.0,200,,,,0.3944234971347221,0.9810719327554274,1.1832704914041663,0.07977526940773298,0.08627861738204956,0.2773071098283045,13.382705702558614,0.03,14.992760181427002,2.1431998603175675
pulse,2,PPO,42,112,0.0,0.0,200,,,,0.4007855664237293,0.9776688723324753,1.202356699271188,0.12793351728239177,0.03889334201812744,0.2761937115815215,12.024982188278086,0.0275,14.998805522918701,2.180635940978554
pulse,2,Linear,-1,113,0.0,0.0,200,8.0,,,2.135176655323131,2.9813811132585584,6.405529965969392,5.306357511031774,11.769942700862885,1.4037494745635035,61.8725295416281,0.055,17.1370747089386,5.584253141128305
pulse,2,LQR,-1,113,0.0,0.0,200,,,,0.6383335069599945,1.2389363728914013,1.9150005208799834,0.10719958304163114,0.005977511405944824,0.29810842369685464,11.56708745261841,0.02,14.999603271484375,2.496417273512453
pulse,2,SMC,-1,113,0.0,0.0,200,,16.0,0.5,0.6998724756593617,1.2912733198991233,2.099617426978085,0.15980668630404973,0.01232212781906128,0.3394588989802904,17.218411253310773,0.045,14.99629020690918,2.7280828572012745
pulse,2,PPO,1024,113,0.0,0.0,200,,,,0.5360274092291953,1.1529136030427156,1.608082227687586,0.0683506769300611,0.06035858392715454,0.48711246952525994,26.981963531594456,0.06,14.99402666091919,1.9219393122533512
pulse,2,PPO,123,113,0.0,0.0,200,,,,0.5648111096573243,1.1575927751843125,1.6944333289719729,0.08218908242099447,0.08588260412216187,0.41031890386655145,20.39339937255508,0.045,14.985593318939209,2.1356091668588384
pulse,2,PPO,42,113,0.0,0.0,200,,,,0.5745120496587427,1.1640491842309935,1.723536148976228,0.13011504958073297,0.03836667537689209,0.3963765040077176,18.872629689113506,0.0425,15.004064083099365,2.1974056568460085
pulse,2,Linear,-1,114,0.0,0.0,200,8.0,,,1.9045423277168352,2.8665376898434762,5.7136269831505055,5.393131568843936,11.791096866130829,1.2945844858810491,56.64649205621104,0.05,16.760138034820557,5.959143858421501
pulse,2,LQR,-1,114,0.0,0.0,200,,,,0.4156973755416009,1.005676026104105,1.2470921266248027,0.10168185693292338,0.005273401737213135,0.20179612914483103,6.657832766803117,0.01,15.0,2.4000987414669117
pulse,2,SMC,-1,114,0.0,0.0,200,,16.0,0.5,0.4629853013957094,1.0492631909675514,1.3889559041871282,0.15643874158001977,0.01203066110610962,0.20877395347163935,9.89056651063671,0.025,14.999849796295166,2.6193906627688093
pulse,2,PPO,1024,114,0.0,0.0,200,,,,0.34090662001015143,0.9104613598915334,1.0227198600304543,0.06835051966302189,0.060626447200775146,0.20949223018866822,8.244881305677424,0.0175,14.988351345062256,1.8987831269108242
pulse,2,PPO,123,114,0.0,0.0,200,,,,0.37663028992136516,0.9367068323133253,1.1298908697640955,0.08221351204692949,0.08656591176986694,0.23263419419527054,9.965614005079873,0.0175,14.981276512145996,2.0947653160138584
pulse,2,PPO,42,114,0.0,0.0,200,,,,0.38980230503248753,0.9438525297765075,1.1694069150974626,0.13010223816942285,0.0391964316368103,0.34413797084121334,14.07909820828142,0.02,14.993171691894531,2.156621049607719
pulse,2,Linear,-1,115,0.0,0.0,200,8.0,,,2.8077148014210405,3.9673877069178216,8.423144404263121,5.528759312482528,11.744565397500992,1.6686493635474893,82.04388221344776,0.1075,16.899744510650635,10.629424198868856
pulse,2,LQR,-1,115,0.0,0.0,200,,,,0.4368756705129028,0.9822189776572995,1.3106270115387084,0.09728092774978758,0.0046002864837646484,0.19965720694237027,6.142415581316268,0.01,14.999951839447021,2.272076654831754
pulse,2,SMC,-1,115,0.0,0.0,200,,16.0,0.5,0.489338700517707,1.0175483868334083,1.468016101553121,0.15361266342900048,0.012264788150787354,0.21460301703004836,8.39314618075476,0.0175,14.99998426437378,2.4365091838674684
pulse,2,PPO,1024,115,0.0,0.0,200,,,,0.3625930015412674,0.9065631172341055,1.0877790046238023,0.06850407154149847,0.05987733602523804,0.2355576753244733,8.372740598475971,0.015,15.001475811004639,1.8793032585471794
pulse,2,PPO,123,115,0.0,0.0,200,,,,0.3965912186573565,0.9285202206058001,1.1897736559720695,0.08292989590331729,0.0851554274559021,0.2380705739643211,9.148804853901517,0.015,14.995582103729248,2.044950730269265
pulse,2,PPO,42,115,0.0,0.0,200,,,,0.4087394436121495,0.934167391540082,1.2262183308364485,0.13147096634830957,0.03773927688598633,0.3137634442445643,11.749347596440192,0.015,15.005757331848145,2.106092123092333
pulse,2,Linear,-1,116,0.0,0.0,200,8.0,,,2.602235206936239,3.628226838718549,7.806705620808717,5.591608341461346,11.873179018497467,1.5447348667647773,73.40376479217419,0.105,16.364192008972168,10.04008283742254
pulse,2,LQR,-1,116,0.0,0.0,200,,,,0.5013211113071736,1.1109909700546758,1.503963333921521,0.10783528852747915,0.006377160549163818,0.19292111033783768,6.628950897895546,0.01,15.000000476837158,2.681698600427984
pulse,2,SMC,-1,116,0.0,0.0,200,,16.0,0.5,0.5547701019912971,1.1668806647088008,1.664310305973891,0.15195460100140837,0.011275947093963623,0.20543159251775747,9.365948977477489,0.02,14.999261379241943,2.9533661391808472
pulse,2,PPO,1024,116,0.0,0.0,200,,,,0.36252356955126636,0.9777204367443411,1.0875707086537991,0.06738813297340164,0.06090480089187622,0.3118772202187643,16.4298958144108,0.035,14.9986891746521,1.9360946024031336
pulse,2,PPO,123,116,0.0,0.0,200,,,,0.40477071116590935,1.0073062474522634,1.214312133497728,0.07916457888980706,0.0864722728729248,0.2735509944712729,12.944168196441456,0.025,14.994084358215332,2.193447006263988
pulse,2,PPO,42,116,0.0,0.0,200,,,,0.40823882564217945,1.0008127648286804,1.2247164769265382,0.12735536147230936,0.03914225101470947,0.2729512831089354,12.660235443705998,0.0275,14.999031066894531,2.217595234879325
pulse,2,Linear,-1,117,0.0,0.0,200,8.0,,,3.2711847283980395,4.453727546844002,9.81355418519412,5.59222627201198,11.828392118215561,1.8441368336986723,93.6635978268,0.095,17.619781017303467,10.750452921304166
pulse,2,LQR,-1,117,0.0,0.0,200,,,,0.49009099888986135,1.0489807711298287,1.470272996669584,0.10103772250636492,0.005186140537261963,0.2967395685419612,12.511827226761904,0.02,15.000001907348633,2.3903610903575125
pulse,2,SMC,-1,117,0.0,0.0,200,,16.0,0.5,0.549979705892268,1.0920832532966784,1.6499391176768037,0.15604391489407898,0.012010931968688965,0.32461738508426063,16.97840158346318,0.0425,15.00102710723877,2.602989263044883
pulse,2,PPO,1024,117,0.0,0.0,200,,,,0.4088777082493019,0.9643615017436842,1.2266331247479059,0.06837944044835037,0.0606498122215271,0.401956370866804,23.097602279658926,0.0475,14.987686157226562,1.8991639085614413
pulse,2,PPO,123,117,0.0,0.0,200,,,,0.4410671349127134,0.9861032277219633,1.3232014047381402,0.08229623454404467,0.08664155006408691,0.3841737650353415,20.816795380270452,0.0425,14.98046350479126,2.092095555793216
pulse,2,PPO,42,117,0.0,0.0,200,,,,0.4528360701694849,0.9928772075675215,1.3585082105084547,0.13017862423518559,0.03928720951080322,0.377188915075581,20.145463722719576,0.0475,14.992966651916504,2.154703367862906
pulse,2,Linear,-1,118,0.0,0.0,200,8.0,,,2.524474188197692,3.834596053171416,7.573422564593076,5.633547563611725,11.906992077827454,1.4915149567504773,77.30254232608104,0.105,16.51905643939972,10.231194321316346
pulse,2,LQR,-1,118,0.0,0.0,200,,,,0.46903754483694743,1.081024014672267,1.4071126345108425,0.10631934712054553,0.00617372989654541,0.2137275489459815,7.195037359048129,0.01,14.999921798706055,2.6076386688156656
pulse,2,SMC,-1,118,0.0,0.0,200,,16.0,0.5,0.5142770691551052,1.140707621768848,1.5428312074653154,0.15115442598399556,0.01105642318725586,0.22037296083067445,9.8816720831159,0.0175,14.999862670898438,2.904674455606893
pulse,2,PPO,1024,118,0.0,0.0,200,,,,0.3504940714975099,0.9461648500003575,1.0514822144925298,0.06755874018518278,0.061329662799835205,0.2592149618409221,12.8555047929453,0.0275,14.998011589050293,1.8953981311407997
pulse,2,PPO,123,118,0.0,0.0,200,,,,0.39416840893440164,0.9781213886522718,1.182505226803205,0.07946102937430512,0.0874672532081604,0.2509998628809268,11.542642951160701,0.0225,14.987618446350098,2.146570308717774
pulse,2,PPO,42,118,0.0,0.0,200,,,,0.4032452137690233,0.9770453153357703,1.2097356413070697,0.1272145084760807,0.04021531343460083,0.26964658017542,11.121177621527258,0.0225,14.988222122192383,2.1898136465481266
pulse,2,Linear,-1,119,0.0,0.0,200,8.0,,,2.9978563707687287,4.078269008164706,8.993569112306186,5.534407645096014,11.748149931430817,1.7140012727934226,83.48245129082196,0.095,16.964492797851562,10.647669629161408
pulse,2,LQR,-1,119,0.0,0.0,200,,,,0.6363506749584336,1.233834417876735,1.9090520248753007,0.09659505421640696,0.004522383213043213,0.31572902750727133,13.069606199180226,0.0275,14.999725818634033,2.264118254249591
pulse,2,SMC,-1,119,0.0,0.0,200,,16.0,0.5,0.6879638672935221,1.2703689593230354,2.063891601880566,0.15300079517894322,0.012196958065032959,0.34152945032576754,17.12107326542431,0.0425,14.999958992004395,2.4283700518643676
pulse,2,PPO,1024,119,0.0,0.0,200,,,,0.5813477935905453,1.2008318542694008,1.7440433807716358,0.06850199769308538,0.05993300676345825,0.5327296665407476,30.279665242902766,0.075,14.999828815460205,1.8768665283844246
pulse,2,PPO,123,119,0.0,0.0,200,,,,0.5921963718239797,1.1889710225413481,1.776589115471939,0.08288752768234706,0.08528351783752441,0.44106267348043343,22.371111358482064,0.05,14.992522239685059,2.041093632050637
pulse,2,PPO,42,119,0.0,0.0,200,,,,0.603281055617743,1.195285231752805,1.8098431668532293,0.13141532959761443,0.03789240121841431,0.4511819522075374,22.13213816837775,0.0475,15.002903938293457,2.1023042016565356
pulse,3,Linear,-1,100,0.0,0.0,200,8.0,,,0.23191426334328213,0.7585567573160028,0.6957427900298464,0.02361347379139912,0.004135847091674805,0.25027202764651424,14.70131740721104,0.04,14.999812602996826,1.256507880791132
pulse,3,LQR,-1,100,0.0,0.0,200,,,,0.31423599850223805,0.8108263322410907,0.9427079955067141,0.060440079113583504,0.004571199417114258,0.14102298178212302,5.111250390332101,0.01,14.999873161315918,1.6792260504035808
pulse,3,SMC,-1,100,0.0,0.0,200,,16.0,0.5,0.3302699078069125,0.8083867451811505,0.9908097234207375,0.13391270046984707,0.028338730335235596,0.17958126812307154,8.17241000749792,0.0225,15.000359058380127,1.7146190962758823
pulse,3,PPO,1024,100,0.0,0.0,200,,,,0.23593904402905166,0.7590848880047916,0.707817132087155,0.02508088187487037,0.010466575622558594,0.33464456907011325,21.592737090248534,0.0625,14.998425960540771,1.2923764570324279
pulse,3,PPO,123,100,0.0,0.0,200,,,,0.23777845746304155,0.76223170343681,0.7133353723891247,0.025281353451219606,0.02085292339324951,0.2613073113145646,16.965666972682413,0.05,14.999324798583984,1.30433960806634
pulse,3,PPO,42,100,0.0,0.0,200,,,,0.2383865732418997,0.7623987826692146,0.7151597197256991,0.026486888665843894,0.015577971935272217,0.24143735676112021,15.225022453429132,0.045,14.999712944030762,1.3069425992000459
pulse,3,Linear,-1,101,0.0,0.0,200,8.0,,,0.23174007976093233,0.756565499748139,0.6952202392827971,0.024104142435079003,0.004244863986968994,0.22327596751829037,12.986789930689003,0.0375,15.0008544921875,1.2677886370634335
pulse,3,LQR,-1,101,0.0,0.0,200,,,,0.3047369711651875,0.8044670945898458,0.9142109134955624,0.0620839858174692,0.00477367639541626,0.14528519830771286,5.160496203197351,0.01,15.000457286834717,1.6927138218257707
pulse,3,SMC,-1,101,0.0,0.0,200,,16.0,0.5,0.3188563641752964,0.8039150816134296,0.9565690925258892,0.13948142252586507,0.02949446439743042,0.1846917618710276,9.023199882042707,0.0225,14.99930477142334,1.7425005317327396
pulse,3,PPO,1024,101,0.0,0.0,200,,,,0.2363314277717746,0.757165576474644,0.7089942833153239,0.025262790421644848,0.010797858238220215,0.2855813645959792,17.61889954697517,0.05,15.002163887023926,1.3002473057446937
pulse,3,PPO,123,101,0.0,0.0,200,,,,0.2397315514286328,0.7607052084464649,0.7191946542858985,0.02550259708530373,0.02068626880645752,0.21014325029217867,12.515165336809298,0.0375,15.003377914428711,1.3191875105825674
pulse,3,PPO,42,101,0.0,0.0,200,,,,0.23996394641441157,0.7609605638216512,0.7198918392432347,0.026757236133203095,0.015652894973754883,0.20791319347081932,12.507078050229559,0.0375,15.002993106842041,1.321042125099408
pulse,3,Linear,-1,102,0.0,0.0,200,8.0,,,0.22217921777345792,0.74591354980549,0.6665376533203737,0.024277084874978035,0.004260718822479248,0.2479834759751906,15.290978561970428,0.0425,14.99857759475708,1.2221035633875585
pulse,3,LQR,-1,102,0.0,0.0,200,,,,0.3085632787663985,0.8080681185336193,0.9256898362991955,0.06364468587447464,0.004935503005981445,0.16935236400156312,6.980330672288957,0.0125,14.999423027038574,1.7148359784189222
pulse,3,SMC,-1,102,0.0,0.0,200,,16.0,0.5,0.31963508755142056,0.8066603852784886,0.9589052626542617,0.1459171713134389,0.03057950735092163,0.21347006404517796,11.842913375708688,0.0325,15.00026798248291,1.7791544007721232
pulse,3,PPO,1024,102,0.0,0.0,200,,,,0.2293288374270513,0.7474360457288335,0.6879865122811539,0.025292235001185794,0.011254191398620605,0.3192020637213143,20.440315298586796,0.06,15.00102710723877,1.2722959646686394
pulse,3,PPO,123,102,0.0,0.0,200,,,,0.2269156737305713,0.7482991161146955,0.6807470211917139,0.025534240057530962,0.020795762538909912,0.2394302628476851,14.958968199151228,0.045,14.995830535888672,1.2549908070950144
pulse,3,PPO,42,102,0.0,0.0,200,,,,0.22728521368642055,0.7489803108393288,0.6818556410592616,0.026853557503609744,0.015981435775756836,0.23205818609332207,14.711547960001486,0.045,14.999383449554443,1.2602969163157676
pulse,3,Linear,-1,103,0.0,0.0,200,8.0,,,0.29266746055808207,0.7865687136706216,0.8780023816742463,0.023887741264461734,0.004197478294372559,0.33097678174652584,15.48120205577246,0.0375,14.985836505889893,1.2558643762346597
pulse,3,LQR,-1,103,0.0,0.0,200,,,,0.3631953607137793,0.8291942071267107,1.089586082141338,0.061869728919348596,0.00473397970199585,0.27869171682632576,9.110412563730376,0.01,14.995711326599121,1.6926321526016317
pulse,3,SMC,-1,103,0.0,0.0,200,,16.0,0.5,0.4395518648043911,0.869173817176598,1.3186555944131735,0.13864228994022182,0.02927631139755249,0.3032205336860165,13.111209813275728,0.035,15.000221252441406,1.7386321416541712
pulse,3,PPO,1024,103,0.0,0.0,200,,,,0.28743158389358603,0.7800633931485255,0.862294751680758,0.025155617809498015,0.01078706979751587,0.385813595183621,18.985085793972164,0.05,14.989459991455078,1.2928905884749187
pulse,3,PPO,123,103,0.0,0.0,200,,,,0.2838412965401111,0.781202537529733,0.8515238896203332,0.025397166920204956,0.020774364471435547,0.334271215710631,16.176168668523,0.0425,14.993785381317139,1.3026161717936693
pulse,3,PPO,42,103,0.0,0.0,200,,,,0.28413368869119604,0.781826982130649,0.8524010660735881,0.026645434272969948,0.015706121921539307,0.32823252622177473,15.765584288022248,0.0425,14.99514389038086,1.3056538199764949
pulse,3,Linear,-1,104,0.0,0.0,200,8.0,,,0.27134449082463113,0.780129977472674,0.8140334724738933,0.023900883582731087,0.004190325736999512,0.2984919003269024,18.240800904976478,0.0525,15.00163459777832,1.2479071939845954
pulse,3,LQR,-1,104,0.0,0.0,200,,,,0.3487501577029031,0.8279151799467168,1.0462504731087092,0.06142911666797267,0.004684150218963623,0.22215444541857357,10.432571591426688,0.02,15.000964164733887,1.6875587429072876
pulse,3,SMC,-1,104,0.0,0.0,200,,16.0,0.5,0.3610077433393384,0.8251315076516667,1.0830232300180151,0.1375759359403157,0.029046237468719482,0.26078524268647435,14.769973965808086,0.04,14.998626708984375,1.7306336844849646
pulse,3,PPO,1024,104,0.0,0.0,200,,,,0.2780081757722873,0.7785681746696531,0.8340245273168619,0.02520835495059505,0.010671138763427734,0.35137307677334384,23.491181963811336,0.0725,14.999819278717041,1.2865128497273397
pulse,3,PPO,123,104,0.0,0.0,200,,,,0.2834671170962471,0.7829062577560529,0.8504013512887414,0.02541051216331529,0.020818233489990234,0.2929535050852633,19.67953117087373,0.0575,14.999415397644043,1.294704768380419
pulse,3,PPO,42,104,0.0,0.0,200,,,,0.28291777398201917,0.7827028699083939,0.8487533219460575,0.026655047465069793,0.01566380262374878,0.28137545198425096,18.986507106227,0.0575,15.000003814697266,1.2976477241319655
pulse,3,Linear,-1,105,0.0,0.0,200,8.0,,,0.25308667625287423,0.757858097270535,0.7592600287586228,0.024335041389237217,0.004279673099517822,0.2778492695895811,14.412137143270378,0.0375,15.001091480255127,1.240951278992924
pulse,3,LQR,-1,105,0.0,0.0,200,,,,0.3329702256996795,0.811669015086839,0.9989106770990384,0.06342028833373829,0.004917919635772705,0.21393607974911683,8.104447329170743,0.01,15.000784397125244,1.7064454477576918
pulse,3,SMC,-1,105,0.0,0.0,200,,16.0,0.5,0.3499002882572865,0.8140829214274566,1.0497008647718595,0.14468780626761324,0.030431747436523438,0.2518530451787301,12.872848325712344,0.035,14.998844623565674,1.7676203466896245
pulse,3,PPO,1024,105,0.0,0.0,200,,,,0.2604732302769226,0.7598434790060501,0.7814196908307678,0.025344026217490066,0.011113345623016357,0.3442223389398427,19.89054919450527,0.0525,15.000629901885986,1.2830432975358927
pulse,3,PPO,123,105,0.0,0.0,200,,,,0.26256995697305263,0.761517106242324,0.7877098709191579,0.025584992251278443,0.02072465419769287,0.2658061886675414,14.707187113345231,0.0375,14.998754024505615,1.2823603079371637
pulse,3,PPO,42,105,0.0,0.0,200,,,,0.2622883657584972,0.761755211534518,0.7868650972754915,0.02688744836659343,0.015852034091949463,0.25800112539210224,14.097175307559935,0.0375,15.00002908706665,1.2862169177859872
pulse,3,Linear,-1,106,0.0,0.0,200,8.0,,,0.2724490055798128,0.7707821757830817,0.8173470167394383,0.023816122225037328,0.004181265830993652,0.3498763058734059,17.56000617272328,0.0375,14.991800308227539,1.2251571063322955
pulse,3,LQR,-1,106,0.0,0.0,200,,,,0.350864100949111,0.82804587020244,1.0525923028473332,0.06322241182450528,0.004879951477050781,0.28126688442306774,10.432354025949302,0.0125,14.996975421905518,1.7140961090121325
pulse,3,SMC,-1,106,0.0,0.0,200,,16.0,0.5,0.4259845353095891,0.8605664396111408,1.277953605928767,0.14316221071338212,0.03002619743347168,0.3015072871102509,14.226168852294343,0.0375,15.001343250274658,1.7646546110010415
pulse,3,PPO,1024,106,0.0,0.0,200,,,,0.27578795411127,0.7714715936747919,0.82736386233381,0.02499474764422134,0.011326909065246582,0.4445185461023502,27.628728698108883,0.0825,14.996588706970215,1.27300844375804
pulse,3,PPO,123,106,0.0,0.0,200,,,,0.2644602368086041,0.7686844804114185,0.7933807104258123,0.025283835770815243,0.020841360092163086,0.3722588585136909,22.010016457740335,0.065,14.992228507995605,1.2545435138890029
pulse,3,PPO,42,106,0.0,0.0,200,,,,0.2628486964931744,0.7691256461277589,0.7885460894795232,0.02657006534943242,0.016070246696472168,0.34312609288646395,18.921345584817303,0.0525,14.996731758117676,1.260289331532051
pulse,3,Linear,-1,107,0.0,0.0,200,8.0,,,0.2337740256059342,0.7576866357345431,0.7013220768178026,0.024466321378210445,0.004321932792663574,0.27553965139232967,15.923485875907302,0.045,14.997445583343506,1.2679026919088108
pulse,3,LQR,-1,107,0.0,0.0,200,,,,0.31365801190496023,0.8129222133666696,0.9409740357148807,0.06386312104209706,0.004977285861968994,0.18609770063451372,6.955381256700893,0.01,14.999261856079102,1.7090826531158603
pulse,3,SMC,-1,107,0.0,0.0,200,,16.0,0.5,0.3146339304271407,0.8101439794587547,0.9439017912814222,0.1453498482796145,0.030661404132843018,0.21158963458342134,11.430263261498963,0.03,14.99991226196289,1.7726322508310501
pulse,3,PPO,1024,107,0.0,0.0,200,,,,0.23375146547336276,0.7584714411011015,0.7012543964200884,0.025379201673247195,0.011147499084472656,0.34353195132683045,21.454722044638842,0.0625,14.99956464767456,1.3013316081067667
pulse,3,PPO,123,107,0.0,0.0,200,,,,0.23490403660868023,0.7615720095478641,0.7047121098260407,0.02565212872017313,0.020596683025360107,0.28217461394341176,17.781929393844877,0.0525,14.999516010284424,1.3155920276816804
pulse,3,PPO,42,107,0.0,0.0,200,,,,0.23445652650958757,0.761909113711457,0.7033695795287627,0.02694921158714059,0.015791237354278564,0.262061020819252,16.149006145416244,0.0475,14.999972343444824,1.3180426233795597
pulse,3,Linear,-1,108,0.0,0.0,200,8.0,,,0.2532708593942256,0.7589556767451163,0.7598125781826768,0.02383822386647448,0.004176914691925049,0.24341140380895643,13.200824008547398,0.0375,15.001498699188232,1.248509588452121
pulse,3,LQR,-1,108,0.0,0.0,200,,,,0.331220244101604,0.8071414442673341,0.9936607323048121,0.06118556162641372,0.004656612873077393,0.16706921878704678,5.545701176572537,0.01,15.000861644744873,1.685382919321161
pulse,3,SMC,-1,108,0.0,0.0,200,,16.0,0.5,0.34606235963311777,0.8064209616764639,1.0381870788993532,0.13671883184140848,0.028878629207611084,0.20352940769178648,9.27415230211046,0.0225,14.998641967773438,1.7264111480068656
pulse,3,PPO,1024,108,0.0,0.0,200,,,,0.2570959267640798,0.7588566034988231,0.7712877802922393,0.025184919965671904,0.010619759559631348,0.2867833689932811,16.099664867439795,0.0475,14.999609470367432,1.2868271972057386
pulse,3,PPO,123,108,0.0,0.0,200,,,,0.2613220342271593,0.7616218364436833,0.783966102681478,0.025383581384372564,0.020830750465393066,0.21726184674919563,12.433480433427645,0.035,14.99931812286377,1.2955361516516082
pulse,3,PPO,42,108,0.0,0.0,200,,,,0.26136667497381755,0.7618502447840938,0.7841000249214526,0.02662042829633495,0.01564466953277588,0.2103432759066621,11.605556916997106,0.0325,14.999882221221924,1.2984317065730913
pulse,3,Linear,-1,109,0.0,0.0,200,8.0,,,0.2440798530759211,0.7561905264576425,0.7322395592277633,0.02402712139128535,0.004219472408294678,0.30706178443390236,17.579664490939184,0.05,15.001410961151123,1.2585890836207503
pulse,3,LQR,-1,109,0.0,0.0,200,,,,0.32429729102230503,0.8144703376470922,0.972891873066915,0.06161847670367102,0.00471264123916626,0.18379804784820492,6.681652235850475,0.01,15.000374794006348,1.688955881762601
pulse,3,SMC,-1,109,0.0,0.0,200,,16.0,0.5,0.3480916062434973,0.8106100692002565,1.0442748187304918,0.13816098224969559,0.029205381870269775,0.24272999851999252,11.718449272871135,0.03,14.99875020980835,1.7348490625026807
pulse,3,PPO,1024,109,0.0,0.0,200,,,,0.24874405081500783,0.7572048181654834,0.7462321524450235,0.025269215466615595,0.010660290718078613,0.3900376630765839,24.610707620482884,0.0725,14.999304294586182,1.293903152991216
pulse,3,PPO,123,109,0.0,0.0,200,,,,0.24716791813203745,0.7601320849129193,0.7415037543961124,0.025476262709240853,0.02075481414794922,0.2920753844088162,17.536392889850152,0.0525,15.00131368637085,1.3083691244008975
pulse,3,PPO,42,109,0.0,0.0,200,,,,0.2474838993415323,0.7604092558078369,0.742451698024597,0.026723407956277145,0.015615642070770264,0.28503276338043654,16.548458437927287,0.045,15.000621795654297,1.310709736782557
pulse,3,Linear,-1,110,0.0,0.0,200,8.0,,,0.25131865078467236,0.7532104799388476,0.753955952354017,0.02439381793877225,0.004275381565093994,0.2650062542529475,13.245127981785913,0.035,15.004150867462158,1.2364231511135007
pulse,3,LQR,-1,110,0.0,0.0,200,,,,0.3280051635130806,0.8048547964642152,0.9840154905392419,0.06257227497796218,0.004810631275177002,0.20520446727158587,6.327941363791229,0.01,15.002092838287354,1.6968206209941439
pulse,3,SMC,-1,110,0.0,0.0,200,,16.0,0.5,0.38725753266427043,0.8246591596035994,1.1617725979928113,0.14252322806436338,0.029998362064361572,0.25525668689860004,10.135146870172697,0.0275,14.9994215965271,1.756081932534774
pulse,3,PPO,1024,110,0.0,0.0,200,,,,0.25320133358915203,0.7524277280056485,0.759604000767456,0.02548846508157842,0.01078861951828003,0.33026763923150343,18.42457095509756,0.0525,15.00297498703003,1.2809992459375614
pulse,3,PPO,123,110,0.0,0.0,200,,,,0.2531437155057491,0.7549104703571358,0.7594311465172473,0.02565959935294993,0.02077615261077881,0.25037262000101723,12.323145482756814,0.035,14.999788761138916,1.284073888894115
pulse,3,PPO,42,110,0.0,0.0,200,,,,0.25293224889410354,0.7553972720553035,0.7587967466823107,0.026963287113625327,0.015688419342041016,0.24267636644572688,11.95271413081611,0.035,15.000922679901123,1.2872437187076653
pulse,3,Linear,-1,111,0.0,0.0,200,8.0,,,0.28982626105614584,0.7911152067345926,0.8694787831684375,0.022873802409495835,0.0040122270584106445,0.33675929337294025,19.432706957153215,0.05,14.997917175292969,1.2633531133537714
pulse,3,LQR,-1,111,0.0,0.0,200,,,,0.35608771073547557,0.8253027633932287,1.0682631322064267,0.05794404888594592,0.004358947277069092,0.2669480628683232,12.614257849457186,0.0225,14.998542308807373,1.647313863187287
pulse,3,SMC,-1,111,0.0,0.0,200,,16.0,0.5,0.3682127065920981,0.8220723704970199,1.1046381197762942,0.1264098826105948,0.02690833806991577,0.29811244636088635,16.79764537167377,0.0475,15.002210140228271,1.673989394726
pulse,3,PPO,1024,111,0.0,0.0,200,,,,0.28811478608923463,0.7860300205447698,0.8643443582677038,0.0246359413995603,0.010328114032745361,0.3848418813208095,23.878546118040333,0.07,14.999256134033203,1.2895364768071036
pulse,3,PPO,123,111,0.0,0.0,200,,,,0.2965889251670945,0.7902155960640013,0.8897667755012835,0.024921323851118855,0.020857691764831543,0.3136313638378148,19.88413970822677,0.06,15.00142240524292,1.3214556497628267
pulse,3,PPO,42,111,0.0,0.0,200,,,,0.2962612613365178,0.7899141171047205,0.8887837840095534,0.026019252813708635,0.015532314777374268,0.3147383571191322,19.945790423895424,0.06,15.00087594985962,1.3218318467023806
pulse,3,Linear,-1,112,0.0,0.0,200,8.0,,,0.2873670364368524,0.7742804983832225,0.8621011093105573,0.024172019707843845,0.004236161708831787,0.3557045216349295,17.029650132274394,0.0375,15.009199619293213,1.237192062526682
pulse,3,LQR,-1,112,0.0,0.0,200,,,,0.3661851546539773,0.829895936227331,1.0985554639619317,0.062157475378042386,0.00476306676864624,0.2326262338525915,6.434000840051588,0.01,15.00322151184082,1.6943965896370992
pulse,3,SMC,-1,112,0.0,0.0,200,,16.0,0.5,0.4441734843024967,0.8687590941933628,1.33252045290749,0.14046721079927169,0.029584288597106934,0.24934547136698418,8.637330681181732,0.02,14.998817920684814,1.7452761686281926
pulse,3,PPO,1024,112,0.0,0.0,200,,,,0.2836541118683233,0.7697030389325838,0.8509623356049699,0.025358362790243127,0.010778725147247314,0.43674220219068693,24.997591176601617,0.0725,15.006820678710938,1.2805735817855566
pulse,3,PPO,123,112,0.0,0.0,200,,,,0.2722798367487677,0.7692118394634071,0.8168395102463031,0.025542011070582602,0.02081286907196045,0.31656754548728766,14.092101130456298,0.0325,15.00212049484253,1.282863023324837
pulse,3,PPO,42,112,0.0,0.0,200,,,,0.2718045268442361,0.7698487742167976,0.8154135805327083,0.026824993403329524,0.01571279764175415,0.31324058789713427,13.83711366796851,0.03,15.003369808197021,1.2861815030033241
pulse,3,Linear,-1,113,0.0,0.0,200,8.0,,,0.2653433878210095,0.7764012156361226,0.7960301634630286,0.023459871495027602,0.004111826419830322,0.3573326351971103,21.12325049746171,0.0575,14.99787425994873,1.2578059205905863
pulse,3,LQR,-1,113,0.0,0.0,200,,,,0.35552563935174536,0.8388094537109467,1.066576918055236,0.060380442136967624,0.004563808441162109,0.22849020946589751,9.597632714065325,0.0175,14.999171257019043,1.6790138793117668
pulse,3,SMC,-1,113,0.0,0.0,200,,16.0,0.5,0.38430167598679277,0.8387305069607403,1.1529050279603783,0.13332750427502174,0.028212249279022217,0.27052413301378087,13.664287006025866,0.0375,15.001601219177246,1.712575033344143
pulse,3,PPO,1024,113,0.0,0.0,200,,,,0.2700736860660271,0.7776113773727498,0.8102210581980813,0.024965597339618353,0.010545849800109863,0.44908009976743163,28.631478817816085,0.0825,14.999771118164062,1.2935571429407715
pulse,3,PPO,123,113,0.0,0.0,200,,,,0.2678740361522719,0.7797457557513222,0.8036221084568157,0.02519300658209824,0.02086818218231201,0.3538845141169771,21.86156478818782,0.0625,14.998579025268555,1.3043124222970424
pulse,3,PPO,42,113,0.0,0.0,200,,,,0.26831721627801436,0.7801295374759364,0.804951648834043,0.02638682989794531,0.015638768672943115,0.35536251977048905,21.93243559313504,0.0625,15.000262260437012,1.306958729994312
pulse,3,Linear,-1,114,0.0,0.0,200,8.0,,,0.24912193249245287,0.7618857103022401,0.7473657974773585,0.023501291675608098,0.004131317138671875,0.2770227815147647,14.721570403702016,0.0375,14.998469352722168,1.2650770052146185
pulse,3,LQR,-1,114,0.0,0.0,200,,,,0.3198314116252021,0.8071463259044791,0.9594942348756064,0.06028691703384673,0.004586577415466309,0.17212805757836144,5.62573635969791,0.01,14.999097347259521,1.673731862743436
pulse,3,SMC,-1,114,0.0,0.0,200,,16.0,0.5,0.35316607040985615,0.811743831095606,1.0594982112295683,0.13349217056860158,0.02829587459564209,0.20534239917709185,8.154868567474415,0.02,15.001631259918213,1.7111371720385788
pulse,3,PPO,1024,114,0.0,0.0,200,,,,0.252731937257045,0.7623861270030236,0.758195811771135,0.02493767082737184,0.010635554790496826,0.34835158686090884,20.87478579689531,0.0575,15.000641345977783,1.2954144924184057
pulse,3,PPO,123,114,0.0,0.0,200,,,,0.2515131602875102,0.7650496297336198,0.7545394808625305,0.02520442322862369,0.02077925205230713,0.25516276392142784,13.495142819097987,0.035,15.001716613769531,1.3177408392666214
pulse,3,PPO,42,114,0.0,0.0,200,,,,0.2516578856943886,0.7652126659677075,0.7549736570831658,0.026388135129286918,0.01563817262649536,0.2514271941082436,13.317838654439328,0.035,15.00173807144165,1.3192221688949943
pulse,3,Linear,-1,115,0.0,0.0,200,8.0,,,0.2691434418634726,0.7703564029659152,0.8074303255904178,0.023664960959627303,0.004152476787567139,0.32962972575106525,17.017436710778846,0.0425,15.004565715789795,1.2713864870480638
pulse,3,LQR,-1,115,0.0,0.0,200,,,,0.34253093076104196,0.8206213969031062,1.0275927922831258,0.059472293880434686,0.0044991374015808105,0.18498460940128028,5.484862111626953,0.01,15.001582145690918,1.6668200496287637
pulse,3,SMC,-1,115,0.0,0.0,200,,16.0,0.5,0.40508526770656594,0.8386977233650882,1.2152558031196978,0.13171480986991047,0.02799147367477417,0.23324249051232587,8.647848919272008,0.02,14.997854232788086,1.7038386578472395
pulse,3,PPO,1024,115,0.0,0.0,200,,,,0.26900194649579173,0.7693437437119396,0.8070058394873751,0.025141274487530743,0.010217010974884033,0.4049554841402463,24.20219456366192,0.07,15.001325607299805,1.299776571677692
pulse,3,PPO,123,115,0.0,0.0,200,,,,0.2656407097282147,0.771952481468648,0.796922129184644,0.025337288501086058,0.020746171474456787,0.3087565175860312,17.434040284305166,0.05,15.006348609924316,1.3308499716129618
pulse,3,PPO,42,115,0.0,0.0,200,,,,0.26357780141831033,0.7716351272672698,0.790733404254931,0.026509465431265623,0.015370607376098633,0.29918442231758574,15.787137871337173,0.0425,15.003605365753174,1.3313517085142175
pulse,3,Linear,-1,116,0.0,0.0,200,8.0,,,0.22796317084374237,0.750697626332378,0.6838895125312271,0.024345756577396835,0.00426793098449707,0.24090360916054754,13.959076008402883,0.0375,15.0000581741333,1.2344255024215105
pulse,3,LQR,-1,116,0.0,0.0,200,,,,0.31605103194476697,0.8092329207720108,0.948153095834301,0.06263782334640439,0.004817664623260498,0.13835655589362414,4.987347163485353,0.01,14.999916553497314,1.6980740731646913
pulse,3,SMC,-1,116,0.0,0.0,200,,16.0,0.5,0.33222242753994546,0.8111654045146361,0.9966672826198364,0.14272920035377698,0.030027449131011963,0.18444318433336193,8.89420980588614,0.0225,15.000020027160645,1.757580169407067
pulse,3,PPO,1024,116,0.0,0.0,200,,,,0.23375353852444866,0.7521322216455315,0.701260615573346,0.02544268926628578,0.010846853256225586,0.3341271294619972,20.915061325215817,0.06,15.000133514404297,1.2794631959601719
pulse,3,PPO,123,116,0.0,0.0,200,,,,0.23477681075452717,0.7548661640300116,0.7043304322635815,0.02562540144096186,0.020784616470336914,0.24115626583894265,14.0705417337841,0.0375,14.996910572052002,1.2800567163274952
pulse,3,PPO,42,116,0.0,0.0,200,,,,0.23443251837034115,0.7552826147844355,0.7032975551110234,0.026929066723419562,0.01572883129119873,0.2381629715406538,14.169141777354913,0.04,14.998609066009521,1.2835607328660674
pulse,3,Linear,-1,117,0.0,0.0,200,8.0,,,0.22685503745598662,0.7552248242615732,0.6805651123679598,0.023414636111277858,0.0041176676750183105,0.2679502550800542,16.645841388717514,0.045,14.999626159667969,1.265535821596077
pulse,3,LQR,-1,117,0.0,0.0,200,,,,0.2981105075269653,0.8004579069584113,0.8943315225808958,0.06001915445804228,0.004565060138702393,0.18404284107637883,8.110084160317315,0.01,14.999794483184814,1.6699795141881006
pulse,3,SMC,-1,117,0.0,0.0,200,,16.0,0.5,0.3035178649628648,0.7972503302895835,0.9105535948885943,0.13267900822339235,0.028141021728515625,0.2177017757060179,12.373643262909296,0.035,15.000410556793213,1.706118932188447
pulse,3,PPO,1024,117,0.0,0.0,200,,,,0.23953738867391153,0.7596114546694279,0.7186121660217345,0.024878855438236102,0.010641694068908691,0.3408816553039146,23.3516871299902,0.07,15.001636505126953,1.294549184202666
pulse,3,PPO,123,117,0.0,0.0,200,,,,0.24260416264852458,0.7626178014222713,0.7278124879455737,0.02516008285736596,0.020776867866516113,0.2607665647133637,17.539047182414844,0.0525,15.002885818481445,1.3194254651313546
pulse,3,PPO,42,117,0.0,0.0,200,,,,0.23682236282041888,0.7605881132078118,0.7104670884612567,0.026331561341605806,0.015643715858459473,0.23218664713668408,15.03040881045806,0.045,15.002673149108887,1.3206115381569783
pulse,3,Linear,-1,118,0.0,0.0,200,8.0,,,0.2627913783895082,0.7656309907289985,0.7883741351685247,0.024280969398441137,0.004267394542694092,0.27098096948014827,14.418183059204589,0.0375,15.001255989074707,1.24208506060514
pulse,3,LQR,-1,118,0.0,0.0,200,,,,0.3434593134884067,0.8163791230967453,1.03037794046522,0.06313093080196852,0.004883229732513428,0.16989410394897622,5.480116391205289,0.01,15.000916004180908,1.703587384662818
pulse,3,SMC,-1,118,0.0,0.0,200,,16.0,0.5,0.3596385769617255,0.8182561324541774,1.0789157308851767,0.14364818046674316,0.030229508876800537,0.2041680570641745,7.715485976719366,0.0175,14.998673915863037,1.7619186452038549
pulse,3,PPO,1024,118,0.0,0.0,200,,,,0.26809041472562184,0.765590284048524,0.8042712441768655,0.02533082399563289,0.011046111583709717,0.3171974873899522,17.703712040366746,0.05,15.000540256500244,1.2835935497776934
pulse,3,PPO,123,118,0.0,0.0,200,,,,0.27370950045003706,0.7678162282758431,0.8211285013501112,0.025564486850742942,0.020737886428833008,0.24362212148387022,13.018333450840514,0.035,14.998916149139404,1.2846306682985962
pulse,3,PPO,42,118,0.0,0.0,200,,,,0.2733255915579108,0.76782049922797,0.8199767746737324,0.026861673312974566,0.015822172164916992,0.22539490326644476,11.37315813972379,0.03,15.000066757202148,1.2883057470586319
pulse,3,Linear,-1,119,0.0,0.0,200,8.0,,,0.25856157072068053,0.7760789115390951,0.7756847121620416,0.023659080186467847,0.004153728485107422,0.34460570742178737,21.324926797501103,0.0625,15.002493381500244,1.2719642556786759
pulse,3,LQR,-1,119,0.0,0.0,200,,,,0.34228577639045177,0.8295833760946276,1.0268573291713552,0.059465267431036924,0.004504024982452393,0.2269755173731477,10.703513595789094,0.0225,15.000431060791016,1.6661355766880126
pulse,3,SMC,-1,119,0.0,0.0,200,,16.0,0.5,0.3604170757764679,0.8266923807120088,1.081251227329404,0.1318197665437136,0.028018057346343994,0.28432831478372256,15.999139641043081,0.0425,14.999810218811035,1.7042980388047833
pulse,3,PPO,1024,119,0.0,0.0,200,,,,0.26207158598330427,0.7766288076192811,0.7862147579499128,0.025129405574666128,0.010240733623504639,0.4226287432070682,27.305490598227784,0.08,15.000227451324463,1.299735768471117
pulse,3,PPO,123,119,0.0,0.0,200,,,,0.2660412125330858,0.7815124953727484,0.7981236375992574,0.0253326687041992,0.020734846591949463,0.34092600185057137,21.638489907017014,0.0625,15.005736827850342,1.3322573122452592
pulse,3,PPO,42,119,0.0,0.0,200,,,,0.2660021804238678,0.7813844723703197,0.7980065412716034,0.026504848566320207,0.015377938747406006,0.3393062520818669,21.520018522714892,0.0625,15.003079414367676,1.3326500083750754
noise,2,Linear,-1,100,0.0,0.0,-1,8.0,,,3.024576160675867,3.978777467859981,9.073728482027601,10.184045394445643,13.014389485120773,1.604816035439546,59.7331444380375,0.005,,
noise,2,LQR,-1,100,0.0,0.0,-1,,,,0.039891310170597105,0.1758914884532418,0.1196739305117913,2.9156145490246054e-07,1.1920928955078125e-07,0.01770788123337711,0.11359332815652486,0.0,,
noise,2,SMC,-1,100,0.0,0.0,-1,,16.0,0.5,0.045947361044126625,0.18083208990790045,0.13784208313237986,1.0714636264759817e-06,2.384185791015625e-07,0.028976022869539302,0.5746832625002044,0.0,,
noise,2,PPO,1024,100,0.0,0.0,-1,,,,0.04378619647707948,0.1680489185362422,0.13135858943123843,0.02279623132199049,0.005300581455230713,0.09321030374254075,5.064832514353172,0.01,,
noise,2,PPO,123,100,0.0,0.0,-1,,,,0.050650483402961605,0.16812074383269043,0.15195145020888481,0.04614214107026288,0.023879051208496094,0.06317512040720913,2.4323675719847113,0.005,,
noise,2,PPO,42,100,0.0,0.0,-1,,,,0.04717061474918545,0.16743956956885384,0.14151184424755636,0.04244261483351389,0.018027007579803467,0.134648198024962,6.060362133656874,0.01,,
noise,2,Linear,-1,101,0.0,0.0,-1,8.0,,,2.058640364089908,2.946332562314901,6.175921092269724,8.441848872620383,7.77056972682476,1.208721336283886,38.500930763685886,0.0,,
noise,2,LQR,-1,101,0.0,0.0,-1,,,,0.019031788669476257,0.07043030734396469,0.057095366008428766,1.8338431362752562e-07,1.6205012798309326e-07,0.02431365363685615,0.515950011658273,0.0,,
noise,2,SMC,-1,101,0.0,0.0,-1,,16.0,0.5,0.016259791058254393,0.06470057105601326,0.04877937317476318,5.329522177760984e-07,1.2386590242385864e-07,0.04327742095646344,2.3826429754874296,0.005,,
noise,2,PPO,1024,101,0.0,0.0,-1,,,,0.02628094951505289,0.06585878389907285,0.07884284854515866,0.02203976596924074,0.010785222053527832,0.0707183264363139,4.134022601471453,0.01,,
noise,2,PPO,123,101,0.0,0.0,-1,,,,0.03282688400094225,0.0697211358659647,0.09848065200282674,0.03903071820896901,0.03838684782385826,0.05406129140954957,2.5878731819503504,0.0075,,
noise,2,PPO,42,101,0.0,0.0,-1,,,,0.03029949236643777,0.06938099040036966,0.09089847709931331,0.025880837479583276,0.009122590534389019,0.08289870878035885,2.986175819662868,0.0075,,
noise,2,Linear,-1,102,0.0,0.0,-1,8.0,,,2.4034244597410273,3.1675848026506914,7.210273379223082,6.7318031151353575,4.307377576828003,1.3688218520020605,43.069500445752034,0.0,,
noise,2,LQR,-1,102,0.0,0.0,-1,,,,0.07351619550710155,0.25016716668357153,0.22054858652130466,5.503570270023228e-08,0.0,0.0907323790218887,3.5762630772842616,0.005,,
noise,2,SMC,-1,102,0.0,0.0,-1,,16.0,0.5,0.10452470647076595,0.27755636491153135,0.31357411941229785,7.403879009624139e-06,8.940696716308594e-07,0.11556686264457465,5.586858392123389,0.015,,
noise,2,PPO,1024,102,0.0,0.0,-1,,,,0.062235010025677516,0.2190489816901892,0.18670503007703254,0.01774693752443533,0.007959723472595215,0.17055433113453097,9.944471097433574,0.0225,,
noise,2,PPO,123,102,0.0,0.0,-1,,,,0.06783120901573911,0.22210069117867046,0.20349362704721732,0.042644565649054667,0.034211039543151855,0.13821974850057664,7.332143452191975,0.0175,,
noise,2,PPO,42,102,0.0,0.0,-1,,,,0.06599092449805546,0.22097662203073787,0.1979727734941664,0.021633110175852056,0.018151402473449707,0.17386497365789222,9.970144520261947,0.0225,,
noise,2,Linear,-1,103,0.0,0.0,-1,8.0,,,2.409727697856012,3.2294014053516453,7.229183093568036,7.081603825460245,6.2139312624931335,1.4246170609966478,47.486742978992794,0.01,,
noise,2,LQR,-1,103,0.0,0.0,-1,,,,0.0966143471682181,0.2843115076683705,0.2898430415046543,3.03013273227362e-07,0.0,0.10137642754722458,5.028465392496943,0.01,,
noise,2,SMC,-1,103,0.0,0.0,-1,,16.0,0.5,0.08525692351661385,0.2527383662945749,0.25577077054984154,1.3717519188368762e-06,1.4901161193847656e-07,0.11189773300644928,7.243245520969016,0.02,,
noise,2,PPO,1024,103,0.0,0.0,-1,,,,0.06565783904723711,0.19871411774868647,0.19697351714171135,0.02519167330759911,0.009415477514266968,0.14899110898115392,9.171727037842503,0.0275,,
noise,2,PPO,123,103,0.0,0.0,-1,,,,0.07632367623813531,0.2077619396415291,0.22897102871440592,0.04601974252404438,0.034252166748046875,0.12663138581630298,7.938689796037065,0.0225,,
noise,2,PPO,42,103,0.0,0.0,-1,,,,0.07336955531291255,0.20461824571394985,0.22010866593873765,0.049409042606935086,0.020243793725967407,0.14981210563434033,8.436090446113798,0.025,,
noise,2,Linear,-1,104,0.0,0.0,-1,8.0,,,3.1862966653024616,4.201990236366748,9.558889995907384,7.8522528895625365,8.159488677978516,1.6616788609812683,65.41815111866852,0.0025,,
noise,2,LQR,-1,104,0.0,0.0,-1,,,,0.1418770228037247,0.49410450340179723,0.42563106841117404,1.7554855641023612e-07,0.0,0.1616634911666214,8.830092997531619,0.02,,
noise,2,SMC,-1,104,0.0,0.0,-1,,16.0,0.5,0.16756316953522934,0.508866532286055,0.5026895086056881,4.424690556379012e-06,6.258487701416016e-07,0.18723792916023566,11.471579111567072,0.03,,
noise,2,PPO,1024,104,0.0,0.0,-1,,,,0.15363072914168927,0.5037025010699625,0.46089218742506777,0.031839450640189976,0.0028179362416267395,0.2941855623983683,20.398769668244036,0.0625,,
noise,2,PPO,123,104,0.0,0.0,-1,,,,0.1531683853242921,0.49774383607136347,0.4595051559728763,0.05553232285159605,0.021192945539951324,0.24595772331938184,15.98051496248575,0.0375,,
noise,2,PPO,42,104,0.0,0.0,-1,,,,0.15072272825523195,0.4978259010061399,0.45216818476569587,0.051708024811505535,0.018947839736938477,0.2639700009712852,17.656890668061674,0.0475,,
noise,2,Linear,-1,105,0.0,0.0,-1,8.0,,,2.175628248547186,3.2836685879258325,6.526884745641558,9.165135888129841,8.129596203565598,1.2135938968778845,43.64892444445912,0.0075,,
noise,2,LQR,-1,105,0.0,0.0,-1,,,,0.02036829702889025,0.08863313227987847,0.06110489108667075,0.0,0.0,0.082144861011212,4.632174154264737,0.01,,
noise,2,SMC,-1,105,0.0,0.0,-1,,16.0,0.5,0.021738652850780714,0.08790292097443177,0.06521595855234213,1.0205685724446804e-06,1.0803341865539551e-07,0.10176526448305079,7.02063766451352,0.02,,
noise,2,PPO,1024,105,0.0,0.0,-1,,,,0.03010296421388748,0.09118840368335579,0.09030889264166243,0.035212547018158215,0.011332874186336994,0.1284887932259543,7.9656904552064205,0.0225,,
noise,2,PPO,123,105,0.0,0.0,-1,,,,0.03347260425686341,0.09178971970140967,0.10041781277059023,0.050320859228111345,0.02988712303340435,0.11942364511421494,7.307653172082327,0.02,,
noise,2,PPO,42,105,0.0,0.0,-1,,,,0.03733944758062165,0.09374620527593046,0.11201834274186495,0.062214107545851556,0.01572064869105816,0.17044599565150137,9.714020891296997,0.025,,
noise,2,Linear,-1,106,0.0,0.0,-1,8.0,,,2.510906740713397,3.3604715639933116,7.532720222140191,8.297488565062299,8.552397713065147,1.4904421110105635,52.2576284236394,0.0125,,
noise,2,LQR,-1,106,0.0,0.0,-1,,,,0.14377378944568073,0.4358584198538221,0.4313213683370422,2.5219008050583026e-08,9.313225746154785e-09,0.14638978585779638,7.149826920179432,0.015,,
noise,2,SMC,-1,106,0.0,0.0,-1,,16.0,0.5,0.14901164330568023,0.41809218546119853,0.4470349299170407,1.2597312035475984e-05,9.802170097827911e-07,0.15704525091747262,9.357957478460468,0.0275,,
noise,2,PPO,1024,106,0.0,0.0,-1,,,,0.1278096632933258,0.38728652795242535,0.3834289898799774,0.012996803819673297,0.012780086137354374,0.2604146735961003,14.83578643858324,0.03,,
noise,2,PPO,123,106,0.0,0.0,-1,,,,0.13143307321293843,0.3809182670368962,0.39429921963881526,0.035747393442570795,0.03782931063324213,0.2084497159295843,11.229586623898419,0.0275,,
noise,2,PPO,42,106,0.0,0.0,-1,,,,0.1308659379644759,0.38044428667251495,0.39259781389342774,0.009630092484359112,0.008314266335219145,0.25146281368045736,14.234144768541032,0.03,,
noise,2,Linear,-1,107,0.0,0.0,-1,8.0,,,3.221120757449508,4.155071569352473,9.663362272348524,8.89669989619726,10.702310934662819,1.6574401940565158,58.46868488745447,0.0,,
noise,2,LQR,-1,107,0.0,0.0,-1,,,,0.10603271361888662,0.34892348252280075,0.3180981408566599,0.0,0.0,0.09288029666051033,3.23970039234855,0.005,,
noise,2,SMC,-1,107,0.0,0.0,-1,,16.0,0.5,0.11023576304057948,0.3486870946043227,0.33070728912173847,2.2542260495232947e-06,5.960464477539062e-07,0.10343623803509519,5.134004892895523,0.015,,
noise,2,PPO,1024,107,0.0,0.0,-1,,,,0.0973313442332297,0.3193259015282565,0.2919940326996891,0.022118537864981243,0.02146008610725403,0.19963826203807036,10.451902625103836,0.0225,,
noise,2,PPO,123,107,0.0,0.0,-1,,,,0.10681279225031833,0.31349749541886407,0.320438376750955,0.04345268299113269,0.06389909982681274,0.1472397953494826,7.113639191013758,0.0175,,
noise,2,PPO,42,107,0.0,0.0,-1,,,,0.10039843009019941,0.313547176926264,0.3011952902705982,0.022938598752205754,0.010625571012496948,0.16234479664344145,7.772773901663543,0.02,,
noise,2,Linear,-1,108,0.0,0.0,-1,8.0,,,1.568472823693246,2.4059008155462926,4.705418471079738,8.86268252796597,8.57878851890564,0.9720103074041685,29.480703844476558,0.005,,
noise,2,LQR,-1,108,0.0,0.0,-1,,,,0.02510613458867263,0.1025170587339713,0.0753184037660179,0.0,0.0,0.04547792366119626,1.3609925464607189,0.0,,
noise,2,SMC,-1,108,0.0,0.0,-1,,16.0,0.5,0.01772535265764378,0.08865132384120182,0.05317605797293134,1.3459824531534573e-06,4.246830940246582e-07,0.0459985835095538,3.232412700568487,0.01,,
noise,2,PPO,1024,108,0.0,0.0,-1,,,,0.027006655200659386,0.08542586808108132,0.08101996560197816,0.030975798501368657,0.0035445839166641235,0.07476594592642011,4.609687672515112,0.0125,,
noise,2,PPO,123,108,0.0,0.0,-1,,,,0.031787957816329766,0.08837248639105114,0.0953638734489893,0.05549027838882197,0.02198117971420288,0.0581941956147886,3.7230130796369196,0.01,,
noise,2,PPO,42,108,0.0,0.0,-1,,,,0.032810359976098796,0.08791530927845861,0.09843107992829639,0.04864676519193583,0.018297802656888962,0.06541661354260254,4.038144149953683,0.0125,,
noise,2,Linear,-1,109,0.0,0.0,-1,8.0,,,2.751229035357634,3.7092730891904435,8.253687106072903,10.324920701483885,8.097298428416252,1.4847271351742923,52.83126700147713,0.0,,
noise,2,LQR,-1,109,0.0,0.0,-1,,,,0.10288624837142991,0.3554414453368129,0.30865874511428976,1.0081279424973476e-07,0.0,0.09176378788263082,3.0387678470005297,0.0025,,
noise,2,SMC,-1,109,0.0,0.0,-1,,16.0,0.5,0.11904342445728376,0.36866773803730735,0.35713027337185127,5.998349760049655e-07,1.0384246706962585e-07,0.11386708969248957,5.03930274742719,0.0125,,
noise,2,PPO,1024,109,0.0,0.0,-1,,,,0.09101491813576554,0.3289477967213279,0.2730447544072966,0.04343409616684104,0.01281789131462574,0.18057352304458618,9.557652018644609,0.02,,
noise,2,PPO,123,109,0.0,0.0,-1,,,,0.10287562359808786,0.3284535784948543,0.30862687079426354,0.07718765965582412,0.032847714610397816,0.14134646500658216,6.721871226336102,0.015,,
noise,2,PPO,42,109,0.0,0.0,-1,,,,0.10116834861496564,0.3284667034245366,0.3035050458448969,0.06680322311427674,0.021200933028012514,0.2090299505266614,11.083734409152395,0.0175,,
noise,2,Linear,-1,110,0.0,0.0,-1,8.0,,,2.4744573435556463,3.4430361118119346,7.423372030666939,4.715916304492656,7.3425301015377045,1.396200358124445,47.520129362088745,0.0025,,
noise,2,LQR,-1,110,0.0,0.0,-1,,,,0.052116055007488254,0.14263748079810554,0.15634816502246476,5.950806317506013e-07,5.066394805908203e-07,0.05987483644677867,2.3017482353466447,0.0,,
noise,2,SMC,-1,110,0.0,0.0,-1,,16.0,0.5,0.04522905434951719,0.1261106682195999,0.13568716304855155,5.039144997243528e-06,1.087784767150879e-06,0.06689790679402076,4.106449707721389,0.0125,,
noise,2,PPO,1024,110,0.0,0.0,-1,,,,0.03757264706517507,0.10787196063785617,0.11271794119552521,0.04420081300683963,0.025247320532798767,0.106300088792965,5.91426054539534,0.0175,,
noise,2,PPO,123,110,0.0,0.0,-1,,,,0.04336023351339374,0.10884953780965292,0.13008070054018123,0.09001719289355808,0.060634955763816833,0.08770974840680858,4.942157433747749,0.015,,
noise,2,PPO,42,110,0.0,0.0,-1,,,,0.041934744848777614,0.10866769998848477,0.12580423454633285,0.05557726233921669,0.06898115575313568,0.14029626494408248,5.910361841856789,0.015,,
noise,2,Linear,-1,111,0.0,0.0,-1,8.0,,,3.2176834587828376,4.260614506910233,9.653050376348514,8.444396057430609,8.21026062965393,1.693680078757374,68.72531117122517,0.0075,,
noise,2,LQR,-1,111,0.0,0.0,-1,,,,0.24105213906625456,0.7415463537478745,0.7231564171987637,3.2226348088847266e-07,3.632158041000366e-08,0.22099242590606574,11.998846220037478,0.025,,
noise,2,SMC,-1,111,0.0,0.0,-1,,16.0,0.5,0.2704145560034877,0.7576752130089187,0.811243668010463,6.969331154300843e-06,6.50063157081604e-07,0.24030852346191836,14.931081155020847,0.04,,
noise,2,PPO,1024,111,0.0,0.0,-1,,,,0.2619816522295521,0.7800156792770171,0.7859449566886563,0.04212284519302624,0.0324914176017046,0.43953951052448104,31.497120061572147,0.095,,
noise,2,PPO,123,111,0.0,0.0,-1,,,,0.2525705449270156,0.7633173165709082,0.7577116347810468,0.06994757006795686,0.055491168051958084,0.34523409486114237,23.48243571309149,0.0575,,
noise,2,PPO,42,111,0.0,0.0,-1,,,,0.25366469500419947,0.7652718088135303,0.7609940850125984,0.06791801632807394,0.025946934707462788,0.3603654955409263,24.454768961571418,0.0625,,
noise,2,Linear,-1,112,0.0,0.0,-1,8.0,,,1.8438183553423966,2.4284927012730755,5.531455066027189,6.052350237321707,4.826967179775238,1.2381007935935422,37.199013537834865,0.015,,
noise,2,LQR,-1,112,0.0,0.0,-1,,,,0.023079227047630973,0.11535412865827065,0.06923768114289292,0.0,0.0,0.07174857062992476,2.117930294071621,0.0,,
noise,2,SMC,-1,112,0.0,0.0,-1,,16.0,0.5,0.043366447491733885,0.15801111944984123,0.13009934247520163,2.2505237548439591e-07,0.0,0.08015483879685488,4.579645488109299,0.0125,,
noise,2,PPO,1024,112,0.0,0.0,-1,,,,0.03382945856457253,0.12642394978878585,0.10148837569371758,0.02251373526904686,0.017780184745788574,0.08748894041761793,3.846906834710373,0.01,,
noise,2,PPO,123,112,0.0,0.0,-1,,,,0.04377699267167168,0.134658319519326,0.13133097801501503,0.048568971535581866,0.037473440170288086,0.0768019750602822,3.474754520989718,0.01,,
noise,2,PPO,42,112,0.0,0.0,-1,,,,0.043143419886212286,0.13490433763789061,0.12943025965863686,0.043109399976530745,0.04439985752105713,0.09471886603166338,3.907884071880461,0.01,,
noise,2,Linear,-1,113,0.0,0.0,-1,8.0,,,3.067236332939698,4.057325519012769,9.201708998819093,11.882729050553875,14.078050434589386,1.6628825330080237,65.90631237293938,0.0125,,
noise,2,LQR,-1,113,0.0,0.0,-1,,,,0.22123793721104587,0.6877217431059071,0.6637138116331376,2.5058901052416107e-07,0.0,0.13537330874449455,5.522304590169614,0.01,,
noise,2,SMC,-1,113,0.0,0.0,-1,,16.0,0.5,0.2441505757013393,0.7117262010615694,0.732451727104018,3.997592922346092e-06,0.0,0.16442433569793477,8.084419931141085,0.02,,
noise,2,PPO,1024,113,0.0,0.0,-1,,,,0.21776651957978868,0.6960888951214191,0.653299558739366,0.02452731032476381,0.031536221504211426,0.3256109608453408,20.080019730350983,0.045,,
noise,2,PPO,123,113,0.0,0.0,-1,,,,0.21486745944559413,0.6652484608527907,0.6446023783367824,0.03792409604001376,0.0048139095306396484,0.22627254568058952,11.77781870776013,0.0275,,
noise,2,PPO,42,113,0.0,0.0,-1,,,,0.21232311575265533,0.6657058858238716,0.6369693472579661,0.03565954972334482,0.041687190532684326,0.23057853899654604,11.964888374131204,0.0275,,
noise,2,Linear,-1,114,0.0,0.0,-1,8.0,,,2.026320650043308,2.917686219157967,6.078961950129925,8.206096147865425,7.6930635422468185,1.2325981111449196,41.04460956721761,0.0075,,
noise,2,LQR,-1,114,0.0,0.0,-1,,,,0.01468362573380191,0.07552416485329377,0.044050877201405735,1.4396407354025194e-07,1.043081283569336e-07,0.04029422025302755,0.6734205523559615,0.0,,
noise,2,SMC,-1,114,0.0,0.0,-1,,16.0,0.5,0.025334647777639344,0.08772507071542371,0.07600394333291803,6.914322758898323e-07,8.940696716308594e-08,0.04210468220899414,1.7794131445084707,0.005,,
noise,2,PPO,1024,114,0.0,0.0,-1,,,,0.028591492881221155,0.08010295722426371,0.08577447864366347,0.029574179653952152,0.021513625979423523,0.05110101355355874,1.3234868431692626,0.0025,,
noise,2,PPO,123,114,0.0,0.0,-1,,,,0.03668455266434752,0.08486444134125265,0.11005365799304256,0.05403869645095166,0.05029347538948059,0.048237020572522035,1.236483504132818,0.0025,,
noise,2,PPO,42,114,0.0,0.0,-1,,,,0.036160199642444615,0.08693629098372839,0.10848059892733385,0.046748786244863345,0.02216528356075287,0.1737949962999458,6.535330217672911,0.005,,
noise,2,Linear,-1,115,0.0,0.0,-1,8.0,,,2.8706749334237722,3.8858268251771744,8.612024800271316,11.421672407859637,11.591358378529549,1.5853999161958099,59.114825495033045,0.0125,,
noise,2,LQR,-1,115,0.0,0.0,-1,,,,0.05725272049131035,0.21272663724035484,0.17175816147393103,1.6269400531862989e-09,0.0,0.0460650328690428,0.5461353147233169,0.0,,
noise,2,SMC,-1,115,0.0,0.0,-1,,16.0,0.5,0.0822818755427281,0.24918674487848938,0.2468456266281843,3.5417795089291938e-06,0.0,0.0525332512454836,0.6063273210160615,0.0,,
noise,2,PPO,1024,115,0.0,0.0,-1,,,,0.054387067491459606,0.19535764446981904,0.16316120247437882,0.035720100091701304,0.06691430509090424,0.08940012360971765,2.572585600484283,0.0025,,
noise,2,PPO,123,115,0.0,0.0,-1,,,,0.0668809186128771,0.20180539947453083,0.20064275583863128,0.07509865193846232,0.1403796523809433,0.06559626709790599,1.3165364329817233,0.0,,
noise,2,PPO,42,115,0.0,0.0,-1,,,,0.06344470117010442,0.2014176482558135,0.19033410351031327,0.03344532483498807,0.11785943806171417,0.15658219661238484,5.482332011627992,0.0025,,
noise,2,Linear,-1,116,0.0,0.0,-1,8.0,,,2.492086544063125,3.3478697523943706,7.476259632189375,11.657161667575071,11.29299595952034,1.4089710977012082,46.28872454410201,0.005,,
noise,2,LQR,-1,116,0.0,0.0,-1,,,,0.0532568754769199,0.19296120810690554,0.1597706264307597,1.2914339701334635e-07,0.0,0.020601181692973654,0.11095648245996355,0.0,,
noise,2,SMC,-1,116,0.0,0.0,-1,,16.0,0.5,0.06135996328302948,0.20073987261663312,0.18407988984908843,2.3764592629891857e-06,1.1175870895385742e-06,0.031583573014267216,0.9308660714515092,0.0025,,
noise,2,PPO,1024,116,0.0,0.0,-1,,,,0.044164009946951965,0.15794177585375516,0.1324920298408559,0.03583987793068827,0.05597473680973053,0.10550943234391938,5.161238492696649,0.0125,,
noise,2,PPO,123,116,0.0,0.0,-1,,,,0.04801331236161112,0.16032853533905828,0.14403993708483337,0.07945357980551543,0.12926281988620758,0.06707112689936845,2.5448786030107238,0.005,,
noise,2,PPO,42,116,0.0,0.0,-1,,,,0.04453172664783573,0.1586673415290929,0.1335951799435072,0.03211125345141799,0.1079181432723999,0.07889407101154625,3.6907731448337624,0.01,,
noise,2,Linear,-1,117,0.0,0.0,-1,8.0,,,3.1250642755967646,4.1302779295926175,9.375192826790293,7.8507007893036915,8.14210295677185,1.6636785637782399,65.12161124973412,0.0025,,
noise,2,LQR,-1,117,0.0,0.0,-1,,,,0.09070635776299478,0.3188481088726957,0.2721190732889844,3.9375686075216456e-07,0.0,0.13617408951572857,6.569149770006746,0.01,,
noise,2,SMC,-1,117,0.0,0.0,-1,,16.0,0.5,0.115091614876328,0.3319050668182247,0.345274844628984,2.2318599354705694e-06,4.6193599700927734e-07,0.15902501880246234,8.943385906070953,0.0225,,
noise,2,PPO,1024,117,0.0,0.0,-1,,,,0.09686833577356761,0.3318206062769057,0.2906050073207029,0.03076333911905502,0.024982117116451263,0.24406724599680105,16.175796525554258,0.0325,,
noise,2,PPO,123,117,0.0,0.0,-1,,,,0.10175158489411906,0.32511989018515486,0.3052547546823572,0.0522425930004245,0.048425592482089996,0.20103516847712738,12.156492922027283,0.0275,,
noise,2,PPO,42,117,0.0,0.0,-1,,,,0.10038179022678835,0.325093543406083,0.301145370680365,0.049268863836510315,0.03373001143336296,0.2075100912900637,12.598575842542019,0.03,,
noise,2,Linear,-1,118,0.0,0.0,-1,8.0,,,1.9121318706500956,2.87078787288536,5.736395611950287,7.7837124328922345,8.538891837000847,1.1638312598416336,39.739909209144685,0.0075,,
noise,2,LQR,-1,118,0.0,0.0,-1,,,,0.03334924239968743,0.1350485748253217,0.1000477271990623,1.051655775051058e-06,7.078051567077637e-08,0.042397944986958785,0.7228115976326276,0.0,,
noise,2,SMC,-1,118,0.0,0.0,-1,,16.0,0.5,0.02896130310970723,0.12225483331968408,0.0868839093291217,1.3883375091317258e-06,2.60770320892334e-07,0.04703936521773051,1.5550699067338698,0.0,,
noise,2,PPO,1024,118,0.0,0.0,-1,,,,0.038271229721896866,0.11624624429145543,0.1148136891656906,0.036843518186130644,0.010226517915725708,0.07001527326362686,3.3144625331206075,0.0075,,
noise,2,PPO,123,118,0.0,0.0,-1,,,,0.04258957257957282,0.12090563560243392,0.12776871773871845,0.05276047396990988,0.02782263047993183,0.051442235633916686,1.6845620983366238,0.0025,,
noise,2,PPO,42,118,0.0,0.0,-1,,,,0.045048831471420844,0.11882425178639351,0.13514649441426252,0.0643034531838364,0.015347981825470924,0.08893001662971373,3.0480224322190086,0.005,,
noise,2,Linear,-1,119,0.0,0.0,-1,8.0,,,3.00565363436702,3.9213751698718267,9.01696090310106,10.578691633395207,12.033302187919617,1.6099178546533324,59.054394734901166,0.0,,
noise,2,LQR,-1,119,0.0,0.0,-1,,,,0.2580610664711579,0.7787045281429137,0.7741831994134738,2.441559860735764e-08,0.0,0.16211279613008536,7.467892491201358,0.0175,,
noise,2,SMC,-1,119,0.0,0.0,-1,,16.0,0.5,0.28234490483255276,0.8027728302618092,0.8470347144976583,1.3547719536740102e-05,3.2186508178710938e-06,0.1791334058215876,9.279110523425407,0.025,,
noise,2,PPO,1024,119,0.0,0.0,-1,,,,0.2730085559970067,0.8122752685182468,0.8190256679910201,0.02577468368259293,0.038095325231552124,0.38607105867300845,24.437182931720038,0.0625,,
noise,2,PPO,123,119,0.0,0.0,-1,,,,0.2623844820090995,0.7707500602797532,0.7871534460272984,0.06282164949210889,0.08795812726020813,0.26847619949805174,14.497392345397811,0.035,,
noise,2,PPO,42,119,0.0,0.0,-1,,,,0.257759091692821,0.7736753409171521,0.7732772750784631,0.016879405429655756,0.04102489352226257,0.2935125631212891,15.83748664420462,0.035,,
noise,3,Linear,-1,100,0.0,0.0,-1,8.0,,,0.021983703159524325,0.12015840320695287,0.06595110947857297,3.5415897950714015e-06,5.960464477539062e-07,0.05204778279356677,1.7570844704096584,0.0025,,
noise,3,LQR,-1,100,0.0,0.0,-1,,,,0.03367172317472553,0.14910792496120948,0.1010151695241766,2.7512763569384443e-06,5.960464477539062e-07,0.03009444950940024,0.24580829794185188,0.0,,
noise,3,SMC,-1,100,0.0,0.0,-1,,16.0,0.5,0.04380632101202806,0.14993154000149925,0.1314189630360842,1.413968426209909e-05,7.748603820800781e-07,0.04939553428077732,1.3999558457941785,0.0025,,
noise,3,PPO,1024,100,0.0,0.0,-1,,,,0.021055429932914507,0.11487763825505727,0.06316628979874352,0.0074458162840685726,0.003931820392608643,0.09813068359347056,6.029509163254093,0.015,,
noise,3,PPO,123,100,0.0,0.0,-1,,,,0.022437051052215228,0.11580216768989873,0.0673111531566457,0.0162954175453863,0.02680516242980957,0.10512226755310436,6.8201264212239625,0.02,,
noise,3,PPO,42,100,0.0,0.0,-1,,,,0.021083370022783838,0.11437514979352915,0.06325011006835152,0.005847835194687416,0.01441943645477295,0.08994079871739533,5.346805191828404,0.015,,
noise,3,Linear,-1,101,0.0,0.0,-1,8.0,,,0.01995404808450504,0.07287008570269901,0.059862144253515125,1.4122564023659554e-05,7.233582437038422e-06,0.02691434533161081,0.4224651585470671,0.0,,
noise,3,LQR,-1,101,0.0,0.0,-1,,,,0.021931981983058874,0.07112323072638922,0.06579594594917662,6.107136285231437e-06,1.5338882803916931e-06,0.03153527588449095,0.3746481442839944,0.0,,
noise,3,SMC,-1,101,0.0,0.0,-1,,16.0,0.5,0.02774897644185776,0.06884312845323659,0.08324692932557329,2.022466426830233e-05,2.2100284695625305e-06,0.041133634697251585,1.6865147801648128,0.005,,
noise,3,PPO,1024,101,0.0,0.0,-1,,,,0.020172069844784382,0.06404164182712538,0.06051620953435315,0.0037632929218680035,0.0016558915376663208,0.049057558810621724,2.2417963484194154,0.005,,
noise,3,PPO,123,101,0.0,0.0,-1,,,,0.0217541881466512,0.0628122363856047,0.0652625644399536,0.004174860717475783,0.00826516654342413,0.054546081991413344,2.706547242498168,0.0075,,
noise,3,PPO,42,101,0.0,0.0,-1,,,,0.02078209545546353,0.06274170529764508,0.06234628636639059,0.003746379799221033,0.004103393293917179,0.0536279358768701,2.7221664521977615,0.0075,,
noise,3,Linear,-1,102,0.0,0.0,-1,8.0,,,0.01802361697225726,0.07427956707139724,0.05407085091677179,3.561215442145404e-05,1.2159347534179688e-05,0.05081621058601096,2.7847295491138713,0.005,,
noise,3,LQR,-1,102,0.0,0.0,-1,,,,0.022067919956314658,0.09610379585471926,0.06620375986894397,5.643079660970855e-06,1.6689300537109375e-06,0.051217961812077724,1.8979619833719494,0.0,,
noise,3,SMC,-1,102,0.0,0.0,-1,,16.0,0.5,0.022425934307916666,0.06733135163395886,0.06727780292374999,5.295572020573381e-06,8.344650268554688e-07,0.06792269293561196,4.208280235320006,0.0125,,
noise,3,PPO,1024,102,0.0,0.0,-1,,,,0.017743551942128115,0.0635850801268148,0.053230655826384345,0.004373970764896108,0.0018607378005981445,0.07287982815964858,4.581277988549285,0.0125,,
noise,3,PPO,123,102,0.0,0.0,-1,,,,0.018973512224719883,0.06418224221877812,0.056920536674159646,0.014151899379758555,0.027431488037109375,0.08004544498201488,5.102859184064835,0.015,,
noise,3,PPO,42,102,0.0,0.0,-1,,,,0.017732700248590864,0.06361937821558325,0.05319810074577259,0.0039038880046221346,0.011597037315368652,0.07758678460581939,4.967613973733734,0.015,,
noise,3,Linear,-1,103,0.0,0.0,-1,8.0,,,0.08361780541766659,0.23891637124997697,0.25085341625299973,0.00029434445946488854,0.0001239180564880371,0.13393354200133287,2.6681223308519453,0.0,,
noise,3,LQR,-1,103,0.0,0.0,-1,,,,0.0805337663186584,0.21726563253639994,0.2416012989559752,0.00010734692468871305,1.3440847396850586e-05,0.165499631538897,4.202330401411176,0.0,,
noise,3,SMC,-1,103,0.0,0.0,-1,,16.0,0.5,0.14913807836632575,0.3416311448672355,0.44741423509897726,1.685638670568113e-05,1.2814998626708984e-06,0.16613375362110333,6.111591608147312,0.015,,
noise,3,PPO,1024,103,0.0,0.0,-1,,,,0.07258346482094513,0.21042584173925655,0.2177503944628354,0.007534096293427326,0.003636658191680908,0.1496790551448106,3.489942666070079,0.0025,,
noise,3,PPO,123,103,0.0,0.0,-1,,,,0.06827501725633446,0.20374937117675332,0.2048250517690034,0.0070778395934605305,0.018348664045333862,0.1726177133465339,5.817182319854372,0.0125,,
noise,3,PPO,42,103,0.0,0.0,-1,,,,0.06699216375617095,0.20430531821334458,0.20097649126851286,0.005284436851923848,0.0048097968101501465,0.17179688201878135,5.804947040289178,0.0125,,
noise,3,Linear,-1,104,0.0,0.0,-1,8.0,,,0.062906765452751,0.2346832103110601,0.18872029635825305,2.0345851181097972e-05,8.277595043182373e-06,0.10225038213697157,5.585558320684676,0.015,,
noise,3,LQR,-1,104,0.0,0.0,-1,,,,0.06682969482343858,0.23061206671340334,0.20048908447031571,2.0308218850397768e-05,2.3543834686279297e-06,0.11293826665702224,5.753248604139577,0.01,,
noise,3,SMC,-1,104,0.0,0.0,-1,,16.0,0.5,0.07195963863831506,0.22585779480359613,0.21587891591494518,6.017075955039925e-05,1.691281795501709e-06,0.12735955313083586,8.142624173452742,0.0225,,
noise,3,PPO,1024,104,0.0,0.0,-1,,,,0.06434782001817736,0.2243322428865655,0.1930434600545321,0.006415220515020651,0.006475567817687988,0.11617052220644201,8.043599845847032,0.025,,
noise,3,PPO,123,104,0.0,0.0,-1,,,,0.0694152657662581,0.22957805620592017,0.20824579729877432,0.00804731005768257,0.010402485728263855,0.14413307925617727,10.204376904465933,0.03,,
noise,3,PPO,42,104,0.0,0.0,-1,,,,0.06735986170431728,0.2274190181680514,0.20207958511295182,0.00660532809805447,0.0034250766038894653,0.13518189827440089,9.710792766360676,0.03,,
noise,3,Linear,-1,105,0.0,0.0,-1,8.0,,,0.0457853637097662,0.1481528955364029,0.13735609112929859,1.464242023634322e-05,4.889443516731262e-06,0.08139386617966424,1.9412351778154655,0.0,,
noise,3,LQR,-1,105,0.0,0.0,-1,,,,0.047885537193971976,0.1431681334477938,0.14365661158191592,1.7919991579320696e-05,2.0600855350494385e-06,0.09936473206460135,3.288659492130303,0.0,,
noise,3,SMC,-1,105,0.0,0.0,-1,,16.0,0.5,0.05471300515106237,0.1498247431407522,0.16413901545318713,6.140614457336473e-05,1.998618245124817e-06,0.1151089919306706,6.294073927065271,0.0175,,
noise,3,PPO,1024,105,0.0,0.0,-1,,,,0.04741246694120627,0.14863053270895313,0.14223740082361883,0.008577439341878082,0.002423463389277458,0.10670801997184753,4.415312779723553,0.005,,
noise,3,PPO,123,105,0.0,0.0,-1,,,,0.05043093081531196,0.14650715190022573,0.15129279244593588,0.007677710810561239,0.004526562988758087,0.1120721336167905,5.127043746219445,0.01,,
noise,3,PPO,42,105,0.0,0.0,-1,,,,0.048655775193735054,0.14464776308115326,0.14596732558120515,0.008366564305982104,0.0026901550590991974,0.10820599507884195,4.828038628881881,0.01,,
noise,3,Linear,-1,106,0.0,0.0,-1,8.0,,,0.06799560076553617,0.20210916299435946,0.20398680229660848,0.0001379321401156945,8.196849375963211e-05,0.1472764528888345,4.405870102081179,0.0,,
noise,3,LQR,-1,106,0.0,0.0,-1,,,,0.06457677150463742,0.1992857618883643,0.1937303145139123,2.9063244626201965e-05,7.896684110164642e-06,0.16290625786655086,5.141481821892754,0.0,,
noise,3,SMC,-1,106,0.0,0.0,-1,,16.0,0.5,0.13136049621811652,0.3118570706630006,0.39408148865434955,2.4020552554708203e-05,1.1101365089416504e-06,0.1666929955006132,7.370464616551414,0.0175,,
noise,3,PPO,1024,106,0.0,0.0,-1,,,,0.06397628407537898,0.19600823088695438,0.1919288522261369,0.0013290204834997838,0.0006720521487295628,0.19717297965005745,11.36065609632368,0.0325,,
noise,3,PPO,123,106,0.0,0.0,-1,,,,0.05643009824253671,0.18294210654602214,0.16929029472761015,0.003277326061643292,0.005098252557218075,0.198028241553021,10.661542681471152,0.03,,
noise,3,PPO,42,106,0.0,0.0,-1,,,,0.05340554702363936,0.18150988076612087,0.1602166410709181,0.0032301643578749564,0.004015244543552399,0.1748836399462455,8.091444602637672,0.02,,
noise,3,Linear,-1,107,0.0,0.0,-1,8.0,,,0.022034418936013704,0.07253483415042201,0.06610325680804112,4.368080516104345e-05,1.913309097290039e-05,0.07826948451096577,3.442198615540544,0.0075,,
noise,3,LQR,-1,107,0.0,0.0,-1,,,,0.028145953836360774,0.11046698985757905,0.08443786150908232,1.5308856274242754e-05,3.725290298461914e-06,0.06780618071147196,2.0673992059321877,0.0,,
noise,3,SMC,-1,107,0.0,0.0,-1,,16.0,0.5,0.01847239185189666,0.07083466367656602,0.05541717555568997,4.308602922124627e-06,6.854534149169922e-07,0.06373874593245528,4.051079617026889,0.0125,,
noise,3,PPO,1024,107,0.0,0.0,-1,,,,0.01746392341857855,0.06416392508344669,0.05239177025573565,0.004164149243108652,0.0019842982292175293,0.1052699913073359,6.181325394108817,0.0175,,
noise,3,PPO,123,107,0.0,0.0,-1,,,,0.017952594401722068,0.06424899721515195,0.053857783205166196,0.011385414185991257,0.025236397981643677,0.11901765677409055,7.795892218272565,0.0225,,
noise,3,PPO,42,107,0.0,0.0,-1,,,,0.015851133169741034,0.06343145969012828,0.0475533995092231,0.0056750101244284045,0.011562764644622803,0.10359960675536843,6.287221209008456,0.0175,,
noise,3,Linear,-1,108,0.0,0.0,-1,8.0,,,0.04472725455176375,0.1487072932793692,0.13418176365529125,1.8942189966270954e-05,8.143484592437744e-06,0.04699884547487347,0.5018665375729888,0.0,,
noise,3,LQR,-1,108,0.0,0.0,-1,,,,0.04965967278077336,0.13999504376196506,0.14897901834232008,1.717667831222952e-05,2.566725015640259e-06,0.05804107062962523,0.8577644668467514,0.0,,
noise,3,SMC,-1,108,0.0,0.0,-1,,16.0,0.5,0.057709190160530006,0.14622916631176333,0.17312757048159003,5.6190651921946327e-05,2.7418136596679688e-06,0.06915786434672101,2.5105713978143087,0.005,,
noise,3,PPO,1024,108,0.0,0.0,-1,,,,0.04338483723149118,0.14034264287172746,0.13015451169447356,0.006212678079688807,0.00643404945731163,0.05138787727552162,0.6380999197868894,0.0,,
noise,3,PPO,123,108,0.0,0.0,-1,,,,0.04713630219124078,0.13955726789948258,0.14140890657372235,0.0082331416024654,0.011321894824504852,0.06831274060950501,2.8423559537622696,0.0075,,
noise,3,PPO,42,108,0.0,0.0,-1,,,,0.045676909694020384,0.138447948771959,0.13703072908206115,0.006518587777621032,0.0037277601659297943,0.06398788174414576,2.2432499306608302,0.005,,
noise,3,Linear,-1,109,0.0,0.0,-1,8.0,,,0.03387185643989893,0.1108555277033549,0.1016155693196968,4.193404068549474e-05,1.1994503438472748e-05,0.11105232832586379,4.986510397228496,0.0125,,
noise,3,LQR,-1,109,0.0,0.0,-1,,,,0.04211537699824383,0.1653802798830269,0.1263461309947315,8.086754400053142e-06,1.6614794731140137e-06,0.07320570105549759,2.0190849158818307,0.0,,
noise,3,SMC,-1,109,0.0,0.0,-1,,16.0,0.5,0.05827161406088661,0.15036671390214135,0.17481484218265983,2.174050098767987e-05,1.1329539120197296e-06,0.10732711885270536,5.058043379813498,0.0125,,
noise,3,PPO,1024,109,0.0,0.0,-1,,,,0.033540007965646976,0.10855245143513281,0.10062002389694093,0.009622585603300437,0.0038428325206041336,0.1545365136534793,9.158304855835201,0.025,,
noise,3,PPO,123,109,0.0,0.0,-1,,,,0.031206668093289595,0.10501537349860135,0.09362000427986879,0.013347549231745947,0.007092877756804228,0.1395128040082121,7.7792664297934495,0.0225,,
noise,3,PPO,42,109,0.0,0.0,-1,,,,0.030044951478866294,0.1046787127330397,0.09013485443659888,0.0107087269252925,0.0040339813567698,0.1366645886639407,7.10578096636059,0.0175,,
noise,3,Linear,-1,110,0.0,0.0,-1,8.0,,,0.044841820740505606,0.1346233266213161,0.13452546222151682,7.424156330985788e-05,9.98377799987793e-06,0.0735172650955636,1.2035226626332696,0.0,,
noise,3,LQR,-1,110,0.0,0.0,-1,,,,0.04464037567110003,0.12429352974879838,0.13392112701330008,2.9372545764034178e-05,9.998679161071777e-06,0.09236313689392378,1.6380401644283127,0.0,,
noise,3,SMC,-1,110,0.0,0.0,-1,,16.0,0.5,0.09393024663359596,0.21155084038082606,0.28179073990078785,1.4495035564457928e-05,9.611248970031738e-06,0.12342843208101491,3.922577404757284,0.01,,
noise,3,PPO,1024,110,0.0,0.0,-1,,,,0.040631967145564066,0.11749774837547014,0.1218959014366922,0.008792725414681582,0.002994135022163391,0.09251183015004061,2.993413485179005,0.0075,,
noise,3,PPO,123,110,0.0,0.0,-1,,,,0.04141081612830454,0.11408368112610517,0.12423244838491361,0.024901534074250564,0.005035758018493652,0.10930675139216395,4.0164271412624535,0.01,,
noise,3,PPO,42,110,0.0,0.0,-1,,,,0.039798115289143766,0.11420921340663376,0.11939434586743129,0.016509754054340315,0.003997191786766052,0.10454414570309277,3.702795918791086,0.01,,
noise,3,Linear,-1,111,0.0,0.0,-1,8.0,,,0.07882400245951715,0.250360506397263,0.23647200737855145,2.690655305797671e-05,9.081326425075531e-06,0.14100236471328986,6.47547202408995,0.0125,,
noise,3,LQR,-1,111,0.0,0.0,-1,,,,0.08090633206166821,0.23414554851295596,0.24271899618500462,3.2863056540121265e-05,3.1655654311180115e-06,0.15658748115497237,7.560813892188297,0.0125,,
noise,3,SMC,-1,111,0.0,0.0,-1,,16.0,0.5,0.08871051327355209,0.23363695838332654,0.2661315398206563,9.307396356706265e-05,2.8531067073345184e-06,0.16959289232683117,9.987043440888176,0.0275,,
noise,3,PPO,1024,111,0.0,0.0,-1,,,,0.07400902441162027,0.23079523108588543,0.22202707323486082,0.007921957152171267,0.006269433535635471,0.15634288133454144,8.49006107720252,0.0225,,
noise,3,PPO,123,111,0.0,0.0,-1,,,,0.07852009517091914,0.22958296112992635,0.23556028551275743,0.005478970145944644,0.002408131491392851,0.16628902632350617,10.154386218546628,0.03,,
noise,3,PPO,42,111,0.0,0.0,-1,,,,0.07716393679668214,0.22860734274488517,0.2314918103900464,0.006305679900249765,0.004727250896394253,0.1689464643857723,10.24669309395162,0.03,,
noise,3,Linear,-1,112,0.0,0.0,-1,8.0,,,0.08092000360963734,0.22408597532605146,0.24276001082891205,0.00012229397364052724,3.8743019104003906e-05,0.1621677866600398,4.676281828454406,0.0025,,
noise,3,LQR,-1,112,0.0,0.0,-1,,,,0.08328375091206465,0.23855816589835227,0.24985125273619396,7.195117090035367e-05,1.2516975402832031e-05,0.12277589479948883,1.759222042264322,0.0,,
noise,3,SMC,-1,112,0.0,0.0,-1,,16.0,0.5,0.15325811528039482,0.35094732867728473,0.45977434584118443,0.0002738125564783444,8.225440979003906e-06,0.1231437072081098,2.490566032003776,0.0025,,
noise,3,PPO,1024,112,0.0,0.0,-1,,,,0.07100545506709946,0.20068795280083684,0.2130163652012984,0.00903537930679266,0.008251965045928955,0.20200307600367395,9.562475357926564,0.025,,
noise,3,PPO,123,112,0.0,0.0,-1,,,,0.06044365608629616,0.1883001370779188,0.1813309682588885,0.017392443705718092,0.03380507230758667,0.1724750857580769,5.385746936937913,0.0075,,
noise,3,PPO,42,112,0.0,0.0,-1,,,,0.05802520682124834,0.18897536045541294,0.17407562046374503,0.0054606396222004186,0.009765565395355225,0.1719299843650952,5.228829092340512,0.005,,
noise,3,Linear,-1,113,0.0,0.0,-1,8.0,,,0.055289700648616553,0.1948556599583689,0.16586910194584964,3.5573383448300536e-05,5.841255187988281e-06,0.15774255941745052,7.981819935421297,0.02,,
noise,3,LQR,-1,113,0.0,0.0,-1,,,,0.0750200633065665,0.2553852976759874,0.22506018991969953,1.241271326571335e-05,3.7550926208496094e-06,0.11507058362604629,4.500354956851122,0.0075,,
noise,3,SMC,-1,113,0.0,0.0,-1,,16.0,0.5,0.09825101433978327,0.2641358132227047,0.2947530430193498,0.00011847635018236844,2.282857894897461e-05,0.14007128652336426,6.879566911341141,0.0175,,
noise,3,PPO,1024,113,0.0,0.0,-1,,,,0.055071837271479324,0.1939609865997714,0.16521551181443797,0.010445828009166835,0.01787656545639038,0.2103564451423072,12.879529416118888,0.035,,
noise,3,PPO,123,113,0.0,0.0,-1,,,,0.053250078239624486,0.19183327361054947,0.15975023471887345,0.026158517996930045,0.01590275764465332,0.19665918276851946,11.352376744718798,0.03,,
noise,3,PPO,42,113,0.0,0.0,-1,,,,0.051216557056039995,0.19175737756408873,0.15364967116811998,0.009846867746271101,0.018486738204956055,0.1969173263730551,11.395480313813959,0.03,,
noise,3,Linear,-1,114,0.0,0.0,-1,8.0,,,0.03781834119845318,0.11927139204819237,0.11345502359535954,2.429147975312339e-05,1.1786818504333496e-05,0.08018197692196788,1.8947755154623334,0.0,,
noise,3,LQR,-1,114,0.0,0.0,-1,,,,0.04021508085014219,0.12324448017786538,0.12064524255042659,1.8574550379941494e-05,2.682209014892578e-06,0.059571087089125854,0.6464156580520828,0.0,,
noise,3,SMC,-1,114,0.0,0.0,-1,,16.0,0.5,0.06733839748115089,0.16092715465381666,0.20201519244345267,6.638189064867703e-05,4.641711711883545e-06,0.07543124974014072,1.4375398964634456,0.0,,
noise,3,PPO,1024,114,0.0,0.0,-1,,,,0.037416790853969054,0.11466347583300299,0.11225037256190716,0.005136174736199556,0.0018807724118232727,0.1162044546030406,5.463594279579923,0.01,,
noise,3,PPO,123,114,0.0,0.0,-1,,,,0.03383302600943605,0.10667416787617197,0.10149907802830815,0.0039045773389070858,0.006036654114723206,0.09926898353802797,3.506093569782507,0.005,,
noise,3,PPO,42,114,0.0,0.0,-1,,,,0.032830231483264714,0.10642187749531745,0.09849069444979414,0.004445820920353318,0.005173414945602417,0.09889991644611977,3.5001438101406266,0.005,,
noise,3,Linear,-1,115,0.0,0.0,-1,8.0,,,0.0568908715987592,0.16424399350411623,0.1706726147962776,7.466597620535779e-05,1.3321638107299805e-05,0.13569402017461094,4.437759374876357,0.005,,
noise,3,LQR,-1,115,0.0,0.0,-1,,,,0.064091901092636,0.19988632248536792,0.19227570327790802,2.105935925134906e-05,1.1235475540161133e-05,0.07689130112643718,0.8629934003162476,0.0,,
noise,3,SMC,-1,115,0.0,0.0,-1,,16.0,0.5,0.12063462376758667,0.2698434326841023,0.36190387130276,6.17808351914088e-05,5.6624412536621094e-05,0.0976925373660259,1.7100628733619765,0.0025,,
noise,3,PPO,1024,115,0.0,0.0,-1,,,,0.0530506808597963,0.1551706334899332,0.1591520425793889,0.0070877277729227955,0.010339170694351196,0.1753127796394272,9.180613391079689,0.025,,
noise,3,PPO,123,115,0.0,0.0,-1,,,,0.04697488975232732,0.14321146164194307,0.14092466925698197,0.02517920071374119,0.016971677541732788,0.16052856629405476,8.01611668764553,0.0225,,
noise,3,PPO,42,115,0.0,0.0,-1,,,,0.04329457526762543,0.14178193828551755,0.1298837258028763,0.015111936641466102,0.014723360538482666,0.15332909390107355,6.529852359503484,0.015,,
noise,3,Linear,-1,116,0.0,0.0,-1,8.0,,,0.021714124383818256,0.1209877052636025,0.06514237315145477,1.3357695238089856e-06,1.4901161193847656e-07,0.048369823437081905,1.8258625159485569,0.0025,,
noise,3,LQR,-1,116,0.0,0.0,-1,,,,0.0323381548569749,0.1476089240325759,0.09701446457092472,1.1411346035239138e-06,9.685754776000977e-07,0.025153998871681415,0.2540684375126252,0.0,,
noise,3,SMC,-1,116,0.0,0.0,-1,,16.0,0.5,0.03857245166102426,0.14811584007308523,0.11571735498307277,1.443940916179139e-06,1.1473894119262695e-06,0.05404434096468918,2.6786740683048307,0.005,,
noise,3,PPO,1024,116,0.0,0.0,-1,,,,0.02111919743786175,0.11653189470028964,0.06335759231358525,0.005939517676094432,0.007674038410186768,0.09634531677661097,5.4436865026985,0.0125,,
noise,3,PPO,123,116,0.0,0.0,-1,,,,0.023534708325607907,0.11700244845937478,0.07060412497682371,0.026445700062645808,0.017527788877487183,0.09647826860139745,5.514350647470763,0.0125,,
noise,3,PPO,42,116,0.0,0.0,-1,,,,0.021722656941577073,0.11624901049004269,0.06516797082473122,0.015464382775035906,0.013320788741111755,0.09690198560531002,5.714514752926075,0.015,,
noise,3,Linear,-1,117,0.0,0.0,-1,8.0,,,0.015421743801595986,0.06679026822789312,0.04626523140478796,5.0981805004455424e-06,2.08243727684021e-06,0.07145033500382579,3.8327717910341264,0.0075,,
noise,3,LQR,-1,117,0.0,0.0,-1,,,,0.019095061591138145,0.0777897186757506,0.05728518477341443,4.256391368898345e-06,4.954636096954346e-07,0.07164667238791785,3.1216982488689617,0.0,,
noise,3,SMC,-1,117,0.0,0.0,-1,,16.0,0.5,0.018481479657323083,0.06703472366086968,0.055444438971969254,1.6360454560245997e-05,9.5367431640625e-07,0.08854613132439577,5.663940053439905,0.015,,
noise,3,PPO,1024,117,0.0,0.0,-1,,,,0.02453866187411075,0.09689109904247827,0.07361598562233225,0.005987791427882549,0.006664827466011047,0.10842710176013652,7.915503078103007,0.0225,,
noise,3,PPO,123,117,0.0,0.0,-1,,,,0.024682461286617052,0.08821911143797315,0.07404738385985116,0.0032491830097120485,0.005397364497184753,0.10683950127341652,7.65834711558472,0.0225,,
noise,3,PPO,42,117,0.0,0.0,-1,,,,0.017789400614455886,0.06686552142500297,0.053368201843367664,0.00391112875342829,0.002855706959962845,0.08118231139352494,5.2600277714530135,0.015,,
noise,3,Linear,-1,118,0.0,0.0,-1,8.0,,,0.05530734728973015,0.18405323532990653,0.16592204186919046,1.622303561479957e-05,5.319714546203613e-06,0.07473086219680428,1.9362740135691632,0.0,,
noise,3,LQR,-1,118,0.0,0.0,-1,,,,0.058856913209091546,0.17147158248227365,0.17657073962727465,2.095144655969408e-05,2.428889274597168e-06,0.05639632610827699,0.7030281797554317,0.0,,
noise,3,SMC,-1,118,0.0,0.0,-1,,16.0,0.5,0.06541293718467342,0.17649748279230162,0.19623881155402026,6.574234223844092e-05,2.1029263734817505e-06,0.06908081915919528,1.2186163140100792,0.0,,
noise,3,PPO,1024,118,0.0,0.0,-1,,,,0.05495099063303882,0.17615967326428764,0.16485297189911646,0.008410633064484523,0.0038311704993247986,0.08040039720677973,2.237783324599669,0.0025,,
noise,3,PPO,123,118,0.0,0.0,-1,,,,0.06128206764481782,0.17609242777899375,0.18384620293445347,0.008071661441023519,0.00623689591884613,0.09165117219282068,3.5688204177486265,0.0075,,
noise,3,PPO,42,118,0.0,0.0,-1,,,,0.05936876517033061,0.17365227273169243,0.1781062955109918,0.008325337156377456,0.0026110373437404633,0.07667312040887866,2.1709488740665517,0.0025,,
noise,3,Linear,-1,119,0.0,0.0,-1,8.0,,,0.04613120030768135,0.18894205035851372,0.13839360092304406,3.9802628488820275e-05,8.702278137207031e-06,0.15076978176720718,8.767753764066413,0.025,,
noise,3,LQR,-1,119,0.0,0.0,-1,,,,0.06391938652646599,0.23440526640109471,0.19175815957939796,4.786135697806323e-06,1.7285346984863281e-06,0.11860082509984016,6.0798908627780675,0.0125,,
noise,3,SMC,-1,119,0.0,0.0,-1,,16.0,0.5,0.07570156496612732,0.22908512734867,0.22710469489838195,9.102424905623919e-06,6.973743438720703e-06,0.1485968966510871,9.084312379417183,0.025,,
noise,3,PPO,1024,119,0.0,0.0,-1,,,,0.045889023488584105,0.1875317195194368,0.1376670704657523,0.003013958717569893,0.005244642496109009,0.19397275317042248,12.382834742416167,0.035,,
noise,3,PPO,123,119,0.0,0.0,-1,,,,0.046950509888410305,0.18699619483307428,0.14085152966523093,0.02264587775470666,0.028201252222061157,0.19308169923218763,12.277358441468893,0.035,,
noise,3,PPO,42,119,0.0,0.0,-1,,,,0.04532150904406466,0.18672314646716717,0.13596452713219398,0.011927977830953436,0.01714712381362915,0.1934504099747635,12.301137541356862,0.035,,
noise,2,Linear,-1,100,0.0,0.01,-1,8.0,,,3.02233354199495,3.9745104730899645,9.06700062598485,10.172147968668996,13.027045756578445,1.611307356051376,60.43709027622833,0.005,,
noise,2,LQR,-1,100,0.0,0.01,-1,,,,0.09159978518281085,0.19584770089566145,0.27479935554843254,0.1036076692427382,0.07878655195236206,0.1092764080851992,0.4086344981104625,0.0,,
noise,2,SMC,-1,100,0.0,0.01,-1,,16.0,0.5,0.08363158669723747,0.1947700773576456,0.2508947600917124,0.0664354913442591,0.041266798973083496,0.6550769732029472,13.543206961984072,0.0,,
noise,2,PPO,1024,100,0.0,0.01,-1,,,,0.06344386235232513,0.1708313247047622,0.19033158705697542,0.07745485745922283,0.04837542772293091,0.6991851956506917,16.920203309692813,0.0075,,
noise,2,PPO,123,100,0.0,0.01,-1,,,,0.06680920604536665,0.17166090584390584,0.20042761813609994,0.07958481375725916,0.01680731773376465,0.3751626891499743,5.759316464012052,0.005,,
noise,2,PPO,42,100,0.0,0.01,-1,,,,0.0729172910555519,0.17463882424905652,0.2187518731666557,0.09643127215037375,0.04834306240081787,1.6737132918581998,81.26574166611282,0.045,,
noise,2,Linear,-1,101,0.0,0.01,-1,8.0,,,2.0922077969335953,2.9802685011134624,6.276623390800786,8.46457420979385,7.783916473388672,1.2148387802212017,39.26312644112615,0.0,,
noise,2,LQR,-1,101,0.0,0.01,-1,,,,0.07456875567464584,0.11601213677472241,0.2237062670239375,0.11077788037558396,0.19404952228069305,0.1236847336658049,0.8744085428196211,0.0,,
noise,2,SMC,-1,101,0.0,0.01,-1,,16.0,0.5,0.0582857496753112,0.09495717539593493,0.1748572490259336,0.1022616678641902,0.17117326706647873,0.6114165465727197,13.392157385122957,0.005,,
noise,2,PPO,1024,101,0.0,0.01,-1,,,,0.039232716774869884,0.07304842518129152,0.11769815032460966,0.07953920491315701,0.16176090389490128,0.6213752936172366,14.356091037626738,0.01,,
noise,2,PPO,123,101,0.0,0.01,-1,,,,0.04431920952009965,0.07586204907404347,0.13295762856029894,0.09629510156810284,0.140990749001503,0.3679388469628562,6.130687570362527,0.0075,,
noise,2,PPO,42,101,0.0,0.01,-1,,,,0.04414890106250273,0.0780893108343679,0.13244670318750817,0.09977003014474004,0.20918094366788864,1.725466265336162,84.1934466514103,0.035,,
noise,2,Linear,-1,102,0.0,0.01,-1,8.0,,,2.408411921876005,3.169355049804483,7.225235765628015,6.6895797236098185,4.268867909908295,1.3899621938975375,44.09470821328217,0.0,,
noise,2,LQR,-1,102,0.0,0.01,-1,,,,0.13574686488454057,0.2830387786994437,0.4072405946536217,0.14069128458468635,0.13404685258865356,0.20554367003373536,4.367259817601594,0.005,,
noise,2,SMC,-1,102,0.0,0.01,-1,,16.0,0.5,0.15367548126558575,0.3050398207351551,0.4610264437967572,0.10465468932518068,0.09229391813278198,0.6561667012756788,16.12755755359016,0.015,,
noise,2,PPO,1024,102,0.0,0.01,-1,,,,0.09458744114362391,0.2446514871387525,0.2837623234308717,0.06624711337096897,0.05082660913467407,0.6976042059145664,20.775055676392842,0.0225,,
noise,2,PPO,123,102,0.0,0.01,-1,,,,0.09883446632288334,0.24664718912578862,0.29650339896865,0.06966034023746571,0.053274333477020264,0.43133280403967805,10.94026810809406,0.02,,
noise,2,PPO,42,102,0.0,0.01,-1,,,,0.09917101465438122,0.2461230427145102,0.29751304396314365,0.08410402773707001,0.04749876260757446,1.4728197681060307,65.466860959384,0.03,,
noise,2,Linear,-1,103,0.0,0.01,-1,8.0,,,2.420611128297728,3.2427754302780825,7.261833384893184,7.073044409906423,6.213215202093124,1.4082268414057402,46.97793535572456,0.01,,
noise,2,LQR,-1,103,0.0,0.01,-1,,,,0.14943578183234468,0.315433201390822,0.44830734549703405,0.13256302999079594,0.11637699604034424,0.18812209581578135,5.5167055644409295,0.01,,
noise,2,SMC,-1,103,0.0,0.01,-1,,16.0,0.5,0.12611994983245953,0.28078217721826976,0.3783598494973786,0.08187633153786998,0.04576769471168518,0.682493861902205,18.438754807491232,0.0225,,
noise,2,PPO,1024,103,0.0,0.01,-1,,,,0.08785520649785276,0.22059231284662076,0.2635656194935583,0.05633240624296444,0.02786707878112793,0.6771015974500233,19.23229107552055,0.0275,,
noise,2,PPO,123,103,0.0,0.01,-1,,,,0.09666563241323727,0.23002425732970128,0.28999689723971184,0.0668578658160972,0.07423248887062073,0.4159154125542712,11.227690554758388,0.025,,
noise,2,PPO,42,103,0.0,0.01,-1,,,,0.09597344474722991,0.22751197036427354,0.2879203342416897,0.07752470393883593,0.09608891606330872,1.6207603864799116,75.62427037019309,0.0475,,
noise,2,Linear,-1,104,0.0,0.01,-1,8.0,,,3.1873515945900284,4.204258252140257,9.562054783770085,7.836032136354917,8.212684392929077,1.6665728823130863,66.08132725404951,0.0025,,
noise,2,LQR,-1,104,0.0,0.01,-1,,,,0.19414396658973304,0.5054596599763632,0.5824318997691992,0.22805905445582336,0.3234679102897644,0.25197084134771486,9.353297551058699,0.02,,
noise,2,SMC,-1,104,0.0,0.01,-1,,16.0,0.5,0.20700937890484836,0.5161594055157376,0.621028136714545,0.17246785926356636,0.20098838210105896,0.7326966829881295,22.195026676122936,0.03,,
noise,2,PPO,1024,104,0.0,0.01,-1,,,,0.179593748457928,0.5135942995608169,0.538781245373784,0.11008411081346833,0.09850551933050156,0.8255643993616104,30.842205359048865,0.0625,,
noise,2,PPO,123,104,0.0,0.01,-1,,,,0.17973093621058084,0.5071895147882781,0.5391928086317426,0.14626771392139756,0.1224384680390358,0.5248221882858182,19.25088538253027,0.0375,,
noise,2,PPO,42,104,0.0,0.01,-1,,,,0.17584371938682158,0.5073607201457369,0.5275311581604647,0.13020545722525798,0.17525890469551086,1.7862724631541684,91.61017620141813,0.0825,,
noise,2,Linear,-1,105,0.0,0.01,-1,8.0,,,2.2821074427304446,3.3482760597593777,6.846322328191334,9.176796420856759,8.171989172697067,1.2656525171680046,45.790643105031386,0.0075,,
noise,2,LQR,-1,105,0.0,0.01,-1,,,,0.08169549942815542,0.12068669345946896,0.24508649828446624,0.14429498416728076,0.04499727673828602,0.166288900653384,4.689198406263876,0.0075,,
noise,2,SMC,-1,105,0.0,0.01,-1,,16.0,0.5,0.06926504347329387,0.11059240724406297,0.20779513041988165,0.09268092349125648,0.06273031421005726,0.610386704772878,15.921797696043638,0.0175,,
noise,2,PPO,1024,105,0.0,0.01,-1,,,,0.05464687311932048,0.10178092713655504,0.16394061935796145,0.060441888219182505,0.059362104162573814,0.6262234285325183,17.03085178446349,0.0225,,
noise,2,PPO,123,105,0.0,0.01,-1,,,,0.05705454221331295,0.1014945930332375,0.17116362663993887,0.07864236815568106,0.07490698993206024,0.4007185899520158,9.963617187483363,0.02,,
noise,2,PPO,42,105,0.0,0.01,-1,,,,0.06418868800793974,0.10934677594029922,0.1925660640238192,0.09454331789625647,0.14416642114520073,1.5786516418369334,72.80619940702229,0.03,,
noise,2,Linear,-1,106,0.0,0.01,-1,8.0,,,2.5070428656551953,3.355828684822923,7.5211285969655854,8.300858988438124,8.528039425611496,1.4935163673468659,52.43313252990257,0.0125,,
noise,2,LQR,-1,106,0.0,0.01,-1,,,,0.18031673981201954,0.4221013454399644,0.5409502194360586,0.12827361573430676,0.05195700749754906,0.23654571478042802,7.423839220334689,0.015,,
noise,2,SMC,-1,106,0.0,0.01,-1,,16.0,0.5,0.16234139681912585,0.4002057052204475,0.4870241904573775,0.10312063586294513,0.01927439123392105,0.6655941774950774,18.71802171362978,0.0275,,
noise,2,PPO,1024,106,0.0,0.01,-1,,,,0.14979224245304726,0.38052998033312463,0.4493767273591418,0.09266262703839644,0.009702080860733986,0.7455619133061304,24.141591529211198,0.03,,
noise,2,PPO,123,106,0.0,0.01,-1,,,,0.15148194218135702,0.3727158034518107,0.45444582654407106,0.09799988598585772,0.020890584448352456,0.4864156449450519,14.287638413018417,0.0275,,
noise,2,PPO,42,106,0.0,0.01,-1,,,,0.15263120426292395,0.3737911215649048,0.45789361278877183,0.10294558646525313,0.036851439625024796,1.5964486910926732,75.59405845541806,0.06,,
noise,2,Linear,-1,107,0.0,0.01,-1,8.0,,,3.2301286828231164,4.166211654439297,9.69038604846935,8.934543023690765,10.777068138122559,1.6488822306555109,58.12106356942996,0.0,,
noise,2,LQR,-1,107,0.0,0.01,-1,,,,0.15909847999665133,0.3803599712084458,0.477295439989954,0.20613221483833996,0.4549620449542999,0.18501072350794803,3.7964937737664557,0.005,,
noise,2,SMC,-1,107,0.0,0.01,-1,,16.0,0.5,0.15215599583113507,0.3768983663138911,0.45646798749340517,0.16147229144418682,0.254855751991272,0.6803185861523465,16.176493292764444,0.015,,
noise,2,PPO,1024,107,0.0,0.01,-1,,,,0.12904124331551411,0.34791635991403175,0.3871237299465423,0.12964498654099893,0.29343466460704803,0.7336070776320158,20.9413816168221,0.025,,
noise,2,PPO,123,107,0.0,0.01,-1,,,,0.1311280334609114,0.3400078671592591,0.3933841003827342,0.1389727906588419,0.3376047909259796,0.4343360496912514,10.626222419248618,0.02,,
noise,2,PPO,42,107,0.0,0.01,-1,,,,0.1324344758379427,0.3412715933462063,0.39730342751382813,0.13091225163252265,0.2752135694026947,1.9160996607024028,101.61297590053944,0.0575,,
noise,2,Linear,-1,108,0.0,0.01,-1,8.0,,,2.1217871303728173,3.2806102764014655,6.3653613911184515,7.781745757309743,8.08275455236435,1.1966835667293267,41.80128980586677,0.005,,
noise,2,LQR,-1,108,0.0,0.01,-1,,,,0.06410990318775808,0.11958551633533429,0.19232970956327425,0.11130028562965216,0.21082983538508415,0.12756813259431257,1.7210933955091616,0.0,,
noise,2,SMC,-1,108,0.0,0.01,-1,,16.0,0.5,0.04924631844517014,0.10133380106727724,0.1477389553355104,0.10232659340778619,0.05995046719908714,0.6613301053495748,15.28751192196485,0.01,,
noise,2,PPO,1024,108,0.0,0.01,-1,,,,0.04501648895529192,0.09471923014083512,0.13504946686587577,0.060352069383234154,0.04843985661864281,0.6650601329834681,16.057668127180165,0.0125,,
noise,2,PPO,123,108,0.0,0.01,-1,,,,0.04439334291538977,0.09513551118965714,0.13318002874616933,0.05993049906819691,0.025519590824842453,0.37324301727543446,7.268265002945286,0.0125,,
noise,2,PPO,42,108,0.0,0.01,-1,,,,0.05429346207413181,0.10286195166590531,0.16288038622239545,0.09296438156017735,0.10418717563152313,1.6606243059986696,83.01265611003653,0.0475,,
noise,2,Linear,-1,109,0.0,0.01,-1,8.0,,,2.7606147358368953,3.7211255716920495,8.281844207510687,10.365762600008352,8.15090149641037,1.4861421277398184,52.85504189848719,0.0,,
noise,2,LQR,-1,109,0.0,0.01,-1,,,,0.15500831397456222,0.35727957416676476,0.4650249419236867,0.19218819237739584,0.0673074796795845,0.17639505156133548,3.4021818443326284,0.0025,,
noise,2,SMC,-1,109,0.0,0.01,-1,,16.0,0.5,0.166928555031794,0.37360895205295713,0.500785665095382,0.17951837698296633,0.04146261885762215,0.6844376105991682,17.100887567790927,0.0125,,
noise,2,PPO,1024,109,0.0,0.01,-1,,,,0.11061177819778373,0.3251983189923018,0.3318353345933512,0.10100539040142371,0.05521854758262634,0.7405292857763476,21.50901515952056,0.02,,
noise,2,PPO,123,109,0.0,0.01,-1,,,,0.12072561479909834,0.3254512894108043,0.362176844397295,0.11809646729149936,0.05063328519463539,0.43758708262755686,10.386459435554782,0.015,,
noise,2,PPO,42,109,0.0,0.01,-1,,,,0.11888327680339267,0.32475553894852355,0.356649830410178,0.13964210333371604,0.07355129718780518,1.576796142481955,71.90301245915619,0.035,,
noise,2,Linear,-1,110,0.0,0.01,-1,8.0,,,2.476483924789718,3.442974812934009,7.429451774369154,4.647546380574321,7.326777249574661,1.383428657144085,46.908551925450595,0.0025,,
noise,2,LQR,-1,110,0.0,0.01,-1,,,,0.10950501630561162,0.1818838087398619,0.32851504891683486,0.2137322358235165,0.07383277267217636,0.14794483461059882,2.6713338988199467,0.0,,
noise,2,SMC,-1,110,0.0,0.01,-1,,16.0,0.5,0.09351635258025486,0.15650764054896354,0.28054905774076455,0.22152743055082766,0.07616079598665237,0.6187252949942438,14.151693489716491,0.0125,,
noise,2,PPO,1024,110,0.0,0.01,-1,,,,0.06322536795885486,0.12051940092394633,0.18967610387656456,0.12449876988237654,0.03832113742828369,0.6332291893642442,15.640125564695019,0.0175,,
noise,2,PPO,123,110,0.0,0.01,-1,,,,0.0704006487077856,0.12429547545694322,0.21120194612335683,0.18715205471272822,0.05104868859052658,0.3762568241900339,7.991986105192812,0.015,,
noise,2,PPO,42,110,0.0,0.01,-1,,,,0.06846871043625888,0.12346147654856611,0.20540613130877663,0.1535247764032748,0.08707467466592789,1.374177786217366,57.391052554174166,0.0225,,
noise,2,Linear,-1,111,0.0,0.01,-1,8.0,,,3.2230823695123916,4.267112601169912,9.669247108537174,8.472067228253977,8.226426228880882,1.6925100548531944,68.63982503890786,0.0075,,
noise,2,LQR,-1,111,0.0,0.01,-1,,,,0.30147024991353844,0.7932666399742025,0.9044107497406153,0.3124941822894515,0.048926305025815964,0.29759434633089943,12.812097416758613,0.025,,
noise,2,SMC,-1,111,0.0,0.01,-1,,16.0,0.5,0.32473711207577166,0.8079083698940382,0.974211336227315,0.2739486391943546,0.08288690261542797,0.790480914949544,26.153051913108087,0.0425,,
noise,2,PPO,1024,111,0.0,0.01,-1,,,,0.30829323171804396,0.8341243390122081,0.9248796951541319,0.17752086769007605,0.08393679186701775,0.9635701807694245,42.580656785226864,0.0975,,
noise,2,PPO,123,111,0.0,0.01,-1,,,,0.2960912748878622,0.8162289150208311,0.8882738246635866,0.22541455652012868,0.09860017895698547,0.617172098126346,27.46845640730838,0.065,,
noise,2,PPO,42,111,0.0,0.01,-1,,,,0.30240426354144306,0.818920094695331,0.9072127906243291,0.2431556627292324,0.0699799582362175,1.6209215315202823,80.13729996921673,0.085,,
noise,2,Linear,-1,112,0.0,0.01,-1,8.0,,,1.8347626096775704,2.419412282121014,5.5042878290327115,6.012000858967687,4.832971155643463,1.2500554158205999,37.82979734153567,0.015,,
noise,2,LQR,-1,112,0.0,0.01,-1,,,,0.07928626484691273,0.14196624017036613,0.2378587945407382,0.12796006351709366,0.03182286024093628,0.14513005006298055,2.3178559280435054,0.0,,
noise,2,SMC,-1,112,0.0,0.01,-1,,16.0,0.5,0.08889254689966007,0.17671927266423315,0.2666776406989802,0.10073905579607796,0.06780970096588135,0.6593130178261256,15.63254404601359,0.01,,
noise,2,PPO,1024,112,0.0,0.01,-1,,,,0.057305865555286335,0.1347118964275056,0.171917596665859,0.07382520486566203,0.08068066835403442,0.6126171438548333,13.25675959265461,0.0075,,
noise,2,PPO,123,112,0.0,0.01,-1,,,,0.06218558607711236,0.14325143559792575,0.18655675823133708,0.07415848992833937,0.08545452356338501,0.3573177316205163,6.23086796924812,0.0075,,
noise,2,PPO,42,112,0.0,0.01,-1,,,,0.0710235288039977,0.14769951132668044,0.2130705864119931,0.10995496811782136,0.0729108452796936,1.4428527153415276,60.3489022522331,0.025,,
noise,2,Linear,-1,113,0.0,0.01,-1,8.0,,,3.0769243014733294,4.06612063953698,9.230772904419988,11.887374958414355,13.994763672351837,1.658860332799374,65.847832083125,0.0125,,
noise,2,LQR,-1,113,0.0,0.01,-1,,,,0.276715124787721,0.6800018465991464,0.8301453743631628,0.16835540942387817,0.33891016244888306,0.22207989271954742,5.868691431585434,0.01,,
noise,2,SMC,-1,113,0.0,0.01,-1,,16.0,0.5,0.2903884804605546,0.7051251365909479,0.8711654413816637,0.1458033761124552,0.26102983951568604,0.6800703064305127,18.630305865948312,0.02,,
noise,2,PPO,1024,113,0.0,0.01,-1,,,,0.23446603626762197,0.6764196693218278,0.7033981088028659,0.11896595942937298,0.2772950530052185,0.8200328948157387,29.46344963330987,0.0475,,
noise,2,PPO,123,113,0.0,0.01,-1,,,,0.2224802028415655,0.6469403752532782,0.6674406085246964,0.11888106365078761,0.3067084550857544,0.4975612389848119,14.717121103541963,0.025,,
noise,2,PPO,42,113,0.0,0.01,-1,,,,0.22701379358272997,0.648049501490538,0.6810413807481899,0.12002567298434398,0.25905466079711914,1.3644897998159664,58.88118240738319,0.0375,,
noise,2,Linear,-1,114,0.0,0.01,-1,8.0,,,2.0349842109845167,2.9301217941373627,6.10495263295355,8.206178756867661,7.724162474274635,1.2268870413452015,40.868404030422425,0.0075,,
noise,2,LQR,-1,114,0.0,0.01,-1,,,,0.07652524319312481,0.12181911298944688,0.22957572957937444,0.24622600170910175,0.2890295535326004,0.13115996512932182,0.9915656987903744,0.0,,
noise,2,SMC,-1,114,0.0,0.01,-1,,16.0,0.5,0.07195144964433148,0.11718938696601941,0.21585434893299443,0.13894890640850788,0.23922614753246307,0.6404410449049419,13.376542883644369,0.005,,
noise,2,PPO,1024,114,0.0,0.01,-1,,,,0.05051101793489378,0.09037457930149144,0.15153305380468135,0.10957617940450157,0.16170500218868256,0.6216731368194792,12.856728757099322,0.0025,,
noise,2,PPO,123,114,0.0,0.01,-1,,,,0.05542630559287916,0.09330857150769534,0.16627891677863746,0.11381615516672164,0.13998782634735107,0.3603312812392551,4.70407632514585,0.0025,,
noise,2,PPO,42,114,0.0,0.01,-1,,,,0.0576864290045356,0.09720308520100751,0.1730592870136068,0.11677850063108368,0.22155790030956268,1.8102946355009912,87.85572378662772,0.0325,,
noise,2,Linear,-1,115,0.0,0.01,-1,8.0,,,2.875708520282385,3.8875728502025995,8.627125560847155,11.44577134428201,11.571764796972275,1.5832491930286188,59.136659771611235,0.0125,,
noise,2,LQR,-1,115,0.0,0.01,-1,,,,0.10923630208572867,0.23056308678978657,0.327708906257186,0.1532409851565773,0.09520861506462097,0.13538683438005897,0.7596214396778185,0.0,,
noise,2,SMC,-1,115,0.0,0.01,-1,,16.0,0.5,0.12582432853711378,0.2609430084220214,0.3774729856113413,0.13616442434305762,0.12697333097457886,0.5712706260259747,10.021872648048323,0.0,,
noise,2,PPO,1024,115,0.0,0.01,-1,,,,0.0764769013032026,0.20371776084258675,0.22943070390960782,0.1146681034638558,0.1525174230337143,0.594675249812609,11.983495761702827,0.0025,,
noise,2,PPO,123,115,0.0,0.01,-1,,,,0.08927725513364286,0.21057129078627587,0.2678317654009286,0.1484121450993382,0.19505439698696136,0.35451172416718524,4.233132178021697,0.0,,
noise,2,PPO,42,115,0.0,0.01,-1,,,,0.08479840129904963,0.2094439549723842,0.25439520389714887,0.122581439897602,0.10866644978523254,1.4301260387027948,64.24703640155688,0.015,,
noise,2,Linear,-1,116,0.0,0.01,-1,8.0,,,2.502654325678412,3.359004597503912,7.507962977035236,11.6927268622834,11.369962483644485,1.4252830685820068,47.17109348815478,0.005,,
noise,2,LQR,-1,116,0.0,0.01,-1,,,,0.12139756706677197,0.23258615795107154,0.36419270120031594,0.20692945152153203,0.3978392332792282,0.12050170927428108,0.4810582936420808,0.0,,
noise,2,SMC,-1,116,0.0,0.01,-1,,16.0,0.5,0.11736549020041143,0.2335799217268048,0.3520964706012343,0.2057816959273668,0.4766768291592598,0.6101628688368436,11.987081117305898,0.0025,,
noise,2,PPO,1024,116,0.0,0.01,-1,,,,0.07130290167282334,0.16832165709819802,0.21390870501847004,0.12557090175004654,0.1356191337108612,0.639131884975475,15.831182736708513,0.015,,
noise,2,PPO,123,116,0.0,0.01,-1,,,,0.08257759995340483,0.17762543397933658,0.24773279986021451,0.19062774711185032,0.26252080500125885,0.3770633102986878,6.097772974245712,0.005,,
noise,2,PPO,42,116,0.0,0.01,-1,,,,0.08181221077856565,0.1769847948101343,0.24543663233569696,0.15608795704665007,0.22352488338947296,1.5355974611201488,73.15891398331394,0.03,,
noise,2,Linear,-1,117,0.0,0.01,-1,8.0,,,3.127387029800877,4.134104736937826,9.382161089402631,7.861644609428851,8.255393698811531,1.6668134028477561,65.84455804281716,0.0025,,
noise,2,LQR,-1,117,0.0,0.01,-1,,,,0.15248327159747815,0.33219007831304553,0.45744981479243446,0.19423224924155225,0.5216182470321655,0.23962460831736687,7.057734296876852,0.01,,
noise,2,SMC,-1,117,0.0,0.01,-1,,16.0,0.5,0.13870448695382695,0.3342963978142883,0.4161134608614809,0.1460651360038254,0.32630426436662674,0.7243085576469854,20.886091236449243,0.0225,,
noise,2,PPO,1024,117,0.0,0.01,-1,,,,0.1344903547124022,0.34015674742154794,0.4034710641372066,0.13631833970753682,0.15883921831846237,0.8087501926277938,28.46142964551466,0.0375,,
noise,2,PPO,123,117,0.0,0.01,-1,,,,0.1381071479538191,0.3332874002501585,0.41432144386145725,0.16010746613351834,0.24292881786823273,0.5035966911034988,15.976581093809424,0.0275,,
noise,2,PPO,42,117,0.0,0.01,-1,,,,0.13825478886369483,0.33385164169100523,0.41476436659108445,0.17990480980801363,0.2508251518011093,1.6061597549707218,75.94804473135649,0.05,,
noise,2,Linear,-1,118,0.0,0.01,-1,8.0,,,1.8389556336596744,2.771491561175399,5.516866900979023,7.763111804738457,8.551609054207802,1.1195984234907979,37.066993941970296,0.0075,,
noise,2,LQR,-1,118,0.0,0.01,-1,,,,0.07348637834364735,0.14772383247135487,0.22045913503094208,0.19617485422870995,0.12028293311595917,0.12763143329353635,0.9423596578119245,0.0,,
noise,2,SMC,-1,118,0.0,0.01,-1,,16.0,0.5,0.06359706994406229,0.13217894755776044,0.19079120983218686,0.14937376004448275,0.1413573995232582,0.5824114895257936,11.012037614174062,0.0,,
noise,2,PPO,1024,118,0.0,0.01,-1,,,,0.05573787184312927,0.12094904853404738,0.16721361552938782,0.0952439023365761,0.06698696129024029,0.5999792209847312,12.979880153277882,0.0075,,
noise,2,PPO,123,118,0.0,0.01,-1,,,,0.05931537043216545,0.12517652492944373,0.17794611129649635,0.10025817881349797,0.06986204907298088,0.3540958893343695,4.858749988403505,0.0025,,
noise,2,PPO,42,118,0.0,0.01,-1,,,,0.06573664343738596,0.12819451818746502,0.19720993031215786,0.1225406773802307,0.10381101630628109,1.410347480466241,62.64607187179893,0.0275,,
noise,2,Linear,-1,119,0.0,0.01,-1,8.0,,,3.0005607213252103,3.9178935099633874,9.001682163975632,10.547946376932991,12.035577610135078,1.6083127077380914,59.19659251908615,0.0,,
noise,2,LQR,-1,119,0.0,0.01,-1,,,,0.29039445564581245,0.7642568789651906,0.8711833669374374,0.09913544605175655,0.0978708267211914,0.2365853887500167,7.703612763458174,0.0175,,
noise,2,SMC,-1,119,0.0,0.01,-1,,16.0,0.5,0.3018618145003816,0.7884439345987143,0.9055854435011447,0.11267518385508914,0.05082961916923523,0.7524914565133837,21.363474653849376,0.025,,
noise,2,PPO,1024,119,0.0,0.01,-1,,,,0.2886046291099039,0.7925045339229557,0.8658138873297118,0.07390546231864044,0.04522380232810974,0.8906059397426329,34.691749967643084,0.0575,,
noise,2,PPO,123,119,0.0,0.01,-1,,,,0.27911784307658055,0.7530458756521362,0.8373535292297416,0.10241160215235051,0.10131105780601501,0.5304329576077604,17.59633702845095,0.0325,,
noise,2,PPO,42,119,0.0,0.01,-1,,,,0.2811615299007678,0.7558038807194607,0.8434845897023034,0.09612512133187717,0.071533203125,1.7217617614793956,85.65875051086881,0.0625,,
noise,3,Linear,-1,100,0.0,0.01,-1,8.0,,,0.05060577020978095,0.12638495839557679,0.15181731062934287,0.10975046292591242,0.0751948356628418,0.13501671655219688,2.047928050205353,0.0025,,
noise,3,LQR,-1,100,0.0,0.01,-1,,,,0.0591524991788224,0.15385160384900698,0.1774574975364672,0.09396213872565164,0.07808035612106323,0.09376098817278093,0.39245672994753045,0.0,,
noise,3,SMC,-1,100,0.0,0.01,-1,,16.0,0.5,0.07887056204203922,0.1622971807886841,0.23661168612611766,0.19488765648853631,0.12136608362197876,0.444606591085584,7.05101505327898,0.0025,,
noise,3,PPO,1024,100,0.0,0.01,-1,,,,0.044107692323916176,0.1196528042247187,0.13232307697174853,0.0919907916981129,0.07472312450408936,0.349083873826518,8.185013405441145,0.015,,
noise,3,PPO,123,100,0.0,0.01,-1,,,,0.04150544714603762,0.11991834970925287,0.12451634143811285,0.08230923700295849,0.09205931425094604,0.4683683971628231,11.191816797712121,0.02,,
noise,3,PPO,42,100,0.0,0.01,-1,,,,0.04040287822563935,0.11820172214981495,0.12120863467691806,0.07606849289372747,0.09482824802398682,0.3589995801170122,7.687286705773473,0.015,,
noise,3,Linear,-1,101,0.0,0.01,-1,8.0,,,0.05136699867972846,0.08982644147897935,0.15410099603918537,0.11374728299999311,0.12059041112661362,0.1294436789863276,0.8193892866179244,0.0,,
noise,3,LQR,-1,101,0.0,0.01,-1,,,,0.04845170660528137,0.08493220010306908,0.1453551198158441,0.08980584885051221,0.07641180511564016,0.1125414693771854,0.6468247044065878,0.0,,
noise,3,SMC,-1,101,0.0,0.01,-1,,16.0,0.5,0.08227780144986815,0.10620900153613017,0.24683340434960446,0.16077010157621568,0.07464767899364233,0.4040142961672073,6.398073491374924,0.005,,
noise,3,PPO,1024,101,0.0,0.01,-1,,,,0.04566506957979788,0.07761173627488896,0.13699520873939364,0.10275519172442549,0.09794608876109123,0.3044689194557078,4.669194429039474,0.005,,
noise,3,PPO,123,101,0.0,0.01,-1,,,,0.04406574631306472,0.07486333862999203,0.13219723893919416,0.08741227699512685,0.07741238176822662,0.4175964845135399,7.133087332239453,0.0075,,
noise,3,PPO,42,101,0.0,0.01,-1,,,,0.04360470719672647,0.07482432907117549,0.1308141215901794,0.08422083968733564,0.06579212844371796,0.32376039561413766,5.227523050771985,0.0075,,
noise,3,Linear,-1,102,0.0,0.01,-1,8.0,,,0.0549604120708426,0.09362319644166418,0.16488123621252782,0.20032443800642166,0.07661259174346924,0.1698412737458424,3.469650975964467,0.0075,,
noise,3,LQR,-1,102,0.0,0.01,-1,,,,0.05735179794223008,0.11072113528947072,0.17205539382669024,0.1149282293095265,0.018502354621887207,0.15476860667615455,2.4454193083623053,0.0,,
noise,3,SMC,-1,102,0.0,0.01,-1,,16.0,0.5,0.08016538663503288,0.10682190355996268,0.24049615990509862,0.17695348190120708,0.08860236406326294,0.41869570395699934,8.491688758267571,0.0125,,
noise,3,PPO,1024,102,0.0,0.01,-1,,,,0.04651709351416117,0.08069925544656951,0.1395512805424835,0.1529238425931077,0.02108907699584961,0.3262115251690967,7.087698776893365,0.015,,
noise,3,PPO,123,102,0.0,0.01,-1,,,,0.04218153307212057,0.08001795380963808,0.12654459921636171,0.10965209389910285,0.04990130662918091,0.4244147192639185,10.33244962047366,0.015,,
noise,3,PPO,42,102,0.0,0.01,-1,,,,0.0415363562462119,0.07919384056941231,0.12460906873863571,0.10804408876064384,0.03897404670715332,0.330190946661549,7.285235458695706,0.015,,
noise,3,Linear,-1,103,0.0,0.01,-1,8.0,,,0.11014860623081835,0.24831546025031756,0.33044581869245504,0.07946788967460577,0.16566401720046997,0.22089081319824716,3.2399234367172363,0.0,,
noise,3,LQR,-1,103,0.0,0.01,-1,,,,0.10544960022263743,0.22489506435387352,0.31634880066791227,0.0758941031900453,0.10914044082164764,0.2291439434878445,4.666598128032028,0.0,,
noise,3,SMC,-1,103,0.0,0.01,-1,,16.0,0.5,0.18480057788103918,0.3518414043731194,0.5544017336431175,0.17061758894519305,0.22534842789173126,0.5052150210842927,11.105842005210652,0.015,,
noise,3,PPO,1024,103,0.0,0.01,-1,,,,0.09333838214083627,0.217553220817086,0.2800151464225088,0.06879327057596342,0.14922331273555756,0.3732373967135042,6.0864190172946495,0.0025,,
noise,3,PPO,123,103,0.0,0.01,-1,,,,0.08551917718421491,0.2101814441201309,0.2565575315526447,0.06450132381768874,0.1310177594423294,0.4876713909265676,11.01422268390361,0.0125,,
noise,3,PPO,42,103,0.0,0.01,-1,,,,0.08446570540370353,0.21066535804510866,0.2533971162111106,0.06146692171301923,0.11184458434581757,0.40378702506237196,8.52238206534752,0.0125,,
noise,3,Linear,-1,104,0.0,0.01,-1,8.0,,,0.07606801811949422,0.2281716123899722,0.22820405435848265,0.05445384339969835,0.04284004867076874,0.17572249618923277,5.875306527858993,0.015,,
noise,3,LQR,-1,104,0.0,0.01,-1,,,,0.08603826889141943,0.22696709754746178,0.25811480667425823,0.07485949734720275,0.05852334946393967,0.16767723293444595,5.840319031684968,0.01,,
noise,3,SMC,-1,104,0.0,0.01,-1,,16.0,0.5,0.09017844960799538,0.22280292722723774,0.27053534882398617,0.09730429232212497,0.06803665310144424,0.4875868573236174,12.820130411148302,0.025,,
noise,3,PPO,1024,104,0.0,0.01,-1,,,,0.07352737410345091,0.21876793980408019,0.22058212231035274,0.04564253986744141,0.020646102726459503,0.3661837613307627,10.342227938238205,0.025,,
noise,3,PPO,123,104,0.0,0.01,-1,,,,0.07622097450032124,0.22377562123482853,0.22866292350096373,0.04724404375632236,0.03791017085313797,0.4948157461405386,14.524337722622626,0.03,,
noise,3,PPO,42,104,0.0,0.01,-1,,,,0.07513612022113243,0.22168723811852042,0.2254083606633973,0.04506023425643367,0.028986722230911255,0.3999590269682413,12.266655037893043,0.03,,
noise,3,Linear,-1,105,0.0,0.01,-1,8.0,,,0.06378084423673878,0.15431672704268107,0.19134253271021637,0.06581829303737592,0.07898427732288837,0.16586307223486782,2.160007010115579,0.0,,
noise,3,LQR,-1,105,0.0,0.01,-1,,,,0.06675807416974393,0.14935140545309944,0.20027422250923177,0.061875618850513375,0.08205147460103035,0.16441227903298133,3.3846269251685523,0.0,,
noise,3,SMC,-1,105,0.0,0.01,-1,,16.0,0.5,0.07346292637352052,0.15624542405249942,0.22038877912056157,0.06601236175377796,0.14789902232587337,0.4339326696634116,9.744320298971669,0.015,,
noise,3,PPO,1024,105,0.0,0.01,-1,,,,0.06079417834730381,0.153961385116048,0.18238253504191143,0.05522305225769495,0.10099488496780396,0.33135411102426915,6.266322327762314,0.005,,
noise,3,PPO,123,105,0.0,0.01,-1,,,,0.06343098193622278,0.15201622698150175,0.19029294580866832,0.04992477955112671,0.08932435885071754,0.4225704625104914,8.556984312057224,0.01,,
noise,3,PPO,42,105,0.0,0.01,-1,,,,0.06216768515416276,0.15006137038179473,0.1865030554624883,0.04899939737731108,0.09184582345187664,0.3482957740135472,6.8781667177685115,0.0075,,
noise,3,Linear,-1,106,0.0,0.01,-1,8.0,,,0.07887595930467309,0.20019307632310696,0.2366278779140193,0.06192667383332679,0.13568154349923134,0.2196953760418214,4.670515323589753,0.0,,
noise,3,LQR,-1,106,0.0,0.01,-1,,,,0.08287163252488602,0.20340237747312523,0.24861489757465807,0.08188124365506717,0.08637846261262894,0.2116317910551874,5.243461861967172,0.0,,
noise,3,SMC,-1,106,0.0,0.01,-1,,16.0,0.5,0.1467175733051104,0.3172690341282648,0.4401527199153312,0.08401737066077782,0.13352576456964016,0.4689889227074514,11.135334597727624,0.0175,,
noise,3,PPO,1024,106,0.0,0.01,-1,,,,0.07359698103587527,0.19499870382581275,0.2207909431076258,0.05685499188616688,0.11744780093431473,0.4164933402119135,13.292663608053264,0.03,,
noise,3,PPO,123,106,0.0,0.01,-1,,,,0.0654960367153147,0.18274853105771857,0.19648811014594414,0.05466452120791799,0.10123660042881966,0.5118698224708661,14.899403784459722,0.03,,
noise,3,PPO,42,106,0.0,0.01,-1,,,,0.06259991614638068,0.18148552089566786,0.18779974843914204,0.050969133918162116,0.09426968172192574,0.4023314278359128,10.46259778018831,0.02,,
noise,3,Linear,-1,107,0.0,0.01,-1,8.0,,,0.04286016837917485,0.08288016246614209,0.12858050513752456,0.10744412732023148,0.1167483925819397,0.1579814313578784,3.859524085609532,0.0075,,
noise,3,LQR,-1,107,0.0,0.01,-1,,,,0.05470064113919909,0.1217023020141123,0.16410192341759727,0.10869660282530534,0.11200901865959167,0.13384371494254976,2.40073181052957,0.0,,
noise,3,SMC,-1,107,0.0,0.01,-1,,16.0,0.5,0.04498924959546957,0.08174566083241303,0.13496774878640871,0.12111595201156573,0.22070398926734924,0.4425176851693227,8.576294871742922,0.0125,,
noise,3,PPO,1024,107,0.0,0.01,-1,,,,0.0336746526996242,0.07079782657732477,0.1010239580988726,0.08796717871532396,0.07982447743415833,0.3468814719273265,8.751098568507038,0.0175,,
noise,3,PPO,123,107,0.0,0.01,-1,,,,0.030105790654808926,0.06960415195578988,0.09031737196442678,0.07041538763147445,0.07427182793617249,0.4530317285858754,10.917329299538787,0.02,,
noise,3,PPO,42,107,0.0,0.01,-1,,,,0.029140137504485877,0.06921241466321659,0.08742041251345763,0.0685048688111114,0.06589695811271667,0.3634767674671444,9.170117850707355,0.02,,
noise,3,Linear,-1,108,0.0,0.01,-1,8.0,,,0.06422240564952653,0.15161445105259358,0.1926672169485796,0.06266945951192836,0.12111444771289825,0.12406578837450306,0.8079161189409434,0.0,,
noise,3,LQR,-1,108,0.0,0.01,-1,,,,0.06465496414935012,0.14210363739763063,0.19396489244805035,0.07126204510805784,0.1229623556137085,0.1114822535740329,1.0689707329177258,0.0,,
noise,3,SMC,-1,108,0.0,0.01,-1,,16.0,0.5,0.07634462378973317,0.15091652380513487,0.22903387136919948,0.08823915009306353,0.20465244352817535,0.4423196041774228,7.691041815178457,0.005,,
noise,3,PPO,1024,108,0.0,0.01,-1,,,,0.056985726327064785,0.14272136858863776,0.17095717898119436,0.05274249556083462,0.1121005117893219,0.28466318923041706,2.741668359136362,0.0,,
noise,3,PPO,123,108,0.0,0.01,-1,,,,0.058554207209764,0.1418017848952946,0.175662621629292,0.051927082505031134,0.09861630201339722,0.4005005341441257,6.563859721563691,0.0075,,
noise,3,PPO,42,108,0.0,0.01,-1,,,,0.05797132705137016,0.14075832717274878,0.17391398115411047,0.05003326950468307,0.08707006275653839,0.31695217600189834,4.579815008453445,0.005,,
noise,3,Linear,-1,109,0.0,0.01,-1,8.0,,,0.053525569721752916,0.11715568149413903,0.16057670916525874,0.1131055515581443,0.17838721722364426,0.18632575371616203,5.347161255345545,0.0125,,
noise,3,LQR,-1,109,0.0,0.01,-1,,,,0.07128815323575799,0.1692364528292882,0.21386445970727397,0.11481676244947278,0.1262466423213482,0.13243763322972152,2.209648578351102,0.0,,
noise,3,SMC,-1,109,0.0,0.01,-1,,16.0,0.5,0.08763714732659526,0.1594529679920852,0.26291144197978583,0.1545187025618406,0.21589404344558716,0.46422792492902365,9.691083871470836,0.0125,,
noise,3,PPO,1024,109,0.0,0.01,-1,,,,0.05014721101811055,0.11368985507857003,0.15044163305433164,0.09796946698132857,0.1390191987156868,0.3902014062143026,11.454941480787229,0.025,,
noise,3,PPO,123,109,0.0,0.01,-1,,,,0.045349135857109514,0.10991792648430102,0.13604740757132855,0.08724509361257524,0.11983972415328026,0.46948858420074246,12.303225058421468,0.0225,,
noise,3,PPO,42,109,0.0,0.01,-1,,,,0.0445637196985229,0.10946931988670812,0.1336911590955687,0.08588581628821514,0.10999877378344536,0.37599390512912945,9.631820385321436,0.0175,,
noise,3,Linear,-1,110,0.0,0.01,-1,8.0,,,0.06534011292341765,0.14208914913837792,0.19602033877025296,0.05569620560394761,0.04076315462589264,0.1605227091848999,1.6838772387574572,0.0,,
noise,3,LQR,-1,110,0.0,0.01,-1,,,,0.07435282480810844,0.1355630863363436,0.22305847442432533,0.118846370689111,0.042587876319885254,0.16308757889812042,2.0435163639249128,0.0,,
noise,3,SMC,-1,110,0.0,0.01,-1,,16.0,0.5,0.13742806098531507,0.23824608429536343,0.4122841829559452,0.08877714238141055,0.07180061936378479,0.4402611155682441,8.43067110009518,0.01,,
noise,3,PPO,1024,110,0.0,0.01,-1,,,,0.05751221028062904,0.12449772385791123,0.17253663084188714,0.05311678379866076,0.038121238350868225,0.32945558711180367,5.372153434392619,0.0075,,
noise,3,PPO,123,110,0.0,0.01,-1,,,,0.05570116660310728,0.12132268099733348,0.16710349980932185,0.054928265029081595,0.060151100158691406,0.42778308686749206,8.577753575397812,0.01,,
noise,3,PPO,42,110,0.0,0.01,-1,,,,0.054621734974963136,0.12146049797637648,0.1638652049248894,0.050853349958305004,0.05877314507961273,0.3395190192038133,6.292171615404939,0.01,,
noise,3,Linear,-1,111,0.0,0.01,-1,8.0,,,0.09917860019856062,0.25623031137788654,0.29753580059568185,0.067115434129251,0.05250035598874092,0.21199433970035164,6.966317844150336,0.0125,,
noise,3,LQR,-1,111,0.0,0.01,-1,,,,0.1002522142555995,0.2404670365928654,0.30075664276679853,0.09547797070793164,0.06765427254140377,0.20360135469154034,7.929127312035198,0.0125,,
noise,3,SMC,-1,111,0.0,0.01,-1,,16.0,0.5,0.11290320313163256,0.24043820488911014,0.3387096093948977,0.13441938940251683,0.12794869020581245,0.5303620624970273,15.181076726926054,0.03,,
noise,3,PPO,1024,111,0.0,0.01,-1,,,,0.09059812035643847,0.23634589936484715,0.27179436106931537,0.059273873901362586,0.048929428681731224,0.39885823515956836,11.101889097491862,0.025,,
noise,3,PPO,123,111,0.0,0.01,-1,,,,0.09355642518678142,0.2353407545819577,0.28066927556034427,0.05832082365444045,0.07122737169265747,0.5299279240768245,15.141509047037978,0.03,,
noise,3,PPO,42,111,0.0,0.01,-1,,,,0.09211738425649932,0.23418739950537132,0.2763521527694979,0.05615058457363903,0.062012698501348495,0.4205690811474127,12.576878292034841,0.03,,
noise,3,Linear,-1,112,0.0,0.01,-1,8.0,,,0.098075252947965,0.229745437784122,0.29422575884389496,0.10433464565739771,0.15490078926086426,0.23431890074191544,5.061727398135985,0.0025,,
noise,3,LQR,-1,112,0.0,0.01,-1,,,,0.09861428920506304,0.24276064773893213,0.29584286761518913,0.08200475451662953,0.1262860894203186,0.17373882625074918,1.9440956139760435,0.0,,
noise,3,SMC,-1,112,0.0,0.01,-1,,16.0,0.5,0.183288239355254,0.3609027836665554,0.549864718065762,0.1592439029733708,0.2590562105178833,0.4413632865506863,7.219558586306357,0.0025,,
noise,3,PPO,1024,112,0.0,0.01,-1,,,,0.08575310446987748,0.20632226886709026,0.25725931340963243,0.09679017280929803,0.15231537818908691,0.40898168479043645,12.302601656336938,0.025,,
noise,3,PPO,123,112,0.0,0.01,-1,,,,0.07244170727347607,0.1927531408432137,0.2173251218204282,0.08309899926484551,0.12036985158920288,0.452844960097702,9.31115302631123,0.0075,,
noise,3,PPO,42,112,0.0,0.01,-1,,,,0.07121543880243936,0.19338174619425771,0.21364631640731804,0.08039250877904303,0.11232411861419678,0.3800305771058486,7.378695460879918,0.005,,
noise,3,Linear,-1,113,0.0,0.01,-1,8.0,,,0.06886954370542357,0.19603898853908114,0.20660863111627073,0.053416204121377736,0.0972403883934021,0.23350780700656243,8.286650881826626,0.02,,
noise,3,LQR,-1,113,0.0,0.01,-1,,,,0.09772883877328482,0.25602129933725876,0.29318651631985443,0.08561257546606624,0.1692911982536316,0.170907956280367,4.659856766639734,0.0075,,
noise,3,SMC,-1,113,0.0,0.01,-1,,16.0,0.5,0.12107685400313967,0.27087413375629976,0.363230562009419,0.11379183741447366,0.11843419075012207,0.47026472399011254,11.663010601828141,0.0175,,
noise,3,PPO,1024,113,0.0,0.01,-1,,,,0.0660241659508487,0.19511468881025978,0.1980724978525461,0.04818657813823701,0.06989789009094238,0.41553166930440655,14.56338903126895,0.0325,,
noise,3,PPO,123,113,0.0,0.01,-1,,,,0.06188595126455004,0.19287179131963558,0.18565785379365013,0.05255728713984107,0.09358429908752441,0.502466305159613,15.403234234689698,0.03,,
noise,3,PPO,42,113,0.0,0.01,-1,,,,0.060955875620543214,0.19280983306757016,0.18286762686162963,0.04647954924744956,0.09933602809906006,0.42453885559652216,13.827423286471584,0.03,,
noise,3,Linear,-1,114,0.0,0.01,-1,8.0,,,0.06048463725392782,0.1257840796037015,0.18145391176178347,0.05743290759898998,0.0754651203751564,0.16777933953780486,2.20295796002749,0.0,,
noise,3,LQR,-1,114,0.0,0.01,-1,,,,0.06763933187138509,0.1332049075063166,0.20291799561415527,0.07199733977976405,0.08276960253715515,0.12528348878197873,0.8258563201800107,0.0,,
noise,3,SMC,-1,114,0.0,0.01,-1,,16.0,0.5,0.0971789168262063,0.17006549627238313,0.29153675047861893,0.10090427053517398,0.07077077776193619,0.4350673284339823,6.266174233813299,0.0,,
noise,3,PPO,1024,114,0.0,0.01,-1,,,,0.05644567539266691,0.12041985765470808,0.16933702617800073,0.048746304126617346,0.052411265671253204,0.3559308032739787,7.888223597124486,0.0125,,
noise,3,PPO,123,114,0.0,0.01,-1,,,,0.04975064482163647,0.11240654314055776,0.14925193446490942,0.04744763237734636,0.0458262637257576,0.42367418828081255,7.73731066436849,0.005,,
noise,3,PPO,42,114,0.0,0.01,-1,,,,0.04874391410327946,0.11212007373684658,0.14623174230983838,0.04704562613717568,0.04663927108049393,0.3478764413375212,6.0134038441005755,0.005,,
noise,3,Linear,-1,115,0.0,0.01,-1,8.0,,,0.07006859320122207,0.16312218711756507,0.2102057796036662,0.0657033976857309,0.07909178733825684,0.20593974224647085,4.612034594169389,0.005,,
noise,3,LQR,-1,115,0.0,0.01,-1,,,,0.08045625572765581,0.19857088901895303,0.24136876718296746,0.08640079191069544,0.06298995018005371,0.12206321328076705,0.8651987456083122,0.0,,
noise,3,SMC,-1,115,0.0,0.01,-1,,16.0,0.5,0.12675316708668732,0.25554246227502003,0.38025950126006197,0.0896416535532033,0.06882037222385406,0.391722505094084,5.408628215636934,0.0025,,
noise,3,PPO,1024,115,0.0,0.01,-1,,,,0.06346553465133148,0.15383947573209486,0.1903966039539944,0.06077602685049728,0.07584711909294128,0.3766424918449728,10.749617417711839,0.025,,
noise,3,PPO,123,115,0.0,0.01,-1,,,,0.05540522777476191,0.14150113515082852,0.1662156833242857,0.06593543281893671,0.06583592295646667,0.45445054422824777,11.621019265539799,0.0225,,
noise,3,PPO,42,115,0.0,0.01,-1,,,,0.05263990829431654,0.14012815663096143,0.1579197248829496,0.05985558621677352,0.07062634825706482,0.36652345650659834,8.33026524075371,0.0125,,
noise,3,Linear,-1,116,0.0,0.01,-1,8.0,,,0.04369429780107614,0.126372169482636,0.13108289340322843,0.05120558963145739,0.0712975412607193,0.13572813864063443,2.128533666547729,0.0025,,
noise,3,LQR,-1,116,0.0,0.01,-1,,,,0.06378152860244946,0.15854013693458927,0.19134458580734837,0.08873258567886588,0.12479877471923828,0.09613356705268868,0.45700598747476245,0.0,,
noise,3,SMC,-1,116,0.0,0.01,-1,,16.0,0.5,0.08268985724198948,0.1641504966186734,0.2480695717259684,0.0635028467686088,0.07418504357337952,0.4136303253677973,6.943600119727475,0.005,,
noise,3,PPO,1024,116,0.0,0.01,-1,,,,0.03899506023691709,0.12047985047089059,0.11698518071075126,0.04382135792646879,0.027396947145462036,0.3390617773419901,7.278821182928292,0.0125,,
noise,3,PPO,123,116,0.0,0.01,-1,,,,0.03815683698651697,0.12084649948705231,0.11447051095955092,0.04804421731351334,0.02118965983390808,0.4218310102735625,9.458019804858663,0.015,,
noise,3,PPO,42,116,0.0,0.01,-1,,,,0.037322496809142756,0.11997926355838906,0.11196749042742828,0.04172586373708866,0.02462121844291687,0.34683738944313475,7.82095739074523,0.015,,
noise,3,Linear,-1,117,0.0,0.01,-1,8.0,,,0.03425178975594584,0.07350214886802943,0.10275536926783752,0.07577181744883642,0.08230504393577576,0.16205469622947927,4.1840626320980014,0.0075,,
noise,3,LQR,-1,117,0.0,0.01,-1,,,,0.047610469993919206,0.0886704143737389,0.1428314099817576,0.08665334301092374,0.10342348366975784,0.14856860765944463,3.3608719704852366,0.0,,
noise,3,SMC,-1,117,0.0,0.01,-1,,16.0,0.5,0.04900295069055664,0.08167447743629855,0.14700885207166992,0.1348345524252013,0.12618724256753922,0.46868083739427946,11.197583600082238,0.0175,,
noise,3,PPO,1024,117,0.0,0.01,-1,,,,0.03944122582536225,0.10185160451431104,0.11832367747608674,0.059179055573487724,0.06107454001903534,0.3705280592428181,10.212237640917664,0.0225,,
noise,3,PPO,123,117,0.0,0.01,-1,,,,0.03840182333931494,0.09293069496068558,0.11520547001794482,0.0577741130053951,0.056227877736091614,0.48622552762876387,12.541505931114255,0.0225,,
noise,3,PPO,42,117,0.0,0.01,-1,,,,0.03130915622979384,0.07142856462157504,0.09392746868938152,0.05614307965726856,0.052295900881290436,0.35679866773009,7.950971723435657,0.015,,
noise,3,Linear,-1,118,0.0,0.01,-1,8.0,,,0.06967876283900931,0.18174853299360644,0.20903628851702794,0.06345860205912664,0.08287595212459564,0.1486791242517884,2.162269690647863,0.0,,
noise,3,LQR,-1,118,0.0,0.01,-1,,,,0.06797985670312384,0.16811759461315015,0.20393957010937153,0.0918432626137395,0.03377469442784786,0.10516420665075579,0.7662917356552427,0.0,,
noise,3,SMC,-1,118,0.0,0.01,-1,,16.0,0.5,0.08215045885369492,0.17548683690415073,0.24645137656108473,0.10315384868716385,0.09671259671449661,0.39846213834280114,5.143148015794482,0.0,,
noise,3,PPO,1024,118,0.0,0.01,-1,,,,0.06532312081008065,0.17328766960021166,0.19596936243024196,0.0571049730879841,0.08050596714019775,0.30955580408287764,4.241963589947359,0.0025,,
noise,3,PPO,123,118,0.0,0.01,-1,,,,0.06938225536371859,0.17274178495460624,0.2081467660911558,0.054700877609444254,0.06993835605680943,0.39847802762824697,7.179722918775943,0.0075,,
noise,3,PPO,42,118,0.0,0.01,-1,,,,0.06773245887980267,0.17021837124202707,0.20319737663940804,0.05364070211560178,0.06399808451533318,0.3075922780816543,4.401530211268957,0.0025,,
noise,3,Linear,-1,119,0.0,0.01,-1,8.0,,,0.06366499642310633,0.19105467478448437,0.190994989269319,0.05916106808976627,0.09116214513778687,0.23192470781435434,9.142026008394026,0.025,,
noise,3,LQR,-1,119,0.0,0.01,-1,,,,0.08764180976739548,0.23578021133838267,0.26292542930218643,0.06038305319753694,0.05775541067123413,0.180965884643165,6.229291490256778,0.0125,,
noise,3,SMC,-1,119,0.0,0.01,-1,,16.0,0.5,0.10611128824409206,0.235874759824636,0.31833386473227615,0.15002240893649466,0.23188269138336182,0.5344404998382593,14.531507540054363,0.0225,,
noise,3,PPO,1024,119,0.0,0.01,-1,,,,0.06084434719372452,0.18943795457640653,0.18253304158117356,0.06151606501252563,0.07583093643188477,0.43198183487329694,14.844243714290679,0.035,,
noise,3,PPO,123,119,0.0,0.01,-1,,,,0.0587995967445299,0.18860033688408645,0.1763987902335897,0.06563527755623247,0.06149536371231079,0.5294359622167846,16.900229859097173,0.035,,
noise,3,PPO,42,119,0.0,0.01,-1,,,,0.057854588957950905,0.1883203309560012,0.17356376687385272,0.06026359049626338,0.060889482498168945,0.4380968191621458,15.096216233621636,0.035,,
noise,2,Linear,-1,100,0.0,0.02,-1,8.0,,,3.020041020896753,3.9702783109687103,9.060123062690261,10.16023081191528,13.039541125297546,1.6186872210511543,61.57259611609985,0.005,,
noise,2,LQR,-1,100,0.0,0.02,-1,,,,0.14360531862222853,0.24278820661929276,0.4308159558666856,0.20944453578120398,0.15884196758270264,0.20272783070439507,1.3200717452503068,0.0,,
noise,2,SMC,-1,100,0.0,0.02,-1,,16.0,0.5,0.12076993203154476,0.2241956536596908,0.36230979609463426,0.13295350354854707,0.08318060636520386,1.2824911002732786,50.77213402900665,0.01,,
noise,2,PPO,1024,100,0.0,0.02,-1,,,,0.09237776601285282,0.18399868059713143,0.27713329803855846,0.1547220494184229,0.09541529417037964,1.3052669407758035,51.48442992615247,0.01,,
noise,2,PPO,123,100,0.0,0.02,-1,,,,0.09632211442977184,0.18726607989678595,0.28896634328931553,0.1429945353510571,0.04840409755706787,0.6964924203190126,16.092345605886404,0.005,,
noise,2,PPO,42,100,0.0,0.02,-1,,,,0.10190756466368976,0.1923854742667532,0.30572269399106927,0.15565430297067873,0.09479892253875732,2.100627846495618,123.65402155439668,0.145,,
noise,2,Linear,-1,101,0.0,0.02,-1,8.0,,,2.1154915013242936,3.002550880338545,6.346474503972881,8.486884070583331,7.797222301363945,1.218874054359379,40.02434861164818,0.0,,
noise,2,LQR,-1,101,0.0,0.02,-1,,,,0.13260689933752565,0.1917915540605363,0.39782069801257697,0.23445217568933227,0.3869825527071953,0.22590002613939042,1.8776650530477654,0.0,,
noise,2,SMC,-1,101,0.0,0.02,-1,,16.0,0.5,0.1020867565866631,0.14789931637332646,0.30626026975998927,0.2091417807487794,0.3440149053931236,1.1734240151235735,44.46208199344518,0.0125,,
noise,2,PPO,1024,101,0.0,0.02,-1,,,,0.06731016542499302,0.09788785672256006,0.20193049627497903,0.159106200101015,0.3334944620728493,1.1731048715753745,45.16684871356425,0.02,,
noise,2,PPO,123,101,0.0,0.02,-1,,,,0.0746167812400427,0.10409456818734199,0.2238503437201281,0.17752739727313135,0.31950534135103226,0.6925668857824475,16.831582685354046,0.0075,,
noise,2,PPO,42,101,0.0,0.02,-1,,,,0.0708337427718458,0.10275409136747639,0.21250122831553742,0.16645551436109307,0.3402545526623726,1.9476023876756208,108.81099266344646,0.125,,
noise,2,Linear,-1,102,0.0,0.02,-1,8.0,,,2.4125799938156915,3.1703136167312365,7.237739981447075,6.647241389677848,4.229889631271362,1.410631275831018,45.547077081811985,0.0,,
noise,2,LQR,-1,102,0.0,0.02,-1,,,,0.19899667366249107,0.33725142955512355,0.5969900209874732,0.2789044421810059,0.2698724567890167,0.3240964300209073,6.038387767177384,0.0075,,
noise,2,SMC,-1,102,0.0,0.02,-1,,16.0,0.5,0.2050315768373565,0.34480311540117126,0.6150947305120695,0.2075891924711565,0.1829264760017395,1.2223175065847407,46.84912299344411,0.0225,,
noise,2,PPO,1024,102,0.0,0.02,-1,,,,0.1333318491004166,0.27911559760079696,0.39999554730124975,0.13727635610848665,0.09684503078460693,1.2361306887389418,49.84154612332994,0.0325,,
noise,2,PPO,123,102,0.0,0.02,-1,,,,0.138841229951565,0.2810911060568276,0.416523689854695,0.14218554558393395,0.09398090839385986,0.7391145910668254,20.680228530230405,0.0225,,
noise,2,PPO,42,102,0.0,0.02,-1,,,,0.1387275324705508,0.2806428015642799,0.4161825974116525,0.15554871771162676,0.10995465517044067,2.025933563876479,111.1890845860267,0.1125,,
noise,2,Linear,-1,103,0.0,0.02,-1,8.0,,,2.430600234007746,3.2553746713598932,7.291800702023239,7.06419668144282,6.212525427341461,1.3913198969607936,46.76964379678893,0.01,,
noise,2,LQR,-1,103,0.0,0.02,-1,,,,0.20679665668399158,0.35865568649823243,0.6203899700519747,0.2680933455373218,0.22866031527519226,0.278887605479224,6.58591831579613,0.01,,
noise,2,SMC,-1,103,0.0,0.02,-1,,16.0,0.5,0.1689295648161325,0.3150717853984012,0.5067886944483975,0.16073100917317248,0.09242501854896545,1.2410887718821082,48.319818646453996,0.0275,,
noise,2,PPO,1024,103,0.0,0.02,-1,,,,0.12060738937326972,0.24868990184375803,0.3618221681198091,0.11522096749625088,0.048034727573394775,1.2169422121751041,48.54609722200081,0.03,,
noise,2,PPO,123,103,0.0,0.02,-1,,,,0.13162549936962767,0.25880721649659033,0.394876498108883,0.12709270747677412,0.11415234208106995,0.720502070116432,20.36986588091878,0.025,,
noise,2,PPO,42,103,0.0,0.02,-1,,,,0.12859523537741388,0.25587288809011144,0.3857857061322416,0.13253142035071863,0.07584652304649353,1.9743096992522107,111.51124086928041,0.15,,
noise,2,Linear,-1,104,0.0,0.02,-1,8.0,,,3.1882121445965685,4.206449770595242,9.564636433789707,7.819674556637987,8.265616714954376,1.6719041356719342,67.09590887710142,0.0025,,
noise,2,LQR,-1,104,0.0,0.02,-1,,,,0.2570290898537249,0.5349481413726094,0.7710872695611748,0.4790182029943407,0.6374366283416748,0.3447741046208224,10.452800427350557,0.02,,
noise,2,SMC,-1,104,0.0,0.02,-1,,16.0,0.5,0.2540291050738939,0.5356681159735951,0.7620873152216817,0.35148225758328205,0.39164701849222183,1.284617251261344,52.950363867755584,0.0375,,
noise,2,PPO,1024,104,0.0,0.02,-1,,,,0.21680065786120725,0.5289405196625143,0.6504019735836217,0.22324946604347157,0.19579367339611053,1.3791411266919977,61.973168519107645,0.0625,,
noise,2,PPO,123,104,0.0,0.02,-1,,,,0.2205261706822828,0.5234865269944176,0.6615785120468485,0.2786386842482988,0.25971077382564545,0.818931619666907,28.58415741558775,0.0375,,
noise,2,PPO,42,104,0.0,0.02,-1,,,,0.2161104511856686,0.523168607502104,0.6483313535570058,0.25253774659179246,0.23708531260490417,2.1611085169556135,129.40100006069625,0.1725,,
noise,2,Linear,-1,105,0.0,0.02,-1,8.0,,,2.3889068657855934,3.427161731291054,7.166720597356781,9.188363227809285,8.21448940038681,1.3220994209410841,48.743386848903405,0.0075,,
noise,2,LQR,-1,105,0.0,0.02,-1,,,,0.14226508554820583,0.18440945860600655,0.4267952566446174,0.2967192498093218,0.07863475196063519,0.25575675187484964,5.377663369520851,0.0075,,
noise,2,SMC,-1,105,0.0,0.02,-1,,16.0,0.5,0.11550002931969446,0.1568508126677766,0.3465000879590834,0.18744749764417423,0.13112487643957138,1.1098490612647562,40.52152175538071,0.02,,
noise,2,PPO,1024,105,0.0,0.02,-1,,,,0.08718133972824574,0.12928417731016664,0.2615440191847372,0.12578696886905366,0.12396887317299843,1.145521753725417,43.7302393727573,0.025,,
noise,2,PPO,123,105,0.0,0.02,-1,,,,0.09130336338745512,0.12996165916247476,0.27391009016236534,0.14859667484775002,0.12723161280155182,0.6986553248138796,18.786375193710303,0.02,,
noise,2,PPO,42,105,0.0,0.02,-1,,,,0.096007734938143,0.13791420479612343,0.288023204814429,0.14781269467907188,0.1536971926689148,1.8966740568695668,104.97090172310082,0.0975,,
noise,2,Linear,-1,106,0.0,0.02,-1,8.0,,,2.50300233228657,3.35114961509749,7.509006996859711,8.304001447411231,8.503665208816528,1.4964497833329247,52.9224004800741,0.0125,,
noise,2,LQR,-1,106,0.0,0.02,-1,,,,0.2202643440012121,0.4234420041476625,0.6607930320036363,0.2555045931324087,0.10333653260022402,0.32866383705736996,8.318937991370587,0.015,,
noise,2,SMC,-1,106,0.0,0.02,-1,,16.0,0.5,0.19404642334082478,0.3946892973183327,0.5821392700224743,0.2065161946747038,0.03813322260975838,1.205332724897753,46.84344545320134,0.0325,,
noise,2,PPO,1024,106,0.0,0.02,-1,,,,0.17806031579362322,0.381859550795906,0.5341809473808697,0.1827118645284187,0.02688102424144745,1.2499260414679747,51.89888386648884,0.035,,
noise,2,PPO,123,106,0.0,0.02,-1,,,,0.17895306282849396,0.3733200414897872,0.5368591884854819,0.18734316986031185,0.0075916810892522335,0.7765917967159552,23.70113359244749,0.0275,,
noise,2,PPO,42,106,0.0,0.02,-1,,,,0.17885718359871275,0.3753406652769822,0.5365715507961383,0.188655759771297,0.07211808487772942,1.9906395626372828,108.1984356443609,0.115,,
noise,2,Linear,-1,107,0.0,0.02,-1,8.0,,,3.2390173924475265,4.17736803106545,9.717052177342579,8.97226921533361,10.851519867777824,1.6402349805371126,58.09852552790542,0.0,,
noise,2,LQR,-1,107,0.0,0.02,-1,,,,0.21733742748973203,0.4229678327645777,0.6520122824691961,0.4336041725344128,0.9415634870529175,0.2835846773628791,5.015594920861916,0.005,,
noise,2,SMC,-1,107,0.0,0.02,-1,,16.0,0.5,0.19645294956382944,0.4123356707640294,0.5893588486914882,0.3372630729443497,0.515410304069519,1.2909656953777273,49.64515761311472,0.015,,
noise,2,PPO,1024,107,0.0,0.02,-1,,,,0.16909746637688647,0.38294363728389574,0.5072923991306595,0.26142929687544153,0.5670996308326721,1.298652306923694,52.26871060235157,0.0275,,
noise,2,PPO,123,107,0.0,0.02,-1,,,,0.16924929525161275,0.3728161109232413,0.5077478857548382,0.2798596360709196,0.6145193576812744,0.741005427782375,20.445387919865055,0.0225,,
noise,2,PPO,42,107,0.0,0.02,-1,,,,0.16987486029351911,0.37400015392524116,0.5096245808805574,0.27804852989904677,0.565416544675827,2.157676342428845,124.52410579586831,0.1325,,
noise,2,Linear,-1,108,0.0,0.02,-1,8.0,,,2.196426269625401,3.3218647522801383,6.5892788088762035,7.807699702128216,8.095740720629692,1.2405832460767907,42.64826891171168,0.005,,
noise,2,LQR,-1,108,0.0,0.02,-1,,,,0.10341289449260196,0.15651841023636384,0.31023868347780587,0.22464519104471914,0.41888055205345154,0.21040508269050093,2.5239378388644615,0.0,,
noise,2,SMC,-1,108,0.0,0.02,-1,,16.0,0.5,0.08174100761779476,0.1316030241003711,0.2452230228533843,0.20860419082052914,0.1207459531724453,1.2776798832438134,50.910162419170085,0.0225,,
noise,2,PPO,1024,108,0.0,0.02,-1,,,,0.07120964778980111,0.11836189448940351,0.21362894336940336,0.122877978351841,0.09699757024645805,1.2586543333537858,48.99313710171309,0.015,,
noise,2,PPO,123,108,0.0,0.02,-1,,,,0.06960739185669748,0.11784035570139094,0.20882217557009244,0.1146500282978386,0.05949785187840462,0.693445673978834,16.9777364273591,0.0125,,
noise,2,PPO,42,108,0.0,0.02,-1,,,,0.07792223473826573,0.12806788387766724,0.2337667042147972,0.14327817819552657,0.14477983117103577,2.023277321212607,114.11112771223202,0.125,,
noise,2,Linear,-1,109,0.0,0.02,-1,8.0,,,2.7694115868041096,3.7325066861371283,8.30823476041233,10.406458445169308,8.204549863934517,1.4871349918128844,53.184639837543095,0.0,,
noise,2,LQR,-1,109,0.0,0.02,-1,,,,0.2110096777790069,0.38105459004257847,0.6330290333370207,0.3906355155516922,0.1391068436205387,0.2657718752164503,4.331288190958943,0.0025,,
noise,2,SMC,-1,109,0.0,0.02,-1,,16.0,0.5,0.21848037437917486,0.3975761785692503,0.6554411231375246,0.3523606675228587,0.082393117249012,1.2501777226013593,50.8467587573769,0.025,,
noise,2,PPO,1024,109,0.0,0.02,-1,,,,0.1433646279423562,0.33101395024365243,0.43009388382706853,0.20981484794138391,0.11797381564974785,1.3064235365970474,55.57623904447621,0.0325,,
noise,2,PPO,123,109,0.0,0.02,-1,,,,0.15491126491498522,0.33411313368241774,0.46473379474495563,0.2354054469385265,0.13094473630189896,0.7513889827001422,20.984671456023364,0.015,,
noise,2,PPO,42,109,0.0,0.02,-1,,,,0.15336758128954958,0.3316545755688437,0.4601027438686487,0.2734589585689483,0.1298149675130844,2.0326019661533565,113.88938876213611,0.125,,
noise,2,Linear,-1,110,0.0,0.02,-1,8.0,,,2.4765808617871126,3.4416037729967095,7.429742585361338,4.576847231866401,7.309236645698547,1.3707027557559144,46.577573279849425,0.0025,,
noise,2,LQR,-1,110,0.0,0.02,-1,,,,0.16751041261716154,0.23877448080640415,0.5025312378514846,0.4260150450339288,0.13450465351343155,0.24706200949753057,3.6882475553187692,0.0,,
noise,2,SMC,-1,110,0.0,0.02,-1,,16.0,0.5,0.14361199737214486,0.20368814667074142,0.43083599211643464,0.4471823902524732,0.13937603682279587,1.1799228018959125,44.10373921353823,0.015,,
noise,2,PPO,1024,110,0.0,0.02,-1,,,,0.09533775568469827,0.14722604999193456,0.2860132670540948,0.21649506534047333,0.08084321022033691,1.1856762867913282,45.21970508753797,0.02,,
noise,2,PPO,123,110,0.0,0.02,-1,,,,0.10455407293130979,0.15405299887731633,0.31366221879392936,0.29536427146996613,0.050707682967185974,0.6832880184165855,17.329055014555262,0.015,,
noise,2,PPO,42,110,0.0,0.02,-1,,,,0.10166534149581109,0.15222076135911455,0.3049960244874333,0.2589823037247967,0.06079965829849243,1.8718711522191838,102.00506914145508,0.09,,
noise,2,Linear,-1,111,0.0,0.02,-1,8.0,,,3.228286067589015,4.273493977086846,9.684858202767046,8.499528115730227,8.242564603686333,1.6928318362878148,68.91153777310176,0.0075,,
noise,2,LQR,-1,111,0.0,0.02,-1,,,,0.36651788222435505,0.8527448942602953,1.099553646673065,0.5866120470066866,0.10481470078229904,0.37625941626905834,14.008567672339138,0.025,,
noise,2,SMC,-1,111,0.0,0.02,-1,,16.0,0.5,0.38166692725004175,0.8647168329137834,1.1450007817501253,0.5396155043861565,0.17668311670422554,1.3569388697161908,57.13543889654721,0.0475,,
noise,2,PPO,1024,111,0.0,0.02,-1,,,,0.3595767947400015,0.8911970770556974,1.0787303842200044,0.3083826704295697,0.16348732262849808,1.5176526272757689,73.65872450445723,0.1075,,
noise,2,PPO,123,111,0.0,0.02,-1,,,,0.3455970565380462,0.8717537750946281,1.0367911696141385,0.3743360702316334,0.18510060384869576,0.9028721403637134,36.61005403945692,0.07,,
noise,2,PPO,42,111,0.0,0.02,-1,,,,0.3537153990007163,0.875447886232048,1.0611461970021487,0.3961347282668691,0.16316299512982368,2.26424328467235,136.16755944000622,0.185,,
noise,2,Linear,-1,112,0.0,0.02,-1,8.0,,,1.825087809410327,2.409866037048556,5.475263428230981,5.971165908891478,4.839036583900452,1.2615515640251653,38.81354152027169,0.015,,
noise,2,LQR,-1,112,0.0,0.02,-1,,,,0.13467563601661278,0.1969638294186921,0.4040269080498384,0.25432487694477596,0.06767576932907104,0.22244098835085935,2.9471111531875454,0.0,,
noise,2,SMC,-1,112,0.0,0.02,-1,,16.0,0.5,0.13550888837089858,0.21490507133464212,0.4065266651126958,0.19908131022052264,0.1337624192237854,1.2501392107697302,48.399221089154324,0.015,,
noise,2,PPO,1024,112,0.0,0.02,-1,,,,0.08528863762119043,0.1526798637985764,0.2558659128635713,0.1342985788590194,0.14386993646621704,1.1522663489281388,41.37654491046197,0.0125,,
noise,2,PPO,123,112,0.0,0.02,-1,,,,0.09295612324187137,0.16278738387232664,0.27886836972561413,0.13587676122048756,0.1332719326019287,0.6557537325822802,14.930122102785218,0.0075,,
noise,2,PPO,42,112,0.0,0.02,-1,,,,0.10285581177733807,0.1697413678653594,0.30856743533201425,0.17876129574429842,0.12656867504119873,2.120791554952649,121.08702116751654,0.1325,,
noise,2,Linear,-1,113,0.0,0.02,-1,8.0,,,3.086385188461688,4.074871573084919,9.259155565385063,11.891798670553131,13.911201655864716,1.6546659738642915,66.13492798657039,0.01,,
noise,2,LQR,-1,113,0.0,0.02,-1,,,,0.33139709576016796,0.6813451134633445,0.994191287280504,0.32858423704718365,0.6623865962028503,0.31479082080506415,6.868396625393899,0.01,,
noise,2,SMC,-1,113,0.0,0.02,-1,,16.0,0.5,0.33712890453896766,0.7050519842561629,1.011386713616903,0.281719490195866,0.5150786638259888,1.2055330728900682,46.513304151876994,0.0325,,
noise,2,PPO,1024,113,0.0,0.02,-1,,,,0.2574995946764624,0.6591877205565208,0.7724987840293872,0.24254330965103926,0.5978850722312927,1.320936743550913,56.21275782326268,0.0575,,
noise,2,PPO,123,113,0.0,0.02,-1,,,,0.24392620335369436,0.6313813760326965,0.731778610061083,0.23666737619557499,0.6121112704277039,0.787629908642864,24.36831216269661,0.0275,,
noise,2,PPO,42,113,0.0,0.02,-1,,,,0.2486562285988792,0.6326465352514914,0.7459686857966377,0.23662309569341164,0.5903455018997192,1.7855429118522386,93.77106261763291,0.09,,
noise,2,Linear,-1,114,0.0,0.02,-1,8.0,,,2.040318459464378,2.938464602395494,6.120955378393134,8.205932537622658,7.7551587373018265,1.218810796589031,40.918490902264175,0.0075,,
noise,2,LQR,-1,114,0.0,0.02,-1,,,,0.1426300523320332,0.212431367140448,0.42789015699609967,0.4976137021303545,0.6158004701137543,0.22808329438258826,1.9849992130886376,0.0,,
noise,2,SMC,-1,114,0.0,0.02,-1,,16.0,0.5,0.12174853879775688,0.18243214471537836,0.36524561639327063,0.28154527727100587,0.48305684328079224,1.2487583033858969,47.71116573861572,0.0075,,
noise,2,PPO,1024,114,0.0,0.02,-1,,,,0.09501052383838202,0.13827125338114238,0.285031571515146,0.2447182117604915,0.34747540950775146,1.213120725070895,46.8600507581775,0.0075,,
noise,2,PPO,123,114,0.0,0.02,-1,,,,0.10114011565279077,0.1428128012691713,0.3034203469583723,0.2476561644838916,0.3374844938516617,0.691921641125792,15.256224165581589,0.0025,,
noise,2,PPO,42,114,0.0,0.02,-1,,,,0.10265322250363604,0.1451290438456678,0.3079596675109081,0.2519269949170174,0.41564641892910004,2.0557371977707395,116.22179875277526,0.135,,
noise,2,Linear,-1,115,0.0,0.02,-1,8.0,,,2.880040059325998,3.888912691723385,8.640120177977995,11.469608087414576,11.55196525156498,1.5806069064913248,59.51603446870838,0.0125,,
noise,2,LQR,-1,115,0.0,0.02,-1,,,,0.16171434624794118,0.267600729965583,0.48514303874382353,0.3132070578910686,0.1796177625656128,0.22700679300579166,1.6160699468303443,0.0,,
noise,2,SMC,-1,115,0.0,0.02,-1,,16.0,0.5,0.16995969093586638,0.2868086329398148,0.5098790728075991,0.27520826274966015,0.25272315740585327,1.1140589399392162,38.45773365892867,0.0,,
noise,2,PPO,1024,115,0.0,0.02,-1,,,,0.10727244810025492,0.22163774203662315,0.32181734430076475,0.2192732243810171,0.23394091427326202,1.125833322951324,40.245571134995714,0.005,,
noise,2,PPO,123,115,0.0,0.02,-1,,,,0.12142404155218889,0.22950805669498917,0.36427212465656666,0.24436538289358586,0.2446081042289734,0.6598414785398212,13.22319177363645,0.0,,
noise,2,PPO,42,115,0.0,0.02,-1,,,,0.11637938164363454,0.2271081784014771,0.3491381449309036,0.22090148898186507,0.23405103385448456,1.8546942126498258,98.78049039555026,0.0775,,
noise,2,Linear,-1,116,0.0,0.02,-1,8.0,,,2.5108408100921613,3.3683575418914358,7.532522430276484,11.728126772024014,11.446728736162186,1.440359704660953,48.32272146119039,0.005,,
noise,2,LQR,-1,116,0.0,0.02,-1,,,,0.18864758510734028,0.2969369058211799,0.5659427553220209,0.4149543008318654,0.7253831177949905,0.2270890191107979,1.609127259799239,0.0,,
noise,2,SMC,-1,116,0.0,0.02,-1,,16.0,0.5,0.17251147680388684,0.28466590430762306,0.5175344304116606,0.4157422955757306,0.9160257279872894,1.208409185365697,44.96260288391367,0.0075,,
noise,2,PPO,1024,116,0.0,0.02,-1,,,,0.104671998813064,0.19162415514910447,0.314015996439192,0.2180051122918541,0.20952966809272766,1.1892055132219619,45.594967212873435,0.025,,
noise,2,PPO,123,116,0.0,0.02,-1,,,,0.12248448991307297,0.2080707993885238,0.3674534697392189,0.298614143681379,0.3759438842535019,0.7033925834959582,16.638424499431984,0.005,,
noise,2,PPO,42,116,0.0,0.02,-1,,,,0.11963500918554187,0.2064518229413601,0.3589050275566256,0.26400138152602276,0.37596704065799713,2.016037676808543,114.83513814936474,0.0975,,
noise,2,Linear,-1,117,0.0,0.02,-1,8.0,,,3.1294925195851664,4.137793619283952,9.388477558755499,7.872302431567215,8.367928639054298,1.6699779900789558,66.92281080496218,0.0025,,
noise,2,LQR,-1,117,0.0,0.02,-1,,,,0.2192550088222435,0.371041817768587,0.6577650264667305,0.38642565473730184,1.049208179116249,0.34233805246766136,8.364379321788464,0.01,,
noise,2,SMC,-1,117,0.0,0.02,-1,,16.0,0.5,0.18364896550186208,0.3516996727687585,0.5509468965055863,0.289406878080357,0.6559980809688568,1.2825465468397164,53.373260422884336,0.035,,
noise,2,PPO,1024,117,0.0,0.02,-1,,,,0.18124293662833726,0.3621561362100438,0.5437288098850118,0.24756802707036704,0.30324964970350266,1.377123722987728,62.94404367787626,0.0575,,
noise,2,PPO,123,117,0.0,0.02,-1,,,,0.1857839232474776,0.3552809698790907,0.5573517697424328,0.2763450093636358,0.43929532170295715,0.8196983102736924,26.592430581170028,0.03,,
noise,2,PPO,42,117,0.0,0.02,-1,,,,0.18683573571502146,0.35646544446888495,0.5605072071450644,0.295625514925722,0.4371161609888077,2.0289528640799985,114.01231287921708,0.135,,
noise,2,Linear,-1,118,0.0,0.02,-1,8.0,,,1.3221800844096026,2.1296905351183315,3.9665402532288074,7.739647232088042,8.5637496560812,0.9024076793816619,27.08488045853223,0.0075,,
noise,2,LQR,-1,118,0.0,0.02,-1,,,,0.11497864343461303,0.18358685238408012,0.34493593030383907,0.40687409075505937,0.25373899191617966,0.21777411672976763,1.6922668317618499,0.0,,
noise,2,SMC,-1,118,0.0,0.02,-1,,16.0,0.5,0.09966245371808088,0.1611876545934085,0.2989873611542426,0.3092552322756361,0.3394068256020546,1.1308529736204747,39.091090277075715,0.005,,
noise,2,PPO,1024,118,0.0,0.02,-1,,,,0.08088889225608269,0.13646233474326436,0.24266667676824807,0.21032129535106597,0.1445571407675743,1.1406068551235662,41.03984505273392,0.01,,
noise,2,PPO,123,118,0.0,0.02,-1,,,,0.08642709032103654,0.14165146137311763,0.25928127096310966,0.22612501032374524,0.11408828943967819,0.6730866360842735,14.35843346283285,0.0025,,
noise,2,PPO,42,118,0.0,0.02,-1,,,,0.09284451801147148,0.1479297813027286,0.27853355403441443,0.23258678403533536,0.1445579044520855,1.9304911493047365,103.69476357208774,0.0975,,
noise,2,Linear,-1,119,0.0,0.02,-1,8.0,,,2.9953497217121168,3.9144313257759737,8.98604916513635,10.516834399030532,12.037633895874023,1.6066207726697375,59.685433430887066,0.0,,
noise,2,LQR,-1,119,0.0,0.02,-1,,,,0.32586413228780603,0.7557430407358129,0.977592396863418,0.1917192468672623,0.19880753755569458,0.3148732577619535,8.430918296726759,0.015,,
noise,2,SMC,-1,119,0.0,0.02,-1,,16.0,0.5,0.32825158468772003,0.778621987666123,0.98475475406316,0.2235045493752868,0.10040777921676636,1.351533360490134,56.320925655653674,0.03,,
noise,2,PPO,1024,119,0.0,0.02,-1,,,,0.30802639246030294,0.7734658585494758,0.9240791773809087,0.13620188103321892,0.049797624349594116,1.427846186123138,65.68014953809798,0.0675,,
noise,2,PPO,123,119,0.0,0.02,-1,,,,0.30058648442371083,0.7375456277469482,0.9017594532711325,0.15540139266738184,0.11343994736671448,0.8212032658686662,26.841652603493216,0.0325,,
noise,2,PPO,42,119,0.0,0.02,-1,,,,0.303971651542842,0.7400589344373429,0.911914954628526,0.16817831741300998,0.10153645277023315,2.2935283836952767,137.5531272443718,0.17,,
noise,3,Linear,-1,100,0.0,0.02,-1,8.0,,,0.07972973053431075,0.14420957213617736,0.23918919160293226,0.2172152753804385,0.1522444486618042,0.22263826860899938,2.854902609335294,0.0025,,
noise,3,LQR,-1,100,0.0,0.02,-1,,,,0.08637869810408363,0.16694804564757906,0.25913609431225093,0.18795409573265065,0.1571170687675476,0.16065000954631048,0.8779536883208149,0.0,,
noise,3,SMC,-1,100,0.0,0.02,-1,,16.0,0.5,0.12173643414432792,0.19421001419702605,0.3652093024329837,0.3836707242500083,0.24263179302215576,0.861235988722357,23.819864603767396,0.0025,,
noise,3,PPO,1024,100,0.0,0.02,-1,,,,0.06959708368348412,0.13316715614450494,0.20879125105045235,0.1850064837799212,0.14774537086486816,0.6063163583526885,14.582631751993668,0.0175,,
noise,3,PPO,123,100,0.0,0.02,-1,,,,0.06359148583203053,0.13163928769362274,0.19077445749609157,0.16018899746331167,0.18783193826675415,0.837478001710571,24.240593820187527,0.02,,
noise,3,PPO,42,100,0.0,0.02,-1,,,,0.062040711137607805,0.1296285782822519,0.1861221334128234,0.15254236186314143,0.1896430253982544,0.6379863766679295,14.964458998302668,0.015,,
noise,3,Linear,-1,101,0.0,0.02,-1,8.0,,,0.08341938335446955,0.12128575661987104,0.2502581500634087,0.22694731119698214,0.23754588142037392,0.2350784085802455,1.9061953743903244,0.0,,
noise,3,LQR,-1,101,0.0,0.02,-1,,,,0.07782851049176426,0.11330151577236736,0.23348553147529277,0.18022012349540067,0.15261507034301758,0.1970655550637214,1.3482775980754491,0.0,,
noise,3,SMC,-1,101,0.0,0.02,-1,,16.0,0.5,0.14008117593044503,0.1760999669891256,0.4202435277913351,0.3208366091604586,0.13904469087719917,0.7832771848551604,20.65478161510881,0.005,,
noise,3,PPO,1024,101,0.0,0.02,-1,,,,0.07298429108380416,0.10334910310969375,0.2189528732514125,0.20583080898188513,0.196019247174263,0.5727738919029212,11.859516538799879,0.005,,
noise,3,PPO,123,101,0.0,0.02,-1,,,,0.06915105618412605,0.09875434302259438,0.20745316855237816,0.17419801682325792,0.14816221967339516,0.7909246593309646,20.64728013612723,0.0075,,
noise,3,PPO,42,101,0.0,0.02,-1,,,,0.068354861832093,0.09867430325893853,0.20506458549627898,0.16820270138114324,0.12789638713002205,0.6055226809533308,12.95173408370174,0.0075,,
noise,3,Linear,-1,102,0.0,0.02,-1,8.0,,,0.0939287639231555,0.13361590173092566,0.2817862917694665,0.3988643097748727,0.15190660953521729,0.2916978224926161,4.96820632093894,0.0075,,
noise,3,LQR,-1,102,0.0,0.02,-1,,,,0.0953841091258295,0.1426085020931383,0.28615232737748847,0.22709584456902962,0.0338287353515625,0.25746522681848794,3.5944008298509895,0.0,,
noise,3,SMC,-1,102,0.0,0.02,-1,,16.0,0.5,0.1403320037112637,0.17137544080449202,0.42099601113379115,0.3593910571049761,0.17725545167922974,0.7910301012374308,22.630125629163032,0.0125,,
noise,3,PPO,1024,102,0.0,0.02,-1,,,,0.0787746479579171,0.11335109138268346,0.23632394387375127,0.3023999438241676,0.04287993907928467,0.5831003097487507,13.454831800813915,0.015,,
noise,3,PPO,123,102,0.0,0.02,-1,,,,0.06918582629531635,0.10839065680332534,0.20755747888594903,0.21700535461674503,0.08282202482223511,0.7493600142107083,21.04561799603384,0.0175,,
noise,3,PPO,42,102,0.0,0.02,-1,,,,0.06801754826562152,0.1076892564398804,0.20405264479686458,0.21208505111711998,0.07208287715911865,0.5958464828196756,14.726425571522057,0.0175,,
noise,3,Linear,-1,103,0.0,0.02,-1,8.0,,,0.13807108555552694,0.263271626522112,0.41421325666658076,0.15862872312420312,0.33112049102783203,0.3147289371141174,4.457675617129499,0.0,,
noise,3,LQR,-1,103,0.0,0.02,-1,,,,0.13060268167567346,0.23798378862416475,0.39180804502702044,0.1505215825099084,0.22116658091545105,0.3025979619203809,5.5068157742638935,0.0,,
noise,3,SMC,-1,103,0.0,0.02,-1,,16.0,0.5,0.22093096436895523,0.36903309473684565,0.6627928931068657,0.34325082797879053,0.45412586629390717,0.880880269670204,25.70059466435696,0.015,,
noise,3,PPO,1024,103,0.0,0.02,-1,,,,0.11684057281638247,0.22887601700059676,0.3505217184491474,0.13913594456504524,0.3024986982345581,0.6227041690835632,13.376723842944688,0.0025,,
noise,3,PPO,123,103,0.0,0.02,-1,,,,0.10542790277250241,0.22022408223537018,0.31628370831750724,0.12824932130536548,0.2514815628528595,0.8333709360146199,24.906259687716904,0.015,,
noise,3,PPO,42,103,0.0,0.02,-1,,,,0.10391310219059165,0.22060515201076145,0.31173930657177495,0.1235784808932631,0.22292062640190125,0.6716913390263655,17.08424946018934,0.0125,,
noise,3,Linear,-1,104,0.0,0.02,-1,8.0,,,0.09005838495478691,0.2251535314804516,0.2701751548643607,0.1088169316680711,0.08541932329535484,0.2557343691587448,6.671778133205605,0.015,,
noise,3,LQR,-1,104,0.0,0.02,-1,,,,0.10687022613894105,0.2296177374260634,0.3206106784168231,0.15088135962386007,0.1166677214205265,0.22560967608638235,6.202266469451764,0.01,,
noise,3,SMC,-1,104,0.0,0.02,-1,,16.0,0.5,0.11138162429112375,0.22576822133333635,0.33414487287337125,0.19461891652993213,0.1351335495710373,0.8642351415468161,26.676025311092943,0.025,,
noise,3,PPO,1024,104,0.0,0.02,-1,,,,0.0847348454934781,0.2157583623784181,0.2542045364804343,0.09129102027078194,0.040031302720308304,0.6280915343627668,17.218279665914093,0.025,,
noise,3,PPO,123,104,0.0,0.02,-1,,,,0.08655418267807244,0.22042190578270657,0.25966254803421734,0.09376980794628186,0.07888585329055786,0.8568835633898623,27.710682747409653,0.03,,
noise,3,PPO,42,104,0.0,0.02,-1,,,,0.08526583206828248,0.21834263812310045,0.25579749620484743,0.08937089167029401,0.05934035778045654,0.6741399953601663,19.77542532264819,0.0275,,
noise,3,Linear,-1,105,0.0,0.02,-1,8.0,,,0.08270912477785314,0.16445131690345371,0.24812737433355941,0.1320650436811977,0.1589875966310501,0.2527320010034818,2.96527971733723,0.0,,
noise,3,LQR,-1,105,0.0,0.02,-1,,,,0.0893497684543158,0.1616664849095639,0.2680493053629474,0.12405713793051279,0.16388894245028496,0.23117997121220302,3.8026058032848553,0.0,,
noise,3,SMC,-1,105,0.0,0.02,-1,,16.0,0.5,0.09461307872384044,0.16756826344715725,0.2838392361715213,0.13084889901227054,0.2956289257854223,0.7646163935515277,20.65335663526526,0.015,,
noise,3,PPO,1024,105,0.0,0.02,-1,,,,0.07706390356285775,0.16220709483715828,0.23119171068857325,0.10699063192846046,0.20154714584350586,0.5629425945684797,12.01943289059351,0.005,,
noise,3,PPO,123,105,0.0,0.02,-1,,,,0.07961135009978762,0.16039566680927592,0.23883405029936286,0.09762051642331997,0.180892962962389,0.7410300933016218,18.971471798035324,0.0075,,
noise,3,PPO,42,105,0.0,0.02,-1,,,,0.07812224460203675,0.15828747602525203,0.23436673380611023,0.09556598906163816,0.1858324557542801,0.5950222042228962,13.095536735066108,0.0075,,
noise,3,Linear,-1,106,0.0,0.02,-1,8.0,,,0.09219701896485093,0.20122652755753068,0.27659105689455277,0.1238673965987048,0.271350659430027,0.3036481885894427,5.529200208053926,0.0,,
noise,3,LQR,-1,106,0.0,0.02,-1,,,,0.10331026054179437,0.21158214232393371,0.3099307816253831,0.16377773431969095,0.17237356305122375,0.27080744067834056,5.660601656986454,0.0,,
noise,3,SMC,-1,106,0.0,0.02,-1,,16.0,0.5,0.16553254131922934,0.32498150677840115,0.49659762395768803,0.16806010017171502,0.26631690189242363,0.8067152681070998,23.2962446958213,0.0175,,
noise,3,PPO,1024,106,0.0,0.02,-1,,,,0.08651937329204921,0.19611584413621322,0.25955811987614763,0.1135939719086444,0.23479773476719856,0.6597427546680716,19.509121382659615,0.03,,
noise,3,PPO,123,106,0.0,0.02,-1,,,,0.07768248710069102,0.18475160315671552,0.23304746130207307,0.10827660868749206,0.19975150749087334,0.8569937115604815,27.672114188939386,0.0325,,
noise,3,PPO,42,106,0.0,0.02,-1,,,,0.07453281496723468,0.18356900405236104,0.22359844490170405,0.10141495139234596,0.18593145906925201,0.652571053139661,17.613338005179816,0.02,,
noise,3,Linear,-1,107,0.0,0.02,-1,8.0,,,0.0645016957874118,0.10219643300176745,0.1935050873622354,0.21475517209389328,0.23371541500091553,0.24936499834952508,4.852016333365015,0.0075,,
noise,3,LQR,-1,107,0.0,0.02,-1,,,,0.08216404669832188,0.14127011867072498,0.24649214009496562,0.21816610923197902,0.22174352407455444,0.20687579569133044,3.109662609606676,0.0,,
noise,3,SMC,-1,107,0.0,0.02,-1,,16.0,0.5,0.07226595590247192,0.1049133403983784,0.21679786770741577,0.24158599762315,0.4396991729736328,0.8359995788461012,22.387266098299968,0.0125,,
noise,3,PPO,1024,107,0.0,0.02,-1,,,,0.05168345248085119,0.08458852758190899,0.15505035744255358,0.1730133178126481,0.15790873765945435,0.5994471921179063,14.868568405658175,0.0175,,
noise,3,PPO,123,107,0.0,0.02,-1,,,,0.04657182872492018,0.08206704247914197,0.13971548617476054,0.14004670137562503,0.13448795676231384,0.8085636612994044,22.624955760683765,0.0175,,
noise,3,PPO,42,107,0.0,0.02,-1,,,,0.04548681754245735,0.0813904886065959,0.13646045262737205,0.13681834884401825,0.13255411386489868,0.6282928394539249,15.25137943809022,0.0175,,
noise,3,Linear,-1,108,0.0,0.02,-1,8.0,,,0.0873270695936167,0.16174818093083165,0.2619812087808501,0.1251239977133127,0.24145722389221191,0.20802497759721522,1.6011625630587116,0.0,,
noise,3,LQR,-1,108,0.0,0.02,-1,,,,0.09048571310537161,0.1549633725460847,0.2714571393161148,0.14366765447639296,0.2450181543827057,0.1752607044758057,1.5576271087137845,0.0,,
noise,3,SMC,-1,108,0.0,0.02,-1,,16.0,0.5,0.10907339716271335,0.17016049743383987,0.32722019148814,0.17569356427792412,0.4094563126564026,0.835834708909604,22.71119192271175,0.0075,,
noise,3,PPO,1024,108,0.0,0.02,-1,,,,0.07709171206335029,0.1504664876966842,0.23127513619005086,0.1068778270855546,0.2279348522424698,0.534686741184564,9.019103187791774,0.0,,
noise,3,PPO,123,108,0.0,0.02,-1,,,,0.07627588715164281,0.1490110976442638,0.22882766145492842,0.10211843938601238,0.18675708770751953,0.7612305070683499,18.382214562343712,0.0075,,
noise,3,PPO,42,108,0.0,0.02,-1,,,,0.07546325142538687,0.14798616615073373,0.22638975427616062,0.09886622208423544,0.16994202136993408,0.5907322130818616,11.61070961662271,0.005,,
noise,3,Linear,-1,109,0.0,0.02,-1,8.0,,,0.0737612426098272,0.13003185055603406,0.2212837278294816,0.2263718748488176,0.3574598729610443,0.2670029550419187,6.209813939418677,0.0125,,
noise,3,LQR,-1,109,0.0,0.02,-1,,,,0.10125324006656113,0.18352354559683998,0.30375972019968334,0.2285821840029072,0.24884363263845444,0.19456218674684878,2.675244686358437,0.0,,
noise,3,SMC,-1,109,0.0,0.02,-1,,16.0,0.5,0.11657091337492255,0.1772915370688099,0.3497127401247676,0.30350565367642746,0.4280421584844589,0.8508633469472967,24.824476535784772,0.0125,,
noise,3,PPO,1024,109,0.0,0.02,-1,,,,0.06841159263565356,0.12375612981062158,0.20523477790696068,0.19543191470941643,0.2734362334012985,0.6398957514220343,18.099242828804563,0.025,,
noise,3,PPO,123,109,0.0,0.02,-1,,,,0.06218185422536379,0.11952630541154406,0.18654556267609138,0.17519315953056017,0.23999380692839622,0.8220855053514242,25.130109153656917,0.025,,
noise,3,PPO,42,109,0.0,0.02,-1,,,,0.061099339330356786,0.1188541536317767,0.18329801799107037,0.17178803263807002,0.21965713426470757,0.6332962737695089,16.978224514326996,0.02,,
noise,3,Linear,-1,110,0.0,0.02,-1,8.0,,,0.08720452448853283,0.15516558339348757,0.2616135734655985,0.11105756843347608,0.08098849654197693,0.2557785835981072,2.762648314464541,0.0,,
noise,3,LQR,-1,110,0.0,0.02,-1,,,,0.10484617297225636,0.1573217339759144,0.3145385189167691,0.23585396423292013,0.08638259768486023,0.2396399208967675,2.818839560845424,0.0,,
noise,3,SMC,-1,110,0.0,0.02,-1,,16.0,0.5,0.1812516870573225,0.27345858010216295,0.5437550611719675,0.1778388442126689,0.1419949233531952,0.7946706846544515,21.576991146724094,0.01,,
noise,3,PPO,1024,110,0.0,0.02,-1,,,,0.07707775962335411,0.13657191750737746,0.23123327887006234,0.10552132699960544,0.07648411393165588,0.5855222313927296,12.26818330231155,0.0075,,
noise,3,PPO,123,110,0.0,0.02,-1,,,,0.07315965519067603,0.13337346556085872,0.2194789655720281,0.10327290973545593,0.1151086688041687,0.7711387952566704,20.737358986746557,0.0125,,
noise,3,PPO,42,110,0.0,0.02,-1,,,,0.07196915513469666,0.13346760317131937,0.21590746540409,0.09935782762405312,0.11414708197116852,0.6023547439243728,13.584172169890616,0.01,,
noise,3,Linear,-1,111,0.0,0.02,-1,8.0,,,0.12093046001264715,0.2658712429934086,0.3627913800379415,0.13411068721432928,0.10559994727373123,0.29140787316193606,7.913119693418029,0.015,,
noise,3,LQR,-1,111,0.0,0.02,-1,,,,0.1252778254043704,0.2530980955723514,0.37583347621311125,0.19060558036981542,0.13609742745757103,0.2586430247891648,8.530672213985754,0.015,,
noise,3,SMC,-1,111,0.0,0.02,-1,,16.0,0.5,0.1424129309476425,0.2561327791306821,0.4272387928429276,0.2691152581577132,0.25934111699461937,0.9047483861826109,28.855117939846867,0.03,,
noise,3,PPO,1024,111,0.0,0.02,-1,,,,0.10978130905669112,0.24499180378365412,0.3293439271700733,0.11838606633763346,0.10039958078414202,0.6514629432350917,17.53993224632635,0.025,,
noise,3,PPO,123,111,0.0,0.02,-1,,,,0.11143849639520854,0.24390430758497902,0.33431548918562565,0.11588902256371063,0.14141743630170822,0.9016943544572094,29.213379227652844,0.0325,,
noise,3,PPO,42,111,0.0,0.02,-1,,,,0.10962246523292137,0.24254073439284266,0.32886739569876405,0.11123371794589876,0.1261471025645733,0.6940551975235677,20.039764512770333,0.03,,
noise,3,Linear,-1,112,0.0,0.02,-1,8.0,,,0.117304278133516,0.2388109121012732,0.351912834400548,0.2092152997897363,0.30902528762817383,0.31354950316380387,5.881475512605329,0.0025,,
noise,3,LQR,-1,112,0.0,0.02,-1,,,,0.11739367223441514,0.2513227826179045,0.3521810167032454,0.16427529860793808,0.25301414728164673,0.23141707694465688,2.378573945327069,0.0,,
noise,3,SMC,-1,112,0.0,0.02,-1,,16.0,0.5,0.21657123851279417,0.3753096078856322,0.6497137155383825,0.3182239527871579,0.5179411768913269,0.8066122193617266,21.082956319308796,0.0025,,
noise,3,PPO,1024,112,0.0,0.02,-1,,,,0.103275429628904,0.21413892158006537,0.309826288886712,0.19012784796341517,0.29928910732269287,0.639310122558155,18.507861889641386,0.0275,,
noise,3,PPO,123,112,0.0,0.02,-1,,,,0.08840313760164262,0.20023516410982228,0.2652094128049278,0.16226752235174732,0.21516042947769165,0.7700165322937648,20.582762720341947,0.0075,,
noise,3,PPO,42,112,0.0,0.02,-1,,,,0.08705456968759212,0.20074750694089857,0.26116370906277636,0.1590061719345366,0.22030049562454224,0.6118775911239019,13.715992489066572,0.005,,
noise,3,Linear,-1,113,0.0,0.02,-1,8.0,,,0.08548249832740795,0.2011336079438271,0.25644749498222386,0.10725390271824083,0.19501769542694092,0.3198405044557448,9.1783380533918,0.02,,
noise,3,LQR,-1,113,0.0,0.02,-1,,,,0.12204570100578485,0.26156487161577974,0.3661371030173545,0.17212292400223236,0.334730327129364,0.23826460972994348,5.177170324923954,0.0075,,
noise,3,SMC,-1,113,0.0,0.02,-1,,16.0,0.5,0.14503056745579837,0.2828490090145759,0.4350917023673951,0.2301143699866018,0.2446814775466919,0.8267337925917355,24.634595156510244,0.02,,
noise,3,PPO,1024,113,0.0,0.02,-1,,,,0.07976423828659002,0.19879488842453794,0.23929271485977005,0.09425340897553129,0.1403716802597046,0.6444714920330523,20.17632061978577,0.035,,
noise,3,PPO,123,113,0.0,0.02,-1,,,,0.07452316998123987,0.19644732826216238,0.2235695099437196,0.09442182294564483,0.1712629199028015,0.8343996052116973,27.35239561408396,0.0325,,
noise,3,PPO,42,113,0.0,0.02,-1,,,,0.07350590049056142,0.1962070027329915,0.22051770147168429,0.0909454095993697,0.1802791953086853,0.6688004206596616,19.97459619144863,0.03,,
noise,3,Linear,-1,114,0.0,0.02,-1,8.0,,,0.08504872599884508,0.14046917495776268,0.2551461779965353,0.11501267527080612,0.15153833478689194,0.26007717546828074,3.1748485015973027,0.0,,
noise,3,LQR,-1,114,0.0,0.02,-1,,,,0.0966044697482433,0.15263676285758318,0.2898134092447299,0.14413873929484392,0.16623733937740326,0.19811935287823626,1.3896529057425389,0.0,,
noise,3,SMC,-1,114,0.0,0.02,-1,,16.0,0.5,0.1360291306104384,0.19417880965159365,0.4080873918313152,0.20167365573622562,0.1364346742630005,0.825020114556791,21.029820753448572,0.0,,
noise,3,PPO,1024,114,0.0,0.02,-1,,,,0.07906967927628225,0.1333730242430005,0.23720903782884675,0.09581251889697195,0.10434803366661072,0.6075207512835017,14.92466487303072,0.015,,
noise,3,PPO,123,114,0.0,0.02,-1,,,,0.06978940944932865,0.12488041876099878,0.20936822834798596,0.09394365466303295,0.09006113559007645,0.7655288066454882,19.973278751500636,0.0075,,
noise,3,PPO,42,114,0.0,0.02,-1,,,,0.06854573480013823,0.12452961122861643,0.2056372044004147,0.09346758043048559,0.09151754528284073,0.6129774210273179,13.555930758310518,0.005,,
noise,3,Linear,-1,115,0.0,0.02,-1,8.0,,,0.08522676610243092,0.16606020575925493,0.2556802983072928,0.13141528204267408,0.15836256742477417,0.28649238506308816,5.359115165787498,0.005,,
noise,3,LQR,-1,115,0.0,0.02,-1,,,,0.09885572867757537,0.20219604086299656,0.29656718603272614,0.17359765094739418,0.12949973344802856,0.17712140857257144,1.166143110541953,0.0,,
noise,3,SMC,-1,115,0.0,0.02,-1,,16.0,0.5,0.13866994052146836,0.24729798151726304,0.416009821564405,0.17875229797245543,0.13772711157798767,0.7279984205188996,16.85918242004584,0.0025,,
noise,3,PPO,1024,115,0.0,0.02,-1,,,,0.07684558323342183,0.15599067657467874,0.2305367497002655,0.12192701456355459,0.14995357394218445,0.6033300531103724,16.295469486508438,0.025,,
noise,3,PPO,123,115,0.0,0.02,-1,,,,0.06765798096570588,0.14336988503749215,0.20297394289711765,0.12150471602325086,0.12953314185142517,0.7798834308166698,22.647771932715116,0.0225,,
noise,3,PPO,42,115,0.0,0.02,-1,,,,0.06485574228142513,0.14199644494759472,0.19456722684427538,0.11563684938498485,0.13915815949440002,0.6055690840704185,14.288077694449914,0.0125,,
noise,3,Linear,-1,116,0.0,0.02,-1,8.0,,,0.06613959289556144,0.13841253757374372,0.19841877868668434,0.10236927471411081,0.14240315556526184,0.22807117833981194,3.064364156369596,0.0025,,
noise,3,LQR,-1,116,0.0,0.02,-1,,,,0.09710760143022684,0.1803968787618202,0.2913228042906805,0.17998632816252885,0.24962663650512695,0.17209389265398772,1.0473791885407164,0.0,,
noise,3,SMC,-1,116,0.0,0.02,-1,,16.0,0.5,0.12774140204837917,0.19985405769119,0.38322420614513747,0.12784839559484412,0.15045100450515747,0.7842757495829547,20.314307911193524,0.005,,
noise,3,PPO,1024,116,0.0,0.02,-1,,,,0.059019841462008324,0.12966290390851476,0.17705952438602499,0.08814970863822066,0.05716721713542938,0.5864755309319258,13.338671274663028,0.0125,,
noise,3,PPO,123,116,0.0,0.02,-1,,,,0.05642842047043448,0.12965189750966455,0.16928526141130346,0.08786911682950126,0.0482659637928009,0.7548078678047837,21.195437034506213,0.0175,,
noise,3,PPO,42,116,0.0,0.02,-1,,,,0.055436069628878724,0.12868308780815574,0.16630820888663617,0.08188828614390926,0.05363975465297699,0.6017633256899597,14.508856457649589,0.0125,,
noise,3,Linear,-1,117,0.0,0.02,-1,8.0,,,0.05410667590011942,0.08883231873093438,0.16232002770035828,0.15164448093209001,0.16450206190347672,0.2579367832557073,5.148809046234954,0.0075,,
noise,3,LQR,-1,117,0.0,0.02,-1,,,,0.0765592842622167,0.11260555477693285,0.2296778527866501,0.17208019302537045,0.20601483434438705,0.22716596359189628,4.022554953139892,0.0,,
noise,3,SMC,-1,117,0.0,0.02,-1,,16.0,0.5,0.0819181876298867,0.11490634844261427,0.24575456288966008,0.27511264898894744,0.25135914981365204,0.8529833568274009,26.502543393657533,0.0175,,
noise,3,PPO,1024,117,0.0,0.02,-1,,,,0.0565256552738993,0.1115863533403471,0.1695769658216979,0.1183245331853812,0.12332851439714432,0.6364227683466867,17.254943891273655,0.0225,,
noise,3,PPO,123,117,0.0,0.02,-1,,,,0.055110910507143535,0.10282194220853214,0.1653327315214306,0.11528375073347563,0.11104610562324524,0.867834254832209,27.265767018234385,0.0225,,
noise,3,PPO,42,117,0.0,0.02,-1,,,,0.047544243840147694,0.08227309697715904,0.1426327315204431,0.11278002814067827,0.102934829890728,0.6441091742097143,16.155245967295176,0.015,,
noise,3,Linear,-1,118,0.0,0.02,-1,8.0,,,0.08956124520599718,0.18707504148264056,0.2686837356179915,0.1270120956900495,0.16586316376924515,0.22813503342004784,2.8806222365736356,0.0,,
noise,3,LQR,-1,118,0.0,0.02,-1,,,,0.08870683308127193,0.17351822894350685,0.2661204992438158,0.18451876179487617,0.06705852970480919,0.15983491181599166,1.0791465289092002,0.0,,
noise,3,SMC,-1,118,0.0,0.02,-1,,16.0,0.5,0.1127504053183445,0.1886826494376087,0.3382512159550335,0.2094061609449578,0.19524839520454407,0.7537407849365474,17.087597224361772,0.0,,
noise,3,PPO,1024,118,0.0,0.02,-1,,,,0.08281894972244415,0.17650008115278226,0.24845684916733246,0.11296060528997103,0.16218379139900208,0.5573931201697883,10.36142114366974,0.0025,,
noise,3,PPO,123,118,0.0,0.02,-1,,,,0.08497660498251691,0.17497175075421023,0.25492981494755074,0.10874432123001711,0.14253433793783188,0.7302802502975434,18.159830562373198,0.0075,,
noise,3,PPO,42,118,0.0,0.02,-1,,,,0.08289766258847336,0.17236678667109867,0.24869298776542012,0.10645717880286185,0.13021522015333176,0.5616754031370852,11.12793053031156,0.0025,,
noise,3,Linear,-1,119,0.0,0.02,-1,8.0,,,0.08252473187883301,0.197073695730407,0.24757419563649904,0.11824249073771047,0.1806144118309021,0.3163629549107238,10.059971028328588,0.025,,
noise,3,LQR,-1,119,0.0,0.02,-1,,,,0.1126892569498875,0.2423824780625427,0.33806777084966255,0.12032718266601916,0.11697447299957275,0.2462397295290121,6.68317683382272,0.0125,,
noise,3,SMC,-1,119,0.0,0.02,-1,,16.0,0.5,0.14167675848025288,0.2513915355291008,0.4250302754407586,0.30245916287840147,0.4628245234489441,0.9365839088016145,30.140705597233683,0.0225,,
noise,3,PPO,1024,119,0.0,0.02,-1,,,,0.07801509072310474,0.19430054777829625,0.2340452721693142,0.12157349403441688,0.15336507558822632,0.6824212127232789,21.44160182710475,0.0375,,
noise,3,PPO,123,119,0.0,0.02,-1,,,,0.07487629095350988,0.19300229448052106,0.22462887286052963,0.12020924009014795,0.12495839595794678,0.8809457717154482,30.155391106834863,0.0375,,
noise,3,PPO,42,119,0.0,0.02,-1,,,,0.07370502688493874,0.19260746354286667,0.22111508065481622,0.11535754714759043,0.12214338779449463,0.6935558995868351,22.201850586132842,0.035,,
noise,2,Linear,-1,100,0.0,0.05,-1,8.0,,,3.0128880987750524,3.9576049400581144,9.038664296325157,10.12435045580805,13.075982749462128,1.650487209644698,67.56150056299191,0.005,,
noise,2,LQR,-1,100,0.0,0.05,-1,,,,0.2983783471699206,0.4281015385206494,0.895135041509762,0.5388918688267837,0.4073135256767273,0.47176661604186265,7.372412404359796,0.0,,
noise,2,SMC,-1,100,0.0,0.05,-1,,16.0,0.5,0.2261296363991816,0.3498127567293846,0.6783889091975448,0.3216861732028149,0.1791238784790039,2.4067172916917285,150.07274300849676,0.2425,,
noise,2,PPO,1024,100,0.0,0.05,-1,,,,0.18482968456197782,0.2629273245355604,0.5544890536859334,0.40355867404996615,0.15100789070129395,2.497825551582988,157.96591356844405,0.28,,
noise,2,PPO,123,100,0.0,0.05,-1,,,,0.19212768468092306,0.27357079549430724,0.5763830540427692,0.3548798860499152,0.14515525102615356,1.6549375488648093,82.10751350321237,0.0675,,
noise,2,PPO,42,100,0.0,0.05,-1,,,,0.1968863378724057,0.283094660884022,0.5906590136172171,0.36225342401015903,0.1733466386795044,2.7407916119122446,187.14835040289836,0.3775,,
noise,2,Linear,-1,101,0.0,0.05,-1,8.0,,,2.1645149789682447,3.048786268339168,6.493544936904735,8.551679164309192,7.836976498365402,1.2398429408929592,44.11988272822016,0.0,,
noise,2,LQR,-1,101,0.0,0.05,-1,,,,0.3217671550794854,0.46126615674687926,0.9653014652384562,0.7265062099437655,0.9719853699207306,0.5292745504750083,8.670794399398757,0.0,,
noise,2,SMC,-1,101,0.0,0.05,-1,,16.0,0.5,0.250011333118093,0.3524988259879689,0.750033999354279,0.5528840175197448,0.8203160464763641,2.246994541017362,137.2555688888609,0.2275,,
noise,2,PPO,1024,101,0.0,0.05,-1,,,,0.16895791795956325,0.21875373082239102,0.5068737538786897,0.4098649991699207,0.8439459502696991,2.36360764538781,148.2772952507952,0.26,,
noise,2,PPO,123,101,0.0,0.05,-1,,,,0.18799977038746216,0.24567350312343694,0.5639993111623864,0.45669846135525055,0.8489736616611481,1.6400647046151304,83.05822509451491,0.07,,
noise,2,PPO,42,101,0.0,0.05,-1,,,,0.1820547033011517,0.23686812622168388,0.5461641099034551,0.44932173500642364,0.8766206204891205,2.582407882794775,171.3559353171532,0.345,,
noise,2,Linear,-1,102,0.0,0.05,-1,8.0,,,2.421503614804592,3.169811795105173,7.264510844413777,6.519721276598212,4.109549522399902,1.4759130900042907,52.50353288939631,0.0,,
noise,2,LQR,-1,102,0.0,0.05,-1,,,,0.39857637848478994,0.5709201949836602,1.19572913545437,0.6954417276299663,0.6941680610179901,0.6790381480226678,16.192023373940128,0.01,,
noise,2,SMC,-1,102,0.0,0.05,-1,,16.0,0.5,0.3704370935590735,0.5146044252984621,1.1113112806772205,0.49694244329024245,0.42312583327293396,2.241265839218926,137.6840847916951,0.2325,,
noise,2,PPO,1024,102,0.0,0.05,-1,,,,0.2618464514609668,0.41940396927691126,0.7855393543829003,0.36055558601129845,0.1468755006790161,2.3440216911812675,147.2288674364275,0.2625,,
noise,2,PPO,123,102,0.0,0.05,-1,,,,0.26964758403741707,0.42233483335197786,0.8089427521122513,0.3838039193716314,0.2020401954650879,1.6382859079469172,80.13892315218052,0.0625,,
noise,2,PPO,42,102,0.0,0.05,-1,,,,0.26965499819966277,0.4226436729475048,0.8089649945989883,0.3994036553036652,0.14991134405136108,2.6038771454532843,173.40986990619058,0.35,,
noise,2,Linear,-1,103,0.0,0.05,-1,8.0,,,2.4571476397650347,3.2903038705600194,7.371442919295105,7.035918893085586,6.210487574338913,1.3449056809233906,48.01698112703454,0.01,,
noise,2,LQR,-1,103,0.0,0.05,-1,,,,0.39660543888801103,0.5496687827463492,1.1898163166640332,0.6939554526758047,0.5320115089416504,0.5529617683386008,13.18184099899388,0.0125,,
noise,2,SMC,-1,103,0.0,0.05,-1,,16.0,0.5,0.3042336775350724,0.4439318231516676,0.9127010326052173,0.4021602273447278,0.19496950507164001,2.273009353299321,139.27318861446673,0.2325,,
noise,2,PPO,1024,103,0.0,0.05,-1,,,,0.23208903276662676,0.3620010359059467,0.6962670982998803,0.32237431101133057,0.208458811044693,2.3596596272657635,147.5925483598462,0.245,,
noise,2,PPO,123,103,0.0,0.05,-1,,,,0.25098772695425864,0.3759053528994447,0.7529631808627759,0.3514594830641592,0.23493316769599915,1.6122999282697787,78.98624719025955,0.0625,,
noise,2,PPO,42,103,0.0,0.05,-1,,,,0.24570625981878016,0.37189952292499306,0.7371187794563404,0.3450284783762914,0.17951253056526184,2.6062345757541663,174.68615573740485,0.3525,,
noise,2,Linear,-1,104,0.0,0.05,-1,8.0,,,3.1898871270486047,4.212649919823423,9.569661381145814,7.7717471283711035,8.422928720712662,1.6951076834279106,72.24899143315602,0.0025,,
noise,2,LQR,-1,104,0.0,0.05,-1,,,,0.5150359097670018,0.773105084904158,1.5451077293010052,1.4155730835311575,1.5367003977298737,0.6192103396451445,17.04905048731524,0.0225,,
noise,2,SMC,-1,104,0.0,0.05,-1,,16.0,0.5,0.4544043663195516,0.7046521670203956,1.3632130989586548,1.02351265081009,1.0625713765621185,2.2933376958765592,142.04988007559072,0.2525,,
noise,2,PPO,1024,104,0.0,0.05,-1,,,,0.3606919559912566,0.6294892797787901,1.0820758679737696,0.7240873446435104,0.639245830476284,2.397366225979572,153.2004323859406,0.295,,
noise,2,PPO,123,104,0.0,0.05,-1,,,,0.3806838020651368,0.6367476439974545,1.1420514061954106,0.8474786751616148,0.6531011685729027,1.680910862592093,88.2146344534143,0.095,,
noise,2,PPO,42,104,0.0,0.05,-1,,,,0.3782268347387401,0.6363909593251957,1.1346805042162202,0.8152929766816489,0.6948457658290863,2.644355558899424,178.29404881533907,0.375,,
noise,2,Linear,-1,105,0.0,0.05,-1,8.0,,,2.6400559530039924,3.659741705877613,7.920167859011977,9.225591170934983,8.342852711677551,1.4617426617633078,58.6940602076596,0.0075,,
noise,2,LQR,-1,105,0.0,0.05,-1,,,,0.3188361905155981,0.3968035091183629,0.9565085715467941,0.7998013259084137,0.3067791536450386,0.5292228825170863,11.130716265292419,0.0075,,
noise,2,SMC,-1,105,0.0,0.05,-1,,16.0,0.5,0.24576006541438927,0.31317230312266964,0.7372801962431678,0.47863115522044675,0.21576396375894547,2.2191885515032546,135.308797115695,0.1975,,
noise,2,PPO,1024,105,0.0,0.05,-1,,,,0.18321735870653605,0.24217635699232318,0.5496520761196081,0.34718453231049173,0.2061617225408554,2.226382816503024,136.93362530166615,0.2225,,
noise,2,PPO,123,105,0.0,0.05,-1,,,,0.19553497352297491,0.24875258088724403,0.5866049205689248,0.41819950109232723,0.2962109223008156,1.5737254294634162,75.55141869423805,0.0475,,
noise,2,PPO,42,105,0.0,0.05,-1,,,,0.19653638369455648,0.2537113435396349,0.5896091510836695,0.39796743059047945,0.2908541187644005,2.6767277092466184,179.81136897480684,0.3525,,
noise,2,Linear,-1,106,0.0,0.05,-1,8.0,,,2.4903415642548676,3.3369330876185126,7.471024692764603,8.311951519162566,8.430489271879196,1.5154381217504678,56.27528422677971,0.0125,,
noise,2,LQR,-1,106,0.0,0.05,-1,,,,0.33464854096464275,0.48593968390563635,1.0039456228939283,0.6329753855300815,0.2485358938574791,0.5952255937001991,14.239160599346343,0.015,,
noise,2,SMC,-1,106,0.0,0.05,-1,,16.0,0.5,0.2958256313445686,0.44311102671988023,0.8874768940337058,0.5189563955789731,0.07393581047654152,2.275436826935154,139.1253277965201,0.245,,
noise,2,PPO,1024,106,0.0,0.05,-1,,,,0.2739299550561152,0.4384883797792744,0.8217898651683457,0.46425079748632364,0.10692621394991875,2.2983525796349804,145.82126136218207,0.27,,
noise,2,PPO,123,106,0.0,0.05,-1,,,,0.2736636332181265,0.4264480834901324,0.8209908996543793,0.4676684627171468,0.05686356499791145,1.654456078783235,84.0813750916206,0.08,,
noise,2,PPO,42,106,0.0,0.05,-1,,,,0.27642160329150217,0.43344050620420804,0.8292648098745065,0.46615874533897933,0.09409300796687603,2.586036380185302,171.73757157090512,0.365,,
noise,2,Linear,-1,107,0.0,0.05,-1,8.0,,,3.265164185014994,4.210996474191026,9.795492555044982,9.085696325257972,11.073255717754364,1.6163711451235554,59.98447422244108,0.0,,
noise,2,LQR,-1,107,0.0,0.05,-1,,,,0.40481878893027207,0.5988200500765065,1.2144563667908161,1.2901268945432003,2.475263237953186,0.5718645817992694,12.340439056699443,0.005,,
noise,2,SMC,-1,107,0.0,0.05,-1,,16.0,0.5,0.347318196140078,0.5573816458853152,1.041954588420234,1.0213741069590603,1.2821255326271057,2.3464712068807807,145.30479512949452,0.2225,,
noise,2,PPO,1024,107,0.0,0.05,-1,,,,0.3051813220665639,0.5190219014841474,0.9155439661996918,0.7508470254179872,1.47542405128479,2.4181869869257446,154.83882916970578,0.2725,,
noise,2,PPO,123,107,0.0,0.05,-1,,,,0.30113678779654324,0.5019448952469083,0.9034103633896297,0.7978792345082318,1.523396074771881,1.6494881694119172,81.68974188930792,0.06,,
noise,2,PPO,42,107,0.0,0.05,-1,,,,0.30209253844785705,0.5037669556469648,0.9062776153435712,0.8076146948668692,1.4303334057331085,2.695968475796635,182.57337057430925,0.3675,,
noise,2,Linear,-1,108,0.0,0.05,-1,8.0,,,2.3352968206324136,3.4153119219625947,7.00589046189724,7.885124183823297,8.133424460887909,1.3214126622439026,46.92867745726747,0.005,,
noise,2,LQR,-1,108,0.0,0.05,-1,,,,0.22292124693988763,0.2966051276272799,0.6687637408196628,0.5805382560248729,1.0327451825141907,0.45616078991042286,7.4784447702225725,0.0,,
noise,2,SMC,-1,108,0.0,0.05,-1,,16.0,0.5,0.1793954102283751,0.24662340423708326,0.5381862306851253,0.5368779753277331,0.31167007982730865,2.238849776748224,137.72017016053212,0.2075,,
noise,2,PPO,1024,108,0.0,0.05,-1,,,,0.15404144356937666,0.21775200204780618,0.46212433070812997,0.31887709073446413,0.24167629331350327,2.3990455228008534,151.78948102129323,0.2475,,
noise,2,PPO,123,108,0.0,0.05,-1,,,,0.15289474895738023,0.21622488911574386,0.45868424687214066,0.3208106529933435,0.15952397510409355,1.644876652004713,81.16934358195164,0.06,,
noise,2,PPO,42,108,0.0,0.05,-1,,,,0.15980378652404892,0.22877523305965336,0.47941135957214676,0.33733518242284105,0.23916734009981155,2.5916906891859828,173.10987945571296,0.37,,
noise,2,Linear,-1,109,0.0,0.05,-1,8.0,,,2.793881826045445,3.7648076696940156,8.381645478136337,10.528033757099399,8.365740925073624,1.5049898594320563,56.05118990755242,0.0,,
noise,2,LQR,-1,109,0.0,0.05,-1,,,,0.4040330312062281,0.5943844322647639,1.2120990936186842,0.9790054595350851,0.3690682724118233,0.5372760439050056,10.44911036457275,0.0025,,
noise,2,SMC,-1,109,0.0,0.05,-1,,16.0,0.5,0.3992670233998562,0.6041456207163926,1.1978010701995687,0.8518823778463734,0.21426478028297424,2.283746907712794,142.07037632287435,0.235,,
noise,2,PPO,1024,109,0.0,0.05,-1,,,,0.28587764482527156,0.4505251500637175,0.8576329344758146,0.6144369838782299,0.33488307893276215,2.317181047637415,146.63416229588444,0.2625,,
noise,2,PPO,123,109,0.0,0.05,-1,,,,0.3003529237129618,0.4718446104414154,0.9010587711388853,0.6909404417246948,0.3543001413345337,1.6720836362859555,84.71821742132317,0.0875,,
noise,2,PPO,42,109,0.0,0.05,-1,,,,0.30062869987013136,0.4614976304009961,0.9018860996103941,0.7294839676239608,0.4328301399946213,2.697427648716511,184.97396804495247,0.395,,
noise,2,Linear,-1,110,0.0,0.05,-1,8.0,,,2.47007172052452,3.433084426388283,7.41021516157356,4.346693320038878,7.241785109043121,1.3472263352234761,47.415550987766245,0.0025,,
noise,2,LQR,-1,110,0.0,0.05,-1,,,,0.3454477910814824,0.45249065157909807,1.0363433732444471,1.106428286175669,0.25593118369579315,0.5432861732635292,10.454560031179486,0.0,,
noise,2,SMC,-1,110,0.0,0.05,-1,,16.0,0.5,0.30170772523957545,0.39287227275132075,0.9051231757187264,1.177902590851357,0.31781814992427826,2.2308102838806527,133.4351875402203,0.19,,
noise,2,PPO,1024,110,0.0,0.05,-1,,,,0.20499333368764505,0.2705517202916455,0.6149800010629352,0.5326962922182348,0.21002203226089478,2.299067247185178,140.83285579401655,0.22,,
noise,2,PPO,123,110,0.0,0.05,-1,,,,0.22241126070246534,0.2839687125600852,0.667233782107396,0.6418989663598714,0.2051497846841812,1.5784517395637576,76.30126330606436,0.0625,,
noise,2,PPO,42,110,0.0,0.05,-1,,,,0.21920941600301988,0.28173038514301374,0.6576282480090596,0.6125195810778273,0.246027871966362,2.6503043659681693,177.8400058210424,0.3475,,
noise,2,Linear,-1,111,0.0,0.05,-1,8.0,,,3.242775857250391,4.292162166587193,9.728327571751173,8.580872214272802,8.29097318649292,1.699965924098902,71.88297672914562,0.0075,,
noise,2,LQR,-1,111,0.0,0.05,-1,,,,0.5811807805190756,1.0539820639904176,1.7435423415572269,1.3982271880003405,0.3562053069472313,0.6159211099821321,20.105652568309,0.0275,,
noise,2,SMC,-1,111,0.0,0.05,-1,,16.0,0.5,0.5834634566376897,1.0561018495142969,1.7503903699130694,1.458102871991556,0.5790950804948807,2.3498587344036883,147.12592948758362,0.235,,
noise,2,PPO,1024,111,0.0,0.05,-1,,,,0.5157194298383155,1.0565301388907207,1.5471582895149465,0.6638253970922511,0.4061388671398163,2.5263522738902053,167.0100577592691,0.33,,
noise,2,PPO,123,111,0.0,0.05,-1,,,,0.5001494506356969,1.034056216726588,1.500448351907091,0.7841103953757772,0.44675955176353455,1.7336896386489904,91.8697379143614,0.125,,
noise,2,PPO,42,111,0.0,0.05,-1,,,,0.5092203104705956,1.0401255229429383,1.5276609314117868,0.8094317849817467,0.3212556391954422,2.75881227444012,188.91234735848892,0.425,,
noise,2,Linear,-1,112,0.0,0.05,-1,8.0,,,1.7909158014197673,2.376739132241024,5.372747404259302,5.845267293974757,4.857480883598328,1.293229928449205,43.826856981531776,0.015,,
noise,2,LQR,-1,112,0.0,0.05,-1,,,,0.3014482999714409,0.4065464492491678,0.9043448999143227,0.6202198874067377,0.1968611478805542,0.46176132485115184,7.41942366382491,0.0,,
noise,2,SMC,-1,112,0.0,0.05,-1,,16.0,0.5,0.2766113806955659,0.3777288796165067,0.8298341420866976,0.4650993483072078,0.29278790950775146,2.270956141381824,140.17813588429232,0.24,,
noise,2,PPO,1024,112,0.0,0.05,-1,,,,0.1738778870593035,0.24460904816409457,0.5216336611779104,0.3129677118986477,0.34132736921310425,2.2946976366037144,140.8946578470908,0.2375,,
noise,2,PPO,123,112,0.0,0.05,-1,,,,0.19129810985626772,0.2618617988569152,0.5738943295688032,0.327028186738859,0.2752786874771118,1.5541536789805515,72.68527426735294,0.04,,
noise,2,PPO,42,112,0.0,0.05,-1,,,,0.19820730934184314,0.26843645169034924,0.5946219280255294,0.3530134922468368,0.36010128259658813,2.5922121311400894,174.1534546995833,0.38,,
noise,2,Linear,-1,113,0.0,0.05,-1,8.0,,,3.1146764475372266,4.101012689578977,9.34402934261168,11.903913788497448,13.658884942531586,1.6663588013434945,69.07534651870724,0.0125,,
noise,2,LQR,-1,113,0.0,0.05,-1,,,,0.4873235043686376,0.7335801163417082,1.4619705131059126,0.8147752027452728,1.5444287061691284,0.6014370526113963,13.840740146037502,0.0125,,
noise,2,SMC,-1,113,0.0,0.05,-1,,16.0,0.5,0.4700872825469484,0.7388645635673105,1.4102618476408453,0.6823426532202664,1.2476320266723633,2.326226081394885,144.82119806791783,0.22,,
noise,2,PPO,1024,113,0.0,0.05,-1,,,,0.32970505384132204,0.6242108976445016,0.9891151615239662,0.6387088466435671,1.5962833166122437,2.3712352747445986,150.44757434805544,0.265,,
noise,2,PPO,123,113,0.0,0.05,-1,,,,0.3237500870515184,0.6085613017361055,0.9712502611545554,0.6167335989022696,1.5134028196334839,1.6900270276904998,86.46718870629047,0.0925,,
noise,2,PPO,42,113,0.0,0.05,-1,,,,0.32707005674491696,0.6106815829300304,0.9812101702347509,0.620821721529887,1.547736406326294,2.613322589332772,174.98950174985944,0.3675,,
noise,2,Linear,-1,114,0.0,0.05,-1,8.0,,,2.046560759092538,2.9521547375720774,6.139682277277614,8.204144776603322,7.847590550780296,1.199408072058548,43.01934884738441,0.0075,,
noise,2,LQR,-1,114,0.0,0.05,-1,,,,0.34263269327958723,0.5150197448910228,1.0278980798387616,1.2019914061658912,1.7185319662094116,0.5248402043832454,8.978915675714218,0.0,,
noise,2,SMC,-1,114,0.0,0.05,-1,,16.0,0.5,0.28310697439961996,0.43557931598957905,0.8493209231988599,0.7265215766742642,1.2226059436798096,2.2877144044371986,140.84666211290113,0.2025,,
noise,2,PPO,1024,114,0.0,0.05,-1,,,,0.27248519112790315,0.3947845601028429,0.8174555733837094,0.7132079710746989,0.9299251288175583,2.3556994283920214,148.07202121349198,0.2425,,
noise,2,PPO,123,114,0.0,0.05,-1,,,,0.2707710747404995,0.39068037908726655,0.8123132242214984,0.7276423754929392,1.0123886913061142,1.67225968347226,82.88270355878093,0.065,,
noise,2,PPO,42,114,0.0,0.05,-1,,,,0.27581808779617817,0.3948583333785632,0.8274542633885346,0.7512853638395484,1.0781220942735672,2.58583377656571,172.6513785770802,0.36,,
noise,2,Linear,-1,115,0.0,0.05,-1,8.0,,,2.890278256020616,3.8914972399575958,8.67083476806185,11.539795232591805,11.49143061041832,1.5753580173500756,62.84150816345743,0.0125,,
noise,2,LQR,-1,115,0.0,0.05,-1,,,,0.31730059883615325,0.4255125736072106,0.9519017965084596,0.8641402189746316,0.4047023802995682,0.5095207816096687,8.09724367369984,0.0,,
noise,2,SMC,-1,115,0.0,0.05,-1,,16.0,0.5,0.2999257250183439,0.4087509571747904,0.8997771750550317,0.7053327045322936,0.6608966439962387,2.0977768387925346,124.59314700403262,0.1725,,
noise,2,PPO,1024,115,0.0,0.05,-1,,,,0.21171695618570496,0.3207035143975272,0.6351508685571149,0.5557594546749268,0.5223461985588074,2.218898678212392,134.82745303689873,0.1875,,
noise,2,PPO,123,115,0.0,0.05,-1,,,,0.22924301106442488,0.3297729130169621,0.6877290331932746,0.5630828624154315,0.3614218831062317,1.566539129451326,70.34932595112585,0.04,,
noise,2,PPO,42,115,0.0,0.05,-1,,,,0.22420549543972373,0.3263344853282325,0.6726164863191713,0.5381977146054492,0.4548446387052536,2.4480495263922246,157.77490502864066,0.2975,,
noise,2,Linear,-1,116,0.0,0.05,-1,8.0,,,2.5232024911949016,3.387024052854975,7.569607473584705,11.833286333415243,11.675914913415909,1.4808228710791713,53.37812401527205,0.005,,
noise,2,LQR,-1,116,0.0,0.05,-1,,,,0.3825903237175664,0.5236410170633918,1.147770971152699,1.0281189052778998,1.2644419223070145,0.546452935705074,9.186976167259507,0.0,,
noise,2,SMC,-1,116,0.0,0.05,-1,,16.0,0.5,0.32830582756830917,0.4667985290149099,0.9849174827049275,1.0129249244008536,1.8491925597190857,2.343084591210929,147.1293583224784,0.2425,,
noise,2,PPO,1024,116,0.0,0.05,-1,,,,0.21236191967197215,0.3011401762242221,0.6370857590159165,0.47887666477465335,0.3813464492559433,2.3399309033802025,145.6013137723016,0.2325,,
noise,2,PPO,123,116,0.0,0.05,-1,,,,0.24139168451664814,0.3326611074401885,0.7241750535499444,0.6147596047800264,0.6372716575860977,1.6415760122295329,81.08264959539181,0.05,,
noise,2,PPO,42,116,0.0,0.05,-1,,,,0.2355581046386327,0.3259454869042902,0.7066743139158981,0.582622167136934,0.5676948577165604,2.678033709015112,182.49888691466214,0.39,,
noise,2,Linear,-1,117,0.0,0.05,-1,8.0,,,3.1345823898753546,4.147823068735919,9.403747169626063,7.902441391882337,8.701648235321045,1.6848965977269812,72.278239607938,0.0025,,
noise,2,LQR,-1,117,0.0,0.05,-1,,,,0.42475395116115844,0.5867654154365411,1.2742618534834753,0.9431188353969727,2.7285503149032593,0.6500179687935274,16.795058356104867,0.015,,
noise,2,SMC,-1,117,0.0,0.05,-1,,16.0,0.5,0.34145892251372734,0.4919030448785224,1.0243767675411821,0.705011046031651,1.7754012942314148,2.2803658103417055,139.98509243624923,0.2125,,
noise,2,PPO,1024,117,0.0,0.05,-1,,,,0.36206169703283214,0.5438659342395893,1.0861850910984965,0.6080371219618821,0.8130345791578293,2.4162047526374124,154.34318585733305,0.2875,,
noise,2,PPO,123,117,0.0,0.05,-1,,,,0.35397072214902636,0.5165751692288135,1.0619121664470792,0.6465945639590054,1.1752456426620483,1.746719542454157,91.52767617935933,0.1,,
noise,2,PPO,42,117,0.0,0.05,-1,,,,0.35816857790619333,0.5255956939465578,1.07450573371858,0.6638399829145198,1.2731831073760986,2.6632678731346964,179.03012595701654,0.3775,,
noise,2,Linear,-1,118,0.0,0.05,-1,8.0,,,2.2057679938810475,3.2965127514926866,6.6173039816431425,8.943469510862121,8.073991358280182,1.3241323203665956,50.42064350512081,0.0075,,
noise,2,LQR,-1,118,0.0,0.05,-1,,,,0.24547919714459507,0.3550084034400833,0.7364375914337852,1.1276548626936145,1.6673469245433807,0.49149762623347665,7.010799552215997,0.0,,
noise,2,SMC,-1,118,0.0,0.05,-1,,16.0,0.5,0.21018149843633002,0.3021586145701469,0.63054449530899,0.86248722543687,1.5141294598579407,2.245092767550891,137.57115054568013,0.205,,
noise,2,PPO,1024,118,0.0,0.05,-1,,,,0.1626419653111166,0.22118992615580269,0.48792589593334984,0.6368857958802471,0.36587514728307724,2.2455442316477137,138.71651707700173,0.205,,
noise,2,PPO,123,118,0.0,0.05,-1,,,,0.173579507605703,0.23580742719304695,0.520738522817109,0.6883743394304205,0.3587108626961708,1.6219158421579443,76.51331145024238,0.035,,
noise,2,PPO,42,118,0.0,0.05,-1,,,,0.176993257840685,0.24285963117725182,0.530979773522055,0.6819312090491071,0.30740758031606674,2.5385710749672983,167.36581322395728,0.34,,
noise,2,Linear,-1,119,0.0,0.05,-1,8.0,,,2.979348501579175,3.9040854741824362,8.938045504737525,10.420822069876724,12.04235354065895,1.6112646864833975,63.22687847393056,0.0025,,
noise,2,LQR,-1,119,0.0,0.05,-1,,,,0.4406432209215928,0.7683246641310711,1.3219296627647785,0.5003497803836693,0.5203752815723419,0.5492502227476017,13.426759670566142,0.015,,
noise,2,SMC,-1,119,0.0,0.05,-1,,16.0,0.5,0.4218998728025819,0.775846801034169,1.2656996184077458,0.5950671541102138,0.23454788327217102,2.3600420368355732,148.2208076608643,0.2525,,
noise,2,PPO,1024,119,0.0,0.05,-1,,,,0.3697732841009189,0.7321849613312494,1.1093198523027568,0.3234535511353134,0.037250518798828125,2.381012976466866,152.459562338851,0.285,,
noise,2,PPO,123,119,0.0,0.05,-1,,,,0.37129728314609994,0.7095684065576434,1.1138918494382999,0.3415605285101467,0.1287972629070282,1.6818675331195394,86.4019393945902,0.1025,,
noise,2,PPO,42,119,0.0,0.05,-1,,,,0.37110536792319415,0.710242978910047,1.1133161037695825,0.35503423563492154,0.10197705030441284,2.685827826602649,182.4474668348612,0.405,,
noise,3,Linear,-1,100,0.0,0.05,-1,8.0,,,0.16453478330125412,0.23169287163291788,0.49360434990376234,0.5233768241158054,0.39613205194473267,0.4861437888105314,8.208169249798834,0.0025,,
noise,3,LQR,-1,100,0.0,0.05,-1,,,,0.169797849187245,0.2395399425901222,0.5093935475617349,0.48393384321236316,0.41111963987350464,0.36555837961497306,4.232312089651629,0.0,,
noise,3,SMC,-1,100,0.0,0.05,-1,,16.0,0.5,0.25145816092835377,0.3350578842668653,0.7543744827850613,0.9087665557148464,0.6060313582420349,1.8533766108583611,98.8810876081375,0.0975,,
noise,3,PPO,1024,100,0.0,0.05,-1,,,,0.14509409592438147,0.2027258985412105,0.43528228777314437,0.4558262580683754,0.375171422958374,1.3744642491129568,58.06348896199379,0.03,,
noise,3,PPO,123,100,0.0,0.05,-1,,,,0.13000324630454888,0.19327683665162895,0.39000973891364665,0.39126458225978744,0.4807822108268738,1.8299857937589177,96.6012805570342,0.0825,,
noise,3,PPO,42,100,0.0,0.05,-1,,,,0.12704077624876117,0.19154019279054707,0.3811223287462835,0.37636164150396245,0.47941821813583374,1.4630284796183246,64.16638530462777,0.0325,,
noise,3,Linear,-1,101,0.0,0.05,-1,8.0,,,0.1796368397663929,0.24109347585785393,0.5389105192991787,0.5554208445167284,0.5508825480937958,0.5529980044858414,9.27939387098287,0.0,,
noise,3,LQR,-1,101,0.0,0.05,-1,,,,0.1713586585458402,0.22639368583279482,0.5140759756375206,0.46572534385838626,0.36201975122094154,0.4547430517052084,6.164507905759549,0.0,,
noise,3,SMC,-1,101,0.0,0.05,-1,,16.0,0.5,0.32045418528432734,0.427652954469669,0.961362555852982,0.7495938400496487,0.29708854481577873,1.7446152925984284,90.69738304682981,0.0925,,
noise,3,PPO,1024,101,0.0,0.05,-1,,,,0.1555919089495473,0.20303360560982747,0.4667757268486419,0.509776989871889,0.4711671695113182,1.3633136944729194,59.35037889645423,0.0275,,
noise,3,PPO,123,101,0.0,0.05,-1,,,,0.14520378473523698,0.19340525496214195,0.43561135420571095,0.4323425879357038,0.35281214863061905,1.785559420429746,93.40113726471401,0.0875,,
noise,3,PPO,42,101,0.0,0.05,-1,,,,0.14374820795065027,0.19337630653769358,0.4312446238519508,0.4174994299947112,0.3078121319413185,1.4400484138203231,64.3910564035565,0.0275,,
noise,3,Linear,-1,102,0.0,0.05,-1,8.0,,,0.2093232210991859,0.2739719480882772,0.6279696632975578,0.9402149118207119,0.349953293800354,0.6409116976724896,14.156163535225065,0.01,,
noise,3,LQR,-1,102,0.0,0.05,-1,,,,0.21735501549797362,0.2762739022205156,0.6520650464939209,0.554381028369621,0.06863707304000854,0.5430319473650214,10.084047210091333,0.0,,
noise,3,SMC,-1,102,0.0,0.05,-1,,16.0,0.5,0.3149198953283708,0.3759036256379858,0.9447596859851123,0.9306062034986637,0.4401109218597412,1.7286843392499223,90.38932242344306,0.075,,
noise,3,PPO,1024,102,0.0,0.05,-1,,,,0.17637106205444358,0.231083864326113,0.5291131861633308,0.7271397081606182,0.09905457496643066,1.3471925142883066,55.97081724228746,0.0275,,
noise,3,PPO,123,102,0.0,0.05,-1,,,,0.14990665913185575,0.2122200351503758,0.44971997739556724,0.5170970396311195,0.1777591109275818,1.6886540416470193,89.0694146233589,0.09,,
noise,3,PPO,42,102,0.0,0.05,-1,,,,0.1469834414453974,0.21129368134203913,0.44095032433619225,0.5005461424589157,0.1676499843597412,1.3719369247462834,60.52418949420772,0.0325,,
noise,3,Linear,-1,103,0.0,0.05,-1,8.0,,,0.22081041602140675,0.3306510534506676,0.6624312480642203,0.39441322106408117,0.8210324347019196,0.5969679783147173,11.880595785949268,0.0,,
noise,3,LQR,-1,103,0.0,0.05,-1,,,,0.2072803625923675,0.30018930200817207,0.6218410877771026,0.3777821442388274,0.5602657794952393,0.5243009560772838,10.20291988133382,0.0,,
noise,3,SMC,-1,103,0.0,0.05,-1,,16.0,0.5,0.3263046891534591,0.4484325429426707,0.9789140674603773,0.8281803552383258,1.150131493806839,1.8666450001579242,98.64516481524231,0.085,,
noise,3,PPO,1024,103,0.0,0.05,-1,,,,0.1881533057133939,0.2810306704239617,0.5644599171401816,0.34974679984382273,0.7610878944396973,1.382311949650397,58.998968062050295,0.0275,,
noise,3,PPO,123,103,0.0,0.05,-1,,,,0.16666227027639152,0.2664570428560692,0.49998681082917457,0.31761710930408704,0.6122591495513916,1.726803230376626,89.89116955116958,0.095,,
noise,3,PPO,42,103,0.0,0.05,-1,,,,0.16403738501638868,0.2663807016908502,0.49211215504916606,0.31035450465379305,0.5567741394042969,1.4349512496215298,63.68676107293583,0.035,,
noise,3,Linear,-1,104,0.0,0.05,-1,8.0,,,0.13605695990853303,0.2378256844401476,0.40817087972559907,0.2711162268770514,0.21113742142915726,0.5123094120748025,12.106481966867342,0.015,,
noise,3,LQR,-1,104,0.0,0.05,-1,,,,0.18075650739340315,0.27398555692398047,0.5422695221802094,0.3872654242556036,0.2877507135272026,0.40551047297856513,8.962663417847905,0.01,,
noise,3,SMC,-1,104,0.0,0.05,-1,,16.0,0.5,0.18105827090009144,0.265283317015326,0.5431748127002742,0.47475816233566515,0.293219231069088,1.8352803342454276,98.60350923877189,0.0975,,
noise,3,PPO,1024,104,0.0,0.05,-1,,,,0.12374361936027743,0.2227942611282863,0.3712308580808323,0.2278755789530682,0.09109233319759369,1.3989247381501364,62.85974677410607,0.0475,,
noise,3,PPO,123,104,0.0,0.05,-1,,,,0.12421012830596141,0.22557696185912965,0.37263038491788425,0.2319101328490141,0.13696855306625366,1.7871338514973436,96.8472301196121,0.105,,
noise,3,PPO,42,104,0.0,0.05,-1,,,,0.12212643154036697,0.2233587351796971,0.3663792946211009,0.2224548223692878,0.14977598935365677,1.4609508091709262,68.19305904771139,0.0525,,
noise,3,Linear,-1,105,0.0,0.05,-1,8.0,,,0.14063073323957517,0.21187485233697548,0.4218921997187255,0.33302449747736074,0.4043310210108757,0.5145220253570122,8.885238061058471,0.0,,
noise,3,LQR,-1,105,0.0,0.05,-1,,,,0.16002077692136454,0.22248338711515675,0.4800623307640936,0.3123770386992413,0.40875085443258286,0.42997391774292115,6.94972725093996,0.0,,
noise,3,SMC,-1,105,0.0,0.05,-1,,16.0,0.5,0.1598115211742886,0.2203104287393499,0.4794345635228658,0.3172759188592066,0.6713863592594862,1.6834602202625568,84.5838049926057,0.075,,
noise,3,PPO,1024,105,0.0,0.05,-1,,,,0.12800282701433435,0.20015349970396606,0.38400848104300306,0.26309761503297424,0.5042348727583885,1.2586458010083421,50.84176410448688,0.0225,,
noise,3,PPO,123,105,0.0,0.05,-1,,,,0.12949382838059964,0.1981704509299289,0.38848148514179887,0.24100907060697122,0.45554129406809807,1.6318033994309038,78.44922596503314,0.0675,,
noise,3,PPO,42,105,0.0,0.05,-1,,,,0.12720804838951388,0.1956479060357773,0.38162414516854165,0.235986002686399,0.46771159768104553,1.3439975941549067,56.351950440532676,0.0225,,
noise,3,Linear,-1,106,0.0,0.05,-1,8.0,,,0.1344773615230454,0.2207999158383594,0.40343208456913615,0.30893659186377015,0.6745511218905449,0.570240555735226,11.636052804096078,0.0,,
noise,3,LQR,-1,106,0.0,0.05,-1,,,,0.16501454443222566,0.254248330223696,0.495043633296677,0.40980352832717293,0.42285078577697277,0.45551282238822544,8.724471429599083,0.0,,
noise,3,SMC,-1,106,0.0,0.05,-1,,16.0,0.5,0.22085837354470922,0.35747598679427706,0.6625751206341276,0.40947655733260846,0.6573286354541779,1.7391107924273261,88.70877848430433,0.08,,
noise,3,PPO,1024,106,0.0,0.05,-1,,,,0.12623449901222614,0.21147808714696198,0.3787034970366784,0.2825980628668158,0.5831694602966309,1.389463684449618,60.25245866166371,0.045,,
noise,3,PPO,123,106,0.0,0.05,-1,,,,0.11531680089159128,0.20229377106975918,0.34595040267477384,0.2602899915044322,0.4916926249861717,1.765095954486854,92.77312884593158,0.0925,,
noise,3,PPO,42,106,0.0,0.05,-1,,,,0.11183566932588915,0.20129640027396337,0.33550700797766747,0.2502586003622891,0.4566464088857174,1.4009589717683946,62.21226650813753,0.0425,,
noise,3,Linear,-1,107,0.0,0.05,-1,8.0,,,0.13317007850894297,0.1810153336365916,0.3995102355268289,0.5328400283132071,0.5791963040828705,0.5292377898149062,11.249136533878625,0.01,,
noise,3,LQR,-1,107,0.0,0.05,-1,,,,0.16494734868514085,0.22431992218381588,0.49484204605542254,0.5497236664257483,0.5255764424800873,0.4340179183620825,7.4399681153523165,0.0,,
noise,3,SMC,-1,107,0.0,0.05,-1,,16.0,0.5,0.15303801006776088,0.1957057280803263,0.4591140302032827,0.5881746451335924,1.0695097744464874,1.8506861523228078,98.60250955345361,0.09,,
noise,3,PPO,1024,107,0.0,0.05,-1,,,,0.10840391183789921,0.14530367026834276,0.32521173551369764,0.4266920182623981,0.38657787442207336,1.3573593322066893,57.145985446427176,0.03,,
noise,3,PPO,123,107,0.0,0.05,-1,,,,0.09816788432574641,0.13782321244353576,0.29450365297723924,0.34866732610734524,0.33377888798713684,1.7771824771106393,90.82334887494251,0.08,,
noise,3,PPO,42,107,0.0,0.05,-1,,,,0.0963865765246562,0.1366435421942876,0.28915972957396857,0.3410484947632124,0.32291677594184875,1.4366448730639092,61.20337970690872,0.0325,,
noise,3,Linear,-1,108,0.0,0.05,-1,8.0,,,0.15906311295839864,0.2222195035877584,0.47718933887519593,0.3111844714960934,0.5971846505999565,0.4651027621696715,6.8608373027778615,0.0,,
noise,3,LQR,-1,108,0.0,0.05,-1,,,,0.17386476998449654,0.23328976528373632,0.5215943099534897,0.3676632410030306,0.6044552698731422,0.36347731092347857,4.561422707948708,0.0,,
noise,3,SMC,-1,108,0.0,0.05,-1,,16.0,0.5,0.21574486418939193,0.27304237442854634,0.6472345925681757,0.42560600282417405,1.023085430264473,1.7920294903588023,95.56719175335888,0.0975,,
noise,3,PPO,1024,108,0.0,0.05,-1,,,,0.13943852447221058,0.19743870884643844,0.4183155734166317,0.2682712670461631,0.5692226439714432,1.2849355652333792,50.50434683110055,0.0125,,
noise,3,PPO,123,108,0.0,0.05,-1,,,,0.13205637867544667,0.19241215900763903,0.39616913602634,0.25183691717914225,0.4480528384447098,1.7532727036583342,88.57430213595694,0.07,,
noise,3,PPO,42,108,0.0,0.05,-1,,,,0.1303162891539673,0.19148410992009793,0.3909488674619019,0.24532437331710058,0.41828829050064087,1.411190155187524,59.05097779262193,0.025,,
noise,3,Linear,-1,109,0.0,0.05,-1,8.0,,,0.13535314968362117,0.19180643540262327,0.4060594490508635,0.565979599032873,0.88929133862257,0.5197905279008528,11.804586886645303,0.0125,,
noise,3,LQR,-1,109,0.0,0.05,-1,,,,0.1923832915636617,0.2675477450954844,0.5771498746909851,0.5616505805311012,0.631312370300293,0.38530096562783656,5.7064847164219525,0.0,,
noise,3,SMC,-1,109,0.0,0.05,-1,,16.0,0.5,0.19946343459480026,0.25780411333271896,0.5983903037844007,0.7034301119454113,1.0460766553878784,1.8146140008387934,99.28611224494314,0.105,,
noise,3,PPO,1024,109,0.0,0.05,-1,,,,0.12355794405203904,0.17282986438553657,0.3706738321561171,0.4852587140544697,0.6681783273816109,1.3906975475481322,60.88851565676964,0.045,,
noise,3,PPO,123,109,0.0,0.05,-1,,,,0.11357462364663111,0.1659488117251057,0.3407238709398933,0.4354394892299617,0.5887324512004852,1.7685751612170453,93.1518026716615,0.0925,,
noise,3,PPO,42,109,0.0,0.05,-1,,,,0.11160103544276997,0.1646668568581014,0.3348031063283099,0.42652449099186024,0.5422406494617462,1.4048712576305182,64.52402686001514,0.04,,
noise,3,Linear,-1,110,0.0,0.05,-1,8.0,,,0.1530181932002182,0.21612139590108392,0.45905457960065466,0.2748193469496421,0.19831110537052155,0.5500960060745997,9.621202436586518,0.0,,
noise,3,LQR,-1,110,0.0,0.05,-1,,,,0.1956660185792698,0.251608391210649,0.5869980557378094,0.5751052587120621,0.22614696621894836,0.4769230644230817,7.381416908579921,0.0,,
noise,3,SMC,-1,110,0.0,0.05,-1,,16.0,0.5,0.3044710774330774,0.39688282424767934,0.9134132322992321,0.4516888775943238,0.3498678207397461,1.7113742657810533,86.77463935995212,0.085,,
noise,3,PPO,1024,110,0.0,0.05,-1,,,,0.136711356902831,0.1919051699478607,0.41013407070849306,0.2642121883454146,0.19200120866298676,1.3543175498297684,57.90109849718377,0.0225,,
noise,3,PPO,123,110,0.0,0.05,-1,,,,0.12681394550679925,0.18737388550757175,0.38044183652039776,0.25426825917797324,0.2791728526353836,1.6964786190172643,86.0933933366926,0.0775,,
noise,3,PPO,42,110,0.0,0.05,-1,,,,0.12502305160786767,0.18738964075249404,0.37506915482360303,0.24802268751793438,0.2793625593185425,1.373503752071364,59.64355099015038,0.03,,
noise,3,Linear,-1,111,0.0,0.05,-1,8.0,,,0.18724290865139784,0.3119349157932175,0.5617287259541935,0.333470075569449,0.2639560028910637,0.5435336164275458,13.534953095685381,0.015,,
noise,3,LQR,-1,111,0.0,0.05,-1,,,,0.21227577599330635,0.32281157125049614,0.636827327979919,0.47789995234321664,0.351782001554966,0.43246613747624335,11.678046641653587,0.015,,
noise,3,SMC,-1,111,0.0,0.05,-1,,16.0,0.5,0.24659174680090507,0.33797059044222827,0.7397752404027151,0.6462409023517444,0.6368231810629368,1.8641573377394878,100.18872655367835,0.1075,,
noise,3,PPO,1024,111,0.0,0.05,-1,,,,0.1692617183554289,0.2857599979226595,0.5077851550662866,0.2961502635138638,0.25416429713368416,1.4266976826914826,61.847849938554475,0.0375,,
noise,3,PPO,123,111,0.0,0.05,-1,,,,0.16653298082005105,0.2829070557635923,0.4995989424601532,0.28428506205019394,0.32304747402668,1.8788910859341077,102.53817198997386,0.115,,
noise,3,PPO,42,111,0.0,0.05,-1,,,,0.1637074283044708,0.28104248297429546,0.49112228491341237,0.2755882835222615,0.31242597848176956,1.507113004191558,69.95757530828166,0.055,,
noise,3,Linear,-1,112,0.0,0.05,-1,8.0,,,0.1773480058818783,0.28231540930349375,0.5320440176456349,0.5226863505157792,0.752814769744873,0.5532038385731324,10.910467670065215,0.0025,,
noise,3,LQR,-1,112,0.0,0.05,-1,,,,0.18618465365156073,0.29932196402499256,0.5585539609546822,0.41036121712790596,0.6497488617897034,0.4069291991379084,5.13641898739333,0.0,,
noise,3,SMC,-1,112,0.0,0.05,-1,,16.0,0.5,0.31099657297091043,0.4353592493690266,0.9329897189127314,0.7815386106570562,1.2721554040908813,1.7122116237954281,87.55428070391224,0.0775,,
noise,3,PPO,1024,112,0.0,0.05,-1,,,,0.15758377362579937,0.25201395538484467,0.47275132087739813,0.4704740501215888,0.734290599822998,1.3544015526176985,58.31041564441257,0.04,,
noise,3,PPO,123,112,0.0,0.05,-1,,,,0.1380364014171002,0.23687967224936018,0.4141092042513006,0.3997449319706195,0.5169578194618225,1.654871361446857,83.64657053799777,0.07,,
noise,3,PPO,42,112,0.0,0.05,-1,,,,0.13570526452365014,0.2370866388810281,0.40711579357095046,0.39330316261376863,0.5238633155822754,1.317505455559626,56.00385274205139,0.0225,,
noise,3,Linear,-1,113,0.0,0.05,-1,8.0,,,0.14138939042814874,0.23633815026398014,0.4241681712844462,0.2713358914249657,0.4909944534301758,0.5915864839815439,15.387006426783515,0.02,,
noise,3,LQR,-1,113,0.0,0.05,-1,,,,0.19799179267153727,0.30339907673352146,0.5939753780146118,0.4376667119378661,0.8090389370918274,0.45285942189847156,8.88866588726828,0.005,,
noise,3,SMC,-1,113,0.0,0.05,-1,,16.0,0.5,0.2229625024938846,0.34490626105437744,0.6688875074816538,0.5921918896061403,0.6750894784927368,1.7478297549779491,89.43700679431112,0.075,,
noise,3,PPO,1024,113,0.0,0.05,-1,,,,0.12707136494687396,0.2233192813742559,0.38121409484062185,0.2333175482021438,0.351659893989563,1.3321928885252101,58.218166164569666,0.0475,,
noise,3,PPO,123,113,0.0,0.05,-1,,,,0.1196626854618409,0.21984354670198647,0.35898805638552267,0.22793626402401262,0.40939652919769287,1.685571725843149,85.29981482152549,0.0875,,
noise,3,PPO,42,113,0.0,0.05,-1,,,,0.11812375558978404,0.21933366665230533,0.3543712667693521,0.22546492324981057,0.423395574092865,1.3953590244333494,61.72411142004745,0.055,,
noise,3,Linear,-1,114,0.0,0.05,-1,8.0,,,0.15794126444178033,0.21109902173478406,0.47382379332534097,0.28810751171391685,0.3816823214292526,0.5418161292028546,9.968507331988967,0.0,,
noise,3,LQR,-1,114,0.0,0.05,-1,,,,0.18129609203847097,0.2379135706949867,0.5438882761154129,0.3611047417845255,0.4167599529027939,0.4134809295196862,5.284801662861202,0.0,,
noise,3,SMC,-1,114,0.0,0.05,-1,,16.0,0.5,0.25304055663099756,0.30914717838927197,0.7591216698929928,0.5002329640412404,0.3094835504889488,1.7894786869772614,95.58035131985906,0.0825,,
noise,3,PPO,1024,114,0.0,0.05,-1,,,,0.1476871456388858,0.19723994405478787,0.4430614369166574,0.24031686539083352,0.2601191848516464,1.3783077728792914,60.74916671828269,0.035,,
noise,3,PPO,123,114,0.0,0.05,-1,,,,0.13089155030598615,0.1855192988668009,0.39267465091795845,0.23669720084670884,0.2235342487692833,1.7254490226024106,88.67623819688687,0.08,,
noise,3,PPO,42,114,0.0,0.05,-1,,,,0.12832488562038488,0.18504789049275921,0.3849746568611547,0.23411347096165022,0.2268361896276474,1.4207420118078775,63.44417411674296,0.03,,
noise,3,Linear,-1,115,0.0,0.05,-1,8.0,,,0.1316379626929537,0.19618624297870152,0.39491388807886113,0.3274928984450705,0.39698678255081177,0.5358788882036162,11.015060237129497,0.005,,
noise,3,LQR,-1,115,0.0,0.05,-1,,,,0.15825842277643118,0.2386241621349644,0.4747752683292935,0.44203150548316816,0.3456207811832428,0.3505008519758375,3.8494444138422708,0.0,,
noise,3,SMC,-1,115,0.0,0.05,-1,,16.0,0.5,0.18161948119365268,0.2620468066133173,0.544858443580958,0.44251776265877263,0.3339970260858536,1.6409839202192358,80.57976543747691,0.0675,,
noise,3,PPO,1024,115,0.0,0.05,-1,,,,0.11897869465341566,0.18144052098300786,0.356936083960247,0.3053080583060229,0.3734908998012543,1.3149741489876832,54.55267546879451,0.0325,,
noise,3,PPO,123,115,0.0,0.05,-1,,,,0.10676290310457881,0.1680809206736701,0.32028870931373643,0.2893462315385724,0.3220213055610657,1.7248977326719495,89.57765326903785,0.0725,,
noise,3,PPO,42,115,0.0,0.05,-1,,,,0.10325952560709772,0.1665585014850728,0.3097785768212932,0.2845000755271794,0.3466499596834183,1.3373695980209366,56.17316719710322,0.0225,,
noise,3,Linear,-1,116,0.0,0.05,-1,8.0,,,0.1334725395235963,0.19910703605820687,0.4004176185707889,0.2545889655565038,0.3545580878853798,0.5077785457533197,9.638826797620341,0.0025,,
noise,3,LQR,-1,116,0.0,0.05,-1,,,,0.20354354918291073,0.2881028351839177,0.6106306475487322,0.465523412934056,0.6130286157131195,0.40596649955558656,5.074076814588857,0.0,,
noise,3,SMC,-1,116,0.0,0.05,-1,,16.0,0.5,0.2596069323154459,0.35213165671377405,0.7788207969463377,0.3169306251737807,0.40277616679668427,1.707707714074015,86.6711887652076,0.085,,
noise,3,PPO,1024,116,0.0,0.05,-1,,,,0.11872697581907894,0.17794105818712225,0.35618092745723684,0.21953080116230764,0.1471298635005951,1.313342360932928,53.38873573239462,0.025,,
noise,3,PPO,123,116,0.0,0.05,-1,,,,0.11131873576191942,0.17557620770358512,0.33395620728575826,0.20893654199662032,0.12847504019737244,1.6619508548301791,84.05552088479723,0.07,,
noise,3,PPO,42,116,0.0,0.05,-1,,,,0.10978604490456116,0.1747100420018087,0.32935813471368347,0.2024284060354586,0.1464502364397049,1.3514370266115874,57.2192804698036,0.03,,
noise,3,Linear,-1,117,0.0,0.05,-1,8.0,,,0.11474864141309536,0.15780712055970625,0.34424592423928607,0.3793885705670641,0.41024091839790344,0.5538978774258472,11.752379353740048,0.0075,,
noise,3,LQR,-1,117,0.0,0.05,-1,,,,0.163074406699207,0.21153019952709126,0.48922322009762104,0.42823968836922705,0.5068816542625427,0.4740337023350115,8.58394996164449,0.0,,
noise,3,SMC,-1,117,0.0,0.05,-1,,16.0,0.5,0.18520136531721104,0.24794147261987395,0.5556040959516331,0.7041134473028374,0.6022775024175644,1.7092396252047726,88.3445359807078,0.09,,
noise,3,PPO,1024,117,0.0,0.05,-1,,,,0.10875873156867345,0.1590747955922957,0.3262761947060204,0.2957183083427357,0.30838415771722794,1.4091731415053554,63.43228019034823,0.0425,,
noise,3,PPO,123,117,0.0,0.05,-1,,,,0.10548063142477525,0.15064173142344817,0.31644189427432573,0.28562854453461406,0.27771107107400894,1.7560719842383838,94.15462514940891,0.11,,
noise,3,PPO,42,117,0.0,0.05,-1,,,,0.09740177363893505,0.1341428797394422,0.2922053209168051,0.2824244435939846,0.25587596744298935,1.4572365812381307,66.63270701132217,0.04,,
noise,3,Linear,-1,118,0.0,0.05,-1,8.0,,,0.15818347887028433,0.2399300133634149,0.474550436610853,0.3181241404058205,0.4137130007147789,0.47159662556618526,7.9328983892225695,0.0,,
noise,3,LQR,-1,118,0.0,0.05,-1,,,,0.16268660799164328,0.23261314514167616,0.48805982397492986,0.46794268143949685,0.15029094740748405,0.3285957282350139,3.452408856650236,0.0,,
noise,3,SMC,-1,118,0.0,0.05,-1,,16.0,0.5,0.22064702306639525,0.2857101697199467,0.6619410691991857,0.5418791677572845,0.5061155259609222,1.705339128026121,85.24895295448552,0.0575,,
noise,3,PPO,1024,118,0.0,0.05,-1,,,,0.143769198735202,0.21743637621062234,0.431307596205606,0.2807800862248297,0.40778884291648865,1.30006642719531,50.736627920144876,0.015,,
noise,3,PPO,123,118,0.0,0.05,-1,,,,0.14028328358321912,0.21119013961307279,0.42084985074965736,0.274290345977118,0.3599723279476166,1.63933898473479,82.51000874797226,0.065,,
noise,3,PPO,42,118,0.0,0.05,-1,,,,0.13724476784461503,0.20847286789922634,0.4117343035338451,0.2663503000627697,0.3287883698940277,1.3190141192769766,55.90206521159571,0.0175,,
noise,3,Linear,-1,119,0.0,0.05,-1,8.0,,,0.14111728226248846,0.23417535323063599,0.4233518467874654,0.29397629339385917,0.437582403421402,0.5823969780339713,16.056152475223907,0.025,,
noise,3,LQR,-1,119,0.0,0.05,-1,,,,0.18762392486760693,0.2883346581015194,0.5628717746028208,0.3009610288305047,0.3010794520378113,0.4466878069013687,9.84719270517588,0.0125,,
noise,3,SMC,-1,119,0.0,0.05,-1,,16.0,0.5,0.25037690450716843,0.3338671340448231,0.7511307135215053,0.74435548097999,1.1201289892196655,1.9236694312412896,105.8187797133299,0.115,,
noise,3,PPO,1024,119,0.0,0.05,-1,,,,0.12996670810648195,0.22385526772569325,0.3899001243194458,0.3004051043111601,0.3821967840194702,1.4179732547585209,63.90623090754667,0.05,,
noise,3,PPO,123,119,0.0,0.05,-1,,,,0.12458096079896835,0.22042883513519107,0.37374288239690506,0.2860312846339779,0.30895042419433594,1.7642323132441786,95.7874045694867,0.1025,,
noise,3,PPO,42,119,0.0,0.05,-1,,,,0.12287245879719283,0.21948333599388625,0.3686173763915785,0.2806318147038972,0.29744982719421387,1.429238973208645,66.8306427271217,0.0575,,
