method,time,message,sent_signal,recovered_message,recovery_error,x1,y1
PPO,0.0,0.0,-0.6421303749084473,-0.3831314146518707,-0.3831314146518707,-0.6421303749084473,-0.25899896025657654
PPO,0.05,0.02486898936331272,-0.5030237436294556,-0.10015463829040527,-0.12502363324165344,-0.5278927087783813,-0.4028691053390503
PPO,0.1,0.04817536845803261,-0.36007606983184814,0.13378480076789856,0.08560943603515625,-0.40825143456459045,-0.4938608705997467
PPO,0.15000000000000002,0.06845471262931824,-0.21654784679412842,0.3113953471183777,0.24294063448905945,-0.28500255942344666,-0.5279431939125061
PPO,0.2,0.08443279564380646,-0.0755973756313324,0.4247671067714691,0.34033429622650146,-0.16003017127513885,-0.5003644824028015
PPO,0.25,0.09510564804077148,0.05999527871608734,0.4688671827316284,0.37376153469085693,-0.03511036932468414,-0.40887191891670227
PPO,0.30000000000000004,0.09980267286300659,0.18805822730064392,0.4463838040828705,0.3465811312198639,0.08825554698705673,-0.25832557678222656
PPO,0.35000000000000003,0.09822872281074524,0.30716389417648315,0.3998944163322449,0.30166569352149963,0.20893517136573792,-0.09273050725460052
PPO,0.4,0.09048270434141159,0.4166586697101593,0.3618498146533966,0.2713671028614044,0.3261759579181671,0.0548088476061821
PPO,0.45,0.0770513266324997,0.5166047811508179,0.32769662141799927,0.2506452798843384,0.43955346941947937,0.1889081597328186
PPO,0.5,0.05877852439880371,0.6076688170433044,0.2950747311115265,0.23629620671272278,0.5488902926445007,0.31259408593177795
PPO,0.55,0.03681245446205139,0.6909860372543335,0.2629271447658539,0.2261146903038025,0.6541736125946045,0.4280588924884796
PPO,0.6000000000000001,0.012533322907984257,0.7680202722549438,0.2311733365058899,0.2186400145292282,0.7554869651794434,0.536846935749054
PPO,0.65,-0.012533322907984257,0.840427815914154,0.20036137104034424,0.21289469301700592,0.8529611229896545,0.6400664448738098
PPO,0.7000000000000001,-0.03681245446205139,0.9099298715591431,0.17141103744506836,0.20822349190711975,0.9467422962188721,0.7385188341140747
PPO,0.75,-0.05877852439880371,0.9781949520111084,0.14540636539459229,0.204184889793396,1.036973476409912,0.8327885866165161
PPO,0.8,-0.0770513266324997,1.0467338562011719,0.12343031167984009,0.20048163831233978,1.123785138130188,0.9233035445213318
PPO,0.8500000000000001,-0.09048270434141159,1.1168084144592285,0.10643219947814941,0.1969149112701416,1.2072911262512207,1.010376214981079
PPO,0.9,-0.09822872281074524,1.1893601417541504,0.09512603282928467,0.1933547556400299,1.2875888347625732,1.0942341089248657
PPO,0.9500000000000001,-0.09980267286300659,1.264958143234253,0.08991670608520508,0.18971937894821167,1.3647607564926147,1.1750414371490479
PPO,1.0,-0.09510564804077148,1.3437705039978027,0.09085536003112793,0.18596100807189941,1.4388761520385742,1.2529151439666748
PPO,1.05,-0.08443279564380646,1.4255609512329102,0.09762263298034668,0.18205542862415314,1.5099937915802002,1.3279383182525635
PPO,1.1,-0.06845471262931824,1.5097099542617798,0.10954093933105469,0.17799565196037292,1.5781646966934204,1.400169014930725
PPO,1.1500000000000001,-0.04817536845803261,1.5952578783035278,0.12560999393463135,0.17378535866737366,1.6434332132339478,1.4696478843688965
PPO,1.2000000000000002,-0.02486898936331272,1.680970549583435,0.14456772804260254,0.1694367229938507,1.7058395147323608,1.5364028215408325
PPO,1.25,-2.4492935397342132e-17,1.765420913696289,0.16496634483337402,0.16496634483337402,1.765420913696289,1.600454568862915
PPO,1.3,0.02486898936331272,1.8470814228057861,0.1852630376815796,0.16039404273033142,1.8222124576568604,1.6618183851242065
PPO,1.35,0.04817536845803261,1.924423098564148,0.20391607284545898,0.15574070811271667,1.876247763633728,1.720507025718689
PPO,1.4000000000000001,0.06845471262931824,1.9960145950317383,0.219482421875,0.15102770924568176,1.9275598526000977,1.7765321731567383
PPO,1.4500000000000002,0.08443279564380646,2.0606141090393066,0.23070859909057617,0.14627580344676971,1.9761813879013062,1.8299055099487305
PPO,1.5,0.09510564804077148,2.1172499656677246,0.236611008644104,0.14150536060333252,2.022144317626953,1.8806389570236206
PPO,1.55,0.09980267286300659,2.165282964706421,0.23653733730316162,0.13673466444015503,2.0654802322387695,1.9287456274032593
PPO,1.6,0.09822872281074524,2.2044496536254883,0.23020994663238525,0.13198122382164001,2.1062209606170654,1.974239706993103
PPO,1.6500000000000001,0.09048270434141159,2.234879970550537,0.2177433967590332,0.12726068496704102,2.144397258758545,2.017136573791504
PPO,1.7000000000000002,0.0770513266324997,2.2570905685424805,0.19963884353637695,0.12258751690387726,2.180039167404175,2.0574517250061035
PPO,1.75,0.05877852439880371,2.27195405960083,0.17675137519836426,0.11797285079956055,2.2131755352020264,2.095202684402466
PPO,1.8,0.03681245446205139,2.2806472778320312,0.15024161338806152,0.11342915892601013,2.2438347339630127,2.1304056644439697
PPO,1.85,0.012533322907984257,2.2845757007598877,0.12149810791015625,0.10896478593349457,2.2720422744750977,2.1630775928497314
PPO,1.9000000000000001,-0.012533322907984257,2.285289764404297,0.09205508232116699,0.10458840429782867,2.297823190689087,2.19323468208313
PPO,1.9500000000000002,-0.03681245446205139,2.284386157989502,0.06349372863769531,0.1003061830997467,2.3211987018585205,2.2208924293518066
PPO,2.0,-0.05877852439880371,2.2834103107452393,0.03734564781188965,0.09612417221069336,2.342188835144043,2.2460646629333496
PPO,2.0500000000000003,-0.0770513266324997,2.283759355545044,0.01499629020690918,0.09204761683940887,2.3608107566833496,2.2687630653381348
PPO,2.1,-0.09048270434141159,2.2865943908691406,-0.0024030208587646484,0.08807968348264694,2.377077102661133,2.2889974117279053
PPO,2.15,-0.09822872281074524,2.292769193649292,-0.014005422592163086,0.08422330021858215,2.390997886657715,2.306774616241455
PPO,2.2,-0.09980267286300659,2.3027758598327637,-0.01932239532470703,0.08048027753829956,2.402578592300415,2.3220982551574707
PPO,2.25,-0.09510564804077148,2.3167154788970947,-0.018253087997436523,0.07685256004333496,2.411821126937866,2.3349685668945312
PPO,2.3000000000000003,-0.08443279564380646,2.3342885971069336,-0.011092185974121094,0.07334060966968536,2.4187214374542236,2.3453807830810547
PPO,2.35,-0.06845471262931824,2.354816198348999,0.0014896392822265625,0.0699443519115448,2.4232709407806396,2.3533265590667725
PPO,2.4000000000000004,-0.04817536845803261,2.377279281616211,0.01848888397216797,0.06666424870491028,2.425454616546631,2.358790397644043
PPO,2.45,-0.02486898936331272,2.4003829956054688,0.03863048553466797,0.06349947303533554,2.4252519607543945,2.361752510070801
PPO,2.5,-4.8985870794684264e-17,2.4226341247558594,0.06044888496398926,0.06044888496398926,2.4226341247558594,2.36218523979187
PPO,2.5500000000000003,0.02486898936331272,2.4424350261688232,0.08238077163696289,0.05751178413629532,2.4175660610198975,2.3600542545318604
PPO,2.6,0.04817536845803261,2.458179473876953,0.10286259651184082,0.05468722805380821,2.410004138946533,2.3553168773651123
PPO,2.6500000000000004,0.06845471262931824,2.4683501720428467,0.12042808532714844,0.0519733726978302,2.399895429611206,2.3479220867156982
PPO,2.7,0.08443279564380646,2.4716103076934814,0.13380169868469238,0.049368903040885925,2.3871774673461914,2.337808609008789
PPO,2.75,0.09510564804077148,2.4668829441070557,0.14197850227355957,0.046872854232788086,2.371777296066284,2.324904441833496
PPO,2.8000000000000003,0.09980267286300659,2.4534127712249756,0.1442863941192627,0.044483721256256104,2.353610038757324,2.309126377105713
PPO,2.85,0.09822872281074524,2.4308063983917236,0.140427827835083,0.04219910502433777,2.332577705383301,2.2903785705566406
PPO,2.9000000000000004,0.09048270434141159,2.399052143096924,0.13050127029418945,0.04001856595277786,2.3085694313049316,2.2685508728027344
PPO,2.95,0.0770513266324997,2.3585102558135986,0.11499142646789551,0.03794009983539581,2.281458854675293,2.243518829345703
PPO,3.0,0.05877852439880371,2.309882402420044,0.0947415828704834,0.03596305847167969,2.2511038780212402,2.2151408195495605
PPO,3.0500000000000003,0.03681245446205139,2.2541580200195312,0.07089924812316895,0.034086793661117554,2.2173454761505127,2.1832587718963623
PPO,3.1,0.012533322907984257,2.1925392150878906,0.044843196868896484,0.0323098748922348,2.1800057888031006,2.147696018218994
PPO,3.1500000000000004,-0.012533322907984257,2.1263554096221924,0.01809859275817871,0.030631914734840393,2.1388888359069824,2.1082568168640137
PPO,3.2,-0.03681245446205139,2.0569663047790527,-0.0077593326568603516,0.02905312180519104,2.0937788486480713,2.064725637435913
PPO,3.25,-0.05877852439880371,1.9856626987457275,-0.031205415725708008,0.027573108673095703,2.0444412231445312,2.0168681144714355
PPO,3.3000000000000003,-0.0770513266324997,1.9135725498199463,-0.050858497619628906,0.02619282901287079,1.9906238317489624,1.9644310474395752
PPO,3.35,-0.09048270434141159,1.8415757417678833,-0.06557083129882812,0.024911873042583466,1.9320584535598755,1.9071465730667114
PPO,3.4000000000000004,-0.09822872281074524,1.7702380418777466,-0.07449746131896973,0.023731261491775513,1.8684667348861694,1.8447355031967163
PPO,3.45,-0.09980267286300659,1.6997642517089844,-0.07715106010437012,0.022651612758636475,1.7995669841766357,1.7769153118133545
PPO,3.5,-0.09510564804077148,1.6299790143966675,-0.07343244552612305,0.021673202514648438,1.725084662437439,1.7034114599227905
PPO,3.5500000000000003,-0.08443279564380646,1.5603365898132324,-0.06363654136657715,0.02079625427722931,1.6447694301605225,1.6239731311798096
PPO,3.6,-0.06845471262931824,1.4899612665176392,-0.04843485355377197,0.020019859075546265,1.5584160089492798,1.5383961200714111
PPO,3.6500000000000004,-0.04817536845803261,1.4177186489105225,-0.02883279323577881,0.0193425752222538,1.4658939838409424,1.4465514421463013
PPO,3.7,-0.02486898936331272,1.3423149585723877,-0.0061081647872924805,0.01876082457602024,1.3671839237213135,1.3484231233596802
PPO,3.75,-7.347881115511007e-17,1.262421727180481,0.01826953887939453,0.01826953887939453,1.262421727180481,1.2441521883010864
PPO,3.8000000000000003,0.02486898936331272,1.1768145561218262,0.042729973793029785,0.017860984429717064,1.1519455909729004,1.1340845823287964
PPO,3.85,0.04817536845803261,1.0845178365707397,0.06570005416870117,0.017524685710668564,1.0363425016403198,1.0188177824020386
PPO,3.9000000000000004,0.06845471262931824,0.9849374294281006,0.08570384979248047,0.01724913716316223,0.9164827466011047,0.8992335796356201
PPO,3.95,0.08443279564380646,0.8779619336128235,0.10145485401153564,0.017022058367729187,0.7935291528701782,0.7765070796012878
PPO,4.0,0.09510564804077148,0.7640128135681152,0.11193841695785522,0.01683276891708374,0.6689071655273438,0.65207439661026
PPO,4.05,0.09980267286300659,0.6440297365188599,0.1164771318435669,0.016674458980560303,0.5442270636558533,0.527552604675293
PPO,4.1000000000000005,0.09822872281074524,0.5193897485733032,0.11477425694465637,0.016545534133911133,0.4211609959602356,0.40461549162864685
PPO,4.15,0.09048270434141159,0.3917798399925232,0.10693174600601196,0.016449041664600372,0.301297128200531,0.28484809398651123
PPO,4.2,0.0770513266324997,0.26305675506591797,0.09344245493412018,0.016391128301620483,0.18600544333457947,0.1696143001317978
PPO,4.25,0.05877852439880371,0.13512587547302246,0.075156070291996,0.01637754589319229,0.07634735107421875,0.05996980518102646
PPO,4.3,0.03681245446205139,0.009858733043074608,0.05322331190109253,0.016410857439041138,-0.026953721418976784,-0.04336457699537277
PPO,4.3500000000000005,0.012533322907984257,-0.1109536662697792,0.029022537171840668,0.016489215195178986,-0.12348698824644089,-0.13997620344161987
PPO,4.4,-0.012533322907984257,-0.22562794387340546,0.004073232412338257,0.01660655438899994,-0.21309462189674377,-0.2297011762857437
PPO,4.45,-0.03681245446205139,-0.3326135575771332,-0.02005869150161743,0.01675376296043396,-0.2958011031150818,-0.31255486607551575
PPO,4.5,-0.05877852439880371,-0.4305263161659241,-0.041858285665512085,0.016920238733291626,-0.37174779176712036,-0.388668030500412
PPO,4.55,-0.0770513266324997,-0.5181925892829895,-0.059956133365631104,0.01709519326686859,-0.441141277551651,-0.4582364559173584
PPO,4.6000000000000005,-0.09048270434141159,-0.5946992039680481,-0.07321411371231079,0.0172685906291008,-0.5042164921760559,-0.5214850902557373
PPO,4.65,-0.09822872281074524,-0.6594414710998535,-0.08079695701599121,0.01743176579475403,-0.5612127184867859,-0.5786445140838623
PPO,4.7,-0.09980267286300659,-0.7121619582176208,-0.08222496509552002,0.017577707767486572,-0.6123592853546143,-0.6299369931221008
PPO,4.75,-0.09510564804077148,-0.7529739737510681,-0.07740515470504761,0.017700493335723877,-0.6578683257102966,-0.6755688190460205
PPO,4.800000000000001,-0.08443279564380646,-0.782364010810852,-0.06663680076599121,0.017795994877815247,-0.6979312300682068,-0.7157272100448608
PPO,4.8500000000000005,-0.06845471262931824,-0.8011730909347534,-0.05059361457824707,0.017861098051071167,-0.7327184081077576,-0.7505794763565063
PPO,4.9,-0.04817536845803261,-0.8105556964874268,-0.030281662940979004,0.017893705517053604,-0.7623803019523621,-0.7802740335464478
PPO,4.95,-0.02486898936331272,-0.8119180798530579,-0.006975948810577393,0.01789304055273533,-0.7870491147041321,-0.8049421310424805
PPO,5.0,-9.797174158936853e-17,-0.8068416118621826,0.017858028411865234,0.017858028411865234,-0.8068416118621826,-0.8246996402740479
PPO,5.050000000000001,0.02486898936331272,-0.7969926595687866,0.04265785217285156,0.01778886280953884,-0.8218616247177124,-0.8396505117416382
PPO,5.1000000000000005,0.04817536845803261,-0.7840277552604675,0.06586122512817383,0.01768585667014122,-0.8322031497955322,-0.8498889803886414
PPO,5.15,0.06845471262931824,-0.7694985866546631,0.08600407838821411,0.017549365758895874,-0.8379533290863037,-0.8555026650428772
PPO,5.2,0.08443279564380646,-0.7547632455825806,0.10181277990341187,0.017379984259605408,-0.8391960263252258,-0.8565760254859924
PPO,5.25,0.09510564804077148,-0.7409094572067261,0.11228406429290771,0.01717841625213623,-0.8360151052474976,-0.8531935214996338
PPO,5.300000000000001,0.09980267286300659,-0.7286954522132874,0.11674821376800537,0.01694554090499878,-0.828498125076294,-0.8454436659812927
PPO,5.3500000000000005,0.09822872281074524,-0.7185120582580566,0.11491090059280396,0.016682177782058716,-0.8167407512664795,-0.8334229588508606
PPO,5.4,0.09048270434141159,-0.7103679776191711,0.10687237977981567,0.016389675438404083,-0.8008506894111633,-0.8172403573989868
PPO,5.45,0.0770513266324997,-0.7039011716842651,0.09311997890472412,0.016068652272224426,-0.780952513217926,-0.7970211505889893
PPO,5.5,0.05877852439880371,-0.6984133720397949,0.07449895143508911,0.0157204270362854,-0.7571918964385986,-0.772912323474884
PPO,5.550000000000001,0.03681245446205139,-0.6929275989532471,0.05215919017791748,0.015346735715866089,-0.7297400832176208,-0.7450867891311646
PPO,5.6000000000000005,0.012533322907984257,-0.6862648725509644,0.027482330799102783,0.014949007891118526,-0.6987981796264648,-0.7137472033500671
PPO,5.65,-0.012533322907984257,-0.6771334409713745,0.0019960999488830566,0.014529422856867313,-0.664600133895874,-0.6791295409202576
PPO,5.7,-0.03681245446205139,-0.6642277240753174,-0.022722065448760986,0.014090389013290405,-0.6274152994155884,-0.6415056586265564
PPO,5.75,-0.05877852439880371,-0.6463277339935303,-0.04514402151107788,0.01363450288772583,-0.5875492095947266,-0.6011837124824524
PPO,5.800000000000001,-0.0770513266324997,-0.6223936080932617,-0.06388610601425171,0.013165220618247986,-0.5453422665596008,-0.55850750207901
PPO,5.8500000000000005,-0.09048270434141159,-0.5916497111320496,-0.07779675722122192,0.012685947120189667,-0.5011669993400574,-0.5138529539108276
PPO,5.9,-0.09822872281074524,-0.5536512136459351,-0.08602836728096008,0.012200355529785156,-0.4554224908351898,-0.467622846364975
PPO,5.95,-0.09980267286300659,-0.5083297491073608,-0.08809012174606323,0.01171255111694336,-0.40852704644203186,-0.4202396273612976
PPO,6.0,-0.09510564804077148,-0.45601487159729004,-0.08387896418571472,0.011226683855056763,-0.36090922355651855,-0.3721359074115753
PPO,6.050000000000001,-0.08443279564380646,-0.39743053913116455,-0.07368624210357666,0.010746553540229797,-0.3129977285861969,-0.3237442970275879
PPO,6.1000000000000005,-0.06845471262931824,-0.33366602659225464,-0.05817902088165283,0.010275691747665405,-0.2652113139629364,-0.2754870057106018
PPO,6.15,-0.04817536845803261,-0.26612430810928345,-0.038358092308044434,0.009817276149988174,-0.21794892847537994,-0.227766215801239
PPO,6.2,-0.02486898936331272,-0.19645048677921295,-0.015495061874389648,0.009373927488923073,-0.17158149182796478,-0.1809554249048233
PPO,6.25,-1.2246468525851679e-16,-0.1264454424381256,0.008947640657424927,0.008947640657424927,-0.1264454424381256,-0.13539308309555054
PPO,6.300000000000001,0.02486898936331272,-0.05796950310468674,0.03340883553028107,0.008539846166968346,-0.08283849060535431,-0.0913783386349678
PPO,6.3500000000000005,0.04817536845803261,0.007157847285270691,0.05632682517170906,0.008151456713676453,-0.04101752117276192,-0.04916897788643837
PPO,6.4,0.06845471262931824,0.06725616753101349,0.07623755186796188,0.007782839238643646,-0.001198542769998312,-0.008981381542980671
PPO,6.45,0.08443279564380646,0.12087467312812805,0.09186680614948273,0.0074340105056762695,0.03644188120961189,0.029007865116000175
PPO,6.5,0.09510564804077148,0.1668696403503418,0.10221035033464432,0.007104702293872833,0.07176399976015091,0.06465929001569748
PPO,6.550000000000001,0.09980267286300659,0.20446428656578064,0.10659715533256531,0.006794482469558716,0.10466160625219345,0.09786713123321533
PPO,6.6000000000000005,0.09822872281074524,0.23328708112239838,0.10473144054412842,0.006502717733383179,0.13505835831165314,0.12855564057826996
PPO,6.65,0.09048270434141159,0.253386914730072,0.09671150147914886,0.006228797137737274,0.16290421783924103,0.15667541325092316
PPO,6.7,0.0770513266324997,0.2652233839035034,0.08302342891693115,0.0059721022844314575,0.18817205727100372,0.18219995498657227
PPO,6.75,0.05877852439880371,0.26963311433792114,0.06451055407524109,0.005732029676437378,0.21085457503795624,0.20512256026268005
PPO,6.800000000000001,0.03681245446205139,0.2677741050720215,0.04232047498226166,0.005508020520210266,0.2309616506099701,0.22545363008975983
PPO,6.8500000000000005,0.012533322907984257,0.2610514760017395,0.01783294975757599,0.005299626849591732,0.24851815402507782,0.2432185262441635
PPO,6.9,-0.012533322907984257,0.25102871656417847,-0.0074269771575927734,0.005106345750391483,0.26356205344200134,0.25845569372177124
PPO,6.95,-0.03681245446205139,0.23933064937591553,-0.031884610652923584,0.004927843809127808,0.2761431038379669,0.2712152600288391
PPO,7.0,-0.05877852439880371,0.22754302620887756,-0.05401480197906494,0.0047637224197387695,0.2863215506076813,0.2815578281879425
PPO,7.050000000000001,-0.0770513266324997,0.21711598336696625,-0.07243768870830536,0.004613637924194336,0.29416730999946594,0.2895536720752716
PPO,7.1000000000000005,-0.09048270434141159,0.20927658677101135,-0.08600541949272156,0.004477284848690033,0.29975929856300354,0.2952820062637329
PPO,7.15,-0.09822872281074524,0.2049560546875,-0.09387442469596863,0.004354298114776611,0.30318477749824524,0.29883047938346863
PPO,7.2,-0.09980267286300659,0.20473641157150269,-0.09555819630622864,0.004244476556777954,0.3045390844345093,0.3002946078777313
PPO,7.25,-0.09510564804077148,0.2088192105293274,-0.0909583568572998,0.00414729118347168,0.3039248585700989,0.2997775673866272
PPO,7.300000000000001,-0.08443279564380646,0.21701915562152863,-0.08037050068378448,0.004062294960021973,0.3014519512653351,0.2973896563053131
PPO,7.3500000000000005,-0.06845471262931824,0.22878214716911316,-0.06446552276611328,0.003989189863204956,0.2972368597984314,0.29324766993522644
PPO,7.4,-0.04817536845803261,0.24322670698165894,-0.04424792528152466,0.00392744317650795,0.29140207171440125,0.2874746322631836
PPO,7.45,-0.02486898936331272,0.259206622838974,-0.02099248766899109,0.0038765016943216324,0.28407561779022217,0.2801991105079651
PPO,7.5,-1.4695762231022014e-16,0.27539026737213135,0.003835827112197876,0.003835827112197876,0.27539026737213135,0.27155444025993347
PPO,7.550000000000001,0.02486898936331272,0.29035186767578125,0.02867385745048523,0.0038048680871725082,0.2654828727245331,0.261678010225296
PPO,7.6000000000000005,0.04817536845803261,0.30266860127449036,0.05195826292037964,0.0037828944623470306,0.25449323654174805,0.2507103383541107
PPO,7.65,0.06845471262931824,0.31101807951927185,0.07222399115562439,0.0037692785263061523,0.2425633668899536,0.23879408836364746
PPO,7.7,0.08443279564380646,0.3142690360546112,0.08819609880447388,0.0037633031606674194,0.22983624041080475,0.22607293725013733
PPO,7.75,0.09510564804077148,0.3115604519844055,0.09886983036994934,0.0037641823291778564,0.21645478904247284,0.21269062161445618
PPO,7.800000000000001,0.09980267286300659,0.30236345529556274,0.10357387363910675,0.0037712007761001587,0.20256079733371735,0.198789581656456
PPO,7.8500000000000005,0.09822872281074524,0.28652238845825195,0.10201239585876465,0.003783673048019409,0.1882936656475067,0.1845099925994873
PPO,7.9,0.09048270434141159,0.26427212357521057,0.09428352117538452,0.003800816833972931,0.17378942668437958,0.16998860239982605
PPO,7.95,0.0770513266324997,0.23623092472553253,0.08087317645549774,0.003821849822998047,0.15917959809303284,0.1553577482700348
PPO,8.0,0.05877852439880371,0.2033688873052597,0.06262460350990295,0.003846079111099243,0.144590362906456,0.14074428379535675
PPO,8.05,0.03681245446205139,0.16695407032966614,0.040685221552848816,0.0038727670907974243,0.13014161586761475,0.12626884877681732
PPO,8.1,0.012533322907984257,0.12847961485385895,0.016434580087661743,0.0039012571796774864,0.11594628542661667,0.1120450347661972
PPO,8.15,-0.012533322907984257,0.08957640826702118,-0.008602447807788849,0.003930875100195408,0.10210973024368286,0.09817885607481003
PPO,8.200000000000001,-0.03681245446205139,0.051916785538196564,-0.0328514501452446,0.003961004316806793,0.08872924000024796,0.08476823568344116
PPO,8.25,-0.05877852439880371,0.01711517572402954,-0.05478748679161072,0.003991037607192993,0.07589370012283325,0.07190266251564026
PPO,8.3,-0.0770513266324997,-0.013367921113967896,-0.07303087413311005,0.0040204524993896484,0.0636834055185318,0.05966295674443245
PPO,8.35,-0.09048270434141159,-0.03831280395388603,-0.08643398433923721,0.0040487200021743774,0.05216990038752556,0.04812118038535118
PPO,8.4,-0.09822872281074524,-0.05681268870830536,-0.09415331482887268,0.004075407981872559,0.04141603410243988,0.03734062612056732
PPO,8.450000000000001,-0.09980267286300659,-0.0683266669511795,-0.09570257365703583,0.004100099205970764,0.03147600591182709,0.02737591043114662
PPO,8.5,-0.09510564804077148,-0.07271009683609009,-0.09098322689533234,0.004122421145439148,0.022395551204681396,0.018273133784532547
PPO,8.55,-0.08443279564380646,-0.07022063434123993,-0.08029074221849442,0.004142053425312042,0.014212164096534252,0.01007010880857706
PPO,8.6,-0.06845471262931824,-0.06149933114647865,-0.06429597735404968,0.004158735275268555,0.00695538055151701,0.002796647371724248
PPO,8.65,-0.04817536845803261,-0.04752826318144798,-0.044003140181303024,0.004172228276729584,0.0006471064407378435,-0.003525123931467533
PPO,8.700000000000001,-0.02486898936331272,-0.029567018151283264,-0.020686618983745575,0.004182370379567146,-0.004698027856647968,-0.008880398236215115
PPO,8.75,-1.714505461270337e-16,-0.009072287939488888,0.00418902188539505,0.00418902188539505,-0.009072287939488888,-0.013261309824883938
PPO,8.8,0.02486898936331272,0.012394553981721401,0.02906108647584915,0.00419209711253643,-0.01247443538159132,-0.016666533425450325
PPO,8.85,0.04817536845803261,0.033266060054302216,0.05236692726612091,0.004191558808088303,-0.014909306541085243,-0.019100865349173546
PPO,8.9,0.06845471262931824,0.05206731706857681,0.07264211028814316,0.004187397658824921,-0.016387393698096275,-0.020574793219566345
PPO,8.950000000000001,0.08443279564380646,0.06750838458538055,0.08861245214939117,0.004179656505584717,-0.016924407333135605,-0.02110407128930092
PPO,9.0,0.09510564804077148,0.07856480777263641,0.09927406907081604,0.004168421030044556,-0.01654083840548992,-0.020709263160824776
PPO,9.05,0.09980267286300659,0.08454117178916931,0.10395647585391998,0.004153802990913391,-0.015261503867805004,-0.019415300339460373
PPO,9.1,0.09822872281074524,0.08511361479759216,0.10236464440822601,0.004135921597480774,-0.013115105219185352,-0.01725102961063385
PPO,9.15,0.09048270434141159,0.08034893870353699,0.09459768980741501,0.004114985466003418,-0.010133769363164902,-0.014248749241232872
PPO,9.200000000000001,0.0770513266324997,0.07069872319698334,0.08114248514175415,0.004091158509254456,-0.006352601107209921,-0.010443763807415962
PPO,9.25,0.05877852439880371,0.05696931108832359,0.06284322589635849,0.004064701497554779,-0.0018092140089720488,-0.005873914808034897
PPO,9.3,0.03681245446205139,0.040269166231155396,0.04084828868508339,0.004035834223031998,0.003456712234765291,-0.0005791233852505684
PPO,9.35,0.012533322907984257,0.021937211975455284,0.01653815247118473,0.004004829563200474,0.009403889067471027,0.005399059038609266
PPO,9.4,-0.012533322907984257,0.0034565394744277,-0.008561364375054836,0.0039719585329294205,0.015989862382411957,0.012017903849482536
PPO,9.450000000000001,-0.03681245446205139,-0.013641005381941795,-0.0328749418258667,0.003937512636184692,0.023171449080109596,0.019233938306570053
PPO,9.5,-0.05877852439880371,-0.027873357757925987,-0.054876744747161865,0.0039017796516418457,0.030905166640877724,0.027003386989235878
PPO,9.55,-0.0770513266324997,-0.03790369629859924,-0.07318627089262009,0.003865055739879608,0.03914763033390045,0.035282574594020844
PPO,9.600000000000001,-0.09048270434141159,-0.04262673109769821,-0.08665505051612854,0.0038276538252830505,0.04785597324371338,0.04402831941843033
PPO,9.65,-0.09822872281074524,-0.04124053567647934,-0.09443885833024979,0.003789864480495453,0.0569881871342659,0.05319832265377045
PPO,9.700000000000001,-0.09980267286300659,-0.03329917788505554,-0.0960506796836853,0.003751993179321289,0.06650349497795105,0.06275150179862976
PPO,9.75,-0.09510564804077148,-0.01874300092458725,-0.09139133244752884,0.0037143155932426453,0.07636264711618423,0.07264833152294159
PPO,9.8,-0.08443279564380646,0.002095460891723633,-0.08075566589832306,0.0036771297454833984,0.08652825653553009,0.08285112679004669
PPO,9.850000000000001,-0.06845471262931824,0.028510302305221558,-0.0648140236735344,0.003640688955783844,0.0969650149345398,0.09332432597875595
PPO,9.9,-0.04817536845803261,0.05946462228894234,-0.04457010701298714,0.003605261445045471,0.10763999074697495,0.10403472930192947
PPO,9.950000000000001,-0.02486898936331272,0.09365378320217133,-0.0212978795170784,0.0035711098462343216,0.1185227707028389,0.11495166271924973
PPO,10.0,-1.9594348317873706e-16,0.12958568334579468,0.00353848934173584,0.00353848934173584,0.12958568334579468,0.12604719400405884
PPO,10.05,0.02486898936331272,0.16567286849021912,0.028376594185829163,0.0035076048225164413,0.14080387353897095,0.13729627430438995
PPO,10.100000000000001,0.04817536845803261,0.20033082365989685,0.05165398120880127,0.0034786127507686615,0.15215545892715454,0.14867684245109558
PPO,10.15,0.06845471262931824,0.23207634687423706,0.07190647721290588,0.0034517645835876465,0.16362163424491882,0.16016986966133118
PPO,10.200000000000001,0.08443279564380646,0.25961944460868835,0.08786001801490784,0.0034272223711013794,0.1751866489648819,0.17175942659378052
PPO,10.25,0.09510564804077148,0.28194355964660645,0.09851081669330597,0.003405168652534485,0.18683791160583496,0.18343274295330048
PPO,10.3,0.09980267286300659,0.2983686327934265,0.1031884253025055,0.0033857524394989014,0.19856595993041992,0.19518020749092102
PPO,10.350000000000001,0.09822872281074524,0.30859309434890747,0.10159778594970703,0.003369063138961792,0.21036437153816223,0.20699530839920044
PPO,10.4,0.09048270434141159,0.31271255016326904,0.09383794665336609,0.0033552423119544983,0.22222985327243805,0.21887460350990295
PPO,10.450000000000001,0.0770513266324997,0.3112133741378784,0.08039571344852448,0.0033443868160247803,0.23416206240653992,0.23081766068935394
PPO,10.5,0.05877852439880371,0.30494213104248047,0.0621151328086853,0.003336608409881592,0.24616362154483795,0.24282699823379517
PPO,10.55,0.03681245446205139,0.2950524091720581,0.04014444351196289,0.003331989049911499,0.2582399547100067,0.2549079656600952
PPO,10.600000000000001,0.012533322907984257,0.2829325199127197,0.015863865613937378,0.003330542705953121,0.27039918303489685,0.26706865429878235
PPO,10.65,-0.012533322907984257,0.27011874318122864,-0.009201079607009888,0.003332243300974369,0.2826520800590515,0.2793198227882385
PPO,10.700000000000001,-0.03681245446205139,0.2581995129585266,-0.03347519040107727,0.003337264060974121,0.295011967420578,0.2916747033596039
PPO,10.75,-0.05877852439880371,0.24871590733528137,-0.0554330050945282,0.0033455193042755127,0.3074944317340851,0.30414891242980957
PPO,10.8,-0.0770513266324997,0.24306605756282806,-0.07369421422481537,0.003357112407684326,0.32011738419532776,0.31676027178764343
PPO,10.850000000000001,-0.09048270434141159,0.2424180507659912,-0.0871107280254364,0.003371976315975189,0.3329007625579834,0.3295287787914276
PPO,10.9,-0.09822872281074524,0.24763771891593933,-0.09483855962753296,0.0033901631832122803,0.34586644172668457,0.3424762785434723
PPO,10.950000000000001,-0.09980267286300659,0.2592354714870453,-0.09639108180999756,0.003411591053009033,0.3590381443500519,0.35562655329704285
PPO,11.0,-0.09510564804077148,0.2773355543613434,-0.0916694700717926,0.003436177968978882,0.37244120240211487,0.369005024433136
PPO,11.05,-0.08443279564380646,0.30166977643966675,-0.08096876740455627,0.003464028239250183,0.386102557182312,0.382638543844223
PPO,11.100000000000001,-0.06845471262931824,0.33159562945365906,-0.06495985388755798,0.003494858741760254,0.4000503420829773,0.39655548334121704
PPO,11.15,-0.04817536845803261,0.36613863706588745,-0.04464659094810486,0.0035287775099277496,0.41431400179862976,0.4107852280139923
PPO,11.200000000000001,-0.02486898936331272,0.40405502915382385,-0.021303385496139526,0.003565603867173195,0.428924024105072,0.4253584146499634
PPO,11.25,-2.2043642023044041e-16,0.4439117908477783,0.003605276346206665,0.003605276346206665,0.4439117908477783,0.44030651450157166
PPO,11.3,0.02486898936331272,0.48417845368385315,0.028516680002212524,0.003647690638899803,0.459309458732605,0.4556617736816406
PPO,11.350000000000001,0.04817536845803261,0.5233251452445984,0.05186808109283447,0.0036927126348018646,0.4751497805118561,0.4714570641517639
PPO,11.4,0.06845471262931824,0.559920608997345,0.07219493389129639,0.0037402212619781494,0.49146589636802673,0.4877256751060486
PPO,11.450000000000001,0.08443279564380646,0.5927240252494812,0.08822280168533325,0.0037900060415267944,0.5082912445068359,0.504501223564148
PPO,11.5,0.09510564804077148,0.620765209197998,0.09894770383834839,0.0038420557975769043,0.5256595611572266,0.5218175053596497
PPO,11.55,0.09980267286300659,0.6434069275856018,0.10369879007339478,0.0038961172103881836,0.5436042547225952,0.539708137512207
PPO,11.600000000000001,0.09822872281074524,0.660387396812439,0.10218065977096558,0.003951936960220337,0.5621586441993713,0.5582067370414734
PPO,11.65,0.09048270434141159,0.6718384027481079,0.09449195861816406,0.004009254276752472,0.5813556909561157,0.5773464441299438
PPO,11.700000000000001,0.0770513266324997,0.6782790422439575,0.0811193585395813,0.004068031907081604,0.6012277007102966,0.5971596837043762
PPO,11.75,0.05877852439880371,0.6805847883224487,0.06290644407272339,0.004127919673919678,0.621806263923645,0.6176783442497253
PPO,11.8,0.03681245446205139,0.6799342632293701,0.041001081466674805,0.004188627004623413,0.6431217789649963,0.6389331817626953
PPO,11.850000000000001,0.012533322907984257,0.677736759185791,0.01678299903869629,0.004249676130712032,0.6652034521102905,0.6609537601470947
PPO,11.9,-0.012533322907984257,0.6755457520484924,-0.00822228193283081,0.004311040975153446,0.6880790591239929,0.6837680339813232
PPO,11.950000000000001,-0.03681245446205139,0.6749621629714966,-0.032440185546875,0.004372268915176392,0.7117745876312256,0.7074023485183716
PPO,12.0,-0.05877852439880371,0.6775352358818054,-0.054345667362213135,0.004432857036590576,0.7363137602806091,0.7318809032440186
PPO,12.05,-0.0770513266324997,0.6846666932106018,-0.07255882024765015,0.004492506384849548,0.7617180347442627,0.757225513458252
PPO,12.100000000000001,-0.09048270434141159,0.6975234150886536,-0.08593201637268066,0.0045506879687309265,0.7880061268806458,0.7834554314613342
PPO,12.15,-0.09822872281074524,0.7169647216796875,-0.09362190961837769,0.004606813192367554,0.8151934742927551,0.8105866312980652
PPO,12.200000000000001,-0.09980267286300659,0.7434895634651184,-0.09514200687408447,0.004660665988922119,0.843292236328125,0.8386315703392029
PPO,12.25,-0.09510564804077148,0.7772049307823181,-0.0903940200805664,0.004711627960205078,0.8723105788230896,0.8675989508628845
PPO,12.3,-0.08443279564380646,0.8178195953369141,-0.07967376708984375,0.0047590285539627075,0.9022523760795593,0.8974933624267578
PPO,12.350000000000001,-0.06845471262931824,0.8646621704101562,-0.06365221738815308,0.004802495241165161,0.9331169128417969,0.9283143877983093
PPO,12.4,-0.04817536845803261,0.9167225360870361,-0.043334245681762695,0.004841122776269913,0.9648979306221008,0.9600567817687988
PPO,12.450000000000001,-0.02486898936331272,0.9727151393890381,-0.019994258880615234,0.004874730482697487,0.9975841045379639,0.9927093982696533
PPO,12.5,-2.4492937051703357e-16,1.0311577320098877,0.004902243614196777,0.004902243614196777,1.0311577320098877,1.026255488395691
PPO,12.55,0.02486898936331272,1.0904642343521118,0.029792308807373047,0.004923319444060326,1.065595269203186,1.0606719255447388
PPO,12.600000000000001,0.04817536845803261,1.149042010307312,0.05311274528503418,0.004937376827001572,1.100866675376892,1.0959292650222778
PPO,12.65,0.06845471262931824,1.205389380455017,0.07339847087860107,0.004943758249282837,1.1369346380233765,1.131990909576416
PPO,12.700000000000001,0.08443279564380646,1.2581883668899536,0.08937454223632812,0.0049417465925216675,1.1737555265426636,1.1688138246536255
PPO,12.75,0.09510564804077148,1.3063840866088867,0.10003650188446045,0.004930853843688965,1.2112784385681152,1.2063475847244263
PPO,12.8,0.09980267286300659,1.3492484092712402,0.1047133207321167,0.004910647869110107,1.2494457960128784,1.2445350885391235
PPO,12.850000000000001,0.09822872281074524,1.3864219188690186,0.10310947895050049,0.004880756139755249,1.2881932258605957,1.283312439918518
PPO,12.9,0.09048270434141159,1.4179331064224243,0.09532356262207031,0.004840858280658722,1.3274503946304321,1.322609543800354
PPO,12.950000000000001,0.0770513266324997,1.444191813468933,0.08184170722961426,0.004790380597114563,1.367140531539917,1.3623501062393188
PPO,13.0,0.05877852439880371,1.465960144996643,0.06350767612457275,0.004729151725769043,1.4071816205978394,1.4024524688720703
PPO,13.05,0.03681245446205139,1.484299659729004,0.041469454765319824,0.004657000303268433,1.447487235069275,1.442830204963684
PPO,13.100000000000001,0.012533322907984257,1.5004997253417969,0.017107129096984863,0.0045738061890006065,1.4879664182662964,1.483392596244812
PPO,13.15,-0.012533322907984257,1.5159919261932373,-0.008053779602050781,0.0044795433059334755,1.5285252332687378,1.524045705795288
PPO,13.200000000000001,-0.03681245446205139,1.5322550535202026,-0.03243827819824219,0.004374176263809204,1.5690674781799316,1.5646933317184448
PPO,13.25,-0.05877852439880371,1.550716757774353,-0.05452084541320801,0.004257678985595703,1.6094952821731567,1.605237603187561
PPO,13.3,-0.0770513266324997,1.572658896446228,-0.0729210376739502,0.0041302889585494995,1.6497101783752441,1.6455799341201782
PPO,13.350000000000001,-0.09048270434141159,1.5991313457489014,-0.08649063110351562,0.003992073237895966,1.6896140575408936,1.685621976852417
PPO,13.4,-0.09822872281074524,1.6308813095092773,-0.09438514709472656,0.0038435757160186768,1.7291100025177002,1.725266456604004
PPO,13.450000000000001,-0.09980267286300659,1.6683003902435303,-0.09611773490905762,0.0036849379539489746,1.768103003501892,1.764418125152588
PPO,13.5,-0.09510564804077148,1.7113946676254272,-0.09158933162689209,0.0035163164138793945,1.8065003156661987,1.8029839992523193
PPO,13.55,-0.08443279564380646,1.7597801685333252,-0.08109414577484131,0.003338649868965149,1.8442130088806152,1.8408743143081665
PPO,13.600000000000001,-0.06845471262931824,1.8127003908157349,-0.06530261039733887,0.00315210223197937,1.8811551332473755,1.8780030012130737
PPO,13.65,-0.04817536845803261,1.869070053100586,-0.04521834850311279,0.002957019954919815,1.9172453880310059,1.9142884016036987
PPO,13.700000000000001,-0.02486898936331272,1.9275376796722412,-0.022115349769592285,0.002753639593720436,1.952406644821167,1.9496530294418335
PPO,13.75,-9.799650274469694e-16,1.9865666627883911,0.0025426149368286133,0.0025426149368286133,1.9865666627883911,1.9840240478515625
PPO,13.8,0.02486898936331272,2.0445265769958496,0.027193546295166016,0.0023245569318532944,2.019657611846924,2.0173330307006836
PPO,13.850000000000001,0.04817536845803261,2.099792003631592,0.05027484893798828,0.0020994804799556732,2.051616668701172,2.0495171546936035
PPO,13.9,0.06845471262931824,2.1508407592773438,0.07032299041748047,0.0018682777881622314,2.082386016845703,2.0805177688598633
PPO,13.950000000000001,0.08443279564380646,2.1963448524475098,0.08606410026550293,0.0016313046216964722,2.1119120121002197,2.110280752182007
PPO,14.0,0.09510564804077148,2.235250949859619,0.09649443626403809,0.0013887882232666016,2.1401453018188477,2.138756513595581
PPO,14.05,0.09980267286300659,2.2668445110321045,0.10094475746154785,0.0011420845985412598,2.167041778564453,2.1658997535705566
PPO,14.100000000000001,0.09822872281074524,2.290788412094116,0.09911942481994629,0.0008907020092010498,2.1925597190856934,2.19166898727417
PPO,14.15,0.09048270434141159,2.3071448802948,0.09111833572387695,0.0006356313824653625,2.2166621685028076,2.216026544570923
PPO,14.200000000000001,0.0770513266324997,2.316365957260132,0.07742786407470703,0.0003765374422073364,2.239314556121826,2.238938093185425
PPO,14.25,0.05877852439880371,2.3192644119262695,0.05889248847961426,0.00011396408081054688,2.260485887527466,2.2603719234466553
PPO,14.3,0.03681245446205139,2.316960096359253,0.03666186332702637,-0.00015059113502502441,2.2801475524902344,2.2802982330322266
PPO,14.350000000000001,0.012533322907984257,2.3108062744140625,0.012116193771362305,-0.00041712913662195206,2.2982728481292725,2.2986900806427
PPO,14.4,-0.012533322907984257,2.3023033142089844,-0.013219356536865234,-0.0006860336288809776,2.3148367404937744,2.3155226707458496
PPO,14.450000000000001,-0.03681245446205139,2.2930030822753906,-0.03776812553405762,-0.0009556710720062256,2.329815626144409,2.3307712078094482
PPO,14.5,-0.05877852439880371,2.2844078540802,-0.06000494956970215,-0.0012264251708984375,2.343186378479004,2.3444128036499023
PPO,14.55,-0.0770513266324997,2.2778754234313965,-0.07854914665222168,-0.0014978200197219849,2.354926824569702,2.356424570083618
PPO,14.600000000000001,-0.09048270434141159,2.2745320796966553,-0.09225201606750488,-0.0017693117260932922,2.3650147914886475,2.36678409576416
PPO,14.65,-0.09822872281074524,2.2751989364624023,-0.10026907920837402,-0.002040356397628784,2.373427629470825,2.3754680156707764
PPO,14.700000000000001,-0.09980267286300659,2.280339479446411,-0.10211324691772461,-0.0023105740547180176,2.3801422119140625,2.3824527263641357
PPO,14.75,-0.09510564804077148,2.2900280952453613,-0.09768462181091309,-0.0025789737701416016,2.385133743286133,2.3877127170562744
PPO,14.8,-0.08443279564380646,2.303943157196045,-0.08727884292602539,-0.002846047282218933,2.388375997543335,2.3912220001220703
PPO,14.850000000000001,-0.06845471262931824,2.3213863372802734,-0.07156515121459961,-0.003110438585281372,2.389841079711914,2.392951488494873
PPO,14.9,-0.04817536845803261,2.341322898864746,-0.05154752731323242,-0.003372158855199814,2.389498233795166,2.3928704261779785
PPO,14.950000000000001,-0.02486898936331272,2.36244535446167,-0.02849864959716797,-0.0036296602338552475,2.3873143196105957,2.390944004058838
PPO,15.0,-2.939152446204403e-16,2.3832523822784424,-0.00388336181640625,-0.00388336181640625,2.3832523822784424,2.3871357440948486
PPO,15.05,0.02486898936331272,2.4021408557891846,0.0207369327545166,-0.00413205660879612,2.377271890640259,2.381403923034668
PPO,15.100000000000001,0.04817536845803261,2.4175028800964355,0.043799638748168945,-0.004375729709863663,2.3693275451660156,2.3737032413482666
PPO,15.15,0.06845471262931824,2.4278249740600586,0.0638420581817627,-0.004612654447555542,2.359370231628418,2.363982915878296
PPO,15.200000000000001,0.08443279564380646,2.431777238845825,0.0795900821685791,-0.004842713475227356,2.347344398498535,2.352187156677246
PPO,15.25,0.09510564804077148,2.428295135498047,0.09004092216491699,-0.005064725875854492,2.3331894874572754,2.33825421333313
PPO,15.3,0.09980267286300659,2.4166407585144043,0.09452462196350098,-0.005278050899505615,2.316838026046753,2.3221161365509033
PPO,15.350000000000001,0.09822872281074524,2.39644455909729,0.09274721145629883,-0.005481511354446411,2.298215866088867,2.303697347640991
PPO,15.4,0.09048270434141159,2.3677237033843994,0.0848090648651123,-0.005673639476299286,2.2772409915924072,2.282914638519287
PPO,15.450000000000001,0.0770513266324997,2.3308746814727783,0.0711972713470459,-0.005854055285453796,2.2538232803344727,2.2596774101257324
PPO,15.5,0.05877852439880371,2.2866430282592773,0.052757978439331055,-0.006020545959472656,2.2278645038604736,2.2338850498199463
PPO,15.55,0.03681245446205139,2.2360692024230957,0.030640363693237305,-0.006172090768814087,2.199256658554077,2.2054288387298584
PPO,15.600000000000001,0.012533322907984257,2.180415630340576,0.0062258243560791016,-0.006307498551905155,2.167882204055786,2.174189805984497
PPO,15.65,-0.012533322907984257,2.1210806369781494,-0.01895880699157715,-0.006425484083592892,2.1336140632629395,2.1400394439697266
PPO,15.700000000000001,-0.03681245446205139,2.0595033168792725,-0.043335676193237305,-0.006523221731185913,2.096315860748291,2.1028389930725098
PPO,15.75,-0.05877852439880371,1.9970622062683105,-0.06537795066833496,-0.00659942626953125,2.0558407306671143,2.0624401569366455
PPO,15.8,-0.0770513266324997,1.9349831342697144,-0.08370316028594971,-0.006651833653450012,2.0120344161987305,2.018686294555664
PPO,15.850000000000001,-0.09048270434141159,1.8742514848709106,-0.09716057777404785,-0.006677873432636261,1.9647341966629028,1.9714120626449585
PPO,15.9,-0.09822872281074524,1.8155443668365479,-0.1049034595489502,-0.006674736738204956,1.9137730598449707,1.920447826385498
PPO,15.950000000000001,-0.09980267286300659,1.759178638458252,-0.10644292831420898,-0.006640255451202393,1.8589813709259033,1.865621566772461
PPO,16.0,-0.09510564804077148,1.7050867080688477,-0.1016770601272583,-0.006571412086486816,1.8001923561096191,1.806763768196106
PPO,16.05,-0.08443279564380646,1.6528160572052002,-0.09089839458465576,-0.006465598940849304,1.7372488975524902,1.743714451789856
PPO,16.1,-0.06845471262931824,1.6015567779541016,-0.07477414608001709,-0.0063194334506988525,1.6700115203857422,1.6763309240341187
PPO,16.150000000000002,-0.04817536845803261,1.550194501876831,-0.05430567264556885,-0.00613030418753624,1.598369836807251,1.6045001745224
PPO,16.2,-0.02486898936331272,1.4973878860473633,-0.03076481819152832,-0.005895828828215599,1.522256851196289,1.5281527042388916
PPO,16.25,3.921345646758684e-16,1.4416669607162476,-0.005613207817077637,-0.005613207817077637,1.4416669607162476,1.4472801685333252
PPO,16.3,0.02486898936331272,1.3815441131591797,0.01958787441253662,-0.0052811149507761,1.356675148010254,1.361956238746643
PPO,16.35,0.04817536845803261,1.3156358003616333,0.043276309967041016,-0.004899058490991592,1.2674604654312134,1.2723594903945923
PPO,16.400000000000002,0.06845471262931824,1.2427841424942017,0.0639873743057251,-0.00446733832359314,1.174329400062561,1.1787967681884766
PPO,16.45,0.08443279564380646,1.162169337272644,0.0804445743560791,-0.003988221287727356,1.077736496925354,1.081724762916565
PPO,16.5,0.09510564804077148,1.0734056234359741,0.09163975715637207,-0.003465890884399414,0.9782999753952026,0.981765866279602
PPO,16.55,0.09980267286300659,0.9766086935997009,0.09689635038375854,-0.002906322479248047,0.8768060207366943,0.8797123432159424
PPO,16.6,0.09822872281074524,0.87242591381073,0.09591126441955566,-0.002317458391189575,0.7741972208023071,0.7765146493911743
PPO,16.650000000000002,0.09048270434141159,0.7620238065719604,0.08877378702163696,-0.0017089173197746277,0.6715410947799683,0.6732500195503235
PPO,16.7,0.0770513266324997,0.6470305323600769,0.07596004009246826,-0.001091286540031433,0.569979190826416,0.5710704922676086
PPO,16.75,0.05877852439880371,0.5294400453567505,0.05830371379852295,-0.0004748106002807617,0.47066155076026917,0.47113633155822754
PPO,16.8,0.03681245446205139,0.41148847341537476,0.036944031715393066,0.0001315772533416748,0.37467601895332336,0.3745444416999817
PPO,16.85,0.012533322907984257,0.29551956057548523,0.013253927230834961,0.0007206043228507042,0.28298622369766235,0.28226563334465027
PPO,16.900000000000002,-0.012533322907984257,0.18385514616966248,-0.011245906352996826,0.0012874165549874306,0.19638846814632416,0.1951010525226593
PPO,16.95,-0.03681245446205139,0.07868099212646484,-0.03498324751853943,0.0018292069435119629,0.11549344658851624,0.11366423964500427
PPO,17.0,-0.05877852439880371,-0.018047288060188293,-0.05643380433320999,0.0023447200655937195,0.04073123633861542,0.0383865162730217
PPO,17.05,-0.0770513266324997,-0.10467775911092758,-0.07421760261058807,0.002833724021911621,-0.027626432478427887,-0.030460156500339508
PPO,17.1,-0.09048270434141159,-0.17991796135902405,-0.0871863141655922,0.003296390175819397,-0.08943524956703186,-0.09273164719343185
PPO,17.150000000000002,-0.09822872281074524,-0.24287453293800354,-0.09449583292007446,0.0037328898906707764,-0.1446458101272583,-0.14837870001792908
PPO,17.2,-0.09980267286300659,-0.2930770516395569,-0.09565956890583038,0.0041431039571762085,-0.1932743638753891,-0.1974174827337265
PPO,17.25,-0.09510564804077148,-0.33048486709594727,-0.09057891368865967,0.004526734352111816,-0.23537923395633698,-0.2399059534072876
PPO,17.3,-0.08443279564380646,-0.3554763197898865,-0.07954981923103333,0.004882976412773132,-0.2710435390472412,-0.27592650055885315
PPO,17.35,-0.06845471262931824,-0.36881810426712036,-0.06324365735054016,0.005211055278778076,-0.3003633916378021,-0.3055744469165802
PPO,17.400000000000002,-0.04817536845803261,-0.3716164529323578,-0.042665332555770874,0.005510035902261734,-0.3234410881996155,-0.3289511203765869
PPO,17.45,-0.02486898936331272,-0.3652507960796356,-0.01909002661705017,0.00577896274626255,-0.34038180112838745,-0.34616076946258545
PPO,17.5,-3.429010922540674e-16,-0.35129332542419434,0.006016939878463745,0.006016939878463745,-0.35129332542419434,-0.3573102653026581
PPO,17.55,0.02486898936331272,-0.3314187228679657,0.031092166900634766,0.006223177537322044,-0.35628771781921387,-0.36251088976860046
PPO,17.6,0.04817536845803261,-0.30730924010276794,0.0545727014541626,0.00639733299612999,-0.35548460483551025,-0.36188194155693054
PPO,17.650000000000002,0.06845471262931824,-0.2805611193180084,0.07499381899833679,0.006539106369018555,-0.34901583194732666,-0.3555549383163452
PPO,17.7,0.08443279564380646,-0.252597451210022,0.09108150005340576,0.006648704409599304,-0.33703023195266724,-0.34367895126342773
PPO,17.75,0.09510564804077148,-0.2245936095714569,0.10183238983154297,0.006726741790771484,-0.3196992576122284,-0.3264259994029999
PPO,17.8,0.09980267286300659,-0.19741928577423096,0.10657691955566406,0.006774246692657471,-0.29722195863723755,-0.303996205329895
PPO,17.85,0.09822872281074524,-0.17160063982009888,0.10502150654792786,0.006792783737182617,-0.2698293626308441,-0.27662214636802673
PPO,17.900000000000002,0.09048270434141159,-0.14730486273765564,0.09726712107658386,0.006784416735172272,-0.23778757452964783,-0.2445719838142395
PPO,17.95,0.0770513266324997,-0.1243475079536438,0.0838029533624649,0.00675162672996521,-0.2013988345861435,-0.2081504613161087
PPO,18.0,0.05877852439880371,-0.10222169756889343,0.06547601521015167,0.006697490811347961,-0.16100022196769714,-0.1676977127790451
PPO,18.05,0.03681245446205139,-0.080147385597229,0.043437786400318146,0.006625331938266754,-0.1169598400592804,-0.12358517199754715
PPO,18.1,0.012533322907984257,-0.05713667720556259,0.01907208561897278,0.006538762710988522,-0.06966999918222427,-0.07620876282453537
PPO,18.150000000000002,-0.012533322907984257,-0.032071661204099655,-0.006091846153140068,0.006441476754844189,-0.019538339227437973,-0.025979815050959587
PPO,18.2,-0.03681245446205139,-0.0037896335124969482,-0.030475392937660217,0.006337061524391174,0.03302282094955444,0.02668575942516327
PPO,18.25,-0.05877852439880371,0.028829187154769897,-0.05254962295293808,0.006228901445865631,0.08760771155357361,0.08137881010770798
PPO,18.3,-0.0770513266324997,0.06677655875682831,-0.07093138992786407,0.00611993670463562,0.143827885389328,0.13770794868469238
PPO,18.35,-0.09048270434141159,0.11083891242742538,-0.08447005599737167,0.006012648344039917,0.20132161676883698,0.19530896842479706
PPO,18.400000000000002,-0.09822872281074524,0.1615322232246399,-0.09231984615325928,0.005908876657485962,0.25976094603538513,0.25385206937789917
PPO,18.45,-0.09980267286300659,0.2190534770488739,-0.09399276971817017,0.005809903144836426,0.3188561499118805,0.31304624676704407
PPO,18.5,-0.09510564804077148,0.28325188159942627,-0.08938923478126526,0.005716413259506226,0.37835752964019775,0.37264111638069153
PPO,18.55,-0.08443279564380646,0.3536220192909241,-0.07880419492721558,0.005628600716590881,0.4380548298358917,0.43242621421813965
PPO,18.6,-0.06845471262931824,0.4293198883533478,-0.06290850043296814,0.005546212196350098,0.497774600982666,0.4922283887863159
PPO,18.650000000000002,-0.04817536845803261,0.509200930595398,-0.04270690679550171,0.005468461662530899,0.5573763251304626,0.5519078373908997
PPO,18.7,-0.02486898936331272,0.5918789505958557,-0.019474327564239502,0.005394661799073219,0.6167479157447815,0.6113532781600952
PPO,18.75,-1.0779367756537828e-15,0.6758004426956177,0.005323588848114014,0.005323588848114014,0.6758004426956177,0.6704768538475037
PPO,18.8,0.02486898936331272,0.7593323588371277,0.03012293577194214,0.005253946408629417,0.7344633936882019,0.7292094230651855
PPO,18.85,0.04817536845803261,0.8408558368682861,0.053359925746917725,0.005184557288885117,0.7926804423332214,0.7874959111213684
PPO,18.900000000000002,0.06845471262931824,0.9188598394393921,0.07356888055801392,0.005114167928695679,0.8504051566123962,0.8452909588813782
PPO,18.95,0.08443279564380646,0.9920302033424377,0.08947432041168213,0.005041524767875671,0.9075974225997925,0.9025558829307556
PPO,19.0,0.09510564804077148,1.0593266487121582,0.1000710129737854,0.004965364933013916,0.9642210602760315,0.9592556357383728
PPO,19.05,0.09980267286300659,1.1200439929962158,0.10468757152557373,0.004884898662567139,1.0202412605285645,1.015356421470642
PPO,19.1,0.09822872281074524,1.1738518476486206,0.10302746295928955,0.0047987401485443115,1.0756231546401978,1.070824384689331
PPO,19.150000000000002,0.09048270434141159,1.2208131551742554,0.09518921375274658,0.0047065094113349915,1.1303304433822632,1.1256239414215088
PPO,19.200000000000003,0.0770513266324997,1.261376142501831,0.08165860176086426,0.004607275128364563,1.184324860572815,1.1797175407409668
PPO,19.25,0.05877852439880371,1.2963441610336304,0.06327927112579346,0.004500746726989746,1.2375656366348267,1.233064889907837
PPO,19.3,0.03681245446205139,1.3268216848373413,0.04119837284088135,0.004385918378829956,1.2900092601776123,1.28562331199646
PPO,19.35,0.012533322907984257,1.3541432619094849,0.016796112060546875,0.004262789152562618,1.3416099548339844,1.337347149848938
PPO,19.400000000000002,-0.012533322907984257,1.3797863721847534,-0.008402109146118164,0.004131213761866093,1.392319679260254,1.3881884813308716
PPO,19.450000000000003,-0.03681245446205139,1.4052761793136597,-0.03282153606414795,0.003990918397903442,1.4420886039733887,1.4380977153778076
PPO,19.5,-0.05877852439880371,1.4320874214172363,-0.05493652820587158,0.003841996192932129,1.49086594581604,1.487023949623108
PPO,19.55,-0.0770513266324997,1.4615488052368164,-0.07336676120758057,0.0036845654249191284,1.5386000871658325,1.534915566444397
PPO,19.6,-0.09048270434141159,1.4947564601898193,-0.08696436882019043,0.003518335521221161,1.5852391719818115,1.5817208290100098
PPO,19.650000000000002,-0.09822872281074524,1.532503604888916,-0.09488439559936523,0.003344327211380005,1.6307322978973389,1.6273880004882812
PPO,19.700000000000003,-0.09980267286300659,1.5752265453338623,-0.09664046764373779,0.003162205219268799,1.6750291585922241,1.6718670129776
PPO,19.75,-0.09510564804077148,1.6229751110076904,-0.09213364124298096,0.0029720067977905273,1.718080759048462,1.7151087522506714
PPO,19.8,-0.08443279564380646,1.6754074096679688,-0.0816582441329956,0.002774551510810852,1.7598402500152588,1.7570656538009644
PPO,19.85,-0.06845471262931824,1.731808066368103,-0.06588470935821533,0.0025700032711029053,1.8002628087997437,1.7976927757263184
PPO,19.900000000000002,-0.04817536845803261,1.7911306619644165,-0.04581630229949951,0.0023590661585330963,1.8393059968948364,1.836946964263916
PPO,19.950000000000003,-0.02486898936331272,1.8520610332489014,-0.022727370262145996,0.002141619101166725,1.8769299983978271,1.8747884035110474
PPO,20.0,-3.918869663574741e-16,1.9130977392196655,0.0019185543060302734,0.0019185543060302734,1.9130977392196655,1.9111791849136353
Linear,0.0,0.0,-0.6421303749084473,-0.3831314146518707,-0.3831314146518707,-0.6421303749084473,-0.25899896025657654
Linear,0.05,0.02486898936331272,-0.5030237436294556,-0.10015463829040527,-0.12502363324165344,-0.5278927087783813,-0.4028691053390503
Linear,0.1,0.04817536845803261,-0.36007606983184814,0.13378480076789856,0.08560943603515625,-0.40825143456459045,-0.4938608705997467
Linear,0.15000000000000002,0.06845471262931824,-0.21654784679412842,0.3113953471183777,0.24294063448905945,-0.28500255942344666,-0.5279431939125061
Linear,0.2,0.08443279564380646,-0.0755973756313324,0.43178966641426086,0.3473568558692932,-0.16003017127513885,-0.5073870420455933
Linear,0.25,0.09510564804077148,0.05999527871608734,0.5031893253326416,0.4080836772918701,-0.03511036932468414,-0.44319403171539307
Linear,0.30000000000000004,0.09980267286300659,0.18805822730064392,0.5354299545288086,0.435627281665802,0.08825554698705673,-0.3473716974258423
Linear,0.35000000000000003,0.09822872281074524,0.30716389417648315,0.5383263826370239,0.4400976598262787,0.20893517136573792,-0.23116245865821838
Linear,0.4,0.09048270434141159,0.4166586697101593,0.5207503437995911,0.4302676320075989,0.3261759579181671,-0.10409167408943176
Linear,0.45,0.0770513266324997,0.5166047811508179,0.4900202751159668,0.4129689335823059,0.43955346941947937,0.02658449485898018
Linear,0.5,0.05877852439880371,0.6076688170433044,0.45173379778862,0.3929552733898163,0.5488902926445007,0.15593501925468445
Linear,0.55,0.03681245446205139,0.6909860372543335,0.4099620282649994,0.373149573802948,0.6541736125946045,0.2810240089893341
Linear,0.6000000000000001,0.012533322907984257,0.7680202722549438,0.3676201403141022,0.3550868034362793,0.7554869651794434,0.4004001319408417
Linear,0.65,-0.012533322907984257,0.840427815914154,0.32684022188186646,0.33937355875968933,0.8529611229896545,0.5135875940322876
Linear,0.7000000000000001,-0.03681245446205139,0.9099298715591431,0.2892516255378723,0.3260640799999237,0.9467422962188721,0.6206782460212708
Linear,0.75,-0.05877852439880371,0.9781949520111084,0.2561470866203308,0.3149256110191345,1.036973476409912,0.7220478653907776
Linear,0.8,-0.0770513266324997,1.0467338562011719,0.2285541296005249,0.3056054711341858,1.123785138130188,0.818179726600647
Linear,0.8500000000000001,-0.09048270434141159,1.1168084144592285,0.20724421739578247,0.29772692918777466,1.2072911262512207,0.909564197063446
Linear,0.9,-0.09822872281074524,1.1893601417541504,0.19271177053451538,0.2909404933452606,1.2875888347625732,0.996648371219635
Linear,0.9500000000000001,-0.09980267286300659,1.264958143234253,0.1851421594619751,0.2849448323249817,1.3647607564926147,1.0798159837722778
Linear,1.0,-0.09510564804077148,1.3437705039978027,0.18438756465911865,0.27949321269989014,1.4388761520385742,1.159382939338684
Linear,1.05,-0.08443279564380646,1.4255609512329102,0.1899585723876953,0.2743913531303406,1.5099937915802002,1.2356023788452148
Linear,1.1,-0.06845471262931824,1.5097099542617798,0.20103704929351807,0.2694917619228363,1.5781646966934204,1.3086729049682617
Linear,1.1500000000000001,-0.04817536845803261,1.5952578783035278,0.21650981903076172,0.26468518376350403,1.6434332132339478,1.3787480592727661
Linear,1.2000000000000002,-0.02486898936331272,1.680970549583435,0.23502600193023682,0.259894996881485,1.7058395147323608,1.4459445476531982
Linear,1.25,-2.4492935397342132e-17,1.765420913696289,0.2550696134567261,0.2550696134567261,1.765420913696289,1.510351300239563
Linear,1.3,0.02486898936331272,1.8470814228057861,0.27504611015319824,0.2501771152019501,1.8222124576568604,1.572035312652588
Linear,1.35,0.04817536845803261,1.924423098564148,0.29337573051452637,0.24520036578178406,1.876247763633728,1.6310473680496216
Linear,1.4000000000000001,0.06845471262931824,1.9960145950317383,0.30858778953552246,0.24013307690620422,1.9275598526000977,1.6874268054962158
Linear,1.4500000000000002,0.08443279564380646,2.0606141090393066,0.31941044330596924,0.23497764766216278,1.9761813879013062,1.7412036657333374
Linear,1.5,0.09510564804077148,2.1172499656677246,0.3248474597930908,0.22974181175231934,2.022144317626953,1.7924025058746338
Linear,1.55,0.09980267286300659,2.165282964706421,0.3242391347885132,0.2244364619255066,2.0654802322387695,1.8410438299179077
Linear,1.6,0.09822872281074524,2.2044496536254883,0.3173046112060547,0.21907588839530945,2.1062209606170654,1.8871450424194336
Linear,1.6500000000000001,0.09048270434141159,2.234879970550537,0.30415821075439453,0.21367549896240234,2.144397258758545,1.9307217597961426
Linear,1.7000000000000002,0.0770513266324997,2.2570905685424805,0.2853020429611206,0.2082507163286209,2.180039167404175,1.9717885255813599
Linear,1.75,0.05877852439880371,2.27195405960083,0.2615952491760254,0.20281672477722168,2.2131755352020264,2.0103588104248047
Linear,1.8,0.03681245446205139,2.2806472778320312,0.23420166969299316,0.19738921523094177,2.2438347339630127,2.046445608139038
Linear,1.85,0.012533322907984257,2.2845757007598877,0.2045152187347412,0.19198189675807953,2.2720422744750977,2.0800604820251465
Linear,1.9000000000000001,-0.012533322907984257,2.285289764404297,0.17407584190368652,0.1866091638803482,2.297823190689087,2.1112139225006104
Linear,1.9500000000000002,-0.03681245446205139,2.284386157989502,0.1444697380065918,0.1812821924686432,2.3211987018585205,2.13991641998291
Linear,2.0,-0.05877852439880371,2.2834103107452393,0.1172342300415039,0.17601275444030762,2.342188835144043,2.1661760807037354
Linear,2.0500000000000003,-0.0770513266324997,2.283759355545044,0.09375977516174316,0.17081110179424286,2.3608107566833496,2.189999580383301
Linear,2.1,-0.09048270434141159,2.2865943908691406,0.07520294189453125,0.16568565368652344,2.377077102661133,2.2113914489746094
Linear,2.15,-0.09822872281074524,2.292769193649292,0.06241607666015625,0.1606447994709015,2.390997886657715,2.2303531169891357
Linear,2.2,-0.09980267286300659,2.3027758598327637,0.05589175224304199,0.15569442510604858,2.402578592300415,2.2468841075897217
Linear,2.25,-0.09510564804077148,2.3167154788970947,0.05573558807373047,0.15084123611450195,2.411821126937866,2.2609798908233643
Linear,2.3000000000000003,-0.08443279564380646,2.3342885971069336,0.061656951904296875,0.14608974754810333,2.4187214374542236,2.2726316452026367
Linear,2.35,-0.06845471262931824,2.354816198348999,0.07298922538757324,0.14144393801689148,2.4232709407806396,2.281826972961426
Linear,2.4000000000000004,-0.04817536845803261,2.377279281616211,0.08873200416564941,0.13690736889839172,2.425454616546631,2.2885472774505615
Linear,2.45,-0.02486898936331272,2.4003829956054688,0.10761332511901855,0.13248232007026672,2.4252519607543945,2.29276967048645
Linear,2.5,-4.8985870794684264e-17,2.4226341247558594,0.12816977500915527,0.12816977500915527,2.4226341247558594,2.294464349746704
Linear,2.5500000000000003,0.02486898936331272,2.4424350261688232,0.14884066581726074,0.12397167831659317,2.4175660610198975,2.2935943603515625
Linear,2.6,0.04817536845803261,2.458179473876953,0.16806435585021973,0.11988899111747742,2.410004138946533,2.2901151180267334
Linear,2.6500000000000004,0.06845471262931824,2.4683501720428467,0.18437600135803223,0.11592128872871399,2.399895429611206,2.2839741706848145
Linear,2.7,0.08443279564380646,2.4716103076934814,0.1965012550354004,0.11206845939159393,2.3871774673461914,2.275109052658081
Linear,2.75,0.09510564804077148,2.4668829441070557,0.20343542098999023,0.10832977294921875,2.371777296066284,2.2634475231170654
Linear,2.8000000000000003,0.09980267286300659,2.4534127712249756,0.20450687408447266,0.10470420122146606,2.353610038757324,2.248905897140503
Linear,2.85,0.09822872281074524,2.4308063983917236,0.1994185447692871,0.10118982195854187,2.332577705383301,2.2313878536224365
Linear,2.9000000000000004,0.09048270434141159,2.399052143096924,0.18826818466186523,0.09778548032045364,2.3085694313049316,2.2107839584350586
Linear,2.95,0.0770513266324997,2.3585102558135986,0.1715397834777832,0.09448845684528351,2.281458854675293,2.1869704723358154
Linear,3.0,0.05877852439880371,2.309882402420044,0.15007448196411133,0.09129595756530762,2.2511038780212402,2.1598079204559326
Linear,3.0500000000000003,0.03681245446205139,2.2541580200195312,0.12501811981201172,0.08820566534996033,2.2173454761505127,2.1291399002075195
Linear,3.1,0.012533322907984257,2.1925392150878906,0.0977468490600586,0.08521352708339691,2.1800057888031006,2.094792366027832
Linear,3.1500000000000004,-0.012533322907984257,2.1263554096221924,0.06978249549865723,0.08231581747531891,2.1388888359069824,2.056572914123535
Linear,3.2,-0.03681245446205139,2.0569663047790527,0.042696237564086914,0.0795086920261383,2.0937788486480713,2.014270067214966
Linear,3.25,-0.05877852439880371,1.9856626987457275,0.01800823211669922,0.07678675651550293,2.0444412231445312,1.9676544666290283
Linear,3.3000000000000003,-0.0770513266324997,1.9135725498199463,-0.0029069185256958008,0.0741444081068039,1.9906238317489624,1.916479468345642
Linear,3.35,-0.09048270434141159,1.8415757417678833,-0.018907666206359863,0.07157503813505173,1.9320584535598755,1.8604834079742432
Linear,3.4000000000000004,-0.09822872281074524,1.7702380418777466,-0.029157638549804688,0.06907108426094055,1.8684667348861694,1.7993956804275513
Linear,3.45,-0.09980267286300659,1.6997642517089844,-0.033179283142089844,0.06662338972091675,1.7995669841766357,1.7329435348510742
Linear,3.5,-0.09510564804077148,1.6299790143966675,-0.030884146690368652,0.06422150135040283,1.725084662437439,1.6608631610870361
Linear,3.5500000000000003,-0.08443279564380646,1.5603365898132324,-0.02257990837097168,0.06185288727283478,1.6447694301605225,1.582916498184204
Linear,3.6,-0.06845471262931824,1.4899612665176392,-0.008951544761657715,0.05950316786766052,1.5584160089492798,1.4989128112792969
Linear,3.6500000000000004,-0.04817536845803261,1.4177186489105225,0.008980751037597656,0.057156119495630264,1.4658939838409424,1.4087378978729248
Linear,3.7,-0.02486898936331272,1.3423149585723877,0.02992415428161621,0.05479314178228378,1.3671839237213135,1.3123908042907715
Linear,3.75,-7.347881115511007e-17,1.262421727180481,0.05239510536193848,0.05239510536193848,1.262421727180481,1.2100266218185425
Linear,3.8000000000000003,0.02486898936331272,1.1768145561218262,0.07481217384338379,0.04994318634271622,1.1519455909729004,1.1020023822784424
Linear,3.85,0.04817536845803261,1.0845178365707397,0.0955972671508789,0.0474218986928463,1.0363425016403198,0.9889205694198608
Linear,3.9000000000000004,0.06845471262931824,0.9849374294281006,0.11327821016311646,0.04482349753379822,0.9164827466011047,0.8716592192649841
Linear,3.95,0.08443279564380646,0.8779619336128235,0.1265851855278015,0.042152389883995056,0.7935291528701782,0.751376748085022
Linear,4.0,0.09510564804077148,0.7640128135681152,0.13453620672225952,0.03943055868148804,0.6689071655273438,0.6294766068458557
Linear,4.05,0.09980267286300659,0.6440297365188599,0.13650280237197876,0.03670012950897217,0.5442270636558533,0.5075269341468811
Linear,4.1000000000000005,0.09822872281074524,0.5193897485733032,0.1322495937347412,0.03402087092399597,0.4211609959602356,0.387140154838562
Linear,4.15,0.09048270434141159,0.3917798399925232,0.12194502353668213,0.03146231919527054,0.301297128200531,0.26983481645584106
Linear,4.2,0.0770513266324997,0.26305675506591797,0.10614366829395294,0.029092341661453247,0.18600544333457947,0.15691308677196503
Linear,4.25,0.05877852439880371,0.13512587547302246,0.08574342727661133,0.026964902877807617,0.07634735107421875,0.04938244819641113
Linear,4.3,0.03681245446205139,0.009858733043074608,0.06192488968372345,0.025112435221672058,-0.026953721418976784,-0.05206615850329399
Linear,4.3500000000000005,0.012533322907984257,-0.1109536662697792,0.03607765585184097,0.02354433387517929,-0.12348698824644089,-0.14703132212162018
Linear,4.4,-0.012533322907984257,-0.22562794387340546,0.009717032313346863,0.022250354290008545,-0.21309462189674377,-0.23534497618675232
Linear,4.45,-0.03681245446205139,-0.3326135575771332,-0.015606105327606201,0.02120634913444519,-0.2958011031150818,-0.317007452249527
Linear,4.5,-0.05877852439880371,-0.4305263161659241,-0.03839787840843201,0.020380645990371704,-0.37174779176712036,-0.39212843775749207
Linear,4.55,-0.0770513266324997,-0.5181925892829895,-0.05731239914894104,0.019738927483558655,-0.441141277551651,-0.46088019013404846
Linear,4.6000000000000005,-0.09048270434141159,-0.5946992039680481,-0.07123512029647827,0.01924758404493332,-0.5042164921760559,-0.5234640836715698
Linear,4.65,-0.09822872281074524,-0.6594414710998535,-0.07935279607772827,0.018875926733016968,-0.5612127184867859,-0.5800886750221252
Linear,4.7,-0.09980267286300659,-0.7121619582176208,-0.08120524883270264,0.018597424030303955,-0.6123592853546143,-0.6309567093849182
Linear,4.75,-0.09510564804077148,-0.7529739737510681,-0.07671678066253662,0.018388867378234863,-0.6578683257102966,-0.6762571930885315
Linear,4.800000000000001,-0.08443279564380646,-0.782364010810852,-0.06620138883590698,0.018231406807899475,-0.6979312300682068,-0.7161626219749451
Linear,4.8500000000000005,-0.06845471262931824,-0.8011730909347534,-0.05034530162811279,0.018109411001205444,-0.7327184081077576,-0.7508277893066406
Linear,4.9,-0.04817536845803261,-0.8105556964874268,-0.03016519546508789,0.018010172992944717,-0.7623803019523621,-0.7803905010223389
Linear,4.95,-0.02486898936331272,-0.8119180798530579,-0.00694507360458374,0.01792391575872898,-0.7870491147041321,-0.8049730062484741
Linear,5.0,-9.797174158936853e-17,-0.8068416118621826,0.01784229278564453,0.01784229278564453,-0.8068416118621826,-0.8246839046478271
Linear,5.050000000000001,0.02486898936331272,-0.7969926595687866,0.04262804985046387,0.017759060487151146,-0.8218616247177124,-0.8396207094192505
Linear,5.1000000000000005,0.04817536845803261,-0.7840277552604675,0.06584471464157104,0.017669346183538437,-0.8322031497955322,-0.8498724699020386
Linear,5.15,0.06845471262931824,-0.7694985866546631,0.08602368831634521,0.017568975687026978,-0.8379533290863037,-0.8555222749710083
Linear,5.2,0.08443279564380646,-0.7547632455825806,0.1018875241279602,0.017454728484153748,-0.8391960263252258,-0.8566507697105408
Linear,5.25,0.09510564804077148,-0.7409094572067261,0.11242979764938354,0.01732414960861206,-0.8360151052474976,-0.8533392548561096
Linear,5.300000000000001,0.09980267286300659,-0.7286954522132874,0.1169779896736145,0.01717531681060791,-0.828498125076294,-0.8456734418869019
Linear,5.3500000000000005,0.09822872281074524,-0.7185120582580566,0.11523538827896118,0.017006665468215942,-0.8167407512664795,-0.8337474465370178
Linear,5.4,0.09048270434141159,-0.7103679776191711,0.10729974508285522,0.016817040741443634,-0.8008506894111633,-0.8176677227020264
Linear,5.45,0.0770513266324997,-0.7039011716842651,0.09365689754486084,0.016605570912361145,-0.780952513217926,-0.797558069229126
Linear,5.5,0.05877852439880371,-0.6984133720397949,0.07515013217926025,0.016371607780456543,-0.7571918964385986,-0.7735635042190552
Linear,5.550000000000001,0.03681245446205139,-0.6929275989532471,0.05292773246765137,0.016115278005599976,-0.7297400832176208,-0.7458553314208984
Linear,5.6000000000000005,0.012533322907984257,-0.6862648725509644,0.028369903564453125,0.015836581587791443,-0.6987981796264648,-0.7146347761154175
Linear,5.65,-0.012533322907984257,-0.6771334409713745,0.0030031204223632812,0.015536443330347538,-0.664600133895874,-0.6801365613937378
Linear,5.7,-0.03681245446205139,-0.6642277240753174,-0.021596431732177734,0.015216022729873657,-0.6274152994155884,-0.6426312923431396
Linear,5.75,-0.05877852439880371,-0.6463277339935303,-0.04390150308609009,0.014877021312713623,-0.5875492095947266,-0.6024262309074402
Linear,5.800000000000001,-0.0770513266324997,-0.6223936080932617,-0.06252914667129517,0.014522179961204529,-0.5453422665596008,-0.5598644614219666
Linear,5.8500000000000005,-0.09048270434141159,-0.5916497111320496,-0.07632803916931152,0.014154665172100067,-0.5011669993400574,-0.515321671962738
Linear,5.9,-0.09822872281074524,-0.5536512136459351,-0.08445054292678833,0.01377817988395691,-0.4554224908351898,-0.46920067071914673
Linear,5.95,-0.09980267286300659,-0.5083297491073608,-0.0864056944847107,0.013396978378295898,-0.40852704644203186,-0.42192405462265015
Linear,6.0,-0.09510564804077148,-0.45601487159729004,-0.08208975195884705,0.013015896081924438,-0.36090922355651855,-0.373925119638443
Linear,6.050000000000001,-0.08443279564380646,-0.39743053913116455,-0.07179319858551025,0.012639597058296204,-0.3129977285861969,-0.3256373405456543
Linear,6.1000000000000005,-0.06845471262931824,-0.33366602659225464,-0.056181907653808594,0.012272804975509644,-0.2652113139629364,-0.27748411893844604
Linear,6.15,-0.04817536845803261,-0.26612430810928345,-0.036255598068237305,0.011919770389795303,-0.21794892847537994,-0.22986871004104614
Linear,6.2,-0.02486898936331272,-0.19645048677921295,-0.013284757733345032,0.01158423162996769,-0.17158149182796478,-0.18316572904586792
Linear,6.25,-1.2246468525851679e-16,-0.1264454424381256,0.011269092559814453,0.011269092559814453,-0.1264454424381256,-0.13771453499794006
Linear,6.300000000000001,0.02486898936331272,-0.05796950310468674,0.03584539145231247,0.010976402088999748,-0.08283849060535431,-0.0938148945569992
Linear,6.3500000000000005,0.04817536845803261,0.007157847285270691,0.0588827021420002,0.01070733368396759,-0.04101752117276192,-0.05172485485672951
Linear,6.4,0.06845471262931824,0.06725616753101349,0.07891687005758286,0.010462157428264618,-0.001198542769998312,-0.011660701595246792
Linear,6.45,0.08443279564380646,0.12087467312812805,0.09467318654060364,0.01024039089679718,0.03644188120961189,0.026201486587524414
Linear,6.5,0.09510564804077148,0.1668696403503418,0.10514654219150543,0.010040894150733948,0.07176399976015091,0.061723098158836365
Linear,6.550000000000001,0.09980267286300659,0.20446428656578064,0.10966475307941437,0.009862080216407776,0.10466160625219345,0.09479953348636627
Linear,6.6000000000000005,0.09822872281074524,0.23328708112239838,0.10793066024780273,0.009701937437057495,0.13505835831165314,0.12535642087459564
Linear,6.65,0.09048270434141159,0.253386914730072,0.10004100203514099,0.0095582976937294,0.16290421783924103,0.15334591269493103
Linear,6.7,0.0770513266324997,0.2652233839035034,0.08648024499416351,0.009428918361663818,0.18817205727100372,0.1787431389093399
Linear,6.75,0.05877852439880371,0.26963311433792114,0.06809009611606598,0.009311571717262268,0.21085457503795624,0.20154301822185516
Linear,6.800000000000001,0.03681245446205139,0.2677741050720215,0.046016499400138855,0.009204044938087463,0.2309616506099701,0.22175760567188263
Linear,6.8500000000000005,0.012533322907984257,0.2610514760017395,0.0216376930475235,0.009104370139539242,0.24851815402507782,0.239413782954216
Linear,6.9,-0.012533322907984257,0.25102871656417847,-0.0035226941108703613,0.009010628797113895,0.26356205344200134,0.25455141067504883
Linear,6.95,-0.03681245446205139,0.23933064937591553,-0.027891218662261963,0.008921235799789429,0.2761431038379669,0.2672218680381775
Linear,7.0,-0.05877852439880371,0.22754302620887756,-0.04994380474090576,0.00883471965789795,0.2863215506076813,0.2774868309497833
Linear,7.050000000000001,-0.0770513266324997,0.21711598336696625,-0.06830151379108429,0.008749812841415405,0.29416730999946594,0.28541749715805054
Linear,7.1000000000000005,-0.09048270434141159,0.20927658677101135,-0.08181720972061157,0.008665494620800018,0.29975929856300354,0.2910937964916229
Linear,7.15,-0.09822872281074524,0.2049560546875,-0.0896477997303009,0.008580923080444336,0.30318477749824524,0.2946038544178009
Linear,7.2,-0.09980267286300659,0.20473641157150269,-0.09130722284317017,0.008495450019836426,0.3045390844345093,0.29604363441467285
Linear,7.25,-0.09510564804077148,0.2088192105293274,-0.08669710159301758,0.008408546447753906,0.3039248585700989,0.29551631212234497
Linear,7.300000000000001,-0.08443279564380646,0.21701915562152863,-0.07611300051212311,0.00831979513168335,0.3014519512653351,0.29313215613365173
Linear,7.3500000000000005,-0.06845471262931824,0.22878214716911316,-0.06022563576698303,0.008229076862335205,0.2972368597984314,0.2890077829360962
Linear,7.4,-0.04817536845803261,0.24322670698165894,-0.0400390625,0.008136305958032608,0.29140207171440125,0.28326576948165894
Linear,7.45,-0.02486898936331272,0.259206622838974,-0.016827553510665894,0.008041435852646828,0.28407561779022217,0.2760341763496399
Linear,7.5,-1.4695762231022014e-16,0.27539026737213135,0.007944643497467041,0.007944643497467041,0.27539026737213135,0.2674456238746643
Linear,7.550000000000001,0.02486898936331272,0.29035186767578125,0.03271520137786865,0.007846212014555931,0.2654828727245331,0.2576366662979126
Linear,7.6000000000000005,0.04817536845803261,0.30266860127449036,0.05592162907123566,0.007746260613203049,0.25449323654174805,0.2467469722032547
Linear,7.65,0.06845471262931824,0.31101807951927185,0.07609991729259491,0.007645204663276672,0.2425633668899536,0.23491816222667694
Linear,7.7,0.08443279564380646,0.3142690360546112,0.09197616577148438,0.0075433701276779175,0.22983624041080475,0.22229287028312683
Linear,7.75,0.09510564804077148,0.3115604519844055,0.1025467962026596,0.0074411481618881226,0.21645478904247284,0.2090136557817459
Linear,7.800000000000001,0.09980267286300659,0.30236345529556274,0.10714155435562134,0.007338881492614746,0.20256079733371735,0.1952219009399414
Linear,7.8500000000000005,0.09822872281074524,0.28652238845825195,0.10546575486660004,0.007237032055854797,0.1882936656475067,0.18105663359165192
Linear,7.9,0.09048270434141159,0.26427212357521057,0.09761862456798553,0.007135920226573944,0.17378942668437958,0.16665349900722504
Linear,7.95,0.0770513266324997,0.23623092472553253,0.08408722281455994,0.007035896182060242,0.15917959809303284,0.1521437019109726
Linear,8.0,0.05877852439880371,0.2033688873052597,0.06571580469608307,0.006937280297279358,0.144590362906456,0.13765308260917664
Linear,8.05,0.03681245446205139,0.16695407032966614,0.04365277290344238,0.006840318441390991,0.13014161586761475,0.12330129742622375
Linear,8.1,0.012533322907984257,0.12847961485385895,0.01927856355905533,0.006745240651071072,0.11594628542661667,0.10920105129480362
Linear,8.15,-0.012533322907984257,0.08957640826702118,-0.005881093442440033,0.006652229465544224,0.10210973024368286,0.09545750170946121
Linear,8.200000000000001,-0.03681245446205139,0.051916785538196564,-0.03025103360414505,0.0065614208579063416,0.08872924000024796,0.08216781914234161
Linear,8.25,-0.05877852439880371,0.01711517572402954,-0.05230565369129181,0.006472870707511902,0.07589370012283325,0.06942082941532135
Linear,8.3,-0.0770513266324997,-0.013367921113967896,-0.07066468149423599,0.006386645138263702,0.0636834055185318,0.0572967603802681
Linear,8.35,-0.09048270434141159,-0.03831280395388603,-0.08417998254299164,0.006302721798419952,0.05216990038752556,0.045867182314395905
Linear,8.4,-0.09822872281074524,-0.05681268870830536,-0.09200765937566757,0.006221063435077667,0.04141603410243988,0.03519497066736221
Linear,8.450000000000001,-0.09980267286300659,-0.0683266669511795,-0.09366105496883392,0.0061416178941726685,0.03147600591182709,0.025334391742944717
Linear,8.5,-0.09510564804077148,-0.07271009683609009,-0.08904137462377548,0.006064273416996002,0.022395551204681396,0.016331275925040245
Linear,8.55,-0.08443279564380646,-0.07022063434123993,-0.07844385504722595,0.005988940596580505,0.014212164096534252,0.008223224431276321
Linear,8.6,-0.06845471262931824,-0.06149933114647865,-0.0625392347574234,0.005915477871894836,0.00695538055151701,0.0010399003513157368
Linear,8.65,-0.04817536845803261,-0.04752826318144798,-0.04233160242438316,0.005843766033649445,0.0006471064407378435,-0.005196659825742245
Linear,8.700000000000001,-0.02486898936331272,-0.029567018151283264,-0.019095323979854584,0.0057736653834581375,-0.004698027856647968,-0.01047169417142868
Linear,8.75,-1.714505461270337e-16,-0.009072287939488888,0.005705047398805618,0.005705047398805618,-0.009072287939488888,-0.014777335338294506
Linear,8.8,0.02486898936331272,0.012394553981721401,0.030506767332553864,0.005637777969241142,-0.01247443538159132,-0.018112214282155037
Linear,8.85,0.04817536845803261,0.033266060054302216,0.053747110068798065,0.005571741610765457,-0.014909306541085243,-0.02048105001449585
Linear,8.9,0.06845471262931824,0.05206731706857681,0.073961541056633,0.005506828427314758,-0.016387393698096275,-0.021894220262765884
Linear,8.950000000000001,0.08443279564380646,0.06750838458538055,0.0898757204413414,0.005442924797534943,-0.016924407333135605,-0.022367337718605995
Linear,9.0,0.09510564804077148,0.07856480777263641,0.10048560798168182,0.005379959940910339,-0.01654083840548992,-0.02192080393433571
Linear,9.05,0.09980267286300659,0.08454117178916931,0.10512053966522217,0.005317866802215576,-0.015261503867805004,-0.020579364150762558
Linear,9.1,0.09822872281074524,0.08511361479759216,0.10348527878522873,0.00525655597448349,-0.013115105219185352,-0.018371662124991417
Linear,9.15,0.09048270434141159,0.08034893870353699,0.09567871689796448,0.005196012556552887,-0.010133769363164902,-0.015329774469137192
Linear,9.200000000000001,0.0770513266324997,0.07069872319698334,0.08218748867511749,0.005136162042617798,-0.006352601107209921,-0.011488767340779305
Linear,9.25,0.05877852439880371,0.05696931108832359,0.06385554373264313,0.0050770193338394165,-0.0018092140089720488,-0.006886232178658247
Linear,9.3,0.03681245446205139,0.040269166231155396,0.04183099791407585,0.00501854345202446,0.003456712234765291,-0.0015618331963196397
Linear,9.35,0.012533322907984257,0.021937211975455284,0.017494067549705505,0.004960744641721249,0.009403889067471027,0.004443145357072353
Linear,9.4,-0.012533322907984257,0.0034565394744277,-0.007629710249602795,0.004903612658381462,0.015989862382411957,0.011086249724030495
Linear,9.450000000000001,-0.03681245446205139,-0.013641005381941795,-0.03196529299020767,0.0048471614718437195,0.023171449080109596,0.018324287608265877
Linear,9.5,-0.05877852439880371,-0.027873357757925987,-0.05398711562156677,0.0047914087772369385,0.030905166640877724,0.026113759726285934
Linear,9.55,-0.0770513266324997,-0.03790369629859924,-0.07231497019529343,0.004736356437206268,0.03914763033390045,0.03441127389669418
Linear,9.600000000000001,-0.09048270434141159,-0.04262673109769821,-0.0858006700873375,0.004682034254074097,0.04785597324371338,0.04317393898963928
Linear,9.65,-0.09822872281074524,-0.04124053567647934,-0.09360026568174362,0.004628457129001617,0.0569881871342659,0.05235973000526428
Linear,9.700000000000001,-0.09980267286300659,-0.03329917788505554,-0.09522703289985657,0.004575639963150024,0.06650349497795105,0.06192785128951073
Linear,9.75,-0.09510564804077148,-0.01874300092458725,-0.09058205038309097,0.0045235976576805115,0.07636264711618423,0.07183904945850372
Linear,9.8,-0.08443279564380646,0.002095460891723633,-0.07996045053005219,0.0044723451137542725,0.08652825653553009,0.08205591142177582
Linear,9.850000000000001,-0.06845471262931824,0.028510302305221558,-0.06403284519910812,0.0044218674302101135,0.0969650149345398,0.09254314750432968
Linear,9.9,-0.04817536845803261,0.05946462228894234,-0.04380316659808159,0.004372201859951019,0.10763999074697495,0.10326778888702393
Linear,9.950000000000001,-0.02486898936331272,0.09365378320217133,-0.02054564654827118,0.004323342815041542,0.1185227707028389,0.1141994297504425
Linear,10.0,-1.9594348317873706e-16,0.12958568334579468,0.004275292158126831,0.004275292158126831,0.12958568334579468,0.12531039118766785
Linear,10.05,0.02486898936331272,0.16567286849021912,0.029097050428390503,0.004228061065077782,0.14080387353897095,0.1365758180618286
Linear,10.100000000000001,0.04817536845803261,0.20033082365989685,0.05235694348812103,0.004181575030088425,0.15215545892715454,0.14797388017177582
Linear,10.15,0.06845471262931824,0.23207634687423706,0.07259060442447662,0.004135891795158386,0.16362163424491882,0.15948574244976044
Linear,10.200000000000001,0.08443279564380646,0.25961944460868835,0.0885237604379654,0.0040909647941589355,0.1751866489648819,0.17109568417072296
Linear,10.25,0.09510564804077148,0.28194355964660645,0.09915241599082947,0.004046767950057983,0.18683791160583496,0.18279114365577698
Linear,10.3,0.09980267286300659,0.2983686327934265,0.10380598902702332,0.004003316164016724,0.19856595993041992,0.1945626437664032
Linear,10.350000000000001,0.09822872281074524,0.30859309434890747,0.10218927264213562,0.003960549831390381,0.21036437153816223,0.20640382170677185
Linear,10.4,0.09048270434141159,0.31271255016326904,0.09440116584300995,0.003918461501598358,0.22222985327243805,0.2183113843202591
Linear,10.450000000000001,0.0770513266324997,0.3112133741378784,0.08092834055423737,0.003877013921737671,0.23416206240653992,0.23028503358364105
Linear,10.5,0.05877852439880371,0.30494213104248047,0.06261475384235382,0.00383622944355011,0.24616362154483795,0.24232737720012665
Linear,10.55,0.03681245446205139,0.2950524091720581,0.04060852527618408,0.0037960708141326904,0.2582399547100067,0.254443883895874
Linear,10.600000000000001,0.012533322907984257,0.2829325199127197,0.01628977060317993,0.003756447695195675,0.27039918303489685,0.2666427493095398
Linear,10.65,-0.012533322907984257,0.27011874318122864,-0.008815973997116089,0.003717348910868168,0.2826520800590515,0.2789347171783447
Linear,10.700000000000001,-0.03681245446205139,0.2581995129585266,-0.03313359618186951,0.0036788582801818848,0.295011967420578,0.2913331091403961
Linear,10.75,-0.05877852439880371,0.24871590733528137,-0.05513766407966614,0.0036408603191375732,0.3074944317340851,0.3038535714149475
Linear,10.8,-0.0770513266324997,0.24306605756282806,-0.07344795763492584,0.0036033689975738525,0.32011738419532776,0.3165140151977539
Linear,10.850000000000001,-0.09048270434141159,0.2424180507659912,-0.08691635727882385,0.003566347062587738,0.3329007625579834,0.32933440804481506
Linear,10.9,-0.09822872281074524,0.24763771891593933,-0.0946989357471466,0.003529787063598633,0.34586644172668457,0.34233665466308594
Linear,10.950000000000001,-0.09980267286300659,0.2592354714870453,-0.09630897641181946,0.003493696451187134,0.3590381443500519,0.35554444789886475
Linear,11.0,-0.09510564804077148,0.2773355543613434,-0.09164765477180481,0.003457993268966675,0.37244120240211487,0.3689832091331482
Linear,11.05,-0.08443279564380646,0.30166977643966675,-0.08100998401641846,0.0034228116273880005,0.386102557182312,0.3826797604560852
Linear,11.100000000000001,-0.06845471262931824,0.33159562945365906,-0.06506669521331787,0.003388017416000366,0.4000503420829773,0.39666232466697693
Linear,11.15,-0.04817536845803261,0.36613863706588745,-0.044821739196777344,0.0033536292612552643,0.41431400179862976,0.4109603762626648
Linear,11.200000000000001,-0.02486898936331272,0.40405502915382385,-0.021549373865127563,0.0033196154981851578,0.428924024105072,0.4256044030189514
Linear,11.25,-2.2043642023044041e-16,0.4439117908477783,0.003286033868789673,0.003286033868789673,0.4439117908477783,0.44062575697898865
Linear,11.3,0.02486898936331272,0.48417845368385315,0.02812179923057556,0.0032528098672628403,0.459309458732605,0.4560566544532776
Linear,11.350000000000001,0.04817536845803261,0.5233251452445984,0.051395416259765625,0.003220047801733017,0.4751497805118561,0.47192972898483276
Linear,11.4,0.06845471262931824,0.559920608997345,0.07164236903190613,0.0031876564025878906,0.49146589636802673,0.48827823996543884
Linear,11.450000000000001,0.08443279564380646,0.5927240252494812,0.08758842945098877,0.003155633807182312,0.5082912445068359,0.5051355957984924
Linear,11.5,0.09510564804077148,0.620765209197998,0.09822970628738403,0.003124058246612549,0.5256595611572266,0.522535502910614
Linear,11.55,0.09980267286300659,0.6434069275856018,0.10289549827575684,0.003092825412750244,0.5436042547225952,0.540511429309845
Linear,11.600000000000001,0.09822872281074524,0.660387396812439,0.10129064321517944,0.003061920404434204,0.5621586441993713,0.5590967535972595
Linear,11.65,0.09048270434141159,0.6718384027481079,0.09351396560668945,0.0030312612652778625,0.5813556909561157,0.5783244371414185
Linear,11.700000000000001,0.0770513266324997,0.6782790422439575,0.0800524353981018,0.003001108765602112,0.6012277007102966,0.5982266068458557
Linear,11.75,0.05877852439880371,0.6805847883224487,0.061749815940856934,0.0029712915420532227,0.621806263923645,0.6188349723815918
Linear,11.8,0.03681245446205139,0.6799342632293701,0.03975415229797363,0.002941697835922241,0.6431217789649963,0.6401801109313965
Linear,11.850000000000001,0.012533322907984257,0.677736759185791,0.01544564962387085,0.002912326715886593,0.6652034521102905,0.6622911095619202
Linear,11.9,-0.012533322907984257,0.6755457520484924,-0.009650051593780518,0.002883271314203739,0.6880790591239929,0.685195803642273
Linear,11.950000000000001,-0.03681245446205139,0.6749621629714966,-0.03395789861679077,0.00285455584526062,0.7117745876312256,0.7089200615882874
Linear,12.0,-0.05877852439880371,0.6775352358818054,-0.05595266819000244,0.0028258562088012695,0.7363137602806091,0.7334879040718079
Linear,12.05,-0.0770513266324997,0.6846666932106018,-0.07425403594970703,0.0027972906827926636,0.7617180347442627,0.7589207291603088
Linear,12.100000000000001,-0.09048270434141159,0.6975234150886536,-0.08771377801895142,0.0027689263224601746,0.7880061268806458,0.785237193107605
Linear,12.15,-0.09822872281074524,0.7169647216796875,-0.09548825025558472,0.0027404725551605225,0.8151934742927551,0.8124529719352722
Linear,12.200000000000001,-0.09980267286300659,0.7434895634651184,-0.0970907211303711,0.002711951732635498,0.843292236328125,0.8405802845954895
Linear,12.25,-0.09510564804077148,0.7772049307823181,-0.09242230653762817,0.0026833415031433105,0.8723105788230896,0.8696272373199463
Linear,12.3,-0.08443279564380646,0.8178195953369141,-0.08177822828292847,0.0026545673608779907,0.9022523760795593,0.8995978236198425
Linear,12.350000000000001,-0.06845471262931824,0.8646621704101562,-0.06582909822463989,0.0026256144046783447,0.9331169128417969,0.9304912686347961
Linear,12.4,-0.04817536845803261,0.9167225360870361,-0.04557907581329346,0.002596292644739151,0.9648979306221008,0.9623016119003296
Linear,12.450000000000001,-0.02486898936331272,0.9727151393890381,-0.022302329540252686,0.0025666598230600357,0.9975841045379639,0.9950174689292908
Linear,12.5,-2.4492937051703357e-16,1.0311577320098877,0.0025364160537719727,0.0025364160537719727,1.0311577320098877,1.0286213159561157
Linear,12.55,0.02486898936331272,1.0904642343521118,0.0273745059967041,0.0025055166333913803,1.065595269203186,1.0630897283554077
Linear,12.600000000000001,0.04817536845803261,1.149042010307312,0.05064952373504639,0.0024741552770137787,1.100866675376892,1.0983924865722656
Linear,12.65,0.06845471262931824,1.205389380455017,0.07089674472808838,0.0024420320987701416,1.1369346380233765,1.1344926357269287
Linear,12.700000000000001,0.08443279564380646,1.2581883668899536,0.08684182167053223,0.002409026026725769,1.1737555265426636,1.1713465452194214
Linear,12.75,0.09510564804077148,1.3063840866088867,0.09748077392578125,0.0023751258850097656,1.2112784385681152,1.2089033126831055
Linear,12.8,0.09980267286300659,1.3492484092712402,0.10214293003082275,0.002340257167816162,1.2494457960128784,1.2471054792404175
Linear,12.850000000000001,0.09822872281074524,1.3864219188690186,0.10053324699401855,0.0023045241832733154,1.2881932258605957,1.285888671875
Linear,12.9,0.09048270434141159,1.4179331064224243,0.09275054931640625,0.0022678449749946594,1.3274503946304321,1.325182557106018
Linear,12.950000000000001,0.0770513266324997,1.444191813468933,0.07928144931793213,0.002230122685432434,1.367140531539917,1.364910364151001
Linear,13.0,0.05877852439880371,1.465960144996643,0.06096982955932617,0.002191305160522461,1.4071816205978394,1.404990315437317
Linear,13.05,0.03681245446205139,1.484299659729004,0.038964152336120605,0.002151697874069214,1.447487235069275,1.4453355073928833
Linear,13.100000000000001,0.012533322907984257,1.5004997253417969,0.014644384384155273,0.0021110614761710167,1.4879664182662964,1.4858553409576416
Linear,13.15,-0.012533322907984257,1.5159919261932373,-0.010463714599609375,0.0020696083083748817,1.5285252332687378,1.5264556407928467
Linear,13.200000000000001,-0.03681245446205139,1.5322550535202026,-0.03478503227233887,0.0020274221897125244,1.5690674781799316,1.5670400857925415
Linear,13.25,-0.05877852439880371,1.550716757774353,-0.056794166564941406,0.0019843578338623047,1.6094952821731567,1.6075109243392944
Linear,13.3,-0.0770513266324997,1.572658896446228,-0.07511091232299805,0.001940414309501648,1.6497101783752441,1.647769808769226
Linear,13.350000000000001,-0.09048270434141159,1.5991313457489014,-0.08858692646026611,0.0018957778811454773,1.6896140575408936,1.6877182722091675
Linear,13.4,-0.09822872281074524,1.6308813095092773,-0.09637796878814697,0.0018507540225982666,1.7291100025177002,1.7272592782974243
Linear,13.450000000000001,-0.09980267286300659,1.6683003902435303,-0.09799730777740479,0.0018053650856018066,1.768103003501892,1.766297698020935
Linear,13.5,-0.09510564804077148,1.7113946676254272,-0.0933462381362915,0.0017594099044799805,1.8065003156661987,1.8047409057617188
Linear,13.55,-0.08443279564380646,1.7597801685333252,-0.08271932601928711,0.0017134696245193481,1.8442130088806152,1.8424994945526123
Linear,13.600000000000001,-0.06845471262931824,1.8127003908157349,-0.0667872428894043,0.0016674697399139404,1.8811551332473755,1.8794876337051392
Linear,13.65,-0.04817536845803261,1.869070053100586,-0.046553850173950195,0.0016215182840824127,1.9172453880310059,1.9156239032745361
Linear,13.700000000000001,-0.02486898936331272,1.9275376796722412,-0.023293614387512207,0.0015753749758005142,1.952406644821167,1.9508312940597534
Linear,13.75,-9.799650274469694e-16,1.9865666627883911,0.0015295743942260742,0.0015295743942260742,1.9865666627883911,1.985037088394165
Linear,13.8,0.02486898936331272,2.0445265769958496,0.026353120803833008,0.0014841314405202866,2.019657611846924,2.0181734561920166
Linear,13.850000000000001,0.04817536845803261,2.099792003631592,0.04961442947387695,0.001439061015844345,2.051616668701172,2.050177574157715
Linear,13.9,0.06845471262931824,2.1508407592773438,0.06984949111938477,0.0013947784900665283,2.082386016845703,2.080991268157959
Linear,13.950000000000001,0.08443279564380646,2.1963448524475098,0.08578348159790039,0.001350685954093933,2.1119120121002197,2.1105613708496094
Linear,14.0,0.09510564804077148,2.235250949859619,0.09641265869140625,0.0013070106506347656,2.1401453018188477,2.138838291168213
Linear,14.05,0.09980267286300659,2.2668445110321045,0.10106706619262695,0.0012643933296203613,2.167041778564453,2.1657774448394775
Linear,14.100000000000001,0.09822872281074524,2.290788412094116,0.09945130348205566,0.0012225806713104248,2.1925597190856934,2.1913371086120605
Linear,14.15,0.09048270434141159,2.3071448802948,0.09166431427001953,0.0011816099286079407,2.2166621685028076,2.2154805660247803
Linear,14.200000000000001,0.0770513266324997,2.316365957260132,0.07819247245788574,0.0011411458253860474,2.239314556121826,2.238173484802246
Linear,14.25,0.05877852439880371,2.3192644119262695,0.05988001823425293,0.0011014938354492188,2.260485887527466,2.2593843936920166
Linear,14.3,0.03681245446205139,2.316960096359253,0.03787565231323242,0.0010631978511810303,2.2801475524902344,2.2790844440460205
Linear,14.350000000000001,0.012533322907984257,2.3108062744140625,0.013559103012084961,0.0010257801041007042,2.2982728481292725,2.2972471714019775
Linear,14.4,-0.012533322907984257,2.3023033142089844,-0.011544227600097656,0.0009890953078866005,2.3148367404937744,2.313847541809082
Linear,14.450000000000001,-0.03681245446205139,2.2930030822753906,-0.0358586311340332,0.0009538233280181885,2.329815626144409,2.328861713409424
Linear,14.5,-0.05877852439880371,2.2844078540802,-0.057859182357788086,0.000919342041015625,2.343186378479004,2.3422670364379883
Linear,14.55,-0.0770513266324997,2.2778754234313965,-0.07616591453552246,0.0008854120969772339,2.354926824569702,2.354041337966919
Linear,14.600000000000001,-0.09048270434141159,2.2745320796966553,-0.0896298885345459,0.0008528158068656921,2.3650147914886475,2.364161968231201
Linear,14.65,-0.09822872281074524,2.2751989364624023,-0.09740757942199707,0.0008211433887481689,2.373427629470825,2.3726065158843994
Linear,14.700000000000001,-0.09980267286300659,2.280339479446411,-0.09901213645935059,0.0007905364036560059,2.3801422119140625,2.3793516159057617
Linear,14.75,-0.09510564804077148,2.2900280952453613,-0.0943446159362793,0.0007610321044921875,2.385133743286133,2.3843727111816406
Linear,14.8,-0.08443279564380646,2.303943157196045,-0.08370041847229004,0.0007323771715164185,2.388375997543335,2.387643575668335
Linear,14.850000000000001,-0.06845471262931824,2.3213863372802734,-0.06775021553039551,0.0007044970989227295,2.389841079711914,2.389136552810669
Linear,14.9,-0.04817536845803261,2.341322898864746,-0.04749774932861328,0.0006776191294193268,2.389498233795166,2.3888206481933594
Linear,14.950000000000001,-0.02486898936331272,2.36244535446167,-0.02421712875366211,0.0006518606096506119,2.3873143196105957,2.386662483215332
Linear,15.0,-2.939152446204403e-16,2.3832523822784424,0.0006268024444580078,0.0006268024444580078,2.3832523822784424,2.3826255798339844
Linear,15.05,0.02486898936331272,2.4021408557891846,0.02547168731689453,0.00060269795358181,2.377271890640259,2.37666916847229
Linear,15.100000000000001,0.04817536845803261,2.4175028800964355,0.04875445365905762,0.0005790852010250092,2.3693275451660156,2.368748426437378
Linear,15.15,0.06845471262931824,2.4278249740600586,0.06901144981384277,0.0005567371845245361,2.359370231628418,2.358813524246216
Linear,15.200000000000001,0.08443279564380646,2.431777238845825,0.08496809005737305,0.0005352944135665894,2.347344398498535,2.346809148788452
Linear,15.25,0.09510564804077148,2.428295135498047,0.09561991691589355,0.0005142688751220703,2.3331894874572754,2.3326752185821533
Linear,15.3,0.09980267286300659,2.4166407585144043,0.1002967357635498,0.0004940629005432129,2.316838026046753,2.3163440227508545
Linear,15.350000000000001,0.09822872281074524,2.39644455909729,0.09870314598083496,0.0004744231700897217,2.298215866088867,2.297741413116455
Linear,15.4,0.09048270434141159,2.3677237033843994,0.09093856811523438,0.0004558637738227844,2.2772409915924072,2.276785135269165
Linear,15.450000000000001,0.0770513266324997,2.3308746814727783,0.07748937606811523,0.00043804943561553955,2.2538232803344727,2.253385305404663
Linear,15.5,0.05877852439880371,2.2866430282592773,0.05919957160949707,0.0004210472106933594,2.2278645038604736,2.2274434566497803
Linear,15.55,0.03681245446205139,2.2360692024230957,0.037217140197753906,0.00040468573570251465,2.199256658554077,2.198852062225342
Linear,15.600000000000001,0.012533322907984257,2.180415630340576,0.012922286987304688,0.00038896407932043076,2.167882204055786,2.1674933433532715
Linear,15.65,-0.012533322907984257,2.1210806369781494,-0.012160062789916992,0.00037326011806726456,2.1336140632629395,2.1332406997680664
Linear,15.700000000000001,-0.03681245446205139,2.0595033168792725,-0.0364534854888916,0.00035896897315979004,2.096315860748291,2.095956802368164
Linear,15.75,-0.05877852439880371,1.9970622062683105,-0.05843400955200195,0.0003445148468017578,2.0558407306671143,2.0554962158203125
Linear,15.8,-0.0770513266324997,1.9349831342697144,-0.07672059535980225,0.00033073127269744873,2.0120344161987305,2.0117037296295166
Linear,15.850000000000001,-0.09048270434141159,1.8742514848709106,-0.09016549587249756,0.000317208468914032,1.9647341966629028,1.9644169807434082
Linear,15.9,-0.09822872281074524,1.8155443668365479,-0.0979241132736206,0.0003046095371246338,1.9137730598449707,1.9134684801101685
Linear,15.950000000000001,-0.09980267286300659,1.759178638458252,-0.0995105504989624,0.00029212236404418945,1.8589813709259033,1.8586891889572144
Linear,16.0,-0.09510564804077148,1.7050867080688477,-0.09482550621032715,0.00028014183044433594,1.8001923561096191,1.7999122142791748
Linear,16.05,-0.08443279564380646,1.6528160572052002,-0.08416438102722168,0.00026841461658477783,1.7372488975524902,1.7369804382324219
Linear,16.1,-0.06845471262931824,1.6015567779541016,-0.06819760799407959,0.00025710463523864746,1.6700115203857422,1.6697543859481812
Linear,16.150000000000002,-0.04817536845803261,1.550194501876831,-0.04792928695678711,0.00024608150124549866,1.598369836807251,1.5981237888336182
Linear,16.2,-0.02486898936331272,1.4973878860473633,-0.02463388442993164,0.00023510493338108063,1.522256851196289,1.522021770477295
Linear,16.25,3.921345646758684e-16,1.4416669607162476,0.0002244710922241211,0.0002244710922241211,1.4416669607162476,1.4414424896240234
Linear,16.3,0.02486898936331272,1.3815441131591797,0.025082945823669434,0.00021395646035671234,1.356675148010254,1.3564611673355103
Linear,16.35,0.04817536845803261,1.3156358003616333,0.048378825187683105,0.00020345672965049744,1.2674604654312134,1.2672569751739502
Linear,16.400000000000002,0.06845471262931824,1.2427841424942017,0.06864798069000244,0.0001932680606842041,1.174329400062561,1.1741361618041992
Linear,16.45,0.08443279564380646,1.162169337272644,0.08461582660675049,0.00018303096294403076,1.077736496925354,1.0775535106658936
Linear,16.5,0.09510564804077148,1.0734056234359741,0.09527850151062012,0.0001728534698486328,0.9782999753952026,0.978127121925354
Linear,16.55,0.09980267286300659,0.9766086935997009,0.09996527433395386,0.00016260147094726562,0.8768060207366943,0.8766434192657471
Linear,16.6,0.09822872281074524,0.87242591381073,0.0983811616897583,0.00015243887901306152,0.7741972208023071,0.7740447521209717
Linear,16.650000000000002,0.09048270434141159,0.7620238065719604,0.09062516689300537,0.00014246255159378052,0.6715410947799683,0.6713986396789551
Linear,16.7,0.0770513266324997,0.6470305323600769,0.07718390226364136,0.0001325756311416626,0.569979190826416,0.5698466300964355
Linear,16.75,0.05877852439880371,0.5294400453567505,0.05890163779258728,0.00012311339378356934,0.47066155076026917,0.4705384075641632
Linear,16.8,0.03681245446205139,0.41148847341537476,0.03692668676376343,0.00011423230171203613,0.37467601895332336,0.37456178665161133
Linear,16.85,0.012533322907984257,0.29551956057548523,0.012639373540878296,0.00010605063289403915,0.28298622369766235,0.28288018703460693
Linear,16.900000000000002,-0.012533322907984257,0.18385514616966248,-0.012434706091880798,9.86168161034584e-05,0.19638846814632416,0.19628985226154327
Linear,16.95,-0.03681245446205139,0.07868099212646484,-0.036720387637615204,9.206682443618774e-05,0.11549344658851624,0.11540137976408005
Linear,17.0,-0.05877852439880371,-0.018047288060188293,-0.05869216099381447,8.636340498924255e-05,0.04073123633861542,0.040644872933626175
Linear,17.05,-0.0770513266324997,-0.10467775911092758,-0.07696982473134995,8.150190114974976e-05,-0.027626432478427887,-0.027707934379577637
Linear,17.1,-0.09048270434141159,-0.17991796135902405,-0.09040527790784836,7.742643356323242e-05,-0.08943524956703186,-0.08951268345117569
Linear,17.150000000000002,-0.09822872281074524,-0.24287453293800354,-0.09815461933612823,7.41034746170044e-05,-0.1446458101272583,-0.1447199136018753
Linear,17.2,-0.09980267286300659,-0.2930770516395569,-0.09973129630088806,7.137656211853027e-05,-0.1932743638753891,-0.19334575533866882
Linear,17.25,-0.09510564804077148,-0.33048486709594727,-0.09503643214702606,6.921589374542236e-05,-0.23537923395633698,-0.2354484349489212
Linear,17.3,-0.08443279564380646,-0.3554763197898865,-0.0843653678894043,6.742775440216064e-05,-0.2710435390472412,-0.2711109519004822
Linear,17.35,-0.06845471262931824,-0.36881810426712036,-0.06838870048522949,6.601214408874512e-05,-0.3003633916378021,-0.30042940378189087
Linear,17.400000000000002,-0.04817536845803261,-0.3716164529323578,-0.04811045527458191,6.491318345069885e-05,-0.3234410881996155,-0.3235059976577759
Linear,17.45,-0.02486898936331272,-0.3652507960796356,-0.02480494976043701,6.403960287570953e-05,-0.34038180112838745,-0.3404458463191986
Linear,17.5,-3.429010922540674e-16,-0.35129332542419434,6.335973739624023e-05,6.335973739624023e-05,-0.35129332542419434,-0.3513566851615906
Linear,17.55,0.02486898936331272,-0.3314187228679657,0.024931758642196655,6.276927888393402e-05,-0.35628771781921387,-0.35635048151016235
Linear,17.6,0.04817536845803261,-0.30730924010276794,0.04823765158653259,6.228312849998474e-05,-0.35548460483551025,-0.35554689168930054
Linear,17.650000000000002,0.06845471262931824,-0.2805611193180084,0.06851652264595032,6.181001663208008e-05,-0.34901583194732666,-0.34907764196395874
Linear,17.7,0.08443279564380646,-0.252597451210022,0.08449411392211914,6.13182783126831e-05,-0.33703023195266724,-0.3370915651321411
Linear,17.75,0.09510564804077148,-0.2245936095714569,0.09516647458076477,6.082653999328613e-05,-0.3196992576122284,-0.3197600841522217
Linear,17.8,0.09980267286300659,-0.19741928577423096,0.0998629629611969,6.029009819030762e-05,-0.29722195863723755,-0.29728224873542786
Linear,17.85,0.09822872281074524,-0.17160063982009888,0.09828841686248779,5.969405174255371e-05,-0.2698293626308441,-0.26988905668258667
Linear,17.900000000000002,0.09048270434141159,-0.14730486273765564,0.0905417650938034,5.9060752391815186e-05,-0.23778757452964783,-0.23784662783145905
Linear,17.95,0.0770513266324997,-0.1243475079536438,0.0771096795797348,5.835294723510742e-05,-0.2013988345861435,-0.2014571875333786
Linear,18.0,0.05877852439880371,-0.10222169756889343,0.058836132287979126,5.760788917541504e-05,-0.16100022196769714,-0.16105782985687256
Linear,18.05,0.03681245446205139,-0.080147385597229,0.036869294941425323,5.6840479373931885e-05,-0.1169598400592804,-0.11701668053865433
Linear,18.1,0.012533322907984257,-0.05713667720556259,0.012589380145072937,5.605723708868027e-05,-0.06966999918222427,-0.06972605735063553
Linear,18.150000000000002,-0.012533322907984257,-0.032071661204099655,-0.012478057295084,5.526561290025711e-05,-0.019538339227437973,-0.019593603909015656
Linear,18.2,-0.03681245446205139,-0.0037896335124969482,-0.03675796836614609,5.4486095905303955e-05,0.03302282094955444,0.03296833485364914
Linear,18.25,-0.05877852439880371,0.028829187154769897,-0.0587247833609581,5.374103784561157e-05,0.08760771155357361,0.087553970515728
Linear,18.3,-0.0770513266324997,0.06677655875682831,-0.07699829339981079,5.303323268890381e-05,0.143827885389328,0.1437748521566391
Linear,18.35,-0.09048270434141159,0.11083891242742538,-0.09043032675981522,5.237758159637451e-05,0.20132161676883698,0.2012692391872406
Linear,18.400000000000002,-0.09822872281074524,0.1615322232246399,-0.09817692637443542,5.179643630981445e-05,0.25976094603538513,0.2597091495990753
Linear,18.45,-0.09980267286300659,0.2190534770488739,-0.09975141286849976,5.125999450683594e-05,0.3188561499118805,0.31880488991737366
Linear,18.5,-0.09510564804077148,0.28325188159942627,-0.09505483508110046,5.081295967102051e-05,0.37835752964019775,0.37830671668052673
Linear,18.55,-0.08443279564380646,0.3536220192909241,-0.08438241481781006,5.0380825996398926e-05,0.4380548298358917,0.43800443410873413
Linear,18.6,-0.06845471262931824,0.4293198883533478,-0.06840461492538452,5.009770393371582e-05,0.497774600982666,0.4977245032787323
Linear,18.650000000000002,-0.04817536845803261,0.509200930595398,-0.04812556505203247,4.980340600013733e-05,0.5573763251304626,0.5573264956474304
Linear,18.7,-0.02486898936331272,0.5918789505958557,-0.024819254875183105,4.9734488129615784e-05,0.6167479157447815,0.6166982054710388
Linear,18.75,-1.0779367756537828e-15,0.6758004426956177,4.9591064453125e-05,4.9591064453125e-05,0.6758004426956177,0.6757508516311646
Linear,18.8,0.02486898936331272,0.7593323588371277,0.024918317794799805,4.9328431487083435e-05,0.7344633936882019,0.7344140410423279
Linear,18.85,0.04817536845803261,0.8408558368682861,0.04822450876235962,4.914030432701111e-05,0.7926804423332214,0.7926313281059265
Linear,18.900000000000002,0.06845471262931824,0.9188598394393921,0.06850367784500122,4.89652156829834e-05,0.8504051566123962,0.8503561615943909
Linear,18.95,0.08443279564380646,0.9920302033424377,0.08448153734207153,4.8741698265075684e-05,0.9075974225997925,0.9075486660003662
Linear,19.0,0.09510564804077148,1.0593266487121582,0.09515410661697388,4.845857620239258e-05,0.9642210602760315,0.9641725420951843
Linear,19.05,0.09980267286300659,1.1200439929962158,0.09985101222991943,4.83393669128418e-05,1.0202412605285645,1.0201929807662964
Linear,19.1,0.09822872281074524,1.1738518476486206,0.09827673435211182,4.801154136657715e-05,1.0756231546401978,1.0755751132965088
Linear,19.150000000000002,0.09048270434141159,1.2208131551742554,0.0905303955078125,4.7691166400909424e-05,1.1303304433822632,1.1302827596664429
Linear,19.200000000000003,0.0770513266324997,1.261376142501831,0.07709860801696777,4.728138446807861e-05,1.184324860572815,1.1842775344848633
Linear,19.25,0.05877852439880371,1.2963441610336304,0.05882561206817627,4.7087669372558594e-05,1.2375656366348267,1.237518548965454
Linear,19.3,0.03681245446205139,1.3268216848373413,0.03685927391052246,4.6819448471069336e-05,1.2900092601776123,1.2899624109268188
Linear,19.35,0.012533322907984257,1.3541432619094849,0.012579798698425293,4.6475790441036224e-05,1.3416099548339844,1.3415634632110596
Linear,19.400000000000002,-0.012533322907984257,1.3797863721847534,-0.012487292289733887,4.6030618250370026e-05,1.392319679260254,1.3922736644744873
Linear,19.450000000000003,-0.03681245446205139,1.4052761793136597,-0.036767005920410156,4.544854164123535e-05,1.4420886039733887,1.4420431852340698
Linear,19.5,-0.05877852439880371,1.4320874214172363,-0.05873370170593262,4.482269287109375e-05,1.49086594581604,1.490821123123169
Linear,19.55,-0.0770513266324997,1.4615488052368164,-0.07700717449188232,4.4152140617370605e-05,1.5386000871658325,1.5385559797286987
Linear,19.6,-0.09048270434141159,1.4947564601898193,-0.0904393196105957,4.338473081588745e-05,1.5852391719818115,1.585195779800415
Linear,19.650000000000002,-0.09822872281074524,1.532503604888916,-0.09818613529205322,4.25875186920166e-05,1.6307322978973389,1.6306897401809692
Linear,19.700000000000003,-0.09980267286300659,1.5752265453338623,-0.09976065158843994,4.202127456665039e-05,1.6750291585922241,1.6749871969223022
Linear,19.75,-0.09510564804077148,1.6229751110076904,-0.09506440162658691,4.124641418457031e-05,1.718080759048462,1.7180395126342773
Linear,19.8,-0.08443279564380646,1.6754074096679688,-0.08439254760742188,4.024803638458252e-05,1.7598402500152588,1.7597999572753906
Linear,19.85,-0.06845471262931824,1.731808066368103,-0.06841540336608887,3.930926322937012e-05,1.8002628087997437,1.800223469734192
Linear,19.900000000000002,-0.04817536845803261,1.7911306619644165,-0.04813694953918457,3.841891884803772e-05,1.8393059968948364,1.839267611503601
Linear,19.950000000000003,-0.02486898936331272,1.8520610332489014,-0.024831652641296387,3.7336722016334534e-05,1.8769299983978271,1.8768926858901978
Linear,20.0,-3.918869663574741e-16,1.9130977392196655,3.62396240234375e-05,3.62396240234375e-05,1.9130977392196655,1.913061499595642
